timestamp,occupant_count,occupant_count_lag_30min,occupant_count_lag_1h,occupant_count_lag_2h,hour,day_of_week,is_weekend,indoor_co2,air_temperature,indoor_relative_humidity,sound_pressure_level,illuminance,wifi_connected_devices,target_occupancy_2h
2021-09-06 18:00:00+00:00,0,0.0,0.0,0.0,18,0,0,591.0333252,26.37633324,66.04566956,55.18333435,20.37999916,0.0,0
2021-09-06 18:05:00+00:00,0,0.0,0.0,0.0,18,0,0,588.3448486000001,26.32586288,65.25517273,55.4758606,22.78965569,0.0,0
2021-09-06 18:10:00+00:00,0,0.0,0.0,0.0,18,0,0,583.1333618,26.29733276,64.65066528,55.14666748,24.79999924,0.0,0
2021-09-06 18:15:00+00:00,0,0.0,0.0,0.0,18,0,0,581.4333496,26.15766716,64.37599945,57.20000076,26.96666718,0.0,0
2021-09-06 18:20:00+00:00,0,0.0,0.0,0.0,18,0,0,579.8666382,26.17333412,63.81100082,57.02999878,30.65999985,0.0,0
2021-09-06 18:25:00+00:00,0,0.0,0.0,0.0,18,0,0,583.1428833,26.17499924,64.43821716,59.50714111,30.32857132,0.0,0
2021-09-06 18:30:00+00:00,0,0.0,0.0,0.0,18,0,0,559.5,26.38433266,69.61100006,55.84666824,28.92000008,0.0,0
2021-09-06 18:35:00+00:00,0,0.0,0.0,0.0,18,0,0,527.9000244,26.36199951,70.99633026,54.18999863,27.62999916,0.0,0
2021-09-06 18:40:00+00:00,0,0.0,0.0,0.0,18,0,0,501.0,26.16533279,69.00499725,52.70999908,31.39999962,0.0,0
2021-09-06 18:45:00+00:00,0,0.0,0.0,0.0,18,0,0,480.1666565,26.29133415,71.93900299,54.33000183,24.9533329,0.0,0
2021-09-06 18:50:00+00:00,0,0.0,0.0,0.0,18,0,0,470.0333252,26.35233307,74.70666504,55.09333420000001,24.69666672,0.0,0
2021-09-06 18:55:00+00:00,0,0.0,0.0,0.0,18,0,0,459.3928528,26.18321419,71.19071198,54.68571472,26.09285736,0.0,0
2021-09-06 19:00:00+00:00,0,0.0,0.0,0.0,19,0,0,457.7000122,26.24633408,72.57766724,54.22999954,25.10000038,0.0,0
2021-09-06 19:05:00+00:00,0,0.0,0.0,0.0,19,0,0,450.8999938999999,26.45400047,76.35700226,56.72333145,24.09000015,0.0,0
2021-09-06 19:10:00+00:00,0,0.0,0.0,0.0,19,0,0,447.3999938999999,26.30233383,72.56900024,52.98666763,24.00333405,0.0,0
2021-09-06 19:15:00+00:00,0,0.0,0.0,0.0,19,0,0,448.5357056,26.19107056,71.66178894,50.54285812,26.27857208,0.0,0
2021-09-06 19:20:00+00:00,0,0.0,0.0,0.0,19,0,0,445.8666687,26.33600044,76.46800232,54.39666748,25.80999947,0.0,0
2021-09-06 19:25:00+00:00,0,0.0,0.0,0.0,19,0,0,450.0333252,26.26066589,75.21033478,55.11999893,26.296667100000004,0.0,0
2021-09-06 19:30:00+00:00,0,0.0,0.0,0.0,19,0,0,445.9666748,26.18266678,72.10633087,52.15000153,28.88333321,0.0,0
2021-09-06 19:35:00+00:00,0,0.0,0.0,0.0,19,0,0,449.1333313,26.22400093,76.76499939,50.40000153,25.02000046,0.0,0
2021-09-06 19:40:00+00:00,0,0.0,0.0,0.0,19,0,0,451.1000061000001,26.18300056,76.26833344,50.59666824,18.36666679,0.0,0
2021-09-06 19:45:00+00:00,0,0.0,0.0,0.0,19,0,0,451.6333313,25.98266602,72.88066864,51.88000107,13.87666702,0.0,0
2021-09-06 19:50:00+00:00,0,0.0,0.0,0.0,19,0,0,467.2758484,26.21275902,75.94517517,51.24827576,9.541378975,0.0,0
2021-09-06 19:55:00+00:00,0,0.0,0.0,0.0,19,0,0,497.8999938999999,26.22733307,75.03600311,52.93000031,13.01333332,0.0,0
2021-09-06 20:00:00+00:00,0,0.0,0.0,0.0,20,0,0,543.7333374,26.13666725,71.73133087,57.23666763,16.48333359,0.0,0
2021-09-06 20:05:00+00:00,0,0.0,0.0,0.0,20,0,0,589.6428833,26.24785805,69.42214203,59.6071434,21.65357208,0.0,0
2021-09-06 20:10:00+00:00,0,0.0,0.0,0.0,20,0,0,618.8965454,26.25655174,67.95275879,55.67586136,24.39655113,0.0,0
2021-09-06 20:15:00+00:00,0,0.0,0.0,0.0,20,0,0,627.0333252,26.17233276,67.29299927,56.11666489,24.6566658,0.0,0
2021-09-06 20:20:00+00:00,0,0.0,0.0,0.0,20,0,0,636.0333252,26.2456665,66.33366394,56.72333145,29.48999977,0.0,0
2021-09-06 20:25:00+00:00,0,0.0,0.0,0.0,20,0,0,644.0333252,26.35733414,65.28733063,58.24666595,29.09666634,0.0,0
2021-09-06 20:30:00+00:00,0,0.0,0.0,0.0,20,0,0,648.0333252,26.25399971,65.15666962,56.83666611,27.83666611,0.0,0
2021-09-06 20:35:00+00:00,0,0.0,0.0,0.0,20,0,0,656.0,26.26099968,65.05699921,56.04000092,27.29000092,0.0,0
2021-09-06 20:40:00+00:00,0,0.0,0.0,0.0,20,0,0,658.6896362000001,26.25,64.99172211,58.64827728,25.39310265,0.0,0
2021-09-06 20:45:00+00:00,0,0.0,0.0,0.0,20,0,0,663.0666504,26.24466705,64.77833557,57.09333420000001,22.93666649,0.0,0
2021-09-06 20:50:00+00:00,0,0.0,0.0,0.0,20,0,0,662.5666504,26.27799988,64.21366882,57.52999878,21.68666649,0.0,0
2021-09-06 20:55:00+00:00,0,0.0,0.0,0.0,20,0,0,662.166687,26.32433319,63.44166565,56.70333481,23.20999908,0.0,0
2021-09-06 21:00:00+00:00,0,0.0,0.0,0.0,21,0,0,664.1428833,26.31678581,63.26250076,54.51071548,26.2678566,0.0,0
2021-09-06 21:05:00+00:00,0,0.0,0.0,0.0,21,0,0,667.4666748,26.23900032,63.65366745,56.82333374,26.57333374,0.0,0
2021-09-06 21:10:00+00:00,0,0.0,0.0,0.0,21,0,0,665.0333252,26.33600044,63.6609993,56.5,26.21999931,0.0,0
2021-09-06 21:15:00+00:00,0,0.0,0.0,0.0,21,0,0,666.1333618,26.30599976,63.91999817,58.90000153,27.06999969,0.0,0
2021-09-06 21:20:00+00:00,0,0.0,0.0,0.0,21,0,0,668.7000122000001,26.26633263,63.5953331,61.09000015,38.42333221,0.0,0
2021-09-06 21:25:00+00:00,0,0.0,0.0,0.0,21,0,0,622.2000122000001,26.5739994,65.30867004,51.24000168,24.57666588,0.0,1
2021-09-06 21:30:00+00:00,0,0.0,0.0,0.0,21,0,0,556.7666626,26.84866714,71.15000153,52.47000122,20.8433342,0.0,1
2021-09-06 21:35:00+00:00,0,0.0,0.0,0.0,21,0,0,521.241394,26.7572422,72.44758606,53.90689468,73.96206665,0.0,0
2021-09-06 21:40:00+00:00,0,0.0,0.0,0.0,21,0,0,503.7333374,26.57099915,69.82933044,54.49666595,81.18333435,0.0,0
2021-09-06 21:45:00+00:00,0,0.0,0.0,0.0,21,0,0,508.1000061000001,26.83200073,72.87566376,60.88000107,75.74333191,0.0,0
2021-09-06 21:50:00+00:00,0,0.0,0.0,0.0,21,0,0,551.25,26.90464211,74.55107117,61.36428452,62.7857132,0.0,0
2021-09-06 21:55:00+00:00,0,0.0,0.0,0.0,21,0,0,602.833313,26.56266594,71.60366821,55.54333496,22.74333382,0.0,0
2021-09-06 22:00:00+00:00,0,0.0,0.0,0.0,22,0,0,639.9333496,26.55866623,69.65000153,59.49000168,21.1566658,0.0,0
2021-09-06 22:05:00+00:00,0,0.0,0.0,0.0,22,0,0,669.7000122000001,26.83300018,70.63999939,64.54000092,22.2266674,0.0,0
2021-09-06 22:10:00+00:00,0,0.0,0.0,0.0,22,0,0,688.666687,26.85666656,70.05233002,59.77666855,24.56333351,0.0,1
2021-09-06 22:15:00+00:00,0,0.0,0.0,0.0,22,0,0,691.6333618,26.87166595,67.68533325,57.26333237,24.86333275,0.0,1
2021-09-06 22:20:00+00:00,0,0.0,0.0,0.0,22,0,0,685.5,26.86766624,66.11333466,58.51333237,23.89999962,0.0,1
2021-09-06 22:25:00+00:00,0,0.0,0.0,0.0,22,0,0,680.0689697,26.76793098,65.4068985,58.27931213,22.26896477,0.0,1
2021-09-06 22:30:00+00:00,0,0.0,0.0,0.0,22,0,0,677.9666748,26.63466644,65.42066956,57.60666656,21.69333267,0.0,1
2021-09-06 22:35:00+00:00,0,0.0,0.0,0.0,22,0,0,674.5666504,26.96366692,67.91533661,57.92333221,21.62333298,0.0,1
2021-09-06 22:40:00+00:00,0,0.0,0.0,0.0,22,0,0,667.6428833,26.98250008,66.99321747,57.79999924,20.27857208,0.0,1
2021-09-06 22:45:00+00:00,0,0.0,0.0,0.0,22,0,0,669.166687,26.9470005,65.33633423,58.15666579999999,24.11333275,0.0,3
2021-09-06 22:50:00+00:00,0,0.0,0.0,0.0,22,0,0,673.0,26.85933304,64.58100128,57.97333145,24.93000031,0.0,5
2021-09-06 22:55:00+00:00,0,0.0,0.0,0.0,22,0,0,669.5,26.92900085,65.47599792,57.44333267,23.61666679,0.0,7
2021-09-06 23:00:00+00:00,0,0.0,0.0,0.0,23,0,0,664.166687,27.00099945,67.57066345,58.61999893,22.5466671,0.0,12
2021-09-06 23:05:00+00:00,0,0.0,0.0,0.0,23,0,0,655.8666382,26.71733284,66.04100037,65.40666962,22.80666733,0.0,20
2021-09-06 23:10:00+00:00,0,0.0,0.0,0.0,23,0,0,650.7000122000001,26.61199951,65.08399963,63.53666687,23.0466671,0.0,23
2021-09-06 23:15:00+00:00,0,0.0,0.0,0.0,23,0,0,650.5999756,26.71066666,63.88800049,57.24666595,23.26666641,0.0,23
2021-09-06 23:20:00+00:00,0,0.0,0.0,0.0,23,0,0,653.4827881,26.76000023,62.68482589999999,57.34138107,23.13103485,0.0,23
2021-09-06 23:25:00+00:00,1,0.0,0.0,0.0,23,0,0,655.5999756,26.78066635,61.84033203,58.5233345,26.15999985,0.0,24
2021-09-06 23:30:00+00:00,1,0.0,0.0,0.0,23,0,0,655.9000244,26.75099945,61.44533157,58.13999939,26.27000046,0.0,24
2021-09-06 23:35:00+00:00,0,0.0,0.0,0.0,23,0,0,655.8571167,26.74214363,61.41321564,57.28928757,25.79999924,0.0,24
2021-09-06 23:40:00+00:00,0,0.0,0.0,0.0,23,0,0,650.166687,26.75499916,62.00066757,58.34999847,25.38999939,0.0,24
2021-09-06 23:45:00+00:00,0,0.0,0.0,0.0,23,0,0,650.2999877999999,27.03899956,65.16666412,56.75666809,22.06333351,0.0,24
2021-09-06 23:50:00+00:00,0,0.0,0.0,0.0,23,0,0,650.5333252,26.98366737,64.71566772,55.86333466,22.28333282,0.0,24
2021-09-06 23:55:00+00:00,0,1.0,0.0,0.0,23,0,0,653.5,26.97366714,63.19633484,57.29000092,22.4066658,0.0,23
2021-09-07 00:00:00+00:00,0,1.0,0.0,0.0,0,1,0,653.1333618,26.77133369,62.98666763,61.25666809,22.00333405,0.0,24
2021-09-07 00:05:00+00:00,0,0.0,0.0,0.0,0,1,0,636.9000244,26.62800026,62.27566528,61.29999924,24.31333351,0.0,24
2021-09-07 00:10:00+00:00,1,0.0,0.0,0.0,0,1,0,622.0344848999999,26.55758667,62.57793045,60.37931061,24.50689697,1.0,24
2021-09-07 00:15:00+00:00,1,0.0,0.0,0.0,0,1,0,634.0,26.83733368,66.04333496,56.95333481,21.73333359,2.0,24
2021-09-07 00:20:00+00:00,1,0.0,0.0,0.0,0,1,0,646.0999756,26.84833336,64.89433289,57.01333237,21.05333328,2.0,24
2021-09-07 00:25:00+00:00,1,0.0,1.0,0.0,0,1,0,651.8148193,26.82370377,64.03740692,52.31111145,21.64814758,2.0,20
2021-09-07 00:30:00+00:00,1,0.0,1.0,0.0,0,1,0,651.9000244,26.71633339,63.24700165,56.0,22.17000008,2.0,12
2021-09-07 00:35:00+00:00,1,0.0,0.0,0.0,0,1,0,646.8666382,26.62299919,62.45966721,57.27999878,22.84666634,2.0,8
2021-09-07 00:40:00+00:00,1,1.0,0.0,0.0,0,1,0,644.0666504,26.52499962,62.23199844,59.52999878,24.92666626,2.0,7
2021-09-07 00:45:00+00:00,3,1.0,0.0,0.0,0,1,0,641.7999877999999,26.6483326,63.69966507,56.38666534,21.01666641,1.0,7
2021-09-07 00:50:00+00:00,5,1.0,0.0,0.0,0,1,0,639.4000244,26.86733246,65.58733368,53.47333145,19.40333366,5.0,7
2021-09-07 00:55:00+00:00,7,1.0,0.0,0.0,0,1,0,642.333313,26.81033325,64.59333038,56.58000183,19.29333305,12.0,7
2021-09-07 01:00:00+00:00,12,1.0,0.0,0.0,1,1,0,642.5861816,26.71310425,63.71655273,59.74137878,19.13448334,24.0,7
2021-09-07 01:05:00+00:00,20,1.0,0.0,0.0,1,1,0,634.7999877999999,26.65866661,62.55466843,56.49666595,18.44000053,23.0,7
2021-09-07 01:10:00+00:00,23,1.0,1.0,0.0,1,1,0,628.8666382,26.51666641,62.39333344,63.34999847,18.64666748,20.0,7
2021-09-07 01:15:00+00:00,23,3.0,1.0,0.0,1,1,0,630.0714111000001,26.54535675,62.34035873,66.19642639,18.78928566,16.0,7
2021-09-07 01:20:00+00:00,23,5.0,1.0,0.0,1,1,0,606.2000122000001,26.46266747,62.28033447,62.59999847,18.37333298,13.0,7
2021-09-07 01:25:00+00:00,24,7.0,1.0,1.0,1,1,0,580.0999756,26.474666600000003,64.86333466,59.79999924,14.42000008,16.0,7
2021-09-07 01:30:00+00:00,24,12.0,1.0,1.0,1,1,0,545.0,26.63966751,69.78266907,58.98666763,12.1833334,18.0,8
2021-09-07 01:35:00+00:00,24,20.0,1.0,0.0,1,1,0,518.9000244,26.59266663,70.09899902,58.3133316,11.55000019,12.0,8
2021-09-07 01:40:00+00:00,24,23.0,1.0,0.0,1,1,0,500.1000061000001,26.47233391,68.53966522,56.80666733,9.829999924,16.0,8
2021-09-07 01:45:00+00:00,24,23.0,3.0,0.0,1,1,0,488.0333252,26.47900009,71.58433533,56.85666656,9.906666756,15.0,10
2021-09-07 01:50:00+00:00,24,23.0,5.0,0.0,1,1,0,482.0666809,26.58033371,72.14733124,57.03333282,9.746666908,17.0,21
2021-09-07 01:55:00+00:00,23,24.0,7.0,0.0,1,1,0,488.5862122,26.45999908,67.27344513,57.37241364,9.293103218,16.0,24
2021-09-07 02:00:00+00:00,24,24.0,12.0,0.0,2,1,0,497.7333374,26.39866638,68.52766418,58.06999969,9.369999886,18.0,30
2021-09-07 02:05:00+00:00,24,24.0,20.0,0.0,2,1,0,509.6666565,26.62466621,69.67633057,55.0233345,9.246666908,17.0,31
2021-09-07 02:10:00+00:00,24,24.0,23.0,1.0,2,1,0,519.2142944,26.58071518,66.62214661,53.56071472,10.24642849,19.0,31
2021-09-07 02:15:00+00:00,24,24.0,23.0,1.0,2,1,0,523.5,26.55466652,68.29866791,55.24333191,9.063333511,17.0,31
2021-09-07 02:20:00+00:00,24,24.0,23.0,1.0,2,1,0,528.0,26.61766624,68.86799622,59.18333435,8.75,21.0,31
2021-09-07 02:25:00+00:00,20,23.0,24.0,1.0,2,1,0,560.3666382,26.4489994,67.11166382,59.83000183,7.936666488999999,22.0,31
2021-09-07 02:30:00+00:00,12,24.0,24.0,1.0,2,1,0,607.5999756,26.31233406,66.10533142,60.12333298,7.263333321,9.0,31
2021-09-07 02:35:00+00:00,8,24.0,24.0,1.0,2,1,0,652.2000122000001,26.30966759,65.05966949,61.28333282,7.246666431,6.0,31
2021-09-07 02:40:00+00:00,7,24.0,24.0,1.0,2,1,0,668.0333252,26.26066589,64.37666321,58.46666718,7.590000152999999,7.0,31
2021-09-07 02:45:00+00:00,7,24.0,24.0,3.0,2,1,0,672.1034546,26.28482819,63.86172485,57.32758713,6.410344601,4.0,31
2021-09-07 02:50:00+00:00,7,24.0,24.0,5.0,2,1,0,670.0666504,26.2056675,63.96166611,58.99666595,5.50666666,5.0,31
2021-09-07 02:55:00+00:00,7,20.0,23.0,7.0,2,1,0,678.4000244,26.21899986,64.36000061,62.41666794,4.776666641,3.0,31
2021-09-07 03:00:00+00:00,7,12.0,24.0,12.0,3,1,0,673.9285888999999,26.1442852,64.03643036,61.9107132,4.199999809,4.0,31
2021-09-07 03:05:00+00:00,7,8.0,24.0,20.0,3,1,0,666.166687,26.0890007,63.67133331,58.27999878,6.906666756,2.0,31
2021-09-07 03:10:00+00:00,7,7.0,24.0,23.0,3,1,0,660.4333496,26.12033272,63.34133148,62.17333221,7.396666527000001,4.0,31
2021-09-07 03:15:00+00:00,7,7.0,24.0,23.0,3,1,0,651.166687,26.40099907,65.45999908,63.11999893,3.650000095,5.0,31
2021-09-07 03:20:00+00:00,7,7.0,24.0,23.0,3,1,0,654.3666382,26.542333600000003,66.77066803,59.65000153,3.349999905,2.0,4
2021-09-07 03:25:00+00:00,7,7.0,20.0,24.0,3,1,0,667.7999877999999,26.43166733,65.66933441,60.54999924,3.75999999,5.0,0
2021-09-07 03:30:00+00:00,8,7.0,12.0,24.0,3,1,0,656.6333618,26.50366592,64.13166809,59.29999924,3.779999971,1.0,0
2021-09-07 03:35:00+00:00,8,7.0,8.0,24.0,3,1,0,647.2999877999999,26.58333397,62.96133423,57.77999878,3.74666667,4.0,3
2021-09-07 03:40:00+00:00,8,7.0,7.0,24.0,3,1,0,651.4138184,26.54689598,62.52793121,63.51034546,4.886207104,4.0,4
2021-09-07 03:45:00+00:00,10,7.0,7.0,24.0,3,1,0,658.2666626,26.5359993,63.15966797,58.64666748,2.886666775,7.0,11
2021-09-07 03:50:00+00:00,21,7.0,7.0,24.0,3,1,0,658.3214111000001,26.57464218,66.98999786,56.68571472,2.696428537,14.0,15
2021-09-07 03:55:00+00:00,24,7.0,7.0,23.0,3,1,0,647.0,26.51766586,65.65166473,57.31666565,2.7766666410000003,23.0,27
2021-09-07 04:00:00+00:00,30,8.0,7.0,24.0,4,1,0,636.8666382,26.50933266,64.71466827,62.55666733,2.613333225,29.0,30
2021-09-07 04:05:00+00:00,31,8.0,7.0,24.0,4,1,0,634.7333374,26.51833344,66.03566742,59.24666595,2.579999924,29.0,37
2021-09-07 04:10:00+00:00,31,8.0,7.0,24.0,4,1,0,648.1333618,26.56200027,67.03633118,59.33333206,2.703333378,23.0,38
2021-09-07 04:15:00+00:00,31,10.0,7.0,24.0,4,1,0,643.5333252,26.35400009,65.77033234,59.42666626,2.093333244,17.0,38
2021-09-07 04:20:00+00:00,31,21.0,7.0,24.0,4,1,0,639.833313,26.30466652,64.73133087,59.08333206,2.663333416,16.0,38
2021-09-07 04:25:00+00:00,31,24.0,7.0,20.0,4,1,0,634.3666382,26.26733398,63.51066589,63.84333420000001,4.71999979,21.0,38
2021-09-07 04:30:00+00:00,31,30.0,8.0,12.0,4,1,0,632.0344848999999,26.15689659,63.62068939,61.76896667,5.148275852,17.0,38
2021-09-07 04:35:00+00:00,31,31.0,8.0,8.0,4,1,0,642.666687,26.19599915,63.55199814,55.95999908,3.039999962,17.0,38
2021-09-07 04:40:00+00:00,31,31.0,8.0,7.0,4,1,0,641.6551513999999,26.19620705,63.60137939,58.79655075,3.927586317,20.0,38
2021-09-07 04:45:00+00:00,31,31.0,10.0,7.0,4,1,0,635.6551513999999,26.17379379,63.48827744,63.26896667,6.375862122000001,20.0,38
2021-09-07 04:50:00+00:00,31,31.0,21.0,7.0,4,1,0,635.166687,26.35066605,65.89199829,59.59666824,2.460000038,22.0,38
2021-09-07 04:55:00+00:00,31,31.0,24.0,7.0,4,1,0,632.2999877999999,26.61766624,66.77799988,69.55999756,35.79000092,21.0,38
2021-09-07 05:00:00+00:00,31,31.0,30.0,7.0,5,1,0,615.5333252,26.60333252,64.49700165,55.55666733,51.12333298,19.0,32
2021-09-07 05:05:00+00:00,31,31.0,31.0,7.0,5,1,0,572.7666626,26.39333344,66.5103302,51.84999847,51.97000122,21.0,35
2021-09-07 05:10:00+00:00,31,31.0,31.0,7.0,5,1,0,538.4838867000001,26.58064461,71.10516357,51.19355011,51.85161209,21.0,38
2021-09-07 05:15:00+00:00,31,31.0,31.0,7.0,5,1,0,520.3666382,26.51066589,71.2460022,50.16666794,51.87333298,15.0,38
2021-09-07 05:20:00+00:00,4,31.0,31.0,7.0,5,1,0,509.5333252,26.40999985,69.64066315,50.13333511,52.08000183,34.0,38
2021-09-07 05:25:00+00:00,0,31.0,31.0,7.0,5,1,0,497.9310303,26.60310364,73.08413696,50.89655304,51.8103447,13.0,38
2021-09-07 05:30:00+00:00,0,31.0,31.0,8.0,5,1,0,497.43331910000006,26.52433395,73.95233154,52.48333359,51.80666733,8.0,38
2021-09-07 05:35:00+00:00,3,31.0,31.0,8.0,5,1,0,494.3214416999999,26.42357063,74.36000061,49.4107132,51.61071396,3.0,38
2021-09-07 05:40:00+00:00,4,31.0,31.0,8.0,5,1,0,489.1666565,26.55999947,76.63033295,49.77000046,51.42666626,2.0,38
2021-09-07 05:45:00+00:00,11,31.0,31.0,10.0,5,1,0,494.3666687,26.96100044,75.48400116,50.45666504,51.4066658,10.0,38
2021-09-07 05:50:00+00:00,15,4.0,31.0,21.0,5,1,0,510.2333374,27.33033371,74.10933685,49.51666641,51.25999832,25.0,38
2021-09-07 05:55:00+00:00,27,0.0,31.0,24.0,5,1,0,527.1333618,27.34900093,73.875,50.2266655,51.4766655,22.0,38
2021-09-07 06:00:00+00:00,30,0.0,31.0,30.0,6,1,0,547.2666626,27.38400078,73.87966919,47.79000092,51.54666519,26.0,25
2021-09-07 06:05:00+00:00,37,3.0,31.0,31.0,6,1,0,561.7333374,27.58799934,73.04033661,50.52666855,51.51666641,16.0,28
2021-09-07 06:10:00+00:00,38,4.0,31.0,31.0,6,1,0,577.333313,27.69000053,72.64099884,48.73333359,51.5233345,19.0,35
2021-09-07 06:15:00+00:00,38,11.0,31.0,31.0,6,1,0,597.2758789,27.7451725,72.48482513,50.76551819,51.51034546,19.0,36
2021-09-07 06:20:00+00:00,38,15.0,4.0,31.0,6,1,0,604.5666504,27.76799965,72.38400269,48.00999832,51.5,18.0,36
2021-09-07 06:25:00+00:00,38,27.0,0.0,31.0,6,1,0,606.2142944,27.71999931,72.55142975,46.74642944,51.45357132,17.0,36
2021-09-07 06:30:00+00:00,38,30.0,0.0,31.0,6,1,0,607.4000244,27.86199951,72.05899811,46.70999908,51.46666718,22.0,36
2021-09-07 06:35:00+00:00,38,37.0,3.0,31.0,6,1,0,610.0999756,27.87266731,72.03833008,46.5933342,51.40000153,18.0,36
2021-09-07 06:40:00+00:00,38,38.0,4.0,31.0,6,1,0,609.2333374,27.87000084,72.02233124,46.92666626,51.38999939,21.0,36
2021-09-07 06:45:00+00:00,38,38.0,11.0,31.0,6,1,0,607.2333374,27.70499992,72.46433258,46.41333389,51.38333511,17.0,36
2021-09-07 06:50:00+00:00,38,38.0,15.0,31.0,6,1,0,611.6333618,27.64766693,72.65000153,46.30666733,51.48333359,18.0,36
2021-09-07 06:55:00+00:00,38,38.0,27.0,31.0,6,1,0,614.1333618,27.64166641,72.71366882,46.56666565,51.27999878,21.0,36
2021-09-07 07:00:00+00:00,32,38.0,30.0,31.0,7,1,0,610.9666748,27.69433403,72.53733063,46.63999939,51.25,23.0,36
2021-09-07 07:05:00+00:00,35,38.0,37.0,31.0,7,1,0,613.0999756,27.51499939,73.14566803,46.58000183,51.27666855,22.0,36
2021-09-07 07:10:00+00:00,38,38.0,38.0,31.0,7,1,0,610.9666748,27.63999939,72.80833435,46.92333221,51.25999832,20.0,36
2021-09-07 07:15:00+00:00,38,38.0,38.0,31.0,7,1,0,611.1428833,27.84000015,72.21071625,46.36071396,0.0,23.0,30
2021-09-07 07:20:00+00:00,38,38.0,38.0,4.0,7,1,0,606.8666382,27.9470005,71.79266357,46.58000183,0.0,22.0,20
2021-09-07 07:25:00+00:00,38,38.0,38.0,0.0,7,1,0,601.166687,27.88233376,72.01866913,46.56666565,0.0,18.0,10
2021-09-07 07:30:00+00:00,38,32.0,38.0,0.0,7,1,0,601.333313,27.62333298,72.88433075,46.34666824,0.0,14.0,8
2021-09-07 07:35:00+00:00,38,35.0,38.0,3.0,7,1,0,598.9000244,27.48266602,73.34799957,46.27000046,0.0,19.0,3
2021-09-07 07:40:00+00:00,38,38.0,38.0,4.0,7,1,0,596.8666382,27.38833427,73.67133331,46.41333389,0.0,13.0,3
2021-09-07 07:45:00+00:00,38,38.0,38.0,11.0,7,1,0,596.3666382,27.29733276,74.04000092,46.72000122,0.0,16.0,3
2021-09-07 07:50:00+00:00,38,38.0,38.0,15.0,7,1,0,593.0333252,27.14900017,74.54666901,46.01666641,0.0,14.0,5
2021-09-07 07:55:00+00:00,38,38.0,38.0,27.0,7,1,0,591.0,27.1420002,74.62000275,46.56666565,0.0,28.0,6
2021-09-07 08:00:00+00:00,25,38.0,32.0,30.0,8,1,0,585.241394,27.19103432,74.52552032,46.22758484,0.0,41.0,8
2021-09-07 08:05:00+00:00,28,38.0,35.0,37.0,8,1,0,582.9333496,27.18300056,74.46866608,46.0,0.0,26.0,11
2021-09-07 08:10:00+00:00,35,38.0,38.0,38.0,8,1,0,582.3928833,27.2307148,74.30285645,45.99285889,0.0,21.0,11
2021-09-07 08:15:00+00:00,36,38.0,38.0,38.0,8,1,0,580.666687,27.1989994,74.49099731,45.90000153,0.0,20.0,12
2021-09-07 08:20:00+00:00,36,38.0,38.0,38.0,8,1,0,579.5,27.17466736,74.67666626,46.13000107,0.0,10.0,21
2021-09-07 08:25:00+00:00,36,38.0,38.0,38.0,8,1,0,580.0,27.18766594,74.79533386,46.40999985,0.0,18.0,24
2021-09-07 08:30:00+00:00,36,25.0,38.0,38.0,8,1,0,568.4333496,27.2203331,74.81466675,46.00666809,0.0,14.0,24
2021-09-07 08:35:00+00:00,36,28.0,38.0,38.0,8,1,0,569.1333618,27.22733307,74.85066986,46.11999893,0.0,14.0,28
2021-09-07 08:40:00+00:00,36,35.0,38.0,38.0,8,1,0,565.0333252,27.24600029,74.86933136,46.07666779,0.0,18.0,28
2021-09-07 08:45:00+00:00,36,36.0,38.0,38.0,8,1,0,565.4333496,27.21899986,75.23766327,46.20999908,0.0,17.0,29
2021-09-07 08:50:00+00:00,36,36.0,38.0,38.0,8,1,0,563.5,27.22900009,75.22333527,46.03333282,0.0,13.0,30
2021-09-07 08:55:00+00:00,36,36.0,38.0,38.0,8,1,0,561.5516968,27.27034569,75.07034302,46.14482879999999,0.0,15.0,30
2021-09-07 09:00:00+00:00,36,36.0,25.0,32.0,9,1,0,559.2857056,27.25642776,75.53535461,45.88571548,0.0,13.0,30
2021-09-07 09:05:00+00:00,36,36.0,28.0,35.0,9,1,0,553.5333252,27.25499916,75.62266541,46.39333344,0.0,12.0,30
2021-09-07 09:10:00+00:00,36,36.0,35.0,38.0,9,1,0,551.5,27.25466728,75.90766907,45.94333267,0.0,15.0,30
2021-09-07 09:15:00+00:00,30,36.0,36.0,38.0,9,1,0,549.5999756,27.29400063,75.85033417,45.96666718,0.0,18.0,30
2021-09-07 09:20:00+00:00,20,36.0,36.0,38.0,9,1,0,547.2666626,27.32733345,75.90032959,46.45000076,0.0,15.0,30
2021-09-07 09:25:00+00:00,10,36.0,36.0,38.0,9,1,0,543.4333496,27.33499908,75.96099854,45.99333191,0.0,9.0,29
2021-09-07 09:30:00+00:00,8,36.0,36.0,38.0,9,1,0,540.2000122000001,27.34300041,75.92900085,45.87333298,0.0,8.0,30
2021-09-07 09:35:00+00:00,3,36.0,36.0,38.0,9,1,0,542.5999756,27.37999916,75.86233521,46.09666824,0.0,2.0,30
2021-09-07 09:40:00+00:00,3,36.0,36.0,38.0,9,1,0,537.7666626,27.36933327,76.08333588,45.87333298,0.0,3.0,30
2021-09-07 09:45:00+00:00,3,30.0,36.0,38.0,9,1,0,529.0689697,27.40999985,76.22758484,45.90345001,0.0,2.0,30
2021-09-07 09:50:00+00:00,5,20.0,36.0,38.0,9,1,0,526.3571166999999,27.38571358,76.41963959,45.70714188,0.0,5.0,30
2021-09-07 09:55:00+00:00,6,10.0,36.0,38.0,9,1,0,525.0,27.43566704,76.28866577,46.03333282,0.0,7.0,30
2021-09-07 10:00:00+00:00,8,8.0,36.0,25.0,10,1,0,524.4333496,27.46766663,76.24333191,46.31999969,0.0,9.0,30
2021-09-07 10:05:00+00:00,11,3.0,36.0,28.0,10,1,0,521.0333252,27.51066589,76.15333557,46.42333221,0.0,8.0,30
2021-09-07 10:10:00+00:00,11,3.0,36.0,35.0,10,1,0,515.666687,27.49099922,76.305336,46.02666855,0.0,6.0,28
2021-09-07 10:15:00+00:00,12,3.0,30.0,36.0,10,1,0,508.4666748,27.47066689,76.51399994,46.16999817,0.0,7.0,30
2021-09-07 10:20:00+00:00,21,5.0,20.0,36.0,10,1,0,509.7000122,27.47933388,76.75900269,46.2733345,0.0,10.0,30
2021-09-07 10:25:00+00:00,24,6.0,10.0,36.0,10,1,0,507.43331910000006,27.42433357,77.03833008,46.11000061,0.0,15.0,30
2021-09-07 10:30:00+00:00,24,8.0,8.0,36.0,10,1,0,501.7000122,27.474666600000003,76.69999695,46.17333221,0.0,11.0,30
2021-09-07 10:35:00+00:00,28,11.0,3.0,36.0,10,1,0,501.0666809,27.50033379,76.52200317,46.22999954,0.0,18.0,30
2021-09-07 10:40:00+00:00,28,11.0,3.0,36.0,10,1,0,495.4137878,27.44137955,76.83965302,46.43793106,0.0,12.0,30
2021-09-07 10:45:00+00:00,29,12.0,3.0,36.0,10,1,0,486.5,27.48928642,76.79071808,46.02142715,0.0,12.0,30
2021-09-07 10:50:00+00:00,30,21.0,5.0,36.0,10,1,0,483.9666748,27.53666687,76.56500244,46.44333267,0.0,14.0,30
2021-09-07 10:55:00+00:00,30,24.0,6.0,36.0,10,1,0,482.2000122,27.48233414,76.91833496,46.23333359,0.0,14.0,30
2021-09-07 11:00:00+00:00,30,24.0,8.0,36.0,11,1,0,478.7000122,27.54333305,76.85533142,46.23333359,0.0,16.0,9
2021-09-07 11:05:00+00:00,30,28.0,11.0,36.0,11,1,0,472.7333374,27.56399918,76.88933563,46.15999985,0.0,12.0,6
2021-09-07 11:10:00+00:00,30,28.0,11.0,36.0,11,1,0,471.3999938999999,27.4470005,77.31933594,46.2266655,0.0,12.0,6
2021-09-07 11:15:00+00:00,30,29.0,12.0,30.0,11,1,0,472.7666626,27.48266602,77.07266998,46.21333313,0.0,13.0,6
2021-09-07 11:20:00+00:00,30,30.0,21.0,20.0,11,1,0,469.7333374,27.45666695,76.94866943,46.09999847,0.0,17.0,6
2021-09-07 11:25:00+00:00,29,30.0,24.0,10.0,11,1,0,464.6666565,27.43033409,76.99866486,46.22999954,0.0,19.0,6
2021-09-07 11:30:00+00:00,30,30.0,24.0,8.0,11,1,0,459.7241516,27.44965553,76.99551392,46.262069700000005,0.0,18.0,6
2021-09-07 11:35:00+00:00,30,30.0,28.0,3.0,11,1,0,462.0,27.41571426,77.12892914,46.02500153,0.0,17.0,6
2021-09-07 11:40:00+00:00,30,30.0,28.0,3.0,11,1,0,460.8333435,27.37333298,77.28299713,46.24333191,0.0,16.0,6
2021-09-07 11:45:00+00:00,30,30.0,29.0,3.0,11,1,0,460.4666748,27.39166641,77.20233154,46.27999878,0.0,19.0,6
2021-09-07 11:50:00+00:00,30,30.0,30.0,5.0,11,1,0,459.0666809,27.44733238,76.96700287,46.22999954,0.0,15.0,6
2021-09-07 11:55:00+00:00,30,29.0,30.0,6.0,11,1,0,455.7333374,27.49266624,76.79366302,46.32333374,0.0,15.0,6
2021-09-07 12:00:00+00:00,30,30.0,30.0,8.0,12,1,0,458.3999938999999,27.50333405,76.75333405,46.27000046,0.0,15.0,5
2021-09-07 12:05:00+00:00,30,30.0,30.0,11.0,12,1,0,461.3333435,27.47900009,76.8133316,46.24000168,0.0,14.0,5
2021-09-07 12:10:00+00:00,28,30.0,30.0,11.0,12,1,0,462.0333252,27.51366615,76.67966461,46.38333511,0.0,13.0,5
2021-09-07 12:15:00+00:00,30,30.0,30.0,12.0,12,1,0,463.1666565,27.53100014,76.61100006,46.32666779,0.0,15.0,5
2021-09-07 12:20:00+00:00,30,30.0,30.0,21.0,12,1,0,464.93331910000006,27.51199913,76.63200378,46.42666626,0.0,20.0,2
2021-09-07 12:25:00+00:00,30,30.0,29.0,24.0,12,1,0,463.555542,27.49814796,76.73999786,46.05185318,0.0,14.0,2
2021-09-07 12:30:00+00:00,30,30.0,30.0,24.0,12,1,0,455.0,27.43966675,77.19366455,46.22000122,0.0,19.0,1
2021-09-07 12:35:00+00:00,30,30.0,30.0,28.0,12,1,0,455.6333313,27.45266724,77.45400238,46.20333481,0.0,14.0,1
2021-09-07 12:40:00+00:00,30,28.0,30.0,28.0,12,1,0,455.5333252,27.49433327,77.40299988,46.14333344,0.0,14.0,1
2021-09-07 12:45:00+00:00,30,30.0,30.0,29.0,12,1,0,454.8333435,27.51399994,77.27600098,46.25333405,0.0,15.0,1
2021-09-07 12:50:00+00:00,30,30.0,30.0,30.0,12,1,0,448.4666748,27.5340004,77.27933502,46.64333344,0.0,14.0,1
2021-09-07 12:55:00+00:00,30,30.0,30.0,30.0,12,1,0,451.3333435,27.48766708,77.34400177,46.2733345,0.0,13.0,1
2021-09-07 13:00:00+00:00,9,30.0,30.0,30.0,13,1,0,449.79998780000005,27.50900078,77.2543335,46.21333313,0.0,13.0,1
2021-09-07 13:05:00+00:00,6,30.0,30.0,30.0,13,1,0,447.2666626,27.5806675,77.00066376,46.38666534,0.0,4.0,1
2021-09-07 13:10:00+00:00,6,30.0,28.0,30.0,13,1,0,447.2333374,27.61700058,76.82633209,46.33333206,0.0,2.0,1
2021-09-07 13:15:00+00:00,6,30.0,30.0,30.0,13,1,0,443.9642944,27.62785721,76.80928802,46.32857132,0.0,2.0,0
2021-09-07 13:20:00+00:00,6,30.0,30.0,30.0,13,1,0,442.2069092,27.63310432,76.66931152,46.25862122,0.0,1.0,0
2021-09-07 13:25:00+00:00,6,30.0,30.0,29.0,13,1,0,442.43331910000006,27.6206665,76.72133636,46.61000061,0.0,2.0,0
2021-09-07 13:30:00+00:00,6,9.0,30.0,30.0,13,1,0,443.5333252,27.63933372,76.64700317,46.66333389,0.0,2.0,0
2021-09-07 13:35:00+00:00,6,6.0,30.0,30.0,13,1,0,437.9666748,27.62733269,76.67666626,46.5233345,0.0,4.0,0
2021-09-07 13:40:00+00:00,6,6.0,30.0,30.0,13,1,0,438.5,27.63233376,76.64099884,46.63333511,0.0,2.0,0
2021-09-07 13:45:00+00:00,6,6.0,30.0,30.0,13,1,0,437.8999938999999,27.67499924,76.49066925,46.61999893,0.0,3.0,0
2021-09-07 13:50:00+00:00,6,6.0,30.0,30.0,13,1,0,438.5,27.65866661,76.56300354,46.63666534,0.0,2.0,0
2021-09-07 13:55:00+00:00,6,6.0,30.0,30.0,13,1,0,436.43331910000006,27.6779995,76.49933624,46.59666824,0.0,1.0,0
2021-09-07 14:00:00+00:00,5,6.0,9.0,30.0,14,1,0,436.3666687,27.67033386,76.51999664,46.81666565,0.0,3.0,0
2021-09-07 14:05:00+00:00,5,6.0,6.0,30.0,14,1,0,432.6333313,27.69766617,76.40833282,46.61666489,0.0,5.0,0
2021-09-07 14:10:00+00:00,5,6.0,6.0,28.0,14,1,0,434.222229,27.71814728,76.38222504,46.49629593,0.0,3.0,0
2021-09-07 14:15:00+00:00,5,6.0,6.0,30.0,14,1,0,434.5,27.69966698,76.40733337,47.03333282,0.0,3.0,0
2021-09-07 14:20:00+00:00,2,6.0,6.0,30.0,14,1,0,429.1000061000001,27.60766602,76.75733185,47.02000046,0.0,3.0,0
2021-09-07 14:25:00+00:00,2,6.0,6.0,30.0,14,1,0,432.2000122,27.73766708,76.29566956,47.02666855,0.0,1.0,0
2021-09-07 14:30:00+00:00,1,5.0,6.0,30.0,14,1,0,428.1333313,27.74500084,76.22866821,47.03666687,0.0,1.0,0
2021-09-07 14:35:00+00:00,1,5.0,6.0,30.0,14,1,0,435.1000061000001,27.69000053,76.42900085,47.0633316,0.0,1.0,0
2021-09-07 14:40:00+00:00,1,5.0,6.0,30.0,14,1,0,433.6000061000001,27.71999931,76.33266449,47.0633316,0.0,1.0,0
2021-09-07 14:45:00+00:00,1,5.0,6.0,30.0,14,1,0,432.7666626,27.73933411,76.26233673,47.4366684,0.0,1.0,0
2021-09-07 14:50:00+00:00,1,2.0,6.0,30.0,14,1,0,429.4666748,27.67466736,76.48699951,47.1866684,0.0,1.0,0
2021-09-07 14:55:00+00:00,1,2.0,6.0,30.0,14,1,0,429.43331910000006,27.64466667,76.63999939,47.51666641,0.0,1.0,0
2021-09-07 15:00:00+00:00,1,1.0,5.0,9.0,15,1,0,432.8518372,27.65148163,76.65555573,47.0,0.0,1.0,0
2021-09-07 15:05:00+00:00,1,1.0,5.0,6.0,15,1,0,433.1000061000001,27.70999908,76.43166351,48.04000092,0.0,1.0,0
2021-09-07 15:10:00+00:00,1,1.0,5.0,6.0,15,1,0,432.3333435,27.68766594,76.51200104,47.71666718,0.0,1.0,0
2021-09-07 15:15:00+00:00,0,1.0,5.0,6.0,15,1,0,426.9666748,27.70199966,76.53333282,47.26333237,0.0,1.0,0
2021-09-07 15:20:00+00:00,0,1.0,2.0,6.0,15,1,0,428.8333435,27.69466591,76.60832977,47.75,0.0,1.0,0
2021-09-07 15:25:00+00:00,0,1.0,2.0,6.0,15,1,0,431.4666748,27.62566757,76.98733521,47.66666794,0.0,1.0,0
2021-09-07 15:30:00+00:00,0,1.0,1.0,6.0,15,1,0,428.3333435,27.73433304,76.6843338,47.75999832,0.0,1.0,0
2021-09-07 15:35:00+00:00,0,1.0,1.0,6.0,15,1,0,427.7333374,27.63599968,74.30400085,48.01333237,0.0,1.0,0
2021-09-07 15:40:00+00:00,0,1.0,1.0,6.0,15,1,0,421.3333435,27.07166672,68.59566498,48.30333328,0.0,1.0,0
2021-09-07 15:45:00+00:00,0,0.0,1.0,6.0,15,1,0,414.1333313,26.44000053,66.87833405,48.27000046,0.389999986,1.0,0
2021-09-07 15:50:00+00:00,0,0.0,1.0,6.0,15,1,0,413.0,26.15607071,67.76428223,48.13214111,1.132142901,1.0,0
2021-09-07 15:55:00+00:00,0,0.0,1.0,6.0,15,1,0,411.9655151,26.36172485,71.17448425,47.91034317,0.237931028,1.0,0
2021-09-07 16:00:00+00:00,0,0.0,1.0,5.0,16,1,0,410.2000122,26.42233276,71.43699646,48.47000122,0.0,1.0,0
2021-09-07 16:05:00+00:00,0,0.0,1.0,5.0,16,1,0,414.2999878,26.04700089,70.41266632,48.37333298,1.99333334,1.0,0
2021-09-07 16:10:00+00:00,0,0.0,1.0,5.0,16,1,0,415.3333435,26.12299919,72.6313324,48.10333252,1.019999981,1.0,0
2021-09-07 16:15:00+00:00,0,0.0,0.0,5.0,16,1,0,417.3333435,26.2816658,76.81199646,48.04333496,0.0,1.0,0
2021-09-07 16:20:00+00:00,0,0.0,0.0,2.0,16,1,0,416.9666748,26.38533401,74.62000275,48.13666534,0.0,1.0,0
2021-09-07 16:25:00+00:00,0,0.0,0.0,2.0,16,1,0,414.7000122,26.01133347,73.00900269,48.16666794,3.666666746,1.0,0
2021-09-07 16:30:00+00:00,0,0.0,0.0,1.0,16,1,0,414.6000061,26.13899994,75.40466309,49.8433342,0.353333324,1.0,0
2021-09-07 16:35:00+00:00,0,0.0,0.0,1.0,16,1,0,416.8999939,26.34466743,77.77066803,51.40999985,0.566666663,1.0,0
2021-09-07 16:40:00+00:00,0,0.0,0.0,1.0,16,1,0,418.6000061,26.58566666,73.16866302,51.12333298,0.920000017,1.0,0
2021-09-07 16:45:00+00:00,0,0.0,0.0,1.0,16,1,0,416.444458,26.18259239,73.43518829,48.80370331,1.277777791,1.0,0
2021-09-07 16:50:00+00:00,0,0.0,0.0,1.0,16,1,0,416.5666809,26.18533325,76.69499969,49.21333313,1.783333302,1.0,0
2021-09-07 16:55:00+00:00,0,0.0,0.0,1.0,16,1,0,418.2666626,26.30366707,79.35466766,49.36333466,2.813333273,1.0,0
2021-09-07 17:00:00+00:00,0,0.0,0.0,1.0,17,1,0,419.7666626,26.20666695,76.34933472,49.19666672,4.143333435,1.0,0
2021-09-07 17:05:00+00:00,0,0.0,0.0,1.0,17,1,0,416.7000122,26.08166695,75.0063324,48.73666763,5.496666431,1.0,0
2021-09-07 17:10:00+00:00,0,0.0,0.0,1.0,17,1,0,417.9333191,26.20199966,77.3686676,49.00333405,6.159999847000001,1.0,0
2021-09-07 17:15:00+00:00,0,0.0,0.0,0.0,17,1,0,421.0333252,26.29566574,80.22533417,48.63000107,6.45666647,1.0,0
2021-09-07 17:20:00+00:00,0,0.0,0.0,0.0,17,1,0,420.43331910000006,26.31933403,81.74966431,48.79999924,7.130000114,1.0,0
2021-09-07 17:25:00+00:00,0,0.0,0.0,0.0,17,1,0,421.1333313,26.33499908,77.24900055,49.86999893,8.460000037999999,1.0,0
2021-09-07 17:30:00+00:00,0,0.0,0.0,0.0,17,1,0,419.9666748,26.31399918,75.52933502,48.63333511,9.859999657,1.0,0
2021-09-07 17:35:00+00:00,0,0.0,0.0,0.0,17,1,0,417.7142944,26.61892891,77.19642639,48.77500153,10.69285679,1.0,0
2021-09-07 17:40:00+00:00,0,0.0,0.0,0.0,17,1,0,423.1034546,26.68310356,78.68276215,48.93448257,11.44827557,1.0,0
2021-09-07 17:45:00+00:00,0,0.0,0.0,0.0,17,1,0,421.5666809,26.41300011,80.74866486,49.06666565,12.2966671,1.0,0
2021-09-07 17:50:00+00:00,0,0.0,0.0,0.0,17,1,0,420.0333252,26.3560009,81.9466629,49.66666794,13.02666664,1.0,0
2021-09-07 17:55:00+00:00,0,0.0,0.0,0.0,17,1,0,422.1000061000001,26.30366707,78.93099976,49.03666687,13.63000011,1.0,0
2021-09-07 18:00:00+00:00,0,0.0,0.0,0.0,18,1,0,421.2333374,26.14933395,73.63366699,48.88333511,14.72666645,1.0,0
2021-09-07 18:05:00+00:00,0,0.0,0.0,0.0,18,1,0,419.2000122,26.08233261,76.4936676,49.15000153,15.88000011,1.0,0
2021-09-07 18:10:00+00:00,0,0.0,0.0,0.0,18,1,0,418.0,26.27566719,78.68733215,48.93333435,17.20666695,1.0,0
2021-09-07 18:15:00+00:00,0,0.0,0.0,0.0,18,1,0,418.2333374,26.44599915,80.76266479,48.77666855,19.41333389,1.0,0
2021-09-07 18:20:00+00:00,0,0.0,0.0,0.0,18,1,0,421.3333435,26.5783329,78.25700378,48.65999985,21.02666664,1.0,0
2021-09-07 18:25:00+00:00,0,0.0,0.0,0.0,18,1,0,417.6071472,26.12821388,75.22463989,48.6607132,22.01071358,1.0,0
2021-09-07 18:30:00+00:00,0,0.0,0.0,0.0,18,1,0,414.5862122,26.11551666,77.37620544,48.72413635,22.66896629,1.0,0
2021-09-07 18:35:00+00:00,0,0.0,0.0,0.0,18,1,0,419.79998780000005,26.29266739,79.95966339,49.62666702,33.94666672,1.0,0
2021-09-07 18:40:00+00:00,0,0.0,0.0,0.0,18,1,0,419.7333374,26.51099968,80.20400238,54.83333206,61.12666702,1.0,0
2021-09-07 18:45:00+00:00,0,0.0,0.0,0.0,18,1,0,416.4666748,26.05866623,76.51966858,53.0233345,21.7033329,1.0,0
2021-09-07 18:50:00+00:00,0,0.0,0.0,0.0,18,1,0,421.93331910000006,26.28300095,78.25933075,52.60666656,25.87000084,1.0,0
2021-09-07 18:55:00+00:00,0,0.0,0.0,0.0,18,1,0,425.3999938999999,26.32566643,80.77200317,51.96666718,23.34666634,1.0,0
2021-09-07 19:00:00+00:00,0,0.0,0.0,0.0,19,1,0,442.3999938999999,26.36899948,81.77866364,53.75666809,22.38333321,1.0,0
2021-09-07 19:05:00+00:00,0,0.0,0.0,0.0,19,1,0,465.5333252,26.17966652,76.25333405,50.95999908,22.83333397,1.0,0
2021-09-07 19:10:00+00:00,0,0.0,0.0,0.0,19,1,0,485.0333252,26.23933411,77.44499969,51.94666672,21.54000092,1.0,0
2021-09-07 19:15:00+00:00,0,0.0,0.0,0.0,19,1,0,500.6333313,26.37166595,79.26633453,55.36333466,21.88666725,1.0,0
2021-09-07 19:20:00+00:00,0,0.0,0.0,0.0,19,1,0,500.2142944,26.13035774,74.85928345,56.77500153,22.875,1.0,0
2021-09-07 19:25:00+00:00,0,0.0,0.0,0.0,19,1,0,499.1724243,26.12965584,75.68000031,56.14482879999999,21.93103409,1.0,0
2021-09-07 19:30:00+00:00,0,0.0,0.0,0.0,19,1,0,498.2000122,26.38866615,78.30799866,55.84666824,21.96666718,1.0,0
2021-09-07 19:35:00+00:00,0,0.0,0.0,0.0,19,1,0,496.0,26.20299911,74.85266876,55.61333466,22.39999962,1.0,0
2021-09-07 19:40:00+00:00,0,0.0,0.0,0.0,19,1,0,499.0,26.22166634,75.18900299,55.34333420000001,22.15333366,1.0,0
2021-09-07 19:45:00+00:00,0,0.0,0.0,0.0,19,1,0,498.9666748,26.40099907,78.37999725,55.67333221,23.25333405,1.0,0
2021-09-07 19:50:00+00:00,0,0.0,0.0,0.0,19,1,0,499.1333313,26.23800087,75.90233612,55.77999878,21.64999962,1.0,0
2021-09-07 19:55:00+00:00,0,0.0,0.0,0.0,19,1,0,502.3333435,26.21166611,75.24933624,55.44666672,20.53666687,1.0,0
2021-09-07 20:00:00+00:00,0,0.0,0.0,0.0,20,1,0,506.3333435,26.37400055,78.65799713,54.90999985,20.88666725,1.0,0
2021-09-07 20:05:00+00:00,0,0.0,0.0,0.0,20,1,0,511.3666687,26.28866577,76.75966644,55.31666565,21.28333282,1.0,0
2021-09-07 20:10:00+00:00,0,0.0,0.0,0.0,20,1,0,508.8571472,26.18821335,75.32892609,57.0178566,20.23571396,1.0,0
2021-09-07 20:15:00+00:00,0,0.0,0.0,0.0,20,1,0,506.7930908,26.39172363,78.16931152,56.31379318,19.56206894,1.0,0
2021-09-07 20:20:00+00:00,0,0.0,0.0,0.0,20,1,0,500.2333374,26.3453331,76.93399811,56.38000107,19.44666672,1.0,0
2021-09-07 20:25:00+00:00,0,0.0,0.0,0.0,20,1,0,494.2333374,26.20366669,74.29333496,56.96333313,19.87000084,1.0,0
2021-09-07 20:30:00+00:00,0,0.0,0.0,0.0,20,1,0,493.5333252,26.41133308,77.20833588,55.67333221,19.49666595,1.0,0
2021-09-07 20:35:00+00:00,0,0.0,0.0,0.0,20,1,0,493.3666687,26.57033348,76.64466858,55.60333252,19.37000084,1.0,0
2021-09-07 20:40:00+00:00,0,0.0,0.0,0.0,20,1,0,488.6000061000001,26.39633369,73.98332977,56.02000046,25.32333374,1.0,0
2021-09-07 20:45:00+00:00,0,0.0,0.0,0.0,20,1,0,493.0,26.72900009,76.39600372,57.12666702,80.16999817,1.0,0
2021-09-07 20:50:00+00:00,0,0.0,0.0,0.0,20,1,0,485.9666748,26.52700043,76.72899628,49.64333344,81.03666687,1.0,0
2021-09-07 20:55:00+00:00,0,0.0,0.0,0.0,20,1,0,465.7000122,26.44933319,73.32333374,54.56999969,80.1966629,1.0,0
2021-09-07 21:00:00+00:00,0,0.0,0.0,0.0,21,1,0,472.6071472,26.80142784,75.79714203,58.54999924,69.95714569,1.0,0
2021-09-07 21:05:00+00:00,0,0.0,0.0,0.0,21,1,0,508.8620605,26.58069038,75.27552032,65.48965454,28.64827538,1.0,0
2021-09-07 21:10:00+00:00,0,0.0,0.0,0.0,21,1,0,546.5,26.2689991,71.64666748,65.01000214,28.63999939,1.0,0
2021-09-07 21:15:00+00:00,0,0.0,0.0,0.0,21,1,0,562.7333374,26.25566673,72.4896698,66.01333618,28.84000015,1.0,0
2021-09-07 21:20:00+00:00,0,0.0,0.0,0.0,21,1,0,570.1333618,26.39699936,74.61233521,63.59000015,25.71999931,1.0,0
2021-09-07 21:25:00+00:00,0,0.0,0.0,0.0,21,1,0,576.1333618,26.23766708,71.4260025,63.73333359,24.95000076,1.0,0
2021-09-07 21:30:00+00:00,0,0.0,0.0,0.0,21,1,0,576.4666748,26.13266754,69.83032990000001,61.15000153,25.33666611,1.0,0
2021-09-07 21:35:00+00:00,0,0.0,0.0,0.0,21,1,0,576.6333618,26.14466667,69.74199677,61.55333328,25.51666641,1.0,0
2021-09-07 21:40:00+00:00,0,0.0,0.0,0.0,21,1,0,583.2666626,26.41500092,74.24133301,57.0233345,23.98333359,1.0,0
2021-09-07 21:45:00+00:00,0,0.0,0.0,0.0,21,1,0,580.0333252,26.28000069,72.08066559,60.70666504,23.51000023,1.0,0
2021-09-07 21:50:00+00:00,0,0.0,0.0,0.0,21,1,0,571.1034546,26.04172325,70.38586426,58.16206741,23.0,1.0,0
2021-09-07 21:55:00+00:00,0,0.0,0.0,0.0,21,1,0,567.8620605000001,25.96965599,68.68792725,56.96896362,24.9034481,1.0,0
2021-09-07 22:00:00+00:00,0,0.0,0.0,0.0,22,1,0,563.8965454,25.87241364,67.6255188,59.69310379,25.82758713,1.0,0
2021-09-07 22:05:00+00:00,0,0.0,0.0,0.0,22,1,0,566.2000122000001,26.16833305,70.98999786,55.59333420000001,22.68666649,1.0,0
2021-09-07 22:10:00+00:00,0,0.0,0.0,0.0,22,1,0,557.4333496,26.33666611,73.77999878,55.84333420000001,21.54333305,1.0,0
2021-09-07 22:15:00+00:00,0,0.0,0.0,0.0,22,1,0,555.7000122000001,26.09266663,70.87866974,56.08666611,21.2966671,1.0,0
2021-09-07 22:20:00+00:00,0,0.0,0.0,0.0,22,1,0,559.2999877999999,26.01533318,69.28067017,57.77000046,22.26666641,1.0,0
2021-09-07 22:25:00+00:00,0,0.0,0.0,0.0,22,1,0,561.4000244,26.26099968,71.91033173,59.6866684,20.81666756,1.0,0
2021-09-07 22:30:00+00:00,0,0.0,0.0,0.0,22,1,0,563.666687,26.49500084,74.56366729999999,60.36999893,20.79999924,1.0,0
2021-09-07 22:35:00+00:00,0,0.0,0.0,0.0,22,1,0,555.9333496,26.22200012,71.26599884,56.07666779,20.84000015,1.0,0
2021-09-07 22:40:00+00:00,0,0.0,0.0,0.0,22,1,0,555.6333618,26.02799988,69.99266815,56.69666672,21.7033329,1.0,0
2021-09-07 22:45:00+00:00,0,0.0,0.0,0.0,22,1,0,562.75,26.18928528,72.96749878,58.7857132,20.83571434,1.0,0
2021-09-07 22:50:00+00:00,0,0.0,0.0,0.0,22,1,0,568.0,26.36655235,75.29447937,59.22758484,20.66896629,1.0,0
2021-09-07 22:55:00+00:00,0,0.0,0.0,0.0,22,1,0,562.333313,26.19166756,71.78600311,55.77666855,22.59000015,1.0,0
2021-09-07 23:00:00+00:00,0,0.0,0.0,0.0,23,1,0,556.7333374,26.10700035,71.04133606,57.90999985,24.7033329,1.0,0
2021-09-07 23:05:00+00:00,0,0.0,0.0,0.0,23,1,0,555.4666748,26.37333298,75.20200348,63.47999954,22.3433342,1.0,0
2021-09-07 23:10:00+00:00,0,0.0,0.0,0.0,23,1,0,556.9000244,26.2859993,74.34633636,57.73666763,21.01666641,1.0,0
2021-09-07 23:15:00+00:00,0,0.0,0.0,0.0,23,1,0,556.9666748,25.99699974,71.11367035,60.27666855,21.42666626,1.0,0
2021-09-07 23:20:00+00:00,0,0.0,0.0,0.0,23,1,0,556.5999756,26.06033325,71.35800171,58.13000107,21.73666573,1.0,0
2021-09-07 23:25:00+00:00,0,0.0,0.0,0.0,23,1,0,553.0999756,26.3220005,74.84133148,62.16666794,20.95666695,1.0,0
2021-09-07 23:30:00+00:00,0,0.0,0.0,0.0,23,1,0,553.5,26.08166695,71.99199677,64.51667023,23.87999916,1.0,0
2021-09-07 23:35:00+00:00,0,0.0,0.0,0.0,23,1,0,552.1428833,26.0625,70.33786011,54.67142868,22.59285736,1.0,0
2021-09-07 23:40:00+00:00,0,0.0,0.0,0.0,23,1,0,534.9000244,26.15433311,72.90933228,54.84000015,21.21999931,1.0,0
2021-09-07 23:45:00+00:00,0,0.0,0.0,0.0,23,1,0,527.6551513999999,26.36241341,76.60793304,56.87586212,20.14482689,1.0,0
2021-09-07 23:50:00+00:00,0,0.0,0.0,0.0,23,1,0,506.1000061000001,26.18000031,73.26433563,51.82333374,20.06333351,1.0,0
2021-09-07 23:55:00+00:00,0,0.0,0.0,0.0,23,1,0,472.2333374,26.15099907,75.16366577,52.57666779,19.34666634,1.0,0
2021-09-08 00:00:00+00:00,0,0.0,0.0,0.0,0,2,0,452.7666626,26.25166702,79.3216629,50.67333221,18.98333359,1.0,0
2021-09-08 00:05:00+00:00,0,0.0,0.0,0.0,0,2,0,443.0666809,26.349666600000003,81.58733368,52.50999832,18.93333244,1.0,0
2021-09-08 00:10:00+00:00,0,0.0,0.0,0.0,0,2,0,440.0666809,26.25200081,77.58433533,53.11666489,19.01666641,1.0,0
2021-09-08 00:15:00+00:00,0,0.0,0.0,0.0,0,2,0,431.3999938999999,26.11433411,74.20966339,54.69666672,18.55666733,1.0,0
2021-09-08 00:20:00+00:00,0,0.0,0.0,0.0,0,2,0,426.7666626,26.19966698,78.66533661,53.72333145,17.21333313,1.0,0
2021-09-08 00:25:00+00:00,0,0.0,0.0,0.0,0,2,0,434.5,26.4553566,78.9046402,53.17856979,16.13571358,1.0,0
2021-09-08 00:30:00+00:00,0,0.0,0.0,0.0,0,2,0,444.8666687,26.6609993,80.77266693,53.56666565,19.53333282,1.0,0
2021-09-08 00:35:00+00:00,0,0.0,0.0,0.0,0,2,0,428.758606,26.24827576,77.22586059999999,54.74482727,21.50344849,1.0,0
2021-09-08 00:40:00+00:00,0,0.0,0.0,0.0,0,2,0,442.5666809,26.10733414,75.43800354,55.02000046,20.08666611,1.0,2
2021-09-08 00:45:00+00:00,0,0.0,0.0,0.0,0,2,0,457.3999938999999,26.39466667,79.17633057,55.61999893,18.55999947,1.0,3
2021-09-08 00:50:00+00:00,0,0.0,0.0,0.0,0,2,0,455.0333252,26.48233414,77.79233551,53.11666489,17.58333397,1.0,3
2021-09-08 00:55:00+00:00,0,0.0,0.0,0.0,0,2,0,436.3999938999999,26.30566597,74.18599701,52.21666718,16.67333412,1.0,3
2021-09-08 01:00:00+00:00,0,0.0,0.0,0.0,1,2,0,421.2000122,26.37233353,77.88500214,51.02000046,15.8633337,1.0,6
2021-09-08 01:05:00+00:00,0,0.0,0.0,0.0,1,2,0,416.9666748,26.440666200000003,80.97733307,50.10333252,15.14000034,1.0,12
2021-09-08 01:10:00+00:00,0,0.0,0.0,0.0,1,2,0,411.4666748,26.42266655,78.80433655,51.26666641,14.79333305,1.0,14
2021-09-08 01:15:00+00:00,0,0.0,0.0,0.0,1,2,0,410.2666626,26.15533257,75.41833496,51.6866684,14.61666679,1.0,12
2021-09-08 01:20:00+00:00,0,0.0,0.0,0.0,1,2,0,409.0714417,26.30821419,79.51142883,50.49642944,14.23928547,1.0,12
2021-09-08 01:25:00+00:00,0,0.0,0.0,0.0,1,2,0,409.9333191,26.47599983,81.71099854,50.95333481,10.6133337,1.0,12
2021-09-08 01:30:00+00:00,0,0.0,0.0,0.0,1,2,0,408.620697,26.48448181,77.95999908,51.51379395,5.341379166,1.0,12
2021-09-08 01:35:00+00:00,0,0.0,0.0,0.0,1,2,0,410.4333191,26.14999962,74.30799866,51.33000183,4.849999905,1.0,12
2021-09-08 01:40:00+00:00,0,0.0,0.0,0.0,1,2,0,412.1666565,26.30866623,76.89900208,51.00333405,3.806666613,1.0,12
2021-09-08 01:45:00+00:00,0,0.0,0.0,0.0,1,2,0,410.1666565,26.52166748,79.8710022,51.72000122,2.74666667,1.0,12
2021-09-08 01:50:00+00:00,0,0.0,0.0,0.0,1,2,0,407.1666565,26.56433296,81.02266693,51.52666855,1.929999948,1.0,12
2021-09-08 01:55:00+00:00,0,0.0,0.0,0.0,1,2,0,406.5,26.2183342,74.85133362,51.76333237,1.236666679,1.0,12
2021-09-08 02:00:00+00:00,0,0.0,0.0,0.0,2,2,0,407.3666687,26.24300003,75.21499634,51.30333328,0.363333344,1.0,12
2021-09-08 02:05:00+00:00,0,0.0,0.0,0.0,2,2,0,407.1000061,26.40633392,78.32199859999999,51.17333221,0.0,1.0,12
2021-09-08 02:10:00+00:00,0,0.0,0.0,0.0,2,2,0,411.5714417,26.67071342,80.10321808,52.18571472,0.557142854,1.0,12
2021-09-08 02:15:00+00:00,0,0.0,0.0,0.0,2,2,0,410.6000061,26.72200012,77.72200012,52.45666504,0.083333336,1.0,11
2021-09-08 02:20:00+00:00,0,0.0,0.0,0.0,2,2,0,406.1724243000001,26.24896622,72.4889679,51.37931061,0.068965517,1.0,11
2021-09-08 02:25:00+00:00,0,0.0,0.0,0.0,2,2,0,409.1333313,26.29899979,75.96533203,51.92333221,0.0,1.0,11
2021-09-08 02:30:00+00:00,0,0.0,0.0,0.0,2,2,0,406.3333435,26.40933418,79.01166534,51.41666794,0.0,1.0,11
2021-09-08 02:35:00+00:00,0,0.0,0.0,0.0,2,2,0,408.5,26.46800041,80.02166748,51.78666687,5.03666687,1.0,11
2021-09-08 02:40:00+00:00,2,0.0,0.0,0.0,2,2,0,416.2000122,26.47800064,78.10533142,54.22333145,5.386666775,3.0,11
2021-09-08 02:45:00+00:00,3,0.0,0.0,0.0,2,2,0,424.8999938999999,26.52700043,77.99933624,54.11000061,4.976666451,2.0,4
2021-09-08 02:50:00+00:00,3,0.0,0.0,0.0,2,2,0,430.2000122,26.56599998,75.319664,54.31999969,4.586666584,3.0,4
2021-09-08 02:55:00+00:00,3,0.0,0.0,0.0,2,2,0,427.8333435,26.2076664,70.16566467,53.09666824,6.596666813,1.0,5
2021-09-08 03:00:00+00:00,6,0.0,0.0,0.0,3,2,0,432.4642944,26.44178581,72.60535431,51.69643021,3.964285612,7.0,5
2021-09-08 03:05:00+00:00,12,0.0,0.0,0.0,3,2,0,442.8666687,26.61666679,76.59999847,52.62333298,3.819999933,13.0,9
2021-09-08 03:10:00+00:00,14,2.0,0.0,0.0,3,2,0,443.2666626,26.58433342,76.86799622,53.59999847,3.776666641,10.0,11
2021-09-08 03:15:00+00:00,12,3.0,0.0,0.0,3,2,0,443.0689697,26.26827621,70.58310699,51.61379242,5.820689678,9.0,12
2021-09-08 03:20:00+00:00,12,3.0,0.0,0.0,3,2,0,441.8333435,26.23033333,72.95700073,52.08333206,4.409999847,9.0,12
2021-09-08 03:25:00+00:00,12,3.0,0.0,0.0,3,2,0,444.8666687,26.35866737,77.21900177,51.15000153,3.723333359,6.0,12
2021-09-08 03:30:00+00:00,12,6.0,0.0,0.0,3,2,0,445.43331910000006,26.41533279,76.73000336,52.66333389,3.74000001,8.0,13
2021-09-08 03:35:00+00:00,12,12.0,0.0,0.0,3,2,0,440.2000122,26.1079998,72.52466583,51.08333206,6.016666889,8.0,13
2021-09-08 03:40:00+00:00,12,14.0,2.0,0.0,3,2,0,435.3333435,26.4003334,74.77200317,49.2733345,3.74333334,10.0,13
2021-09-08 03:45:00+00:00,12,12.0,3.0,0.0,3,2,0,425.2000122,26.61833382,77.76866913,50.92333221,3.700000048,9.0,12
2021-09-08 03:50:00+00:00,12,12.0,3.0,0.0,3,2,0,419.4666748,26.72966576,79.35633087,49.84999847,3.700000048,7.0,12
2021-09-08 03:55:00+00:00,12,12.0,3.0,0.0,3,2,0,419.1428528,26.78928566,79.45321655,49.74285889,3.682142973,6.0,12
2021-09-08 04:00:00+00:00,12,12.0,6.0,0.0,4,2,0,416.7333374,26.52233315,74.64566803,50.66333389,3.713333368,9.0,12
2021-09-08 04:05:00+00:00,12,12.0,12.0,0.0,4,2,0,410.9655151,26.41413879,74.47103119,50.09654999,3.66551733,10.0,12
2021-09-08 04:10:00+00:00,12,12.0,14.0,0.0,4,2,0,408.6000061,26.45000076,78.6166687,51.01666641,3.683333397,11.0,12
2021-09-08 04:15:00+00:00,11,12.0,12.0,0.0,4,2,0,415.0,26.50533295,78.98733521,50.67333221,3.700000048,10.0,12
2021-09-08 04:20:00+00:00,11,12.0,12.0,0.0,4,2,0,425.4666748,26.25533295,73.27200317,49.55333328,3.75333333,9.0,12
2021-09-08 04:25:00+00:00,11,12.0,12.0,0.0,4,2,0,432.2333374,26.29466629,74.92866516,48.95999908,3.720000029,9.0,12
2021-09-08 04:30:00+00:00,11,12.0,12.0,0.0,4,2,0,444.1000061000001,26.63033295,77.44999695,51.3433342,3.519999981,11.0,12
2021-09-08 04:35:00+00:00,11,12.0,12.0,0.0,4,2,0,448.5333252,26.2943325,74.03500366,53.52999878,3.613333225,9.0,12
2021-09-08 04:40:00+00:00,11,12.0,12.0,2.0,4,2,0,452.8999938999999,26.36499977,74.18766785,52.02000046,3.586666584,10.0,13
2021-09-08 04:45:00+00:00,4,11.0,12.0,3.0,4,2,0,459.7142944,26.60250092,77.47750092,51.91428757,3.49642849,8.0,13
2021-09-08 04:50:00+00:00,4,11.0,12.0,3.0,4,2,0,459.9666748,26.31266594,74.52566528,49.49666595,3.619999886,3.0,13
2021-09-08 04:55:00+00:00,5,11.0,12.0,3.0,4,2,0,459.1000061000001,26.30200005,74.13300323,49.07333374,3.713333368,3.0,13
2021-09-08 05:00:00+00:00,5,11.0,12.0,6.0,5,2,0,458.758606,26.57344818,77.12792969,49.74827576,3.679310322,16.0,13
2021-09-08 05:05:00+00:00,9,11.0,12.0,12.0,5,2,0,458.0666809,26.55599976,76.52899933,50.7266655,3.703333378,15.0,13
2021-09-08 05:10:00+00:00,11,11.0,12.0,14.0,5,2,0,449.79998780000005,26.16566658,73.44233704,48.74666595,3.723333359,12.0,13
2021-09-08 05:15:00+00:00,12,4.0,11.0,12.0,5,2,0,440.5333252,26.42633247,75.93599701,50.88999939,3.706666708,15.0,13
2021-09-08 05:20:00+00:00,12,4.0,11.0,12.0,5,2,0,439.1000061000001,26.69866753,78.61133575,50.68333435,3.680000067,14.0,10
2021-09-08 05:25:00+00:00,12,5.0,11.0,12.0,5,2,0,432.2666626,26.41600037,75.92033386,53.42333221,3.710000038,13.0,10
2021-09-08 05:30:00+00:00,13,5.0,11.0,12.0,5,2,0,437.7666626,26.3029995,74.73899841,54.07666779,3.763333321,11.0,11
2021-09-08 05:35:00+00:00,13,9.0,11.0,12.0,5,2,0,448.3214416999999,26.59107208,77.61964417,52.72499847,3.735714197,13.0,5
2021-09-08 05:40:00+00:00,13,11.0,11.0,12.0,5,2,0,448.6000061000001,26.7816658,80.33833313,50.52666855,3.736666679,15.0,5
2021-09-08 05:45:00+00:00,12,12.0,4.0,12.0,5,2,0,441.1666565,26.82299995,80.77433014,49.11000061,3.700000048,11.0,11
2021-09-08 05:50:00+00:00,12,12.0,4.0,12.0,5,2,0,440.3793030000001,26.94068909,80.07241058,49.02069092,3.686206818,11.0,11
2021-09-08 05:55:00+00:00,12,12.0,5.0,12.0,5,2,0,441.43331910000006,27.00766754,79.78333282,49.20666504,3.696666718,7.0,11
2021-09-08 06:00:00+00:00,12,13.0,5.0,12.0,6,2,0,448.9666748,27.02866745,79.67733002,50.3433342,3.726666689,12.0,11
2021-09-08 06:05:00+00:00,12,13.0,9.0,12.0,6,2,0,451.0666809,27.03966713,79.90699768,49.12333298,3.706666708,12.0,11
2021-09-08 06:10:00+00:00,12,13.0,11.0,12.0,6,2,0,445.6333313,27.15800095,79.84366608,48.16999817,3.619999886,12.0,11
2021-09-08 06:15:00+00:00,12,12.0,12.0,11.0,6,2,0,443.1666565,27.34733391,79.59967041,48.4366684,3.700000048,10.0,11
2021-09-08 06:20:00+00:00,12,12.0,12.0,11.0,6,2,0,439.7666626,27.32900047,79.80300140000001,48.46666718,3.640000105,9.0,11
2021-09-08 06:25:00+00:00,12,12.0,12.0,11.0,6,2,0,443.2758484,27.2186203,80.48551941,47.71034622,3.68275857,14.0,9
2021-09-08 06:30:00+00:00,12,12.0,13.0,11.0,6,2,0,440.8275757,27.20275879,81.13241577,49.51034546,3.700000048,11.0,9
2021-09-08 06:35:00+00:00,12,12.0,13.0,11.0,6,2,0,442.2000122,27.2543335,81.15066528,48.8133316,3.700000048,9.0,9
2021-09-08 06:40:00+00:00,13,12.0,13.0,11.0,6,2,0,439.8666687,27.19366646,81.30500031,47.79999924,3.636666775,6.0,5
2021-09-08 06:45:00+00:00,13,12.0,12.0,4.0,6,2,0,444.0689697,27.44000053,80.71344757,48.73448181,3.610344887,11.0,5
2021-09-08 06:50:00+00:00,13,12.0,12.0,4.0,6,2,0,442.1333313,27.59700012,80.34133148,48.21333313,3.693333387,9.0,3
2021-09-08 06:55:00+00:00,13,12.0,12.0,5.0,6,2,0,436.3999938999999,27.57566643,80.38600159,47.98333359,3.5733332630000003,8.0,3
2021-09-08 07:00:00+00:00,13,12.0,12.0,5.0,7,2,0,436.2000122,27.46699905,80.71833038,47.74666595,3.653333426,11.0,0
2021-09-08 07:05:00+00:00,13,12.0,12.0,9.0,7,2,0,438.580658,27.52967834,80.582901,48.53871155,3.5,13.0,0
2021-09-08 07:10:00+00:00,13,13.0,12.0,11.0,7,2,0,439.93331910000006,27.4576664,81.02400208,48.22999954,3.50666666,14.0,0
2021-09-08 07:15:00+00:00,13,13.0,12.0,12.0,7,2,0,440.9666748,27.59733391,80.8033371,47.62666702,3.50666666,10.0,0
2021-09-08 07:20:00+00:00,10,13.0,12.0,12.0,7,2,0,441.0,27.56785774,80.86357117,47.29999924,3.50357151,16.0,0
2021-09-08 07:25:00+00:00,10,13.0,12.0,12.0,7,2,0,439.7333374,27.50766754,81.26366425,49.91333389,8.613333702,10.0,0
2021-09-08 07:30:00+00:00,11,13.0,12.0,13.0,7,2,0,447.5,27.48766708,80.98733521,46.86999893,0.0,12.0,0
2021-09-08 07:35:00+00:00,5,13.0,12.0,13.0,7,2,0,450.5172424,27.3913784,81.25930786,46.69655228,0.0,9.0,0
2021-09-08 07:40:00+00:00,5,13.0,13.0,13.0,7,2,0,449.8999938999999,27.33533287,81.44933319,46.65333176,0.0,14.0,0
2021-09-08 07:45:00+00:00,11,13.0,13.0,12.0,7,2,0,446.6000061000001,27.35833359,81.44833374,46.47999954,0.0,14.0,0
2021-09-08 07:50:00+00:00,11,10.0,13.0,12.0,7,2,0,444.7666626,27.30400085,81.64167023,46.76333237,0.0,13.0,0
2021-09-08 07:55:00+00:00,11,10.0,13.0,12.0,7,2,0,437.5666809,27.33300018,81.73433685,46.52999878,0.0,9.0,0
2021-09-08 08:00:00+00:00,11,11.0,13.0,12.0,8,2,0,435.1333313,27.40733337,81.47000122,46.89666748,0.0,12.0,0
2021-09-08 08:05:00+00:00,11,5.0,13.0,12.0,8,2,0,432.0,27.43733406,81.33333588,46.42333221,0.0,6.0,0
2021-09-08 08:10:00+00:00,11,5.0,13.0,12.0,8,2,0,430.7857056,27.39892769,81.42964172,46.375,0.0,7.0,0
2021-09-08 08:15:00+00:00,11,11.0,13.0,12.0,8,2,0,430.2333374,27.50900078,80.97666931,46.57333374,0.0,7.0,0
2021-09-08 08:20:00+00:00,11,11.0,10.0,12.0,8,2,0,429.7666626,27.56266594,80.67233276,46.65999985,0.0,7.0,0
2021-09-08 08:25:00+00:00,9,11.0,10.0,12.0,8,2,0,430.8666687,27.43700027,81.10433197,46.65333176,0.0,4.0,0
2021-09-08 08:30:00+00:00,9,11.0,11.0,12.0,8,2,0,430.0333252,27.421667100000004,81.0573349,46.51666641,0.0,6.0,3
2021-09-08 08:35:00+00:00,9,11.0,5.0,12.0,8,2,0,427.93331910000006,27.49966621,80.73600006,46.34999847,0.0,4.0,3
2021-09-08 08:40:00+00:00,5,11.0,5.0,13.0,8,2,0,430.3999938999999,27.4640007,80.71399689,46.55666733,0.0,16.0,4
2021-09-08 08:45:00+00:00,5,11.0,11.0,13.0,8,2,0,424.7666626,27.47900009,80.67166901,46.57333374,0.0,12.0,4
2021-09-08 08:50:00+00:00,3,11.0,11.0,13.0,8,2,0,425.2333374,27.52133369,80.41266632,46.41333389,0.0,7.0,4
2021-09-08 08:55:00+00:00,3,9.0,11.0,13.0,8,2,0,424.5333252,27.42933273,80.71932983,46.25,0.0,1.0,4
2021-09-08 09:00:00+00:00,0,9.0,11.0,13.0,9,2,0,424.4285583000001,27.44392776,80.62107086,46.47857285,0.0,2.0,4
2021-09-08 09:05:00+00:00,0,9.0,11.0,13.0,9,2,0,425.3333435,27.43033409,80.61900329999999,46.33333206,0.0,1.0,3
2021-09-08 09:10:00+00:00,0,5.0,11.0,13.0,9,2,0,424.0,27.42633247,80.62566376,46.37666702,0.0,2.0,3
2021-09-08 09:15:00+00:00,0,5.0,11.0,13.0,9,2,0,422.2666626,27.38733292,80.71966553,46.3433342,0.0,2.0,3
2021-09-08 09:20:00+00:00,0,3.0,11.0,10.0,9,2,0,425.2069092,27.427585600000004,80.53172302,46.34827423,0.0,2.0,4
2021-09-08 09:25:00+00:00,0,3.0,9.0,10.0,9,2,0,425.0666809,27.49300003,80.28166962,46.40999985,0.0,2.0,4
2021-09-08 09:30:00+00:00,0,0.0,9.0,11.0,9,2,0,425.9666748,27.46699905,80.29467009999999,46.38000107,0.0,1.0,0
2021-09-08 09:35:00+00:00,0,0.0,9.0,5.0,9,2,0,427.1333313,27.50066757,80.10466766,46.24666595,0.0,2.0,0
2021-09-08 09:40:00+00:00,0,0.0,5.0,5.0,9,2,0,428.0,27.54766655,79.86533356,46.47333145,0.0,1.0,0
2021-09-08 09:45:00+00:00,0,0.0,5.0,11.0,9,2,0,425.9666748,27.51000023,80.05233002,46.32666779,0.0,1.0,0
2021-09-08 09:50:00+00:00,0,0.0,3.0,11.0,9,2,0,422.8666687,27.53700066,80.02733612,46.38999939,0.0,1.0,0
2021-09-08 09:55:00+00:00,0,0.0,3.0,11.0,9,2,0,423.1785583000001,27.48678589,80.15607452,46.15714264,0.0,1.0,0
2021-09-08 10:00:00+00:00,0,0.0,0.0,11.0,10,2,0,420.1333313,27.42766762,80.40000153,46.05666733,0.0,1.0,0
2021-09-08 10:05:00+00:00,0,0.0,0.0,11.0,10,2,0,420.2000122,27.49300003,80.22966766,46.04666519,0.0,1.0,0
2021-09-08 10:10:00+00:00,0,0.0,0.0,11.0,10,2,0,417.5333252,27.48800087,80.23000336,45.97333145,0.0,1.0,0
2021-09-08 10:15:00+00:00,0,0.0,0.0,11.0,10,2,0,418.620697,27.4927578,80.17206573,46.12413788,0.0,1.0,4
2021-09-08 10:20:00+00:00,0,0.0,0.0,11.0,10,2,0,418.7666626,27.52633286,80.02766418,46.04666519,0.0,1.0,4
2021-09-08 10:25:00+00:00,0,0.0,0.0,9.0,10,2,0,420.2333374,27.56599998,79.87133026,46.10333252,0.0,1.0,5
2021-09-08 10:30:00+00:00,3,0.0,0.0,9.0,10,2,0,417.2999878,27.49533272,80.16366577,46.16666794,0.0,1.0,5
2021-09-08 10:35:00+00:00,3,0.0,0.0,9.0,10,2,0,420.5,27.48366737,80.20999908,46.13999939,0.0,2.0,5
2021-09-08 10:40:00+00:00,4,0.0,0.0,5.0,10,2,0,420.7333374,27.48399925,80.20966339,46.15000153,0.0,5.0,5
2021-09-08 10:45:00+00:00,4,0.0,0.0,5.0,10,2,0,421.8214416999999,27.48535728,80.17821503,45.84285736,0.0,3.0,5
2021-09-08 10:50:00+00:00,4,0.0,0.0,3.0,10,2,0,417.8999939,27.52166748,80.05899811,46.20999908,0.0,2.0,5
2021-09-08 10:55:00+00:00,4,0.0,0.0,3.0,10,2,0,414.1666565,27.55266762,80.0063324,46.04666519,0.0,3.0,5
2021-09-08 11:00:00+00:00,4,3.0,0.0,0.0,11,2,0,416.6333313,27.55866623,79.99066925,46.15000153,0.0,2.0,5
2021-09-08 11:05:00+00:00,3,3.0,0.0,0.0,11,2,0,414.4482727,27.55724144,80.11724091,46.01724243,0.0,3.0,5
2021-09-08 11:10:00+00:00,3,4.0,0.0,0.0,11,2,0,412.6666565,27.50499916,80.31099701,46.08333206,0.0,3.0,3
2021-09-08 11:15:00+00:00,3,4.0,0.0,0.0,11,2,0,414.3333435,27.51866722,80.23899841,45.99000168,0.0,3.0,3
2021-09-08 11:20:00+00:00,4,4.0,0.0,0.0,11,2,0,413.6666565,27.4936676,80.36133575,46.08666611,0.0,2.0,3
2021-09-08 11:25:00+00:00,4,4.0,0.0,0.0,11,2,0,415.6333313,27.52833366,80.18133545,45.99333191,0.0,3.0,3
2021-09-08 11:30:00+00:00,0,4.0,3.0,0.0,11,2,0,414.8999939,27.53300095,80.16166687,46.23666763,0.0,3.0,2
2021-09-08 11:35:00+00:00,0,3.0,3.0,0.0,11,2,0,417.8928528,27.51142883,80.26036072,46.02142715,0.0,5.0,2
2021-09-08 11:40:00+00:00,0,3.0,4.0,0.0,11,2,0,414.5333252,27.50566673,80.27833557,46.11999893,0.0,1.0,2
2021-09-08 11:45:00+00:00,0,3.0,4.0,0.0,11,2,0,415.2666626,27.46733284,80.38766479,45.98666763,0.0,1.0,1
2021-09-08 11:50:00+00:00,0,4.0,4.0,0.0,11,2,0,417.2333374,27.52866745,80.13033295,46.02666855,0.0,1.0,1
2021-09-08 11:55:00+00:00,0,4.0,4.0,0.0,11,2,0,412.7666626,27.54899979,80.03666687,46.22333145,0.0,2.0,1
2021-09-08 12:00:00+00:00,0,0.0,4.0,0.0,12,2,0,410.8965454,27.57206917,79.83206940000001,45.99655151,0.0,2.0,1
2021-09-08 12:05:00+00:00,0,0.0,3.0,0.0,12,2,0,413.0666809,27.47966576,80.13366699,46.1566658,0.0,1.0,1
2021-09-08 12:10:00+00:00,0,0.0,3.0,0.0,12,2,0,415.6666565,27.54733276,79.90699768,46.35333252,0.0,1.0,1
2021-09-08 12:15:00+00:00,4,0.0,3.0,0.0,12,2,0,418.5,27.57466698,79.78700256,46.41666794,0.0,6.0,1
2021-09-08 12:20:00+00:00,4,0.0,4.0,0.0,12,2,0,418.2000122,27.54100037,79.88600159,46.02666855,0.0,2.0,1
2021-09-08 12:25:00+00:00,5,0.0,4.0,0.0,12,2,0,414.0333252,27.52366638,79.93367004,46.15000153,0.0,5.0,1
2021-09-08 12:30:00+00:00,5,0.0,0.0,3.0,12,2,0,415.5,27.62428665,79.58821106,46.18571472,0.0,4.0,1
2021-09-08 12:35:00+00:00,5,0.0,0.0,3.0,12,2,0,419.79998780000005,27.56999969,79.80133057,46.48333359,0.0,4.0,1
2021-09-08 12:40:00+00:00,5,0.0,0.0,4.0,12,2,0,417.0333252,27.54133415,79.82066345,46.26666641,0.0,4.0,1
2021-09-08 12:45:00+00:00,5,4.0,0.0,4.0,12,2,0,419.6333313,27.50966644,79.97833252,46.3133316,0.0,7.0,1
2021-09-08 12:50:00+00:00,5,4.0,0.0,4.0,12,2,0,416.5862122,27.5337925,79.87172699,46.65172577,0.0,4.0,0
2021-09-08 12:55:00+00:00,5,5.0,0.0,4.0,12,2,0,414.6666565,27.52199936,79.89433289,46.37666702,0.0,4.0,0
2021-09-08 13:00:00+00:00,5,5.0,0.0,4.0,13,2,0,414.3666687,27.5,79.99266815,46.16333389,0.0,4.0,1
2021-09-08 13:05:00+00:00,5,5.0,0.0,3.0,13,2,0,413.2333374,27.53833389,79.85700226,46.47000122,0.0,5.0,1
2021-09-08 13:10:00+00:00,3,5.0,0.0,3.0,13,2,0,414.1333313,27.5170002,79.88066864,46.51333237,0.0,3.0,1
2021-09-08 13:15:00+00:00,3,5.0,4.0,3.0,13,2,0,416.7333374,27.50333405,79.97200012,46.33333206,0.0,1.0,1
2021-09-08 13:20:00+00:00,3,5.0,4.0,4.0,13,2,0,415.5714417,27.53071404,79.88178253,46.16785812,0.0,3.0,1
2021-09-08 13:25:00+00:00,3,5.0,5.0,4.0,13,2,0,415.0333252,27.56733322,79.71800232,46.37666702,0.0,3.0,1
2021-09-08 13:30:00+00:00,2,5.0,5.0,0.0,13,2,0,415.4333191,27.53966713,79.84400177,46.57666779,0.0,5.0,0
2021-09-08 13:35:00+00:00,2,5.0,5.0,0.0,13,2,0,414.2000122,27.56599998,79.76866913,46.66333389,0.0,3.0,0
2021-09-08 13:40:00+00:00,2,3.0,5.0,0.0,13,2,0,416.3103333,27.57413864,79.72517395,46.52758789,0.0,3.0,0
2021-09-08 13:45:00+00:00,1,3.0,5.0,0.0,13,2,0,415.6000061,27.51166725,79.99633026,46.75333405,0.0,2.0,0
2021-09-08 13:50:00+00:00,1,3.0,5.0,0.0,13,2,0,416.7333374,27.5739994,79.8646698,46.7266655,0.0,2.0,0
2021-09-08 13:55:00+00:00,1,3.0,5.0,0.0,13,2,0,415.0666809,27.65166664,79.5593338,46.69666672,0.0,2.0,0
2021-09-09 18:00:00+00:00,0,0.0,0.0,0.0,18,3,0,435.3999938999999,26.24099922,84.43266296,50.10666656,15.69666672,2.0,0
2021-09-09 18:05:00+00:00,0,0.0,0.0,0.0,18,3,0,434.8666687,26.60499954,81.96733093,49.61000061,16.4533329,2.0,0
2021-09-09 18:10:00+00:00,0,0.0,0.0,0.0,18,3,0,434.3666687,26.11133385,75.87366486,49.96666718,18.71999931,2.0,0
2021-09-09 18:15:00+00:00,0,0.0,0.0,0.0,18,3,0,430.2000122,25.82933426,78.89167023,49.16666794,18.65999985,2.0,0
2021-09-09 18:20:00+00:00,0,0.0,0.0,0.0,18,3,0,431.5666809,26.09433365,81.62633514,49.9366684,19.55666733,2.0,0
2021-09-09 18:25:00+00:00,0,0.0,0.0,0.0,18,3,0,434.1290283,26.34806442,82.95225525,49.06129074,21.15161324,2.0,0
2021-09-09 18:30:00+00:00,0,0.0,0.0,0.0,18,3,0,436.2962952,26.49259186,83.74962616,49.59259415,19.19259262,2.0,0
2021-09-09 18:35:00+00:00,0,0.0,0.0,0.0,18,3,0,437.7666626,26.30366707,79.60299683,48.97333145,17.98666573,2.0,0
2021-09-09 18:40:00+00:00,0,0.0,0.0,0.0,18,3,0,440.7000122,25.75300026,79.29499817,49.81999969,20.61333275,2.0,0
2021-09-09 18:45:00+00:00,0,0.0,0.0,0.0,18,3,0,438.7000122,26.03233337,81.52233124,49.63333511,21.06999969,2.0,0
2021-09-09 18:50:00+00:00,0,0.0,0.0,0.0,18,3,0,442.1000061000001,26.31100082,83.08999634,49.54333496,22.59666634,2.0,0
2021-09-09 18:55:00+00:00,0,0.0,0.0,0.0,18,3,0,435.9666748,26.29466629,81.29799652,48.97333145,22.25333405,2.0,0
2021-09-09 19:00:00+00:00,0,0.0,0.0,0.0,19,3,0,430.5333252,25.77066612,79.88666534,49.13000107,20.88333321,2.0,0
2021-09-09 19:05:00+00:00,0,0.0,0.0,0.0,19,3,0,426.6000061000001,25.98800087,82.15833282,48.79333496,18.88333321,2.0,0
2021-09-09 19:10:00+00:00,0,0.0,0.0,0.0,19,3,0,425.0666809,26.26566696,83.7353363,49.36999893,17.2033329,2.0,0
2021-09-09 19:15:00+00:00,0,0.0,0.0,0.0,19,3,0,421.7666626,26.30200005,82.38233185,50.0,15.1833334,2.0,0
2021-09-09 19:20:00+00:00,0,0.0,0.0,0.0,19,3,0,420.2142944,25.78000069,80.12571716,49.84642792,13.33928585,2.0,0
2021-09-09 19:25:00+00:00,0,0.0,0.0,0.0,19,3,0,414.2758484,25.93137932,82.65241241,49.82758713,11.30689621,2.0,0
2021-09-09 19:30:00+00:00,0,0.0,0.0,0.0,19,3,0,416.1666565,26.22133255,84.06433105,48.9066658,8.600000381000001,2.0,0
2021-09-09 19:35:00+00:00,0,0.0,0.0,0.0,19,3,0,418.0333252,26.15333366,81.55000305,50.21333313,6.316666603,2.0,0
2021-09-09 19:40:00+00:00,0,0.0,0.0,0.0,19,3,0,418.4333191,25.64233398,80.45400238,51.54000092,7.476666451,2.0,0
2021-09-09 19:45:00+00:00,0,0.0,0.0,0.0,19,3,0,416.8999939,25.90166664,82.53333282,49.16999817,5.789999962,2.0,0
2021-09-09 19:50:00+00:00,0,0.0,0.0,0.0,19,3,0,415.4333191,26.24666595,83.76233673,49.44333267,6.480000018999999,2.0,0
2021-09-09 19:55:00+00:00,0,0.0,0.0,0.0,19,3,0,417.7333374,26.30699921,85.38700104,50.32333374,8.989999771,2.0,0
2021-09-09 20:00:00+00:00,0,0.0,0.0,0.0,20,3,0,421.7666626,26.29833412,84.08999634,49.37333298,12.6133337,2.0,0
2021-09-09 20:05:00+00:00,0,0.0,0.0,0.0,20,3,0,421.6666565,25.80766678,79.31700134,49.82666779,17.23999977,2.0,0
2021-09-09 20:10:00+00:00,0,0.0,0.0,0.0,20,3,0,422.2333374,25.82699966,81.73233032,50.78666687,19.73333359,2.0,0
2021-09-09 20:15:00+00:00,0,0.0,0.0,0.0,20,3,0,422.5185242,26.1277771,83.55000305,50.18148041,19.24444389,2.0,0
2021-09-09 20:20:00+00:00,0,0.0,0.0,0.0,20,3,0,422.2666626,26.1863327,82.95433044,49.05333328,22.11666679,2.0,0
2021-09-09 20:25:00+00:00,0,0.0,0.0,0.0,20,3,0,421.2333374,25.70033264,80.30867004,50.85333252,22.63333321,2.0,0
2021-09-09 20:30:00+00:00,0,0.0,0.0,0.0,20,3,0,417.2666626,25.86800003,82.55300140000001,49.89666748,20.72333336,2.0,0
2021-09-09 20:35:00+00:00,0,0.0,0.0,0.0,20,3,0,416.6666565,26.14333344,84.31366729999999,49.82666779,24.53000069,2.0,0
2021-09-09 20:40:00+00:00,0,0.0,0.0,0.0,20,3,0,419.79998780000005,26.30999947,85.86199951,49.97000122,25.14666748,2.0,0
2021-09-09 20:45:00+00:00,0,0.0,0.0,0.0,20,3,0,421.2333374,26.31699944,86.92166901,49.54999924,25.36333275,2.0,0
2021-09-09 20:50:00+00:00,0,0.0,0.0,0.0,20,3,0,422.1333313,26.12999916,81.77666473,50.61000061,23.98333359,2.0,0
2021-09-09 20:55:00+00:00,0,0.0,0.0,0.0,20,3,0,421.0333252,25.73399925,81.29166412,50.19666672,23.79333305,2.0,0
2021-09-09 21:00:00+00:00,0,0.0,0.0,0.0,21,3,0,419.7000122,26.00866699,83.07966614,49.61333466,24.31999969,2.0,0
2021-09-09 21:05:00+00:00,0,0.0,0.0,0.0,21,3,0,420.0357056,26.19428635,85.30964661,49.63214111,30.6071434,2.0,0
2021-09-09 21:10:00+00:00,0,0.0,0.0,0.0,21,3,0,418.758606,26.30275917,86.03655243,50.45517349,29.20344734,2.0,0
2021-09-09 21:15:00+00:00,0,0.0,0.0,0.0,21,3,0,416.2333374,26.39966583,84.10700226,49.72999954,29.33333397,2.0,0
2021-09-09 21:20:00+00:00,0,0.0,0.0,0.0,21,3,0,413.1333313,25.93199921,79.52733612,49.72000122,33.4066658,2.0,0
2021-09-09 21:25:00+00:00,0,0.0,0.0,0.0,21,3,0,411.8333435,25.88800049,82.16899872,50.5,33.12666702,2.0,0
2021-09-09 21:30:00+00:00,0,0.0,0.0,0.0,21,3,0,416.7333374,26.14699936,84.71199799,49.47333145,31.21333313,2.0,0
2021-09-09 21:35:00+00:00,0,0.0,0.0,0.0,21,3,0,416.0322571,26.23387146,86.02581024,49.41935349,31.19677353,2.0,0
2021-09-09 21:40:00+00:00,0,0.0,0.0,0.0,21,3,0,413.0333252,26.46366692,85.26899719,49.42333221,31.13999939,2.0,0
2021-09-09 21:45:00+00:00,0,0.0,0.0,0.0,21,3,0,415.2666626,25.99033356,80.09432983,49.79333496,33.56000137,2.0,0
2021-09-09 21:50:00+00:00,0,0.0,0.0,0.0,21,3,0,411.1000061,25.80466652,81.77799988,49.95000076,32.92333221,2.0,0
2021-09-09 21:55:00+00:00,0,0.0,0.0,0.0,21,3,0,408.2857056,26.10535622,83.31678772,49.62857056,31.56071472,2.0,0
2021-09-09 22:00:00+00:00,0,0.0,0.0,0.0,22,3,0,408.8275757,26.25137901,85.55586243,48.98275757,29.37931061,2.0,0
2021-09-09 22:05:00+00:00,0,0.0,0.0,0.0,22,3,0,410.8999939,26.25133324,86.50666809,50.35333252,28.53666687,2.0,0
2021-09-09 22:10:00+00:00,0,0.0,0.0,0.0,22,3,0,411.0666809,26.22699928,86.57566833,49.66333389,25.95999908,2.0,0
2021-09-09 22:15:00+00:00,0,0.0,0.0,0.0,22,3,0,411.2999878,26.25733376,85.78533173,49.72999954,26.296667100000004,2.0,0
2021-09-09 22:20:00+00:00,0,0.0,0.0,0.0,22,3,0,414.3333435,26.34600067,83.05766296,49.91666794,24.76333427,2.0,0
2021-09-09 22:25:00+00:00,0,0.0,0.0,0.0,22,3,0,413.6666565,25.917333600000003,78.62999725,49.31999969,23.71333313,2.0,0
2021-09-09 22:30:00+00:00,0,0.0,0.0,0.0,22,3,0,407.6333313,25.97800064,80.84766388,48.98666763,23.7266674,2.0,0
2021-09-09 22:35:00+00:00,0,0.0,0.0,0.0,22,3,0,407.0,26.19466591,83.77333069,49.95666504,24.11333275,2.0,0
2021-09-09 22:40:00+00:00,0,0.0,0.0,0.0,22,3,0,410.6666565,26.30900002,85.18699646,49.08666611,25.25,2.0,0
2021-09-09 22:45:00+00:00,0,0.0,0.0,0.0,22,3,0,412.7241516,26.20931053,81.02379608,49.21379471,21.29655266,2.0,0
2021-09-09 22:50:00+00:00,0,0.0,0.0,0.0,22,3,0,410.8965454,25.7572422,80.36896515,48.52758789,20.20000076,2.0,0
2021-09-09 22:55:00+00:00,0,0.0,0.0,0.0,22,3,0,413.2069092,26.0362072,82.12345123,49.95862198,18.65862083,2.0,0
2021-09-09 23:00:00+00:00,0,0.0,0.0,0.0,23,3,0,410.7999878,26.16833305,85.3769989,48.79999924,21.27666664,2.0,0
2021-09-09 23:05:00+00:00,0,0.0,0.0,0.0,23,3,0,414.6333313,26.32699966,85.4260025,50.30666733,24.39333344,2.0,0
2021-09-09 23:10:00+00:00,0,0.0,0.0,0.0,23,3,0,418.1333313,25.86300087,79.94733429,49.40333176,26.54000092,2.0,0
2021-09-09 23:15:00+00:00,0,0.0,0.0,0.0,23,3,0,416.2333374,25.72299957,81.21700287,49.9366684,27.35000038,2.0,0
2021-09-09 23:20:00+00:00,0,0.0,0.0,0.0,23,3,0,416.8333435,26.1293335,82.75466919,48.56666565,27.72999954,2.0,0
2021-09-09 23:25:00+00:00,0,0.0,0.0,0.0,23,3,0,415.5,26.22966576,85.41967009999999,49.63333511,27.16666603,2.0,0
2021-09-09 23:30:00+00:00,0,0.0,0.0,0.0,23,3,0,415.8999939,26.42133331,84.81733704,49.03333282,22.96333313,2.0,0
2021-09-09 23:35:00+00:00,0,0.0,0.0,0.0,23,3,0,414.6666565,26.0043335,80.22266388,50.13333511,24.74333382,2.0,0
2021-09-09 23:40:00+00:00,0,0.0,0.0,0.0,23,3,0,414.8928528,25.88178635,82.07928467,49.57500076,27.38928604,2.0,0
2021-09-09 23:45:00+00:00,0,0.0,0.0,0.0,23,3,0,413.0344849,26.14965439,84.10723877,49.43103409,56.47241211,2.0,0
2021-09-09 23:50:00+00:00,0,0.0,0.0,0.0,23,3,0,421.1333313,26.15733337,85.88500214,49.30666733,62.07333374,2.0,0
2021-09-09 23:55:00+00:00,0,0.0,0.0,0.0,23,3,0,424.8333435,26.21766663,86.84799957,51.57666779,63.34999847,2.0,0
2021-09-10 00:00:00+00:00,0,0.0,0.0,0.0,0,4,0,427.6666565,26.22400093,86.13999939,48.97333145,64.20666504,2.0,0
2021-09-10 00:05:00+00:00,0,0.0,0.0,0.0,0,4,0,428.3999938999999,26.38933372,85.41633606,50.31999969,63.36000061,2.0,0
2021-09-10 00:10:00+00:00,0,0.0,0.0,0.0,0,4,0,426.29998780000005,26.39900017,84.60866547,48.93000031,62.91666794,2.0,0
2021-09-10 00:15:00+00:00,0,0.0,0.0,0.0,0,4,0,427.8666687,26.45166588,84.82666779,50.28333282,61.26333237,2.0,0
2021-09-10 00:20:00+00:00,0,0.0,0.0,0.0,0,4,0,426.0,26.30966759,84.75333405,48.38333511,62.0233345,2.0,0
2021-09-10 00:25:00+00:00,0,0.0,0.0,0.0,0,4,0,424.2000122,26.32666588,82.53199768,50.00999832,61.16333389,2.0,0
2021-09-10 00:30:00+00:00,0,0.0,0.0,0.0,0,4,0,423.1071472,25.89821434,77.83000183,49.05356979,60.58214188,2.0,0
2021-09-10 00:35:00+00:00,0,0.0,0.0,0.0,0,4,0,426.9666748,25.97999954,80.67766571,49.73333359,58.84999847,2.0,0
2021-09-10 00:40:00+00:00,0,0.0,0.0,0.0,0,4,0,426.3103333000001,26.24482727,82.82930756,48.58275986,58.25862122,2.0,0
2021-09-10 00:45:00+00:00,0,0.0,0.0,0.0,0,4,0,426.4666748,26.34399986,84.73266602,49.29666519,54.51666641,2.0,0
2021-09-10 00:50:00+00:00,0,0.0,0.0,0.0,0,4,0,428.6333313,26.3939991,84.09766388,48.88999939,52.06999969,2.0,0
2021-09-10 00:55:00+00:00,0,0.0,0.0,0.0,0,4,0,423.0,26.11766624,77.23332977,49.60333252,52.34666824,2.0,0
2021-09-10 01:00:00+00:00,0,0.0,0.0,0.0,1,4,0,421.7000122,25.78833389,79.81500244,48.63666534,50.88000107,2.0,0
2021-09-10 01:05:00+00:00,0,0.0,0.0,0.0,1,4,0,423.1666565,26.06800079,82.57566833,49.70999908,47.7733345,2.0,0
2021-09-10 01:10:00+00:00,0,0.0,0.0,0.0,1,4,0,425.8333435,26.215999600000004,84.08333588,49.0,47.20999908,2.0,0
2021-09-10 01:15:00+00:00,0,0.0,0.0,0.0,1,4,0,426.2000122,26.36700058,85.41899872,49.93333435,24.17666626,2.0,0
2021-09-10 01:20:00+00:00,0,0.0,0.0,0.0,1,4,0,428.4285583000001,26.25928497,80.44714355,48.79285812,10.47500038,2.0,0
2021-09-10 01:25:00+00:00,0,0.0,0.0,0.0,1,4,0,424.5,25.81266594,79.89099884,49.21333313,10.90999985,2.0,0
2021-09-10 01:30:00+00:00,0,0.0,0.0,0.0,1,4,0,424.0344849,25.91965485,83.28206635,48.89655304,10.56206894,1.0,0
2021-09-10 01:35:00+00:00,0,0.0,0.0,0.0,1,4,0,420.3666687,26.08966637,85.18966675,49.52999878,9.300000191,1.0,0
2021-09-10 01:40:00+00:00,0,0.0,0.0,0.0,1,4,0,422.7333374,26.25666618,85.92366791,50.25,30.64666748,1.0,0
2021-09-10 01:45:00+00:00,0,0.0,0.0,0.0,1,4,0,428.4666748,26.26099968,85.68599701,49.56000137,38.36333466,1.0,0
2021-09-10 01:50:00+00:00,0,0.0,0.0,0.0,1,4,0,429.7000122,26.3136673,85.81366729999999,49.77999878,36.83333206,1.0,0
2021-09-10 01:55:00+00:00,0,0.0,0.0,0.0,1,4,0,427.29998780000005,26.34566689,84.33066559,50.13666534,35.74666595,1.0,0
2021-09-10 02:00:00+00:00,0,0.0,0.0,0.0,2,4,0,432.43331910000006,26.4193325,84.79166412,50.27666855,35.02666855,1.0,0
2021-09-10 02:05:00+00:00,0,0.0,0.0,0.0,2,4,0,434.5666809,26.41166687,83.80466461,49.86666489,34.50666809,1.0,0
2021-09-10 02:10:00+00:00,0,0.0,0.0,0.0,2,4,0,431.2000122,26.49733353,84.58300018,50.22333145,33.97333145,1.0,0
2021-09-10 02:15:00+00:00,0,0.0,0.0,0.0,2,4,0,430.75,26.42678642,80.01107025,50.95357132,33.24285889,1.0,0
2021-09-10 02:20:00+00:00,0,0.0,0.0,0.0,2,4,0,433.9666748,26.43600082,74.45933533,49.75666809,32.46666718,1.0,0
2021-09-10 02:25:00+00:00,0,0.0,0.0,0.0,2,4,0,432.1379395,26.730690000000003,77.33999634,50.39655304,31.64827538,1.0,0
2021-09-10 02:30:00+00:00,0,0.0,0.0,0.0,2,4,0,434.8999938999999,26.83799934,80.23633575,49.81000137,31.05666733,1.0,0
2021-09-10 02:35:00+00:00,0,0.0,0.0,0.0,2,4,0,435.1666565,26.59733391,75.32133484,49.70999908,30.01333427,1.0,0
2021-09-10 02:40:00+00:00,0,0.0,0.0,0.0,2,4,0,432.43331910000006,26.57600021,76.11633301,49.95000076,29.16666603,1.0,0
2021-09-10 02:45:00+00:00,0,0.0,0.0,0.0,2,4,0,435.3333435,26.73900032,79.83633423,49.43999863,28.52666664,1.0,0
2021-09-10 02:50:00+00:00,0,0.0,0.0,0.0,2,4,0,434.5333252,26.62599945,82.51733398,49.79333496,28.046667100000004,1.0,0
2021-09-10 02:55:00+00:00,0,0.0,0.0,0.0,2,4,0,436.4666748,26.15699959,81.51733398,49.73666763,27.64999962,1.0,0
2021-09-10 03:00:00+00:00,0,0.0,0.0,0.0,3,4,0,436.1000061000001,25.69000053,78.70700073,49.64666748,30.44333267,1.0,0
2021-09-10 03:05:00+00:00,0,0.0,0.0,0.0,3,4,0,435.3928528,25.90250015,81.8453598,48.67856979,27.45000076,1.0,0
2021-09-10 03:10:00+00:00,0,0.0,0.0,0.0,3,4,0,439.6666565,26.04299927,83.88600159,49.8133316,27.12333298,1.0,0
2021-09-10 03:15:00+00:00,0,0.0,0.0,0.0,3,4,0,435.4137878,25.92862129,80.76448059,48.762069700000005,27.31724167,1.0,0
2021-09-10 03:20:00+00:00,0,0.0,0.0,0.0,3,4,0,436.0,25.69300079,79.86333466,49.26333237,28.98999977,1.0,0
2021-09-10 03:25:00+00:00,0,0.0,0.0,0.0,3,4,0,436.0,25.87566757,82.98999786,49.12666702,27.20000076,1.0,0
2021-09-10 03:30:00+00:00,0,0.0,0.0,0.0,3,4,0,436.2666626,25.99733353,85.05699921,50.43333435,27.09666634,1.0,0
2021-09-10 03:35:00+00:00,0,0.0,0.0,0.0,3,4,0,433.7000122,25.74633408,80.70233154,48.82666779,28.69666672,1.0,0
2021-09-10 03:40:00+00:00,0,0.0,0.0,0.0,3,4,0,432.8999938999999,25.54199982,79.55200195,48.44333267,30.18333244,1.0,0
2021-09-10 03:45:00+00:00,0,0.0,0.0,0.0,3,4,0,431.4666748,25.83600044,82.06466675,48.63666534,27.24666595,1.0,0
2021-09-10 03:50:00+00:00,0,0.0,0.0,0.0,3,4,0,432.0,26.03933334,83.84266663,49.85666656,27.28666687,1.0,0
2021-09-10 03:55:00+00:00,0,0.0,0.0,0.0,3,4,0,431.9642944,26.14928627,84.77642822,48.6607132,27.29999924,2.0,0
2021-09-10 04:00:00+00:00,0,0.0,0.0,0.0,4,4,0,435.8999938999999,26.25600052,84.83766937,48.53333282,27.28000069,1.0,0
2021-09-10 04:05:00+00:00,0,0.0,0.0,0.0,4,4,0,442.8333435,26.10966682,79.70532990000001,48.87666702,27.44666672,1.0,0
2021-09-10 04:10:00+00:00,0,0.0,0.0,0.0,4,4,0,443.5862122,25.70206833,77.42723846,48.12758636,30.36551666,1.0,0
2021-09-10 04:15:00+00:00,0,0.0,0.0,0.0,4,4,0,447.43331910000006,25.90533257,81.09666443,48.38000107,27.19666672,1.0,0
2021-09-10 04:20:00+00:00,0,0.0,0.0,0.0,4,4,0,449.4666748,26.06933403,83.77166748,48.79333496,27.0933342,1.0,0
2021-09-10 04:25:00+00:00,0,0.0,0.0,0.0,4,4,0,448.1333313,26.02233315,82.43399811,47.62333298,27.12000084,1.0,0
2021-09-10 04:30:00+00:00,0,0.0,0.0,0.0,4,4,0,447.5333252,25.64566612,78.0593338,48.73333359,30.06999969,1.0,0
2021-09-10 04:35:00+00:00,0,0.0,0.0,0.0,4,4,0,451.3999938999999,25.82466698,81.03766632,49.02999878,27.32999992,1.0,0
2021-09-10 04:40:00+00:00,0,0.0,0.0,0.0,4,4,0,455.3666687,26.0063324,83.53067017,48.06999969,27.0933342,1.0,0
2021-09-10 04:45:00+00:00,0,0.0,0.0,0.0,4,4,0,457.0,26.09133339,84.54299927,48.45000076,27.00666618,1.0,0
2021-09-10 04:50:00+00:00,0,0.0,0.0,0.0,4,4,0,456.4642944,26.00499916,82.03857422,47.89642715,27.23571396,1.0,0
2021-09-10 04:55:00+00:00,0,0.0,0.0,0.0,4,4,0,451.6333313,26.17566681,76.4916687,49.53333282,27.36666679,1.0,0
2021-09-10 05:00:00+00:00,0,0.0,0.0,0.0,5,4,0,446.3103333000001,26.51758575,78.72034454,48.65861893,27.39999962,1.0,0
2021-09-10 05:05:00+00:00,0,0.0,0.0,0.0,5,4,0,444.79998780000005,26.66699982,80.96900177,48.01333237,27.37333298,1.0,0
2021-09-10 05:10:00+00:00,0,0.0,0.0,0.0,5,4,0,443.7000122,26.69799995,80.09300232,47.98666763,27.30666733,1.0,0
2021-09-10 05:15:00+00:00,0,0.0,0.0,0.0,5,4,0,441.8666687,26.38400078,75.13433075,48.20333481,27.31999969,1.0,0
2021-09-10 05:20:00+00:00,0,0.0,0.0,0.0,5,4,0,434.0,26.45999908,77.91066742,48.68333435,27.27000046,1.0,0
2021-09-10 05:25:00+00:00,0,0.0,0.0,0.0,5,4,0,431.43331910000006,26.60466576,80.63166809,47.70000076,27.40999985,1.0,0
2021-09-10 05:30:00+00:00,0,0.0,0.0,0.0,5,4,0,435.0333252,26.37666702,83.30599976,48.33333206,27.28666687,1.0,0
2021-09-10 05:35:00+00:00,0,0.0,0.0,0.0,5,4,0,438.1000061000001,26.30800056,84.55666351,48.65999985,27.19333267,1.0,0
2021-09-10 05:40:00+00:00,0,0.0,0.0,0.0,5,4,0,443.25,26.45642853,84.30071259,47.71071243,27.33214378,2.0,0
2021-09-10 05:45:00+00:00,0,0.0,0.0,0.0,5,4,0,441.3666687,26.86533356,83.02400208,47.97999954,27.17000008,1.0,1
2021-09-10 05:50:00+00:00,0,0.0,0.0,0.0,5,4,0,446.3333435,27.18133354,81.7353363,48.43000031,27.15333366,1.0,1
2021-09-10 05:55:00+00:00,0,0.0,0.0,0.0,5,4,0,460.6551819,27.34930992,80.82585907,48.07931137,27.30344772,1.0,1
2021-09-10 06:00:00+00:00,0,0.0,0.0,0.0,6,4,0,469.9666748,27.36366653,80.65766907,48.03666687,27.18000031,1.0,1
2021-09-10 06:05:00+00:00,0,0.0,0.0,0.0,6,4,0,483.5666809,27.39966583,80.47366333,49.22999954,27.1566658,1.0,1
2021-09-10 06:10:00+00:00,0,0.0,0.0,0.0,6,4,0,491.2000122,27.45533371,80.21067047,48.27000046,27.18000031,1.0,1
2021-09-10 06:15:00+00:00,0,0.0,0.0,0.0,6,4,0,493.4666748,27.47200012,80.07099915,47.92333221,27.18666649,1.0,1
2021-09-10 06:20:00+00:00,0,0.0,0.0,0.0,6,4,0,500.8666687,27.41333389,80.29799652,48.47000122,27.31999969,1.0,1
2021-09-10 06:25:00+00:00,0,0.0,0.0,0.0,6,4,0,502.43331910000006,27.38366699,80.40533447,47.69666672,27.16666603,1.0,1
2021-09-10 06:30:00+00:00,0,0.0,0.0,0.0,6,4,0,514.4285888999999,27.18357086,81.08357239,47.50357056,27.08214378,1.0,1
2021-09-10 06:35:00+00:00,0,0.0,0.0,0.0,6,4,0,516.0333252,27.17566681,81.19200134,48.26333237,27.0933342,1.0,1
2021-09-10 06:40:00+00:00,0,0.0,0.0,0.0,6,4,0,524.5333252,27.15200043,81.32099915,49.03666687,31.83666611,1.0,1
2021-09-10 06:45:00+00:00,0,0.0,0.0,0.0,6,4,0,539.2069092,27.34827614,80.67655182,47.44482803,0.0,1.0,1
2021-09-10 06:50:00+00:00,0,0.0,0.0,0.0,6,4,0,543.2999877999999,27.27733421,80.89233398,47.05333328,0.0,1.0,1
2021-09-10 06:55:00+00:00,0,0.0,0.0,0.0,6,4,0,556.166687,27.35833359,80.61000061,47.04999924,0.0,1.0,1
2021-09-10 07:00:00+00:00,0,0.0,0.0,0.0,7,4,0,566.0,27.19866753,81.17466736,47.29333496,0.0,1.0,1
2021-09-10 07:05:00+00:00,0,0.0,0.0,0.0,7,4,0,569.833313,27.33533287,80.74533081,47.07333374,0.0,1.0,1
2021-09-10 07:10:00+00:00,0,0.0,0.0,0.0,7,4,0,572.0666504,27.45400047,80.30400085,47.50333405,0.0,1.0,1
2021-09-10 07:15:00+00:00,0,0.0,0.0,0.0,7,4,0,574.666687,27.23800087,81.05867004,47.22999954,0.0,1.0,1
2021-09-10 07:20:00+00:00,0,0.0,0.0,0.0,7,4,0,581.0689697,27.13999939,81.42723846,46.92068863,0.0,1.0,0
2021-09-10 07:25:00+00:00,0,0.0,0.0,0.0,7,4,0,589.3448486000001,27.16448212,81.4382782,47.89655304,0.0,1.0,0
2021-09-10 07:30:00+00:00,0,0.0,0.0,0.0,7,4,0,585.9000244,27.13500023,81.54633331,47.59000015,0.0,1.0,0
2021-09-10 07:35:00+00:00,0,0.0,0.0,0.0,7,4,0,579.2758789,27.04000092,81.95034790000001,46.9758606,0.0,1.0,0
2021-09-10 07:40:00+00:00,0,0.0,0.0,0.0,7,4,0,580.7666626,26.98533249,82.15133667,47.25666809,0.0,1.0,0
2021-09-10 07:45:00+00:00,1,0.0,0.0,0.0,7,4,0,581.5666504,27.00166702,82.10566711,47.03666687,0.0,2.0,1
2021-09-10 07:50:00+00:00,1,0.0,0.0,0.0,7,4,0,579.9000244,26.95599937,82.25099945,46.84999847,0.0,2.0,1
2021-09-10 07:55:00+00:00,1,0.0,0.0,0.0,7,4,0,572.9333496,26.9533329,82.27799988,46.63333511,0.0,1.0,1
2021-09-10 08:00:00+00:00,1,0.0,0.0,0.0,8,4,0,569.5333252,27.06333351,81.83833313,46.67333221,0.0,1.0,2
2021-09-10 08:05:00+00:00,1,0.0,0.0,0.0,8,4,0,572.5666504,27.16466713,81.46833038,46.58666611,0.0,1.0,2
2021-09-10 08:10:00+00:00,1,0.0,0.0,0.0,8,4,0,568.7333374,27.1483326,81.54133606,46.75666809,0.0,1.0,2
2021-09-10 08:15:00+00:00,1,1.0,0.0,0.0,8,4,0,567.5714111000001,27.18714333,81.35678864,46.3928566,0.0,1.0,3
2021-09-10 08:20:00+00:00,1,1.0,0.0,0.0,8,4,0,569.2000122000001,27.23666573,81.18000031,46.65333176,0.0,1.0,3
2021-09-10 08:25:00+00:00,1,1.0,0.0,0.0,8,4,0,564.2666626,27.20466614,81.24966431,46.53333282,0.0,1.0,3
2021-09-10 08:30:00+00:00,1,1.0,0.0,0.0,8,4,0,559.1724243,27.23758698,81.13069153,46.64482879999999,0.0,2.0,3
2021-09-10 08:35:00+00:00,1,1.0,0.0,0.0,8,4,0,555.9333496,27.21166611,81.22000122,46.66999817,0.0,5.0,3
2021-09-10 08:40:00+00:00,1,1.0,0.0,0.0,8,4,0,554.4000244,27.23399925,81.12866974,46.48666763,0.0,1.0,3
2021-09-10 08:45:00+00:00,1,1.0,1.0,0.0,8,4,0,555.9666748,27.20899963,81.21199799,46.61666489,0.0,1.0,3
2021-09-10 08:50:00+00:00,1,1.0,1.0,0.0,8,4,0,551.5666504,27.23633385,81.13899994,46.58333206,0.0,1.0,3
2021-09-10 08:55:00+00:00,1,1.0,1.0,0.0,8,4,0,549.5,27.2373333,81.13800049,46.38333511,0.0,1.0,3
2021-09-10 09:00:00+00:00,1,1.0,1.0,0.0,9,4,0,550.0666504,27.2733326,81.03366852,46.50333405,0.0,3.0,3
2021-09-10 09:05:00+00:00,1,1.0,1.0,0.0,9,4,0,546.4642944,27.30500031,80.94928741,46.22142792,0.0,2.0,3
2021-09-10 09:10:00+00:00,1,1.0,1.0,0.0,9,4,0,547.9333496,27.29299927,80.9956665,46.4366684,0.0,2.0,3
2021-09-10 09:15:00+00:00,1,1.0,1.0,0.0,9,4,0,543.0,27.32133293,80.91066742,46.48333359,0.0,1.0,3
2021-09-10 09:20:00+00:00,0,1.0,1.0,0.0,9,4,0,543.0689697,27.30896568,80.93621063,46.27931213,0.0,1.0,3
2021-09-10 09:25:00+00:00,0,1.0,1.0,0.0,9,4,0,539.5999756,27.32233238,80.91600037,46.44666672,0.0,1.0,3
2021-09-10 09:30:00+00:00,0,1.0,1.0,0.0,9,4,0,539.9666748,27.28266716,81.05466461,46.4766655,0.0,1.0,3
2021-09-10 09:35:00+00:00,0,1.0,1.0,0.0,9,4,0,540.0666504,27.29966736,80.99766541,46.27000046,0.0,1.0,3
2021-09-10 09:40:00+00:00,0,1.0,1.0,0.0,9,4,0,538.4000244,27.3283329,80.9916687,46.26666641,0.0,3.0,2
2021-09-10 09:45:00+00:00,1,1.0,1.0,1.0,9,4,0,536.2333374,27.34133339,80.91866302,46.42666626,0.0,2.0,2
2021-09-10 09:50:00+00:00,1,0.0,1.0,1.0,9,4,0,535.7666626,27.32666588,80.90599823,46.36000061,0.0,1.0,2
2021-09-10 09:55:00+00:00,1,0.0,1.0,1.0,9,4,0,538.8214111000001,27.31892776,80.98321533,46.19285583,0.0,1.0,2
2021-09-10 10:00:00+00:00,2,0.0,1.0,1.0,10,4,0,533.333313,27.3579998,80.86933136,46.26666641,0.0,4.0,2
2021-09-10 10:05:00+00:00,2,0.0,1.0,1.0,10,4,0,531.2666626,27.33799934,80.90266418,46.30666733,0.0,2.0,3
2021-09-10 10:10:00+00:00,2,0.0,1.0,1.0,10,4,0,529.9000244,27.33566666,80.88166809,46.23333359,0.0,1.0,3
2021-09-10 10:15:00+00:00,3,1.0,1.0,1.0,10,4,0,524.9310303,27.35551643,80.83586121,46.34827423,0.0,3.0,3
2021-09-10 10:20:00+00:00,3,1.0,0.0,1.0,10,4,0,524.1333618,27.32666588,80.8603363,46.39666748,0.0,3.0,3
2021-09-10 10:25:00+00:00,3,1.0,0.0,1.0,10,4,0,521.2000122,27.33666611,80.86066437,46.79999924,0.0,3.0,3
2021-09-10 10:30:00+00:00,3,2.0,0.0,1.0,10,4,0,521.2999878,27.33766747,80.84666443,46.42666626,0.0,3.0,3
2021-09-10 10:35:00+00:00,3,2.0,0.0,1.0,10,4,0,520.6333618,27.32166672,80.89433289,46.2266655,0.0,3.0,3
2021-09-10 10:40:00+00:00,3,2.0,0.0,1.0,10,4,0,521.4000244,27.29299927,80.97533417,46.72000122,0.0,2.0,3
2021-09-10 10:45:00+00:00,3,3.0,1.0,1.0,10,4,0,518.5999756,27.27300072,81.03266907,46.34000015,0.0,3.0,3
2021-09-10 10:50:00+00:00,3,3.0,1.0,1.0,10,4,0,517.2857056,27.28000069,81.02428436,46.125,0.0,2.0,3
2021-09-10 10:55:00+00:00,3,3.0,1.0,1.0,10,4,0,515.166687,27.29999924,80.95033264,45.96666718,0.0,4.0,2
2021-09-10 11:00:00+00:00,3,3.0,2.0,1.0,11,4,0,516.5,27.36300087,80.81800079,46.51666641,0.0,3.0,2
2021-09-10 11:05:00+00:00,3,3.0,2.0,1.0,11,4,0,519.0344848999999,27.36896515,80.75517273,46.262069700000005,0.0,3.0,2
2021-09-10 11:10:00+00:00,3,3.0,2.0,1.0,11,4,0,516.5333252,27.340999600000004,80.89600372,46.28666687,0.0,2.0,2
2021-09-10 11:15:00+00:00,3,3.0,3.0,1.0,11,4,0,514.5,27.37566757,80.75966644,46.18333435,0.0,2.0,2
2021-09-10 11:20:00+00:00,3,3.0,3.0,0.0,11,4,0,510.0333252,27.38733292,80.68399811,46.08000183,0.0,2.0,2
2021-09-10 11:25:00+00:00,3,3.0,3.0,0.0,11,4,0,509.0333252,27.33533287,80.87966919,46.16333389,0.0,4.0,2
2021-09-10 11:30:00+00:00,3,3.0,3.0,0.0,11,4,0,509.3666687,27.31633377,80.92933655,46.11999893,0.0,4.0,2
2021-09-10 11:35:00+00:00,3,3.0,3.0,0.0,11,4,0,505.1333313,27.31699944,80.90933228,46.0933342,0.0,3.0,2
2021-09-10 11:40:00+00:00,2,3.0,3.0,0.0,11,4,0,504.3571472,27.31642914,80.88285828,45.92499924,0.0,2.0,2
2021-09-10 11:45:00+00:00,2,3.0,3.0,1.0,11,4,0,505.7000122,27.298666,80.97666931,46.12666702,0.0,2.0,2
2021-09-10 11:50:00+00:00,2,3.0,3.0,1.0,11,4,0,505.3999938999999,27.32966614,80.84799957,46.43000031,0.0,5.0,2
2021-09-10 11:55:00+00:00,2,3.0,3.0,1.0,11,4,0,500.5333252,27.34233284,80.81733704,46.26333237,0.0,4.0,2
2021-09-10 12:00:00+00:00,2,3.0,3.0,2.0,12,4,0,500.8965454,27.36034393,80.72758484,46.25172424,0.0,2.0,2
2021-09-10 12:05:00+00:00,3,3.0,3.0,2.0,12,4,0,496.3666687,27.34700012,80.77466583,46.42666626,0.0,2.0,2
2021-09-10 12:10:00+00:00,3,2.0,3.0,2.0,12,4,0,496.3999938999999,27.36566734,80.69766998,46.24000168,0.0,3.0,1
2021-09-10 12:15:00+00:00,3,2.0,3.0,3.0,12,4,0,494.4666748,27.3239994,80.84733582,46.11999893,0.0,3.0,1
2021-09-10 12:20:00+00:00,3,2.0,3.0,3.0,12,4,0,492.3999938999999,27.33833313,80.80400085,46.24000168,0.0,3.0,1
2021-09-10 12:25:00+00:00,3,2.0,3.0,3.0,12,4,0,494.3666687,27.36833382,80.71166992,46.11666489,0.0,4.0,1
2021-09-10 12:30:00+00:00,3,2.0,3.0,3.0,12,4,0,492.0714416999999,27.34428596,80.78464508,45.94285583,0.0,3.0,1
2021-09-10 12:35:00+00:00,3,3.0,3.0,3.0,12,4,0,491.79998780000005,27.35000038,80.7646637,46.24333191,0.0,3.0,1
2021-09-10 12:40:00+00:00,3,3.0,2.0,3.0,12,4,0,488.29998780000005,27.35099983,80.81999969,46.08000183,0.0,3.0,1
2021-09-10 12:45:00+00:00,3,3.0,2.0,3.0,12,4,0,488.29998780000005,27.37899971,80.71466827,46.65333176,0.0,3.0,0
2021-09-10 12:50:00+00:00,3,3.0,2.0,3.0,12,4,0,489.7241516,27.33655167,80.85965729,46.32069016,0.0,2.0,0
2021-09-10 12:55:00+00:00,2,3.0,2.0,3.0,12,4,0,491.8333435,27.33399963,80.90299988,46.38999939,0.0,5.0,0
2021-09-10 13:00:00+00:00,2,3.0,2.0,3.0,13,4,0,484.93331910000006,27.39766693,80.68466949,46.41666794,0.0,1.0,0
2021-09-10 13:05:00+00:00,2,3.0,3.0,3.0,13,4,0,483.6333313,27.37266731,80.78166962,46.86999893,0.0,3.0,0
2021-09-10 13:10:00+00:00,2,3.0,3.0,3.0,13,4,0,482.7000122,27.36333275,80.79966736,46.75999832,0.0,2.0,0
2021-09-10 13:15:00+00:00,2,3.0,3.0,3.0,13,4,0,479.8666687,27.37599945,80.77233124,46.2266655,0.0,2.0,0
2021-09-10 13:20:00+00:00,2,3.0,3.0,3.0,13,4,0,481.5666809,27.37999916,80.80000305,46.36999893,0.0,2.0,0
2021-09-10 13:25:00+00:00,2,2.0,3.0,3.0,13,4,0,477.0,27.42107201,80.6296463,46.51071548,0.0,3.0,0
2021-09-10 13:30:00+00:00,2,2.0,3.0,3.0,13,4,0,476.1333313,27.42300034,80.64600372,46.37333298,0.0,1.0,0
2021-09-10 13:35:00+00:00,2,2.0,3.0,3.0,13,4,0,477.4666748,27.39033318,80.76100159,46.87333298,0.0,3.0,0
2021-09-10 13:40:00+00:00,2,2.0,3.0,2.0,13,4,0,476.9666748,27.40133286,80.75666809,46.93000031,0.0,2.0,0
2021-09-10 13:45:00+00:00,2,2.0,3.0,2.0,13,4,0,475.6551819,27.40793037,80.71103668,47.23103333,0.0,4.0,0
2021-09-10 13:50:00+00:00,2,2.0,3.0,2.0,13,4,0,475.6333313,27.41833305,80.75466919,46.89666748,0.0,1.0,0
2021-09-10 13:55:00+00:00,2,2.0,2.0,2.0,13,4,0,472.29998780000005,27.40866661,80.80433655,46.92666626,0.0,2.0,0
2021-09-12 18:00:00+00:00,0,0.0,0.0,0.0,18,6,1,435.3666687,26.02899933,73.43266296,51.12333298,7.269999981000001,1.0,0
2021-09-12 18:05:00+00:00,0,0.0,0.0,0.0,18,6,1,436.1034546,26.08793068,76.85758972,50.49310303,5.120689869,1.0,0
2021-09-12 18:10:00+00:00,0,0.0,0.0,0.0,18,6,1,433.5666809,26.12533379,72.53099823,50.22000122,6.190000057000001,1.0,0
2021-09-12 18:15:00+00:00,0,0.0,0.0,0.0,18,6,1,430.7333374,25.98266602,75.50066376,49.66333389,5.876666546,1.0,0
2021-09-12 18:20:00+00:00,0,0.0,0.0,0.0,18,6,1,435.8999938999999,26.18899918,76.01333618,50.28666687,5.193333149,1.0,0
2021-09-12 18:25:00+00:00,0,0.0,0.0,0.0,18,6,1,437.6333313,25.98933411,72.59466553,48.82666779,7.336666584,1.0,0
2021-09-12 18:30:00+00:00,0,0.0,0.0,0.0,18,6,1,441.7000122,25.96299934,75.52799988,50.29999924,5.079999924,1.0,0
2021-09-12 18:35:00+00:00,0,0.0,0.0,0.0,18,6,1,445.3214416999999,26.19214249,74.62285614,49.11785889,2.79285717,1.0,0
2021-09-12 18:40:00+00:00,0,0.0,0.0,0.0,18,6,1,448.8999938999999,25.93833351,72.22399902,50.55666733,4.929999828,1.0,0
2021-09-12 18:45:00+00:00,0,0.0,0.0,0.0,18,6,1,448.8999938999999,26.04533386,75.36399841,49.3133316,3.286666632,1.0,0
2021-09-12 18:50:00+00:00,0,0.0,0.0,0.0,18,6,1,447.3999938999999,26.04299927,73.32533264,51.18000031,3.816666603,1.0,0
2021-09-12 18:55:00+00:00,0,0.0,0.0,0.0,18,6,1,444.7666626,25.79533386,73.91566467,49.88000107,5.416666508,1.0,0
2021-09-12 19:00:00+00:00,0,0.0,0.0,0.0,19,6,1,439.3103333000001,26.23931122,75.14448547,50.05172348,1.57586205,1.0,0
2021-09-12 19:05:00+00:00,0,0.0,0.0,0.0,19,6,1,435.0666809,26.01000023,72.55999756,49.29000092,4.070000172,1.0,0
2021-09-12 19:10:00+00:00,0,0.0,0.0,0.0,19,6,1,433.6333313,26.01799965,75.58766937,49.61999893,2.960000038,1.0,0
2021-09-12 19:15:00+00:00,0,0.0,0.0,0.0,19,6,1,434.7666626,26.20933342,75.46399689,51.44333267,29.14666748,1.0,0
2021-09-12 19:20:00+00:00,0,0.0,0.0,0.0,19,6,1,432.6666565,25.91033363,72.680336,50.85666656,19.54000092,1.0,0
2021-09-12 19:25:00+00:00,0,0.0,0.0,0.0,19,6,1,433.620697,25.72758675,71.40241241,50.90345001,20.69310379,1.0,0
2021-09-12 19:30:00+00:00,0,0.0,0.0,0.0,19,6,1,430.7930908,25.69275856,70.19965363,50.21379471,21.44482803,1.0,0
2021-09-12 19:35:00+00:00,0,0.0,0.0,0.0,19,6,1,431.3333435,25.79333305,74.49066925,50.53333282,22.24666595,1.0,0
2021-09-12 19:40:00+00:00,0,0.0,0.0,0.0,19,6,1,432.6000061000001,26.11266708,77.93133545,51.06999969,19.51000023,1.0,0
2021-09-12 19:45:00+00:00,0,0.0,0.0,0.0,19,6,1,432.9666748,26.18566704,72.93000031,50.40000153,21.67000008,1.0,0
2021-09-12 19:50:00+00:00,0,0.0,0.0,0.0,19,6,1,428.3793030000001,25.86896515,71.58965302,52.32758713,24.21034431,1.0,0
2021-09-12 19:55:00+00:00,0,0.0,0.0,0.0,19,6,1,429.9666748,25.79500008,74.37433624,51.33000183,23.90999985,1.0,0
2021-09-12 20:00:00+00:00,0,0.0,0.0,0.0,20,6,1,434.6000061000001,26.04299927,77.75066376,49.42333221,21.05999947,1.0,0
2021-09-12 20:05:00+00:00,0,0.0,0.0,0.0,20,6,1,436.8999938999999,25.95966721,74.15166473,50.73666763,23.66666603,1.0,0
2021-09-12 20:10:00+00:00,0,0.0,0.0,0.0,20,6,1,435.7666626,26.15699959,71.40533447,52.36333466,25.78666687,1.0,0
2021-09-12 20:15:00+00:00,0,0.0,0.0,0.0,20,6,1,438.9666748,26.64766693,73.54933167,55.24333191,24.16666603,1.0,0
2021-09-12 20:20:00+00:00,0,0.0,0.0,0.0,20,6,1,445.0714416999999,26.61642838,71.77928925,54.70357132,25.06071472,1.0,0
2021-09-12 20:25:00+00:00,0,0.0,0.0,0.0,20,6,1,452.3666687,26.59266663,69.13500214,53.86000061,25.49666595,1.0,0
2021-09-12 20:30:00+00:00,0,0.0,0.0,0.0,20,6,1,455.2333374,26.58466721,67.77233124,52.36333466,25.57666588,1.0,0
2021-09-12 20:35:00+00:00,0,0.0,0.0,0.0,20,6,1,457.2666626,26.52799988,70.40000153,53.26666641,25.32666588,1.0,0
2021-09-12 20:40:00+00:00,0,0.0,0.0,0.0,20,6,1,462.29998780000005,26.45999908,73.90466309,54.62666702,25.2266674,1.0,0
2021-09-12 20:45:00+00:00,0,0.0,0.0,0.0,20,6,1,463.1379395,25.84482765,72.26965332,53.11034393,28.4758625,1.0,0
2021-09-12 20:50:00+00:00,0,0.0,0.0,0.0,20,6,1,464.8999938999999,25.93499947,70.36233521,53.40999985,28.70666695,1.0,0
2021-09-12 20:55:00+00:00,0,0.0,0.0,0.0,20,6,1,461.4666748,25.87766647,72.3793335,52.0233345,30.60666656,1.0,0
2021-09-12 21:00:00+00:00,0,0.0,0.0,0.0,21,6,1,463.5666809,26.02466583,77.26533508,51.84000015,29.14666748,1.0,0
2021-09-12 21:05:00+00:00,0,0.0,0.0,0.0,21,6,1,463.3999938999999,25.875,74.75900269,52.21333313,33.59000015,1.0,0
2021-09-12 21:10:00+00:00,0,0.0,0.0,0.0,21,6,1,460.2142944,25.67964363,72.80500031,51.47499847,32.93571472,1.0,0
2021-09-12 21:15:00+00:00,0,0.0,0.0,0.0,21,6,1,458.9666748,25.798666,74.97766876,50.23666763,30.93333244,1.0,0
2021-09-12 21:20:00+00:00,0,0.0,0.0,0.0,21,6,1,455.7000122,26.01733398,77.76300049,50.84999847,28.63333321,1.0,0
2021-09-12 21:25:00+00:00,0,0.0,0.0,0.0,21,6,1,456.1000061000001,25.78966713,73.66633606,53.11666489,32.12333298,1.0,0
2021-09-12 21:30:00+00:00,0,0.0,0.0,0.0,21,6,1,461.1666565,25.91766739,72.09033203,52.95333481,29.57999992,1.0,0
2021-09-12 21:35:00+00:00,0,0.0,0.0,0.0,21,6,1,467.7241516,26.1631031,75.91069031,52.59654999,28.23448181,1.0,0
2021-09-12 21:40:00+00:00,0,0.0,0.0,0.0,21,6,1,477.3999938999999,26.26933289,75.76599884,52.17333221,73.46666718,1.0,1
2021-09-12 21:45:00+00:00,0,0.0,0.0,0.0,21,6,1,471.8333435,25.87733269,71.69300079,52.40333176,76.03333282,1.0,1
2021-09-12 21:50:00+00:00,0,0.0,0.0,0.0,21,6,1,467.5666809,25.66600037,70.89133453,51.76333237,75.65666962,1.0,1
2021-09-12 21:55:00+00:00,0,0.0,0.0,0.0,21,6,1,460.7333374,26.11933327,73.99533081,54.05333328,72.83333588,1.0,1
2021-09-12 22:00:00+00:00,0,0.0,0.0,0.0,22,6,1,459.1071472,26.36750031,75.36392975,53.45714188,67.19285583,1.0,1
2021-09-12 22:05:00+00:00,0,0.0,0.0,0.0,22,6,1,462.0,26.50833321,69.92500305,56.47000122,62.18000031,1.0,0
2021-09-12 22:10:00+00:00,0,0.0,0.0,0.0,22,6,1,471.7666626,26.5170002,67.83499908,53.12666702,61.80333328,1.0,0
2021-09-12 22:15:00+00:00,0,0.0,0.0,0.0,22,6,1,471.0,26.43233299,66.10966492,55.90333176,64.91333008,1.0,0
2021-09-12 22:20:00+00:00,0,0.0,0.0,0.0,22,6,1,473.2666626,26.71133423,68.68966675,54.75666809,60.45333481,1.0,0
2021-09-12 22:25:00+00:00,0,0.0,0.0,0.0,22,6,1,477.8999938999999,26.81233406,72.79433441,59.08000183,58.68000031,1.0,0
2021-09-12 22:30:00+00:00,0,0.0,0.0,0.0,22,6,1,479.421051,26.60368347,69.91631317,58.33157729999999,59.56315613,1.0,0
2021-09-12 22:35:00+00:00,0,0.0,0.0,0.0,22,6,1,479.421051,26.60368347,69.91631317,58.33157729999999,59.56315613,1.0,0
2021-09-12 22:40:00+00:00,0,0.0,0.0,0.0,22,6,1,483.0,25.65049934,68.48650359999999,60.43999863,66.68000031,1.0,0
2021-09-12 22:45:00+00:00,0,0.0,0.0,0.0,22,6,1,487.8214416999999,25.87714195,71.01607513,57.875,66.80357361,1.0,0
2021-09-12 22:50:00+00:00,0,0.0,0.0,0.0,22,6,1,491.1000061000001,26.33699989,75.42333221,58.17333221,63.27999878,1.0,0
2021-09-12 22:55:00+00:00,0,0.0,0.0,0.0,22,6,1,487.7666626,25.95033264,72.79333496,57.11333466,66.63999939,1.0,0
2021-09-12 23:00:00+00:00,0,0.0,0.0,0.0,23,6,1,484.7000122,25.82566643,70.45300293,58.00333405,68.87000275,1.0,0
2021-09-12 23:05:00+00:00,0,0.0,0.0,0.0,23,6,1,489.7000122,25.86533356,68.65000153,56.69333267,69.98666382,1.0,0
2021-09-12 23:10:00+00:00,0,0.0,0.0,0.0,23,6,1,488.8666687,26.07133293,69.16166687,56.86666489,69.6966629,1.0,0
2021-09-12 23:15:00+00:00,0,0.0,0.0,0.0,23,6,1,484.9310303,26.75517273,72.90483093,60.08965683,67.14138031,1.0,0
2021-09-12 23:20:00+00:00,0,0.0,0.0,0.0,23,6,1,484.3333435,26.58633423,70.57733154,59.08333206,67.91666412,1.0,0
2021-09-12 23:25:00+00:00,0,0.0,0.0,0.0,23,6,1,489.8666687,26.48866653,67.68766785,59.63333511,69.77333069,1.0,0
2021-09-12 23:30:00+00:00,0,0.0,0.0,0.0,23,6,1,496.0333252,26.48966599,67.81666565,59.20000076,71.23332977,1.0,0
2021-09-12 23:35:00+00:00,0,0.0,0.0,0.0,23,6,1,506.0714416999999,26.73821449,72.24642944,58.92499924,69.97499847,1.0,0
2021-09-12 23:40:00+00:00,1,0.0,0.0,0.0,23,6,1,512.2000122,26.6016674,69.73766327,58.0633316,71.43333435,1.0,0
2021-09-12 23:45:00+00:00,1,0.0,0.0,0.0,23,6,1,508.0,26.64066696,67.1289978,53.91999817,48.97000122,1.0,0
2021-09-12 23:50:00+00:00,1,0.0,0.0,0.0,23,6,1,493.6666565,26.55766678,69.97200012,50.2733345,14.10999966,1.0,0
2021-09-12 23:55:00+00:00,1,0.0,0.0,0.0,23,6,1,480.29998780000005,26.56533241,75.89333344,57.63000107,34.14666748,1.0,0
2021-09-13 00:00:00+00:00,1,0.0,0.0,0.0,0,0,0,472.1000061000001,26.59066582,72.09766388,54.34666824,46.22333145,1.0,0
2021-09-13 00:05:00+00:00,0,0.0,0.0,0.0,0,0,0,468.43331910000006,26.57933426,68.47533417,50.51333237,46.04333496,1.0,0
2021-09-13 00:10:00+00:00,0,1.0,0.0,0.0,0,0,0,459.3103333000001,26.60000038,70.95241547,50.32758713,45.99655151,1.0,0
2021-09-13 00:15:00+00:00,0,1.0,0.0,0.0,0,0,0,451.2000122,26.671667100000004,74.64499664,49.63666534,45.63000107,1.0,0
2021-09-13 00:20:00+00:00,0,1.0,0.0,0.0,0,0,0,454.1333313,26.61400032,77.25733185,49.57333374,45.81000137,1.0,0
2021-09-13 00:25:00+00:00,0,1.0,0.0,0.0,0,0,0,449.8928528,26.55821419,73.87571716,50.41428757,46.54285812,1.0,0
2021-09-13 00:30:00+00:00,0,1.0,0.0,0.0,0,0,0,447.3333435,26.11899948,72.61499786,49.94666672,50.10666656,1.0,0
2021-09-13 00:35:00+00:00,0,0.0,0.0,0.0,0,0,0,449.7333374,26.00133324,76.47433472,49.79000092,48.84666824,1.0,0
2021-09-13 00:40:00+00:00,0,0.0,1.0,0.0,0,0,0,452.29998780000005,26.10833359,77.8730011,49.39666748,47.58333206,1.0,0
2021-09-13 00:45:00+00:00,0,0.0,1.0,0.0,0,0,0,456.0333252,25.89733315,72.82333374,50.77666855,48.65999985,1.0,0
2021-09-13 00:50:00+00:00,0,0.0,1.0,0.0,0,0,0,454.0333252,25.78833389,75.09266663,49.52000046,47.4066658,1.0,0
2021-09-13 00:55:00+00:00,0,0.0,1.0,0.0,0,0,0,455.79998780000005,25.97633362,77.8706665,50.20000076,42.60333252,1.0,0
2021-09-13 01:00:00+00:00,0,0.0,1.0,0.0,1,0,0,455.7241516,26.18068886,78.22034454,54.55517197,41.11379242,1.0,0
2021-09-13 01:05:00+00:00,0,0.0,0.0,0.0,1,0,0,456.4666748,25.9766674,72.12133026,55.22333145,41.66999817,1.0,0
2021-09-13 01:10:00+00:00,0,0.0,0.0,0.0,1,0,0,456.7333374,25.84066582,74.36833191,53.15999985,40.81666565,1.0,0
2021-09-13 01:15:00+00:00,0,0.0,0.0,0.0,1,0,0,456.96551510000006,26.15620613,76.61413574,53.69310379,36.38275909,1.0,0
2021-09-13 01:20:00+00:00,0,0.0,0.0,0.0,1,0,0,455.620697,26.33172417,72.79792786,54.51724243,35.64827728,1.0,1
2021-09-13 01:25:00+00:00,0,0.0,0.0,0.0,1,0,0,456.8999938999999,25.98399925,73.21033478,56.20333481,37.90000153,1.0,0
2021-09-13 01:30:00+00:00,0,0.0,0.0,0.0,1,0,0,460.7000122,26.15433311,76.42666626,51.96666718,35.13000107,1.0,0
2021-09-13 01:35:00+00:00,0,0.0,0.0,0.0,1,0,0,460.3666687,26.2329998,78.36799622,54.67666626,35.54000092,1.0,1
2021-09-13 01:40:00+00:00,0,0.0,0.0,1.0,1,0,0,460.4666748,26.31966591,73.43133545,53.71333313,35.89333344,1.0,1
2021-09-13 01:45:00+00:00,0,0.0,0.0,1.0,1,0,0,457.29998780000005,25.80633354,71.69633484,52.97000122,19.89999962,1.0,1
2021-09-13 01:50:00+00:00,0,0.0,0.0,1.0,1,0,0,453.7000122,25.8686676,75.69566345,50.47333145,3.606666565,1.0,1
2021-09-13 01:55:00+00:00,0,0.0,0.0,1.0,1,0,0,454.2069092,25.99827576,78.37862396,50.91379166,0.155172408,1.0,2
2021-09-13 02:00:00+00:00,0,0.0,0.0,1.0,2,0,0,453.79998780000005,26.21199989,77.8216629,51.87333298,32.8433342,1.0,2
2021-09-13 02:05:00+00:00,0,0.0,0.0,0.0,2,0,0,452.8333435,26.37466621,71.16933441,51.77000046,55.97999954,1.0,2
2021-09-13 02:10:00+00:00,0,0.0,0.0,0.0,2,0,0,453.4285583000001,26.53464317,73.19393158,50.25357056,53.31785583,1.0,2
2021-09-13 02:15:00+00:00,0,0.0,0.0,0.0,2,0,0,457.4666748,26.542333600000003,76.05466461,52.05333328,17.95000076,1.0,4
2021-09-13 02:20:00+00:00,0,0.0,0.0,0.0,2,0,0,476.1000061000001,26.03499985,73.50299835,50.60666656,5.320000172,1.0,5
2021-09-13 02:25:00+00:00,0,0.0,0.0,0.0,2,0,0,488.1333313,26.06699944,73.04266357,51.96333313,2.653333426,2.0,5
2021-09-13 02:30:00+00:00,0,0.0,0.0,0.0,2,0,0,505.9666748,26.3453331,76.25933075,53.91999817,0.0,2.0,5
2021-09-13 02:35:00+00:00,0,0.0,0.0,0.0,2,0,0,526.5333252,26.30599976,72.55433655,55.65666579999999,0.0,2.0,5
2021-09-13 02:40:00+00:00,0,0.0,0.0,0.0,2,0,0,537.7000122000001,26.15833282,70.58533478,55.58000183,0.0233333329999999,1.0,5
2021-09-13 02:45:00+00:00,0,0.0,0.0,0.0,2,0,0,541.5861816,26.13068962,69.3624115,55.70689774,0.362068951,1.0,5
2021-09-13 02:50:00+00:00,0,0.0,0.0,0.0,2,0,0,541.5,26.46533394,73.28500366,55.22333145,0.0,1.0,5
2021-09-13 02:55:00+00:00,0,0.0,0.0,0.0,2,0,0,534.7999878,26.40766716,71.53099823,55.11000061,0.0,1.0,5
2021-09-13 03:00:00+00:00,0,0.0,0.0,0.0,3,0,0,536.6071166999999,26.25607109,69.70035553,54.75,0.0,1.0,4
2021-09-13 03:05:00+00:00,0,0.0,0.0,0.0,3,0,0,534.2333374,26.2203331,67.56933594,55.28333282,0.1400000009999999,1.0,5
2021-09-13 03:10:00+00:00,0,0.0,0.0,0.0,3,0,0,534.5666504,26.26466751,68.97766876,54.90000153,0.0866666659999999,1.0,5
2021-09-13 03:15:00+00:00,0,0.0,0.0,0.0,3,0,0,527.666687,26.53866577,72.03099823,53.52999878,0.0,1.0,5
2021-09-13 03:20:00+00:00,1,0.0,0.0,0.0,3,0,0,524.4000244,26.32933426,69.34700012,50.96333313,0.0,1.0,5
2021-09-13 03:25:00+00:00,0,0.0,0.0,0.0,3,0,0,524.5999756,26.19233322,68.18499756,50.3133316,0.166666672,1.0,6
2021-09-13 03:30:00+00:00,0,0.0,0.0,0.0,3,0,0,521.0666504,26.19566727,66.85266876,53.91666794,0.153333336,2.0,6
2021-09-13 03:35:00+00:00,1,0.0,0.0,0.0,3,0,0,517.2333374,26.37433243,71.30400085,54.04000092,0.0233333329999999,2.0,7
2021-09-13 03:40:00+00:00,1,0.0,0.0,0.0,3,0,0,520.5861816,26.58586121,73.16620636,52.49310303,0.0,2.0,5
2021-09-13 03:45:00+00:00,1,0.0,0.0,0.0,3,0,0,519.4333496,26.33600044,69.95500183,53.75666809,0.0,2.0,4
2021-09-13 03:50:00+00:00,1,1.0,0.0,0.0,3,0,0,519.5357056,26.44571495,71.71071625,53.81785583,0.0,2.0,4
2021-09-13 03:55:00+00:00,2,0.0,0.0,0.0,3,0,0,523.7333374,26.60000038,73.91799927,53.77000046,0.0,1.0,4
2021-09-13 04:00:00+00:00,2,0.0,0.0,0.0,4,0,0,531.166687,26.29033279,70.84833527,53.42333221,0.0,2.0,4
2021-09-13 04:05:00+00:00,2,1.0,0.0,0.0,4,0,0,531.0333252,26.25300026,68.73500061,52.71666718,0.026666667,2.0,8
2021-09-13 04:10:00+00:00,2,1.0,0.0,0.0,4,0,0,530.2333374,26.28100014,68.01066589,53.20999908,0.033333335,5.0,8
2021-09-13 04:15:00+00:00,4,1.0,0.0,0.0,4,0,0,532.8666382,26.44866753,72.32733154,52.40333176,0.0,5.0,9
2021-09-13 04:20:00+00:00,5,1.0,1.0,0.0,4,0,0,540.1333618,26.36966705,70.92933655,51.70666504,0.0,7.0,9
2021-09-13 04:25:00+00:00,5,2.0,0.0,0.0,4,0,0,538.7999877999999,26.16533279,69.20666504,52.45000076,0.053333335,4.0,9
2021-09-13 04:30:00+00:00,5,2.0,0.0,0.0,4,0,0,535.2069092,26.10413742,67.90792847,53.30344772,0.162068963,3.0,9
2021-09-13 04:35:00+00:00,5,2.0,1.0,0.0,4,0,0,539.8666382,26.21100044,68.95433044,53.79000092,0.076666668,2.0,9
2021-09-13 04:40:00+00:00,5,2.0,1.0,0.0,4,0,0,543.166687,26.47733307,72.77100372,51.57666779,0.0,4.0,9
2021-09-13 04:45:00+00:00,5,4.0,1.0,0.0,4,0,0,541.25,26.32535744,69.79428864,50.12142944,0.0,2.0,8
2021-09-13 04:50:00+00:00,5,5.0,1.0,0.0,4,0,0,537.9666748,26.22333336,69.49900055,53.31999969,0.033333335,4.0,8
2021-09-13 04:55:00+00:00,5,5.0,2.0,0.0,4,0,0,540.833313,26.49033356,73.38733673,53.54333496,0.0,6.0,8
2021-09-13 05:00:00+00:00,4,5.0,2.0,0.0,5,0,0,544.2333374,26.34900093,71.57233429,51.4766655,0.0,3.0,9
2021-09-13 05:05:00+00:00,5,5.0,2.0,0.0,5,0,0,543.0,26.21899986,69.44366455,54.00999832,0.0066666669999999,5.0,9
2021-09-13 05:10:00+00:00,5,5.0,2.0,0.0,5,0,0,536.2666626,26.20866585,69.81733704,53.98666763,0.02,8.0,9
2021-09-13 05:15:00+00:00,5,5.0,4.0,0.0,5,0,0,535.6333618,26.41833305,74.33733368,53.08333206,0.0,3.0,9
2021-09-13 05:20:00+00:00,5,5.0,5.0,1.0,5,0,0,531.5999756,26.23399925,72.14466858,54.40000153,0.0,5.0,8
2021-09-13 05:25:00+00:00,6,5.0,5.0,0.0,5,0,0,534.4138184,26.22655106,69.63414001,54.42413712,0.0,6.0,9
2021-09-13 05:30:00+00:00,6,4.0,5.0,0.0,5,0,0,536.7666626,26.38633347,72.85333252,54.30333328,0.0,8.0,9
2021-09-13 05:35:00+00:00,7,5.0,5.0,1.0,5,0,0,538.1071167,26.5625,77.73000336,57.48571396,0.742857158,5.0,9
2021-09-13 05:40:00+00:00,5,5.0,5.0,1.0,5,0,0,524.7333374,26.86666679,80.08200073,50.45999908,10.07333374,9.0,9
2021-09-13 05:45:00+00:00,4,5.0,5.0,1.0,5,0,0,520.0666504,26.99233246,79.59466553,46.71333313,10.10999966,4.0,5
2021-09-13 05:50:00+00:00,4,5.0,5.0,1.0,5,0,0,520.0999756,26.98166656,79.13300323,47.5933342,2.713333368,4.0,0
2021-09-13 05:55:00+00:00,4,6.0,5.0,2.0,5,0,0,525.2666626,27.02400017,78.58133698,46.50666809,0.0,8.0,4
2021-09-13 06:00:00+00:00,4,6.0,4.0,2.0,6,0,0,527.0666504,27.00066757,78.44433594,46.82333374,0.0,2.0,4
2021-09-13 06:05:00+00:00,8,7.0,5.0,2.0,6,0,0,522.2333374,26.98233414,78.37999725,46.6566658,0.0,10.0,0
2021-09-13 06:10:00+00:00,8,5.0,5.0,2.0,6,0,0,520.9666748,27.00366592,78.21366882,46.74333191,0.0,9.0,0
2021-09-13 06:15:00+00:00,9,4.0,5.0,4.0,6,0,0,520.9655151000001,26.95448303,78.35276031,46.4758606,0.0,12.0,0
2021-09-13 06:20:00+00:00,9,4.0,5.0,5.0,6,0,0,521.4000244,26.97733307,78.27033234,46.60333252,0.0,6.0,0
2021-09-13 06:25:00+00:00,9,4.0,6.0,5.0,6,0,0,522.3571166999999,27.08678627,77.78713989,46.04285812,0.0,8.0,0
2021-09-13 06:30:00+00:00,9,4.0,6.0,5.0,6,0,0,525.9333496,27.07166672,77.74500275,46.31666565,0.0,4.0,0
2021-09-13 06:35:00+00:00,9,8.0,7.0,5.0,6,0,0,529.2333374,27.08333397,77.66766357,46.60333252,0.0,9.0,0
2021-09-13 06:40:00+00:00,9,8.0,5.0,5.0,6,0,0,533.0333252,27.22066689,77.01132965,46.48333359,0.0,5.0,0
2021-09-13 06:45:00+00:00,8,9.0,4.0,5.0,6,0,0,530.9000244,27.22433281,77.16200256,46.51666641,0.0,11.0,0
2021-09-13 06:50:00+00:00,8,9.0,4.0,5.0,6,0,0,532.2999878,27.34066582,76.66066742,46.45666504,0.0,9.0,0
2021-09-13 06:55:00+00:00,8,9.0,4.0,5.0,6,0,0,535.333313,27.32999992,76.64133453,46.52000046,0.0,8.0,0
2021-09-13 07:00:00+00:00,9,9.0,4.0,4.0,7,0,0,536.333313,27.35300064,76.62566376,46.43999863,0.0,6.0,0
2021-09-13 07:05:00+00:00,9,9.0,8.0,5.0,7,0,0,533.0,27.326334000000003,76.89299774,46.59666824,0.0,10.0,4
2021-09-13 07:10:00+00:00,9,9.0,8.0,5.0,7,0,0,530.5172119,27.39241409,76.80586243,46.21379471,0.0,5.0,4
2021-09-13 07:15:00+00:00,9,8.0,9.0,5.0,7,0,0,529.2333374,27.43566704,76.72299957,46.36666489,0.0,6.0,4
2021-09-13 07:20:00+00:00,8,8.0,9.0,5.0,7,0,0,528.3214111000001,27.39749908,76.96535492,46.2857132,0.0,8.0,4
2021-09-13 07:25:00+00:00,9,8.0,9.0,6.0,7,0,0,524.0666504,27.36300087,77.22100067,46.45333481,0.0,9.0,4
2021-09-13 07:30:00+00:00,9,9.0,9.0,6.0,7,0,0,520.0666504,27.43266678,77.14167023,46.66999817,0.0,7.0,4
2021-09-13 07:35:00+00:00,9,9.0,9.0,7.0,7,0,0,514.4000244,27.41399956,77.46966553,46.25999832,0.0,13.0,4
2021-09-13 07:40:00+00:00,9,9.0,9.0,5.0,7,0,0,515.1333618,27.3793335,77.60333252,46.43333435,0.0,9.0,4
2021-09-13 07:45:00+00:00,5,9.0,8.0,4.0,7,0,0,514.4000244,27.35566711,77.73666382,46.27999878,0.0,6.0,4
2021-09-13 07:50:00+00:00,0,8.0,8.0,4.0,7,0,0,510.8999938999999,27.29466629,77.99033356,46.15000153,0.0,3.0,0
2021-09-13 07:55:00+00:00,4,9.0,8.0,4.0,7,0,0,508.3333435,27.29999924,78.02333069,46.25999832,0.0,2.0,0
2021-09-13 08:00:00+00:00,4,9.0,9.0,4.0,8,0,0,504.7241516,27.2620697,78.20241547,46.06206894,0.0,2.0,0
2021-09-13 08:05:00+00:00,0,9.0,9.0,8.0,8,0,0,502.7666626,27.27833366,78.20200348,46.08666611,0.0,2.0,1
2021-09-13 08:10:00+00:00,0,9.0,9.0,8.0,8,0,0,502.9285583000001,27.31785774,78.112854,45.91428757,0.0,2.0,4
2021-09-13 08:15:00+00:00,0,5.0,9.0,9.0,8,0,0,502.1333313,27.3453331,78.00900269,46.16999817,0.0,2.0,5
2021-09-13 08:20:00+00:00,0,0.0,8.0,9.0,8,0,0,505.29998780000005,27.37100029,77.86166382,45.88000107,0.0,1.0,7
2021-09-13 08:25:00+00:00,0,4.0,9.0,9.0,8,0,0,504.1000061000001,27.4109993,77.74066925,45.95666504,0.0,1.0,10
2021-09-13 08:30:00+00:00,0,4.0,9.0,9.0,8,0,0,502.2666626,27.45700073,77.64566803,46.04999924,0.0,2.0,14
2021-09-13 08:35:00+00:00,0,0.0,9.0,9.0,8,0,0,496.8333435,27.49033356,77.58966827,45.9766655,0.0,1.0,15
2021-09-13 08:40:00+00:00,0,0.0,9.0,9.0,8,0,0,499.0666809,27.49200058,77.55066681,46.0933342,0.0,1.0,16
2021-09-13 08:45:00+00:00,0,0.0,5.0,8.0,8,0,0,501.4666748,27.49833298,77.53366852,46.17333221,0.0,1.0,16
2021-09-13 08:50:00+00:00,0,0.0,0.0,8.0,8,0,0,495.9310303,27.51275826,77.56861877,46.30689621,0.0,1.0,16
2021-09-13 08:55:00+00:00,0,0.0,4.0,8.0,8,0,0,492.7333374,27.58333397,77.35233307,45.92333221,0.0,1.0,16
2021-09-13 09:00:00+00:00,0,0.0,4.0,9.0,9,0,0,493.5714416999999,27.57357216,77.39107513,45.99285889,0.0,1.0,16
2021-09-13 09:05:00+00:00,4,0.0,0.0,9.0,9,0,0,492.6666565,27.590999600000004,77.38466644,46.00666809,0.0,3.0,16
2021-09-13 09:10:00+00:00,4,0.0,0.0,9.0,9,0,0,493.1666565,27.58233261,77.38500214,46.14333344,0.0,2.0,16
2021-09-13 09:15:00+00:00,4,0.0,0.0,9.0,9,0,0,486.6000061000001,27.5233326,77.63933563,46.0233345,0.0,1.0,16
2021-09-13 09:20:00+00:00,4,0.0,0.0,8.0,9,0,0,484.8666687,27.54299927,77.6333313,45.94333267,0.0,2.0,13
2021-09-13 09:25:00+00:00,4,0.0,0.0,9.0,9,0,0,484.8666687,27.57233238,77.62266541,45.96333313,0.0,2.0,13
2021-09-13 09:30:00+00:00,4,0.0,0.0,9.0,9,0,0,482.1666565,27.55166626,77.74966431,46.06000137,0.0,2.0,13
2021-09-13 09:35:00+00:00,4,4.0,0.0,9.0,9,0,0,480.0333252,27.57033348,77.75933075,45.88666534,0.0,2.0,15
2021-09-13 09:40:00+00:00,4,4.0,0.0,9.0,9,0,0,476.93331910000006,27.58866692,77.76733398,45.92666626,0.0,3.0,15
2021-09-13 09:45:00+00:00,4,4.0,0.0,5.0,9,0,0,480.0,27.60344887,77.83999634,46.02758789,0.0,4.0,15
2021-09-13 09:50:00+00:00,0,4.0,0.0,0.0,9,0,0,476.8620605,27.67689705,77.62689972,45.91724014,0.0,2.0,15
2021-09-13 09:55:00+00:00,0,4.0,0.0,4.0,9,0,0,475.2069092,27.61206818,77.86689758,46.17241287,0.0,2.0,15
2021-09-13 10:00:00+00:00,0,4.0,0.0,4.0,10,0,0,477.0666809,27.61333275,77.89199829,46.05666733,0.0,1.0,15
2021-09-13 10:05:00+00:00,1,4.0,4.0,0.0,10,0,0,478.0666809,27.64366722,77.83799744,46.16999817,0.0,4.0,15
2021-09-13 10:10:00+00:00,4,4.0,4.0,0.0,10,0,0,478.43331910000006,27.625,77.92233276,46.07666779,0.0,3.0,15
2021-09-13 10:15:00+00:00,5,4.0,4.0,0.0,10,0,0,474.7000122,27.6186676,77.99433136,46.02999878,0.0,8.0,15
2021-09-13 10:20:00+00:00,7,0.0,4.0,0.0,10,0,0,473.6666565,27.69099998,77.79066467,46.05333328,0.0,7.0,15
2021-09-13 10:25:00+00:00,10,0.0,4.0,0.0,10,0,0,472.1666565,27.69300079,77.82633209,46.10666656,0.0,10.0,15
2021-09-13 10:30:00+00:00,14,0.0,4.0,0.0,10,0,0,470.4666748,27.65600014,78.01999664,46.15000153,0.0,16.0,15
2021-09-13 10:35:00+00:00,15,1.0,4.0,0.0,10,0,0,468.8620605,27.63999939,78.15310669,46.05517197,0.0,12.0,15
2021-09-13 10:40:00+00:00,16,4.0,4.0,0.0,10,0,0,467.5333252,27.60899925,78.29699707,46.0233345,0.0,13.0,15
2021-09-13 10:45:00+00:00,16,5.0,4.0,0.0,10,0,0,465.1785583000001,27.65892792,78.14499664,45.80714417,0.0,11.0,15
2021-09-13 10:50:00+00:00,16,7.0,0.0,0.0,10,0,0,465.6666565,27.64366722,78.14499664,45.79000092,0.0,11.0,14
2021-09-13 10:55:00+00:00,16,10.0,0.0,0.0,10,0,0,462.6333313,27.66466713,78.09999847,45.84999847,0.0,15.0,15
2021-09-13 11:00:00+00:00,16,14.0,0.0,0.0,11,0,0,464.2000122,27.69433403,78.00499725,45.88999939,0.0,13.0,15
2021-09-13 11:05:00+00:00,16,15.0,1.0,4.0,11,0,0,462.93331910000006,27.69566727,78.04799652,45.79999924,0.0,13.0,15
2021-09-13 11:10:00+00:00,16,16.0,4.0,4.0,11,0,0,462.1000061000001,27.71966743,77.97566986,45.91333389,0.0,13.0,15
2021-09-13 11:15:00+00:00,16,16.0,5.0,4.0,11,0,0,464.1666565,27.71533394,78.04833221,45.87333298,0.0,13.0,15
2021-09-13 11:20:00+00:00,13,16.0,7.0,4.0,11,0,0,462.8999938999999,27.67133331,78.29499817,45.89333344,0.0,14.0,15
2021-09-13 11:25:00+00:00,13,16.0,10.0,4.0,11,0,0,461.93331910000006,27.7266674,78.14299774,45.98333359,0.0,13.0,15
2021-09-13 11:30:00+00:00,13,16.0,14.0,4.0,11,0,0,463.96551510000006,27.71068954,78.17931366,45.97241211,0.0,11.0,15
2021-09-13 11:35:00+00:00,15,16.0,15.0,4.0,11,0,0,459.25,27.70428658,78.22106934,45.83214188,0.0,11.0,9
2021-09-13 11:40:00+00:00,15,16.0,16.0,4.0,11,0,0,458.3333435,27.75,78.06866455,45.98333359,0.0,9.0,5
2021-09-13 11:45:00+00:00,15,16.0,16.0,4.0,11,0,0,456.5,27.79800034,77.91033173,46.02666855,0.0,13.0,1
2021-09-13 11:50:00+00:00,15,13.0,16.0,0.0,11,0,0,454.6000061000001,27.86666679,77.67700195,45.89666748,0.0,9.0,1
2021-09-13 11:55:00+00:00,15,13.0,16.0,0.0,11,0,0,456.93331910000006,27.82866669,77.75800323,46.22333145,0.0,14.0,0
2021-09-13 12:00:00+00:00,15,13.0,16.0,0.0,12,0,0,453.0666809,27.73966599,78.09400177,45.91999817,0.0,9.0,0
2021-09-13 12:05:00+00:00,15,15.0,16.0,1.0,12,0,0,454.3666687,27.79500008,77.92099762,45.97999954,0.0,13.0,0
2021-09-13 12:10:00+00:00,15,15.0,16.0,4.0,12,0,0,455.6000061000001,27.77199936,77.98833466,45.84000015,0.0,8.0,0
2021-09-13 12:15:00+00:00,15,15.0,16.0,5.0,12,0,0,457.7000122,27.74900055,78.1206665,46.02999878,0.0,15.0,0
2021-09-13 12:20:00+00:00,15,15.0,13.0,7.0,12,0,0,461.6551819,27.76862144,78.01448059,45.94137955,0.0,10.0,0
2021-09-13 12:25:00+00:00,15,15.0,13.0,10.0,12,0,0,457.5714416999999,27.73749924,78.1875,45.86785889,0.0,20.0,0
2021-09-13 12:30:00+00:00,15,15.0,13.0,14.0,12,0,0,452.0,27.840999600000004,77.86367035,46.09666824,0.0,7.0,0
2021-09-13 12:35:00+00:00,15,15.0,15.0,15.0,12,0,0,455.6000061000001,27.80200005,77.96633148,46.22000122,0.0,16.0,0
2021-09-13 12:40:00+00:00,15,15.0,15.0,16.0,12,0,0,454.7000122,27.7140007,78.27833557,46.00999832,0.0,11.0,0
2021-09-13 12:45:00+00:00,15,15.0,15.0,16.0,12,0,0,452.2666626,27.77266693,78.12799835,46.24000168,0.0,15.0,0
2021-09-13 12:50:00+00:00,14,15.0,15.0,16.0,12,0,0,454.79998780000005,27.81399918,77.94000244,46.32333374,0.0,13.0,0
2021-09-13 12:55:00+00:00,15,15.0,15.0,16.0,12,0,0,448.7333374,27.79033279,78.04633331,46.36999893,0.0,16.0,0
2021-09-13 13:00:00+00:00,15,15.0,15.0,16.0,13,0,0,447.7666626,27.77599907,78.09633636,46.37333298,0.0,10.0,0
2021-09-13 13:05:00+00:00,15,15.0,15.0,16.0,13,0,0,445.5666809,27.80200005,78.08866882,46.29333496,0.0,15.0,0
2021-09-13 13:10:00+00:00,15,15.0,15.0,16.0,13,0,0,446.0333252,27.79899979,78.13999939,46.25999832,0.0,10.0,0
2021-09-13 13:15:00+00:00,15,15.0,15.0,16.0,13,0,0,442.7241516,27.83930969,78.07103729,46.29999924,0.0,15.0,0
2021-09-13 13:20:00+00:00,15,14.0,15.0,13.0,13,0,0,442.7857056,27.91535759,77.77249908,46.12857056,0.0,10.0,0
2021-09-13 13:25:00+00:00,15,15.0,15.0,13.0,13,0,0,441.0,27.840999600000004,77.99133301,46.37333298,0.0,15.0,0
2021-09-13 13:30:00+00:00,15,15.0,15.0,13.0,13,0,0,442.5,27.83366585,78.05300140000001,46.38000107,0.0,8.0,0
2021-09-13 13:35:00+00:00,9,15.0,15.0,15.0,13,0,0,440.2333374,27.86133385,78.01433563,46.39666748,0.0,16.0,0
2021-09-13 13:40:00+00:00,5,15.0,15.0,15.0,13,0,0,442.8999938999999,27.83699989,78.07299805,46.65000153,0.0,7.0,0
2021-09-13 13:45:00+00:00,1,15.0,15.0,15.0,13,0,0,444.7333374,27.82233238,78.16300201,46.61333466,0.0,1.0,0
2021-09-13 13:50:00+00:00,1,15.0,14.0,15.0,13,0,0,443.1000061000001,27.83466721,78.12833405,46.45666504,0.0,2.0,0
2021-09-13 13:55:00+00:00,0,15.0,15.0,15.0,13,0,0,442.1333313,27.80500031,78.1989975,46.41666794,0.0,2.0,0
2021-09-13 14:00:00+00:00,0,15.0,15.0,15.0,14,0,0,443.1666565,27.82133293,78.16200256,46.70666504,0.0,2.0,0
2021-09-13 14:05:00+00:00,0,9.0,15.0,15.0,14,0,0,444.9310303,27.85551643,78.09793091,46.762069700000005,0.0,2.0,0
2021-09-13 14:10:00+00:00,0,5.0,15.0,15.0,14,0,0,442.4642944,27.8735714,78.01499939,46.94643021,0.0,2.0,0
2021-09-13 14:15:00+00:00,0,1.0,15.0,15.0,14,0,0,442.2000122,27.80433273,78.27366638,46.84666824,0.0,2.0,0
2021-09-13 14:20:00+00:00,0,1.0,15.0,15.0,14,0,0,440.6333313,27.78100014,78.38233185,46.85333252,0.0,2.0,0
2021-09-13 14:25:00+00:00,0,0.0,15.0,15.0,14,0,0,442.0666809,27.68000031,78.80566406,47.05666733,0.0,2.0,0
2021-09-13 14:30:00+00:00,0,0.0,15.0,15.0,14,0,0,443.1000061000001,27.62000084,79.11233521,47.05333328,0.0,2.0,0
2021-09-13 14:35:00+00:00,0,0.0,9.0,15.0,14,0,0,441.2333374,27.61766624,79.15399933,47.02000046,0.0,2.0,0
2021-09-13 14:40:00+00:00,0,0.0,5.0,15.0,14,0,0,440.0333252,27.62666702,79.16500092,46.90000153,0.0,2.0,0
2021-09-13 14:45:00+00:00,0,0.0,1.0,15.0,14,0,0,439.7333374,27.68666649,79.13233185,47.06000137,0.0,2.0,0
2021-09-13 14:50:00+00:00,0,0.0,1.0,14.0,14,0,0,438.6333313,27.76233292,78.94633484,47.40333176,0.0,2.0,0
2021-09-13 14:55:00+00:00,0,0.0,0.0,15.0,14,0,0,441.93331910000006,27.79066658,78.6989975,47.47999954,0.0,2.0,0
2021-09-13 15:00:00+00:00,0,0.0,0.0,15.0,15,0,0,438.6666565,27.79074097,78.8188858,47.40740585,0.0,2.0,0
2021-09-13 15:05:00+00:00,0,0.0,0.0,15.0,15,0,0,438.0666809,27.81399918,78.85399628,48.12333298,0.0,2.0,0
2021-09-13 15:10:00+00:00,0,0.0,0.0,15.0,15,0,0,440.1000061000001,27.83133316,78.68633270000001,47.88999939,0.0,2.0,0
2021-09-13 15:15:00+00:00,0,0.0,0.0,15.0,15,0,0,434.5,27.82999992,78.82299805,47.78666687,0.0,2.0,0
2021-09-13 15:20:00+00:00,0,0.0,0.0,15.0,15,0,0,430.3666687,27.87266731,78.62466431,49.06000137,16.19666672,2.0,0
2021-09-13 15:25:00+00:00,0,0.0,0.0,15.0,15,0,0,432.8333435,28.04766655,78.13233185,49.98333359,53.11000061,2.0,0
2021-09-13 15:30:00+00:00,0,0.0,0.0,15.0,15,0,0,442.3999938999999,28.02799988,78.44566345,48.89666748,15.92666626,2.0,0
2021-09-13 15:35:00+00:00,0,0.0,0.0,9.0,15,0,0,446.6666565,27.74433327,76.00333405,48.16999817,0.0,2.0,0
2021-09-13 15:40:00+00:00,0,0.0,0.0,5.0,15,0,0,427.8666687,27.3283329,69.28533173,49.02999878,0.0,2.0,0
2021-09-13 15:45:00+00:00,0,0.0,0.0,1.0,15,0,0,417.7000122,27.09399986,65.2946701,49.02999878,0.0,2.0,0
2021-09-13 15:50:00+00:00,0,0.0,0.0,1.0,15,0,0,410.4482727,26.94896507,64.51586151,49.22413635,0.0,2.0,0
2021-09-13 15:55:00+00:00,0,0.0,0.0,0.0,15,0,0,407.1428528,26.84892845,65.74785614,48.10357285,0.078571431,2.0,0
2021-09-13 16:00:00+00:00,0,0.0,0.0,0.0,16,0,0,410.8666687,26.79800034,71.93966675,48.67666626,0.0,2.0,0
2021-09-13 16:05:00+00:00,0,0.0,0.0,0.0,16,0,0,411.1333313,26.62633324,69.78800201,48.12666702,0.0,2.0,0
2021-09-13 16:10:00+00:00,0,0.0,0.0,0.0,16,0,0,403.9333191,26.37166595,70.14199829,48.59000015,0.150000006,2.0,0
2021-09-13 16:15:00+00:00,0,0.0,0.0,0.0,16,0,0,406.7999878,26.55966759,73.16466522,48.75,0.0,2.0,0
2021-09-13 16:20:00+00:00,0,0.0,0.0,0.0,16,0,0,411.0,26.34666634,71.30400085,48.58333206,0.1866666669999999,2.0,0
2021-09-13 16:25:00+00:00,0,0.0,0.0,0.0,16,0,0,405.6333313,26.27566719,72.23833466,48.44666672,0.029999999,2.0,0
2021-09-13 16:30:00+00:00,0,0.0,0.0,0.0,16,0,0,408.2666626,26.44533348,74.7480011,50.99000168,1.870000005,2.0,0
2021-09-13 16:35:00+00:00,0,0.0,0.0,0.0,16,0,0,409.8666687,26.14500046,73.03033447,52.75333405,9.640000343,2.0,0
2021-09-13 16:40:00+00:00,0,0.0,0.0,0.0,16,0,0,410.7999878,26.22200012,71.59566498,52.58333206,12.51666641,2.0,0
2021-09-13 16:45:00+00:00,0,0.0,0.0,0.0,16,0,0,418.222229,26.59777832,72.35296631,53.27037048,13.63703728,2.0,0
2021-09-13 16:50:00+00:00,0,0.0,0.0,0.0,16,0,0,436.5,26.3686676,68.61699677,52.16999817,16.64999962,2.0,0
2021-09-13 16:55:00+00:00,0,0.0,0.0,0.0,16,0,0,451.6000061000001,26.26600075,66.5510025,55.57333374,17.69333267,2.0,0
2021-09-13 17:00:00+00:00,0,0.0,0.0,0.0,17,0,0,488.8999938999999,26.30066681,65.8030014,59.87333298,18.76000023,2.0,0
2021-09-13 17:05:00+00:00,0,0.0,0.0,0.0,17,0,0,526.2666626,26.31033325,65.40833282,60.06999969,19.0,2.0,0
2021-09-13 17:10:00+00:00,0,0.0,0.0,0.0,17,0,0,541.0968017999999,26.40193558,64.63128662,56.81935501,18.41935539,2.0,0
2021-09-13 17:15:00+00:00,0,0.0,0.0,0.0,17,0,0,546.0333252,26.53899956,63.7120018,55.81999969,19.0933342,2.0,0
2021-09-13 17:20:00+00:00,0,0.0,0.0,0.0,17,0,0,543.7999877999999,26.49500084,63.48733521,55.57666779,17.41666603,2.0,0
2021-09-13 17:25:00+00:00,0,0.0,0.0,0.0,17,0,0,544.2999877999999,26.58099937,63.03966522,55.59000015,16.09000015,2.0,0
2021-09-13 17:30:00+00:00,0,0.0,0.0,0.0,17,0,0,544.2666626,26.6439991,62.71366501,54.84999847,15.52999973,2.0,0
2021-09-13 17:35:00+00:00,0,0.0,0.0,0.0,17,0,0,542.1851807,26.49370384,62.68296432,55.47407532,15.2740736,2.0,0
2021-09-13 17:40:00+00:00,0,0.0,0.0,0.0,17,0,0,546.7666626,26.45199966,62.40166855,54.87333298,15.66333294,2.0,0
2021-09-13 17:45:00+00:00,0,0.0,0.0,0.0,17,0,0,546.833313,26.56733322,61.83166504,56.45999908,16.24333382,2.0,0
2021-09-13 17:50:00+00:00,0,0.0,0.0,0.0,17,0,0,550.2666626,26.50266647,61.86299896,56.55666733,16.88666725,2.0,0
2021-09-13 17:55:00+00:00,0,0.0,0.0,0.0,17,0,0,550.333313,26.53966713,62.16033173,56.32333374,17.5,2.0,0
2021-09-13 18:00:00+00:00,0,0.0,0.0,0.0,18,0,0,554.7999877999999,26.53366661,62.34366608,55.78666687,18.16333389,2.0,0
2021-09-13 18:05:00+00:00,0,0.0,0.0,0.0,18,0,0,551.9333496,26.60499954,62.00600052,56.45000076,18.98999977,2.0,0
2021-09-13 18:10:00+00:00,0,0.0,0.0,0.0,18,0,0,548.3666382,26.4343338,62.09066772,55.45000076,19.8433342,2.0,0
2021-09-13 18:15:00+00:00,0,0.0,0.0,0.0,18,0,0,560.5,26.46766663,61.97166824,65.83666992,23.14999962,2.0,0
2021-09-13 18:20:00+00:00,0,0.0,0.0,0.0,18,0,0,546.7000122000001,26.39500046,62.07166672,53.70333481,25.39999962,2.0,0
2021-09-13 18:25:00+00:00,0,0.0,0.0,0.0,18,0,0,506.5714416999999,26.55999947,65.05249786,51.25,25.88928604,2.0,0
2021-09-13 18:30:00+00:00,0,0.0,0.0,0.0,18,0,0,470.2758484,26.73999977,69.27344513,51.40000153,25.86896515,2.0,0
2021-09-13 18:35:00+00:00,0,0.0,0.0,0.0,18,0,0,449.6666565,26.44000053,66.58399963,51.95999908,30.51000023,2.0,0
2021-09-13 18:40:00+00:00,0,0.0,0.0,0.0,18,0,0,436.0333252,26.55666733,67.64766693,54.33333206,31.2033329,2.0,0
2021-09-13 18:45:00+00:00,0,0.0,0.0,0.0,18,0,0,430.93331910000006,26.66533279,71.75267029,51.79333496,32.02000046,2.0,0
2021-09-13 18:50:00+00:00,0,0.0,0.0,0.0,18,0,0,423.7000122,26.3516674,68.96299744,50.12666702,33.88999939,2.0,0
2021-09-13 18:55:00+00:00,0,0.0,0.0,0.0,18,0,0,418.8333435,26.36100006,70.90666962,53.33000183,28.82666588,2.0,0
2021-09-13 19:00:00+00:00,0,0.0,0.0,0.0,19,0,0,420.1000061000001,26.49033356,74.13400269,53.90333176,28.12666702,2.0,0
2021-09-13 19:05:00+00:00,0,0.0,0.0,0.0,19,0,0,420.6000061000001,26.24466705,69.6353302,52.38333511,30.35666656,2.0,0
2021-09-13 19:10:00+00:00,0,0.0,0.0,0.0,19,0,0,415.7999878,26.29733276,71.5,52.09999847,27.0233326,2.0,0
2021-09-13 19:15:00+00:00,0,0.0,0.0,0.0,19,0,0,415.6333313,26.46266747,74.66566467,52.02000046,23.91333389,2.0,0
2021-09-13 19:20:00+00:00,0,0.0,0.0,0.0,19,0,0,415.8888855,26.21259308,69.6166687,51.90740585,25.88888931,2.0,0
2021-09-13 19:25:00+00:00,0,0.0,0.0,0.0,19,0,0,412.8999939,26.2329998,68.97733307,52.79333496,26.06999969,2.0,0
2021-09-13 19:30:00+00:00,0,0.0,0.0,0.0,19,0,0,411.2666626,26.45499992,70.819664,51.46333313,23.81999969,2.0,0
2021-09-13 19:35:00+00:00,0,0.0,0.0,0.0,19,0,0,408.1333313,26.34399986,70.82599640000001,52.20999908,25.83666611,2.0,0
2021-09-13 19:40:00+00:00,0,0.0,0.0,0.0,19,0,0,407.4333191,26.27633286,69.17400359999999,51.89333344,28.25333405,2.0,0
2021-09-13 19:45:00+00:00,0,0.0,0.0,0.0,19,0,0,408.5666809,26.55633354,72.20899963,51.31999969,26.43000031,2.0,0
2021-09-13 19:50:00+00:00,0,0.0,0.0,0.0,19,0,0,422.7000122,26.60066605,72.91933441,53.26666641,26.0466671,2.0,0
2021-09-13 19:55:00+00:00,0,0.0,0.0,0.0,19,0,0,460.29998780000005,26.44366646,68.75666809,55.90666579999999,25.96333313,2.0,0
2021-09-13 20:00:00+00:00,0,0.0,0.0,0.0,20,0,0,506.29998780000005,26.5613327,66.96866608,56.61000061,24.67000008,2.0,0
2021-09-13 20:05:00+00:00,0,0.0,0.0,0.0,20,0,0,535.5666504,26.4470005,66.25900269,58.59000015,24.90333366,2.0,0
2021-09-13 20:10:00+00:00,0,0.0,0.0,0.0,20,0,0,553.0714111000001,26.47999954,65.5967865,57.82143021,25.27142906,2.0,0
2021-09-13 20:15:00+00:00,0,0.0,0.0,0.0,20,0,0,558.4483032,26.480690000000003,65.04896545,55.77586365,24.70689583,2.0,0
2021-09-13 20:20:00+00:00,0,0.0,0.0,0.0,20,0,0,564.2000122000001,26.35366631,64.58567047,55.06000137,24.64999962,2.0,0
2021-09-13 20:25:00+00:00,0,0.0,0.0,0.0,20,0,0,564.6333618,26.4193325,63.82533264,56.0633316,27.21666718,2.0,0
2021-09-13 20:30:00+00:00,0,0.0,0.0,0.0,20,0,0,561.833313,26.49799919,63.14366531,57.95666504,28.05333328,2.0,0
2021-09-13 20:35:00+00:00,0,0.0,0.0,0.0,20,0,0,566.3666382,26.43033409,62.92266846,55.79999924,28.52000046,2.0,0
2021-09-13 20:40:00+00:00,0,0.0,0.0,0.0,20,0,0,562.3666382,26.44033241,62.70899963,58.09999847,28.23333359,2.0,0
2021-09-13 20:45:00+00:00,0,0.0,0.0,0.0,20,0,0,566.9000244,26.41666603,62.90599823,56.95333481,28.63666725,2.0,0
2021-09-13 20:50:00+00:00,0,0.0,0.0,0.0,20,0,0,565.5999756,26.32066727,63.19966507,58.22999954,29.70666695,2.0,0
2021-09-13 20:55:00+00:00,0,0.0,0.0,0.0,20,0,0,565.666687,26.27166748,63.61600113,57.32666779,30.37666702,2.0,0
2021-09-13 21:00:00+00:00,0,0.0,0.0,0.0,21,0,0,564.1785888999999,26.32035637,63.54857254,57.48571396,30.67499924,2.0,0
2021-09-13 21:05:00+00:00,0,0.0,0.0,0.0,21,0,0,561.3448486000001,26.51620674,68.04724121,56.30344772,28.0724144,2.0,0
2021-09-13 21:10:00+00:00,0,0.0,0.0,0.0,21,0,0,556.5333252,26.53933334,66.77999878,55.52000046,28.31333351,2.0,0
2021-09-13 21:15:00+00:00,0,0.0,0.0,0.0,21,0,0,556.9000244,26.50499916,64.33433533,56.19666672,28.53333282,2.0,0
2021-09-13 21:20:00+00:00,0,0.0,0.0,0.0,21,0,0,561.2999877999999,26.576334000000003,63.26866531,61.37666702,32.29666519,2.0,0
2021-09-13 21:25:00+00:00,0,0.0,0.0,0.0,21,0,0,537.9000244,26.38533401,64.68333435,52.03333282,33.6866684,2.0,1
2021-09-13 21:30:00+00:00,0,0.0,0.0,0.0,21,0,0,487.4666748,26.51799965,70.20532990000001,52.39333344,24.82666588,2.0,1
2021-09-13 21:35:00+00:00,0,0.0,0.0,0.0,21,0,0,457.79998780000005,26.41566658,71.25933075,50.11000061,19.09666634,2.0,0
2021-09-13 21:40:00+00:00,0,0.0,0.0,0.0,21,0,0,435.3999938999999,26.14666748,70.06300354,50.41666794,20.96333313,2.0,0
2021-09-13 21:45:00+00:00,0,0.0,0.0,0.0,21,0,0,420.43331910000006,26.37966728,74.64966583,51.25666809,19.37000084,2.0,0
2021-09-13 21:50:00+00:00,0,0.0,0.0,0.0,21,0,0,419.2000122,26.44799995,75.61399841,54.50333405,27.86666679,2.0,0
2021-09-13 21:55:00+00:00,0,0.0,0.0,0.0,21,0,0,426.6785583000001,26.19714355,71.18714142,50.42499924,29.60357094,2.0,0
2021-09-13 22:00:00+00:00,0,0.0,0.0,0.0,22,0,0,428.3793030000001,26.47758675,72.05965424,50.334484100000005,28.68620682,2.0,0
2021-09-13 22:05:00+00:00,0,0.0,0.0,0.0,22,0,0,429.0967712,26.76483917,73.02838898,49.44193649,28.89354897,2.0,0
2021-09-13 22:10:00+00:00,0,0.0,0.0,0.0,22,0,0,428.7666626,26.52466583,70.41100311,49.41333389,29.36000061,2.0,0
2021-09-13 22:15:00+00:00,0,0.0,0.0,0.0,22,0,0,432.5666809,26.44333267,69.90733337,49.72333145,29.69333267,2.0,0
2021-09-13 22:20:00+00:00,0,0.0,0.0,0.0,22,0,0,436.8999938999999,26.565666200000003,74.01599884,49.4366684,29.4766674,2.0,0
2021-09-13 22:25:00+00:00,0,0.0,0.0,0.0,22,0,0,433.3666687,26.62433243,72.38833618,49.74333191,29.15333366,2.0,0
2021-09-13 22:30:00+00:00,0,0.0,0.0,0.0,22,0,0,426.79998780000005,26.48566628,68.99500275,49.50333405,29.61666679,2.0,0
2021-09-13 22:35:00+00:00,0,0.0,0.0,0.0,22,0,0,429.8666687,26.4576664,70.3216629,49.5933342,29.32333374,2.0,1
2021-09-13 22:40:00+00:00,0,0.0,0.0,0.0,22,0,0,435.29998780000005,26.74799919,73.8710022,49.61333466,26.25333405,2.0,2
2021-09-13 22:45:00+00:00,0,0.0,0.0,0.0,22,0,0,432.5357056,26.5714283,70.92678833,49.18571472,25.37857056,2.0,6
2021-09-13 22:50:00+00:00,0,0.0,0.0,0.0,22,0,0,431.4482727,26.30413818,69.40447998,49.55172348,26.30344772,2.0,9
2021-09-13 22:55:00+00:00,0,0.0,0.0,0.0,22,0,0,436.0666809,26.51099968,71.29133606,49.45333481,23.32333374,2.0,11
2021-09-13 23:00:00+00:00,0,0.0,0.0,0.0,23,0,0,436.9666748,26.81599998,73.15032959,49.70000076,22.77000046,2.0,27
2021-09-13 23:05:00+00:00,0,0.0,0.0,0.0,23,0,0,430.7000122,26.49900055,69.80233002,49.86000061,22.34000015,2.0,30
2021-09-13 23:10:00+00:00,0,0.0,0.0,0.0,23,0,0,431.7666626,26.46533394,71.22766876,49.23666763,21.30333328,2.0,31
2021-09-13 23:15:00+00:00,0,0.0,0.0,0.0,23,0,0,433.1000061000001,26.75166702,73.1333313,49.70999908,20.21333313,2.0,31
2021-09-13 23:20:00+00:00,0,0.0,0.0,0.0,23,0,0,429.9666748,26.54933357,69.95433044,49.5633316,20.12333298,2.0,31
2021-09-13 23:25:00+00:00,1,0.0,0.0,0.0,23,0,0,431.1333313,26.39433289,70.36533356,50.24666595,19.49666595,2.0,31
2021-09-13 23:30:00+00:00,1,0.0,0.0,0.0,23,0,0,429.3999938999999,26.69133377,73.62366486,49.5933342,18.62666702,2.0,30
2021-09-13 23:35:00+00:00,0,0.0,0.0,0.0,23,0,0,430.0714416999999,26.63928604,70.82071686,49.92499924,17.87857056,2.0,29
2021-09-13 23:40:00+00:00,0,0.0,0.0,0.0,23,0,0,434.3666687,26.31999969,69.45833588,49.56666565,18.59000015,2.0,31
2021-09-13 23:45:00+00:00,0,0.0,0.0,0.0,23,0,0,439.4827576,26.58551788,72.61862183,49.41034317,15.61724091,1.0,31
2021-09-13 23:50:00+00:00,0,0.0,0.0,0.0,23,0,0,440.5,26.7563324,73.40899658,49.81999969,14.60333347,1.0,31
2021-09-13 23:55:00+00:00,0,1.0,0.0,0.0,23,0,0,435.1666565,26.47699928,69.42366791,49.89333344,14.30666637,1.0,31
2021-09-14 00:00:00+00:00,0,1.0,0.0,0.0,0,1,0,437.0666809,26.5189991,71.86699677,48.7733345,13.96666622,1.0,30
2021-09-14 00:05:00+00:00,0,0.0,0.0,0.0,0,1,0,436.1333313,26.76166725,74.71466827,49.15000153,13.59000015,1.0,27
2021-09-14 00:10:00+00:00,0,0.0,0.0,0.0,0,1,0,436.7666626,26.45733261,70.89833069,49.45333481,13.28666687,1.0,31
2021-09-14 00:15:00+00:00,0,0.0,0.0,0.0,0,1,0,435.6666565,26.31933403,69.68466949,49.72000122,14.12666702,1.0,31
2021-09-14 00:20:00+00:00,0,0.0,0.0,0.0,0,1,0,436.7000122,26.56166649,73.56366729999999,49.38666534,12.36999989,1.0,8
2021-09-14 00:25:00+00:00,0,0.0,1.0,0.0,0,1,0,432.5862122,26.45103455,72.41137695,49.56206894,12.03103447,1.0,5
2021-09-14 00:30:00+00:00,0,0.0,1.0,0.0,0,1,0,426.2758484,26.32655144,69.0375824,49.17241287,13.63448238,1.0,2
2021-09-14 00:35:00+00:00,1,0.0,0.0,0.0,0,1,0,428.9310303,26.46068954,70.71448517,49.39655304,11.33448315,1.0,2
2021-09-14 00:40:00+00:00,2,0.0,0.0,0.0,0,1,0,429.2333374,26.7329998,71.95700073,49.02666855,10.72999954,3.0,2
2021-09-14 00:45:00+00:00,6,0.0,0.0,0.0,0,1,0,428.6666565,26.3686676,69.10433197,49.68999863,11.73333359,7.0,2
2021-09-14 00:50:00+00:00,9,0.0,0.0,0.0,0,1,0,427.79998780000005,26.43766594,71.38600159,51.18000031,10.00333309,9.0,1
2021-09-14 00:55:00+00:00,11,0.0,0.0,0.0,0,1,0,430.43331910000006,26.71800041,74.51100159,54.07333374,9.619999886,23.0,1
2021-09-14 01:00:00+00:00,27,0.0,0.0,0.0,1,1,0,430.7333374,26.4703331,71.1966629,51.89333344,9.416666985,25.0,1
2021-09-14 01:05:00+00:00,30,1.0,0.0,0.0,1,1,0,434.1000061000001,26.41833305,71.86299896,49.70999908,9.026666641,26.0,1
2021-09-14 01:10:00+00:00,31,2.0,0.0,0.0,1,1,0,436.2333374,26.75200081,73.22200012,50.90333176,8.550000191,30.0,1
2021-09-14 01:15:00+00:00,31,6.0,0.0,0.0,1,1,0,435.1000061000001,26.54366684,69.87433624,51.1566658,8.236666678999999,26.0,1
2021-09-14 01:20:00+00:00,31,9.0,0.0,0.0,1,1,0,432.8928528,26.42428589,71.75499725,50.86785889,7.775000095,28.0,1
2021-09-14 01:25:00+00:00,31,11.0,0.0,1.0,1,1,0,436.79998780000005,26.68766594,75.22799683,51.31999969,7.579999924,26.0,1
2021-09-14 01:30:00+00:00,30,27.0,0.0,1.0,1,1,0,435.1724243,26.29620743,72.35276031,51.58620834,5.372413635,25.0,1
2021-09-14 01:35:00+00:00,29,30.0,1.0,0.0,1,1,0,435.9666748,26.35933304,74.64666748,49.16666794,0.0,25.0,1
2021-09-14 01:40:00+00:00,31,31.0,2.0,0.0,1,1,0,431.7333374,26.67466736,78.49466705,49.30666733,0.0,26.0,3
2021-09-14 01:45:00+00:00,31,31.0,6.0,0.0,1,1,0,418.0666809,26.48600006,78.51966858,49.31666565,4.393333435,24.0,3
2021-09-14 01:50:00+00:00,31,31.0,9.0,0.0,1,1,0,414.3666687,26.15766716,74.87366486,49.9366684,5.909999847000001,23.0,7
2021-09-14 01:55:00+00:00,31,31.0,11.0,0.0,1,1,0,419.2666626,26.36366653,78.78600311,51.1566658,5.033333302,25.0,21
2021-09-14 02:00:00+00:00,30,30.0,27.0,0.0,2,1,0,425.0666809,26.45400047,79.95766449,49.38333511,4.783333302,28.0,30
2021-09-14 02:05:00+00:00,27,29.0,30.0,0.0,2,1,0,430.3333435,26.19000053,74.55966949,55.24000168,4.333333492,21.0,34
2021-09-14 02:10:00+00:00,31,31.0,31.0,0.0,2,1,0,442.9285583000001,26.32785797,76.30714417,52.78928757,3.75,21.0,34
2021-09-14 02:15:00+00:00,31,31.0,31.0,0.0,2,1,0,451.79998780000005,26.40633392,78.08133698,52.97999954,3.589999914,20.0,34
2021-09-14 02:20:00+00:00,8,31.0,31.0,0.0,2,1,0,460.241394,26.17930984,72.87172699,56.1655159,3.775861979,30.0,35
2021-09-14 02:25:00+00:00,5,31.0,31.0,0.0,2,1,0,463.0666809,26.36199951,73.41366577,51.45666504,2.99333334,5.0,35
2021-09-14 02:30:00+00:00,2,30.0,30.0,0.0,2,1,0,470.8666687,26.43466759,73.52500153,51.62666702,2.786666632,2.0,35
2021-09-14 02:35:00+00:00,2,27.0,29.0,1.0,2,1,0,482.2000122,26.27666664,69.95366669,59.84000015,4.613333225,1.0,35
2021-09-14 02:40:00+00:00,2,31.0,31.0,2.0,2,1,0,490.1000061000001,26.71333313,72.10366821,54.97333145,2.49333334,1.0,35
2021-09-14 02:45:00+00:00,2,31.0,31.0,6.0,2,1,0,493.6000061000001,26.49933243,70.69400024,57.16666794,2.900000095,1.0,35
2021-09-14 02:50:00+00:00,1,8.0,31.0,9.0,2,1,0,496.1666565,26.3113327,69.43966675,60.32333374,4.3833332060000005,1.0,35
2021-09-14 02:55:00+00:00,1,5.0,31.0,11.0,2,1,0,501.2333374,26.63066673,72.66100311,59.79333496,2.143333435,1.0,35
2021-09-14 03:00:00+00:00,1,2.0,30.0,27.0,3,1,0,496.5357056,26.34571457,70.52714539,56.375,2.907142878,1.0,35
2021-09-14 03:05:00+00:00,1,2.0,27.0,30.0,3,1,0,496.3666687,26.32900047,69.25599670000001,59.99333191,4.190000057,1.0,35
2021-09-14 03:10:00+00:00,1,2.0,31.0,31.0,3,1,0,497.9666748,26.6293335,72.17533112,60.65000153,2.053333282,1.0,35
2021-09-14 03:15:00+00:00,1,2.0,31.0,31.0,3,1,0,501.0689697,26.51862144,69.81586456,59.65172577,2.382758617,1.0,35
2021-09-14 03:20:00+00:00,1,1.0,8.0,31.0,3,1,0,500.0333252,26.31399918,68.65833282,60.15999985,4.656666756,1.0,35
2021-09-14 03:25:00+00:00,1,1.0,5.0,31.0,3,1,0,494.4666748,26.62800026,71.20500183,59.69666672,1.860000014,1.0,1
2021-09-14 03:30:00+00:00,1,1.0,2.0,30.0,3,1,0,489.5,26.40633392,70.93599701,52.78666687,2.426666737,1.0,1
2021-09-14 03:35:00+00:00,1,1.0,2.0,29.0,3,1,0,489.8666687,26.24900055,70.39366913,53.48333359,4.289999962,1.0,0
2021-09-14 03:40:00+00:00,3,1.0,2.0,31.0,3,1,0,501.4666748,26.7436676,72.62466431,50.4366684,1.7066667080000002,4.0,2
2021-09-14 03:45:00+00:00,3,1.0,2.0,31.0,3,1,0,510.43331910000006,26.41233253,69.95500183,51.15000153,2.819999933,5.0,0
2021-09-14 03:50:00+00:00,7,1.0,1.0,31.0,3,1,0,504.93331910000006,26.38199997,70.3706665,51.31999969,1.5433332919999998,9.0,4
2021-09-14 03:55:00+00:00,21,1.0,1.0,31.0,3,1,0,510.3214416999999,26.65464211,72.81607056,49.05714417,1.617857099,13.0,4
2021-09-14 04:00:00+00:00,30,1.0,1.0,30.0,4,1,0,506.9666748,26.25066757,69.75599670000001,60.0633316,3.586666584,22.0,5
2021-09-14 04:05:00+00:00,34,1.0,1.0,27.0,4,1,0,505.6896666999999,26.28034401,70.50379181,63.71379471,3.058620691,15.0,6
2021-09-14 04:10:00+00:00,34,3.0,1.0,31.0,4,1,0,501.79998780000005,26.55966759,71.7519989,59.75,1.596666694,18.0,6
2021-09-14 04:15:00+00:00,34,3.0,1.0,31.0,4,1,0,497.3333435,26.38400078,69.18166351,63.25,2.533333302,13.0,6
2021-09-14 04:20:00+00:00,35,7.0,1.0,8.0,4,1,0,499.29998780000005,26.61733246,69.76999664,58.97999954,1.75333333,15.0,6
2021-09-14 04:25:00+00:00,35,21.0,1.0,5.0,4,1,0,498.43331910000006,26.63933372,71.84366608,58.71666718,1.686666608,16.0,6
2021-09-14 04:30:00+00:00,35,30.0,1.0,2.0,4,1,0,503.93331910000006,26.17300034,69.82833099,62.00333405,4.619999886,14.0,6
2021-09-14 04:35:00+00:00,35,34.0,1.0,2.0,4,1,0,501.7666626,26.32533264,71.85233307,70.27666473,2.546666622,14.0,6
2021-09-14 04:40:00+00:00,35,34.0,3.0,2.0,4,1,0,498.1666565,26.38599968,72.81733704,64.52666473,1.950000048,14.0,6
2021-09-14 04:45:00+00:00,35,34.0,3.0,2.0,4,1,0,491.0714416999999,26.05928612,69.57714081,61.67142868,5.54642868,17.0,6
2021-09-14 04:50:00+00:00,35,35.0,7.0,1.0,4,1,0,490.7000122,26.33233261,72.45666504,60.32666779,2.846666574,15.0,6
2021-09-14 04:55:00+00:00,35,35.0,21.0,1.0,4,1,0,491.8333435,26.44499969,72.96133423,60.90999985,1.936666608,15.0,6
2021-09-14 05:00:00+00:00,35,35.0,30.0,1.0,5,1,0,490.1034546,26.25827599,68.34793091,61.34138107,5.482758522,17.0,6
2021-09-14 05:05:00+00:00,35,35.0,34.0,1.0,5,1,0,492.8999938999999,26.53700066,72.07266998,60.84666824,1.986666679,13.0,6
2021-09-14 05:10:00+00:00,35,35.0,34.0,1.0,5,1,0,492.1000061000001,26.72200012,75.90933228,60.85666656,1.940000057,15.0,6
2021-09-14 05:15:00+00:00,35,35.0,34.0,1.0,5,1,0,493.7333374,26.49633408,72.17900085,61.88999939,1.973333359,13.0,5
2021-09-14 05:20:00+00:00,35,35.0,35.0,1.0,5,1,0,509.3666687,26.3390007,70.77833557,60.16999817,1.909999967,22.0,6
2021-09-14 05:25:00+00:00,1,35.0,35.0,1.0,5,1,0,520.4666748,26.45733261,72.63500214,58.59000015,1.730000019,13.0,6
2021-09-14 05:30:00+00:00,1,35.0,35.0,1.0,5,1,0,528.0333252,26.6590004,74.47633362,60.29000092,1.483333349,2.0,6
2021-09-14 05:35:00+00:00,0,35.0,35.0,1.0,5,1,0,522.3214111000001,26.54535675,75.93714142,52.16428757,2.103571415,1.0,6
2021-09-14 05:40:00+00:00,2,35.0,35.0,3.0,5,1,0,493.93331910000006,26.64433289,80.44333649,47.81999969,2.333333254,3.0,6
2021-09-14 05:45:00+00:00,0,35.0,35.0,3.0,5,1,0,485.3999938999999,26.73933411,80.39099884,47.5233345,2.190000057,3.0,6
2021-09-14 05:50:00+00:00,4,35.0,35.0,7.0,5,1,0,486.0689697,26.91344833,79.24103546,47.9275856,2.320689678,6.0,6
2021-09-14 05:55:00+00:00,4,1.0,35.0,21.0,5,1,0,492.29998780000005,26.99266624,78.64466858,47.7266655,2.363333225,5.0,5
2021-09-14 06:00:00+00:00,5,1.0,35.0,30.0,6,1,0,502.2666626,26.99066734,78.35700226,47.6566658,2.49333334,4.0,6
2021-09-14 06:05:00+00:00,6,0.0,35.0,34.0,6,1,0,506.6333313,27.0720005,77.93133545,47.84000015,2.440000057,7.0,6
2021-09-14 06:10:00+00:00,6,2.0,35.0,34.0,6,1,0,508.6000061000001,27.05133247,78.05133057,47.68000031,2.423333406,3.0,6
2021-09-14 06:15:00+00:00,6,0.0,35.0,34.0,6,1,0,514.7999878,27.09566689,77.90733337,47.41999817,2.443333387,4.0,6
2021-09-14 06:20:00+00:00,6,4.0,35.0,35.0,6,1,0,516.2999878,27.27700043,77.28866577,47.4366684,2.49000001,3.0,6
2021-09-14 06:25:00+00:00,6,4.0,1.0,35.0,6,1,0,517.7000122,27.30433273,77.22333527,47.91666794,2.5733332630000003,5.0,6
2021-09-14 06:30:00+00:00,6,5.0,1.0,35.0,6,1,0,522.5357056,27.36321449,77.02893066,48.22142792,2.450000048,2.0,6
2021-09-14 06:35:00+00:00,6,6.0,0.0,35.0,6,1,0,527.2000122,27.24233246,77.50566864,47.67333221,0.0,3.0,6
2021-09-14 06:40:00+00:00,6,6.0,2.0,35.0,6,1,0,523.2333374,27.16433334,77.80566406,47.35333252,0.0,1.0,6
2021-09-14 06:45:00+00:00,6,6.0,0.0,35.0,6,1,0,523.0689697,27.12965584,77.92896271,47.44482803,0.0,4.0,6
2021-09-14 06:50:00+00:00,6,6.0,4.0,35.0,6,1,0,522.0,27.11966705,78.06133270000001,47.37333298,0.0,7.0,6
2021-09-14 06:55:00+00:00,6,6.0,4.0,35.0,6,1,0,516.166687,27.09066582,78.3133316,47.34000015,0.0,6.0,6
2021-09-14 07:00:00+00:00,6,6.0,5.0,35.0,7,1,0,516.4666748,27.07900047,78.39233398,47.36666489,0.0,2.0,6
2021-09-14 07:05:00+00:00,6,6.0,6.0,35.0,7,1,0,518.7999878,27.2753334,77.63233185,47.36666489,0.0,5.0,6
2021-09-14 07:10:00+00:00,6,6.0,6.0,35.0,7,1,0,519.2000122,27.28833389,77.36233521,47.13999939,0.0,2.0,5
2021-09-14 07:15:00+00:00,5,6.0,6.0,35.0,7,1,0,522.6333618,27.33433342,77.05566406,47.04999924,0.0,4.0,5
2021-09-14 07:20:00+00:00,6,6.0,6.0,35.0,7,1,0,522.6785888999999,27.32749939,77.11250305,47.22857285,0.0,3.0,6
2021-09-14 07:25:00+00:00,6,6.0,6.0,1.0,7,1,0,518.5333252,27.33666611,77.12366486,47.79333496,0.0,5.0,6
2021-09-14 07:30:00+00:00,6,6.0,6.0,1.0,7,1,0,515.833313,27.45100021,76.97766876,47.9766655,0.0,2.0,3
2021-09-14 07:35:00+00:00,6,6.0,6.0,0.0,7,1,0,516.8275757,27.3079319,77.44724274,46.35861969,0.0,4.0,0
2021-09-14 07:40:00+00:00,6,6.0,6.0,2.0,7,1,0,513.4333496,27.23466682,77.64800262,46.48666763,0.0,4.0,0
2021-09-14 07:45:00+00:00,6,5.0,6.0,0.0,7,1,0,513.5,27.19666672,77.74933624,46.25333405,0.0,3.0,0
2021-09-14 07:50:00+00:00,6,6.0,6.0,4.0,7,1,0,514.166687,27.15800095,77.89199829,46.16999817,0.0,3.0,1
2021-09-14 07:55:00+00:00,5,6.0,6.0,4.0,7,1,0,510.1666565,27.14699936,77.93266296,46.22333145,0.0,5.0,2
2021-09-14 08:00:00+00:00,6,6.0,6.0,5.0,8,1,0,508.7666626,27.17300034,77.90599823,46.22000122,0.0,6.0,3
2021-09-14 08:05:00+00:00,6,6.0,6.0,6.0,8,1,0,512.2000122,27.298666,77.43933105,46.34999847,0.0,5.0,5
2021-09-14 08:10:00+00:00,6,6.0,6.0,6.0,8,1,0,512.3571166999999,27.26178551,77.54463959,46.09285736,0.0,2.0,7
2021-09-14 08:15:00+00:00,6,6.0,5.0,6.0,8,1,0,514.2333374,27.27366638,77.52166748,46.25999832,0.0,5.0,7
2021-09-14 08:20:00+00:00,6,6.0,6.0,6.0,8,1,0,513.2333374,27.26099968,77.63433075,46.19333267,0.0,3.0,7
2021-09-14 08:25:00+00:00,6,5.0,6.0,6.0,8,1,0,515.758606,27.27517319,77.64103699,46.06206894,0.0,4.0,8
2021-09-14 08:30:00+00:00,6,6.0,6.0,6.0,8,1,0,511.5333252,27.27733421,77.64399719,46.13000107,0.0,1.0,11
2021-09-14 08:35:00+00:00,6,6.0,6.0,6.0,8,1,0,508.7666626,27.27233315,77.69599915,46.19333267,0.0,4.0,14
2021-09-14 08:40:00+00:00,6,6.0,6.0,6.0,8,1,0,508.6000061000001,27.29266739,77.72066498,46.02666855,0.0,3.0,15
2021-09-14 08:45:00+00:00,6,6.0,6.0,6.0,8,1,0,508.0,27.31699944,77.68599701,46.15999985,0.0,2.0,15
2021-09-14 08:50:00+00:00,6,6.0,6.0,6.0,8,1,0,505.6333313,27.34433365,77.58533478,46.09999847,0.0,3.0,15
2021-09-14 08:55:00+00:00,6,6.0,5.0,6.0,8,1,0,504.0333252,27.34399986,77.60333252,45.99000168,0.0,9.0,15
2021-09-14 09:00:00+00:00,6,6.0,6.0,6.0,9,1,0,505.3103333000001,27.3417244,77.68862152,46.21379471,0.0,3.0,15
2021-09-14 09:05:00+00:00,6,6.0,6.0,6.0,9,1,0,505.8965454,27.35275841,77.65724182,46.15172577,0.0,4.0,15
2021-09-14 09:10:00+00:00,5,6.0,6.0,6.0,9,1,0,504.7000122,27.38999939,77.57599640000001,46.04999924,0.0,5.0,15
2021-09-14 09:15:00+00:00,5,6.0,6.0,5.0,9,1,0,502.93331910000006,27.39500046,77.55899811,45.91666794,0.0,6.0,15
2021-09-14 09:20:00+00:00,6,6.0,6.0,6.0,9,1,0,506.3448181,27.39344788,77.57585907,46.07931137,0.0,7.0,15
2021-09-14 09:25:00+00:00,6,6.0,6.0,6.0,9,1,0,504.5,27.44033241,77.48233032,46.13666534,0.0,5.0,15
2021-09-14 09:30:00+00:00,3,6.0,6.0,6.0,9,1,0,501.0333252,27.48266602,77.36399841,46.26333237,0.0,8.0,15
2021-09-14 09:35:00+00:00,0,6.0,6.0,6.0,9,1,0,499.79998780000005,27.46500015,77.46166992,46.27666855,0.0,5.0,14
2021-09-14 09:40:00+00:00,0,5.0,6.0,6.0,9,1,0,498.6333313,27.4556675,77.5039978,46.04333496,0.0,4.0,14
2021-09-14 09:45:00+00:00,0,5.0,6.0,6.0,9,1,0,498.8333435,27.46199989,77.56099701,46.12333298,0.0,6.0,15
2021-09-14 09:50:00+00:00,1,6.0,6.0,6.0,9,1,0,498.7000122,27.53733253,77.33300018,46.16666794,0.0,5.0,15
2021-09-14 09:55:00+00:00,2,6.0,6.0,5.0,9,1,0,497.8571472,27.57999992,77.17392731,46.02142715,0.0,9.0,15
2021-09-14 10:00:00+00:00,3,3.0,6.0,6.0,10,1,0,494.0333252,27.56900024,77.24766541,46.16999817,0.0,8.0,15
2021-09-14 10:05:00+00:00,5,0.0,6.0,6.0,10,1,0,494.8999938999999,27.55733299,77.35600281,45.95999908,0.0,8.0,15
2021-09-14 10:10:00+00:00,7,0.0,5.0,6.0,10,1,0,496.241394,27.60206985,77.24137878,45.91034317,0.0,13.0,15
2021-09-14 10:15:00+00:00,7,0.0,5.0,6.0,10,1,0,495.4666748,27.60400009,77.19833374,46.09999847,0.0,12.0,15
2021-09-14 10:20:00+00:00,7,1.0,6.0,6.0,10,1,0,493.93331910000006,27.63166618,77.16967009999999,46.11000061,0.0,8.0,15
2021-09-14 10:25:00+00:00,8,2.0,6.0,6.0,10,1,0,492.2000122,27.63500023,77.17366791,46.07666779,0.0,14.0,15
2021-09-14 10:30:00+00:00,11,3.0,3.0,6.0,10,1,0,494.2000122,27.61599922,77.27266693,46.10333252,0.0,5.0,15
2021-09-14 10:35:00+00:00,14,5.0,0.0,6.0,10,1,0,491.43331910000006,27.62566757,77.25333405,46.29999924,0.0,9.0,15
2021-09-14 10:40:00+00:00,15,7.0,0.0,6.0,10,1,0,493.0333252,27.63866615,77.26399994,46.14666748,0.0,6.0,15
2021-09-14 10:45:00+00:00,15,7.0,0.0,6.0,10,1,0,493.1785583000001,27.65749931,77.20749664,45.95714188,0.0,7.0,15
2021-09-14 10:50:00+00:00,15,7.0,1.0,6.0,10,1,0,490.6333313,27.59033394,77.44699859999999,46.00333405,0.0,6.0,15
2021-09-14 10:55:00+00:00,15,8.0,2.0,6.0,10,1,0,494.7333374,27.6123333,77.4406662,46.15333176,0.0,5.0,15
2021-09-14 11:00:00+00:00,15,11.0,3.0,6.0,11,1,0,495.1333313,27.6016674,77.51300049,46.0,0.0,6.0,15
2021-09-14 11:05:00+00:00,15,14.0,5.0,6.0,11,1,0,491.2758484,27.58413887,77.57206726,46.2379303,0.0,8.0,13
2021-09-14 11:10:00+00:00,15,15.0,7.0,5.0,11,1,0,490.2666626,27.5890007,77.56999969,45.94333267,0.0,7.0,15
2021-09-14 11:15:00+00:00,15,15.0,7.0,5.0,11,1,0,491.2666626,27.62800026,77.46233368,45.98333359,0.0,6.0,14
2021-09-14 11:20:00+00:00,15,15.0,7.0,6.0,11,1,0,489.9666748,27.64266586,77.41166687,46.19666672,0.0,8.0,14
2021-09-14 11:25:00+00:00,15,15.0,8.0,6.0,11,1,0,488.0666809,27.65200043,77.44866943,45.98666763,0.0,6.0,14
2021-09-14 11:30:00+00:00,15,15.0,11.0,3.0,11,1,0,489.0,27.65500069,77.49433136,46.06666565,0.0,5.0,14
2021-09-14 11:35:00+00:00,14,15.0,14.0,0.0,11,1,0,489.3214416999999,27.65392876,77.50178528,45.87142944,0.0,8.0,1
2021-09-14 11:40:00+00:00,14,15.0,15.0,0.0,11,1,0,493.0,27.64733315,77.58666992,46.13999939,0.0,7.0,1
2021-09-14 11:45:00+00:00,15,15.0,15.0,0.0,11,1,0,486.4666748,27.66533279,77.53533173,46.0233345,0.0,10.0,1
2021-09-14 11:50:00+00:00,15,15.0,15.0,1.0,11,1,0,485.0666809,27.625,77.70899963,45.95000076,0.0,5.0,1
2021-09-14 11:55:00+00:00,15,15.0,15.0,2.0,11,1,0,485.6551819,27.6268959,77.73551941,46.12068939,0.0,10.0,1
2021-09-14 12:00:00+00:00,15,15.0,15.0,3.0,12,1,0,489.6000061000001,27.62800026,77.72766876,46.34666824,0.0,5.0,1
2021-09-14 12:05:00+00:00,15,14.0,15.0,5.0,12,1,0,488.3666687,27.64100075,77.6926651,46.03333282,0.0,8.0,1
2021-09-14 12:10:00+00:00,15,14.0,15.0,7.0,12,1,0,482.5333252,27.65399933,77.65032959,45.99000168,0.0,8.0,1
2021-09-14 12:15:00+00:00,15,15.0,15.0,7.0,12,1,0,482.2333374,27.64633369,77.73799896,46.01666641,0.0,9.0,1
2021-09-14 12:20:00+00:00,15,15.0,15.0,7.0,12,1,0,484.0666809,27.61433411,77.84533691,46.15999985,0.0,6.0,1
2021-09-14 12:25:00+00:00,15,15.0,15.0,8.0,12,1,0,486.0,27.60666656,77.88400269,46.18333435,0.0,10.0,1
2021-09-14 12:30:00+00:00,15,15.0,15.0,11.0,12,1,0,482.25,27.65749931,77.71071625,46.1071434,0.0,8.0,1
2021-09-14 12:35:00+00:00,15,15.0,14.0,14.0,12,1,0,487.7333374,27.69300079,77.62799835,46.11000061,0.0,8.0,0
2021-09-14 12:40:00+00:00,15,15.0,14.0,15.0,12,1,0,489.0333252,27.67233276,77.73766327,46.33333206,0.0,7.0,0
2021-09-14 12:45:00+00:00,15,15.0,15.0,15.0,12,1,0,487.29998780000005,27.65433311,77.84700012,46.16666794,0.0,8.0,0
2021-09-14 12:50:00+00:00,15,15.0,15.0,15.0,12,1,0,486.620697,27.67379379,77.79206848,46.42413712,0.0,8.0,0
2021-09-14 12:55:00+00:00,15,15.0,15.0,15.0,12,1,0,488.3999938999999,27.62599945,77.96833038,46.29999924,0.0,7.0,0
2021-09-14 13:00:00+00:00,15,15.0,15.0,15.0,13,1,0,486.2666626,27.65533257,77.88766479,46.36333466,0.0,11.0,0
2021-09-14 13:05:00+00:00,13,15.0,15.0,15.0,13,1,0,483.6666565,27.67833328,77.84899902,46.5633316,0.0,8.0,0
2021-09-14 13:10:00+00:00,15,15.0,15.0,15.0,13,1,0,481.2333374,27.67666626,77.84766388,46.27000046,0.0,8.0,0
2021-09-14 13:15:00+00:00,14,15.0,15.0,15.0,13,1,0,481.4666748,27.65766716,77.91466522,46.27666855,0.0,5.0,0
2021-09-14 13:20:00+00:00,14,15.0,15.0,15.0,13,1,0,480.3214416999999,27.65892792,77.91928864,46.21071243,0.0,7.0,0
2021-09-14 13:25:00+00:00,14,15.0,15.0,15.0,13,1,0,479.79998780000005,27.65533257,77.95066833,46.70333481,0.0,5.0,0
2021-09-14 13:30:00+00:00,14,15.0,15.0,15.0,13,1,0,480.2000122,27.64466667,78.05433655,46.59999847,0.0,8.0,0
2021-09-14 13:35:00+00:00,1,13.0,15.0,14.0,13,1,0,481.8333435,27.66066742,78.01433563,46.57333374,0.0,10.0,0
2021-09-14 13:40:00+00:00,1,15.0,15.0,14.0,13,1,0,482.4482727,27.66517258,77.96930695,46.53792953,0.0,1.0,0
2021-09-14 13:45:00+00:00,1,14.0,15.0,15.0,13,1,0,480.9666748,27.67333412,77.98133087,46.46666718,0.0,1.0,0
2021-09-14 13:50:00+00:00,1,14.0,15.0,15.0,13,1,0,480.3666687,27.6566658,78.06033325,46.80333328,0.0,1.0,0
2021-09-14 13:55:00+00:00,1,14.0,15.0,15.0,13,1,0,480.1000061000001,27.68733406,77.99433136,46.65000153,0.0,1.0,0
2021-09-14 14:00:00+00:00,1,14.0,15.0,15.0,14,1,0,481.0666809,27.66966629,78.06366729999999,46.81999969,0.0,2.0,0
2021-09-14 14:05:00+00:00,1,1.0,13.0,15.0,14,1,0,480.7333374,27.64433289,78.22233582,46.87333298,0.0,2.0,0
2021-09-14 14:10:00+00:00,1,1.0,15.0,15.0,14,1,0,476.75,27.68357086,78.07321167,47.0892868,0.0,1.0,0
2021-09-14 14:15:00+00:00,1,1.0,14.0,15.0,14,1,0,476.2333374,27.62833405,78.34033203,46.97999954,0.0,2.0,0
2021-09-14 14:20:00+00:00,1,1.0,14.0,15.0,14,1,0,477.4666748,27.62599945,78.3789978,46.98333359,0.0,2.0,0
2021-09-14 14:25:00+00:00,1,1.0,14.0,15.0,14,1,0,475.0333252,27.65099907,78.36499786,47.56000137,0.0,2.0,0
2021-09-14 14:30:00+00:00,1,1.0,14.0,15.0,14,1,0,474.6000061000001,27.62466621,78.51166534,47.44333267,0.0,2.0,0
2021-09-14 14:35:00+00:00,0,1.0,1.0,15.0,14,1,0,476.5517273,27.66655159,78.31689453,47.53103638,0.0,1.0,0
2021-09-14 14:40:00+00:00,0,1.0,1.0,15.0,14,1,0,479.93331910000006,27.70299911,78.16300201,47.40999985,0.0,1.0,0
2021-09-14 14:45:00+00:00,0,1.0,1.0,15.0,14,1,0,476.3999938999999,27.66133308,78.39399719,47.81999969,0.0,1.0,0
2021-09-14 14:50:00+00:00,0,1.0,1.0,15.0,14,1,0,478.6666565,27.65633392,78.38433075,47.49666595,0.0,1.0,0
2021-09-14 14:55:00+00:00,0,1.0,1.0,15.0,14,1,0,477.8333435,27.66433334,78.29833221,47.51666641,0.0,1.0,0
2021-09-14 15:00:00+00:00,0,1.0,1.0,15.0,15,1,0,476.29998780000005,27.64333344,78.41566467,48.03333282,0.0,1.0,0
2021-09-14 15:05:00+00:00,0,0.0,1.0,13.0,15,1,0,475.5,27.64964294,78.45857239,47.99642944,0.0,1.0,0
2021-09-14 15:10:00+00:00,0,0.0,1.0,15.0,15,1,0,472.3333435,27.64566612,78.58866882,47.72333145,0.0,1.0,0
2021-09-14 15:15:00+00:00,0,0.0,1.0,14.0,15,1,0,473.4666748,27.64433289,78.76667023,48.04000092,0.0,1.0,0
2021-09-14 15:20:00+00:00,0,0.0,1.0,14.0,15,1,0,475.7666626,27.63899994,78.64933014,48.30666733,0.0,1.0,0
2021-09-14 15:25:00+00:00,0,0.0,1.0,14.0,15,1,0,469.4482727,27.68413734,78.54000092,47.95517349,0.0,1.0,0
2021-09-14 15:30:00+00:00,0,0.0,1.0,14.0,15,1,0,473.5333252,27.70999908,78.36299896,48.25,0.0,1.0,0
2021-09-14 15:35:00+00:00,0,0.0,0.0,1.0,15,1,0,470.3999938999999,27.65200043,76.02600098,48.45333481,0.0,1.0,0
2021-09-14 15:40:00+00:00,0,0.0,0.0,1.0,15,1,0,450.2333374,27.23666573,69.9956665,48.40999985,0.0,1.0,0
2021-09-14 15:45:00+00:00,0,0.0,0.0,1.0,15,1,0,436.43331910000006,26.62366676,68.3133316,48.22999954,0.0,1.0,0
2021-09-14 15:50:00+00:00,0,0.0,0.0,1.0,15,1,0,430.3333435,26.57933426,71.14766693,48.49333191,0.016666668,1.0,0
2021-09-14 15:55:00+00:00,0,0.0,0.0,1.0,15,1,0,423.25,26.65678596,71.88321686,48.15714264,0.935714304,1.0,0
2021-09-14 16:00:00+00:00,0,0.0,0.0,1.0,16,1,0,419.8999938999999,26.40633392,72.17800140000001,48.21333313,2.533333302,1.0,0
2021-09-14 16:05:00+00:00,0,0.0,0.0,1.0,16,1,0,418.2000122,26.67933273,74.64766693,48.25666809,4.289999962,1.0,0
2021-09-14 16:10:00+00:00,0,0.0,0.0,1.0,16,1,0,418.1666565,26.44633293,72.42500305,48.71666718,5.71999979,1.0,0
2021-09-14 16:15:00+00:00,0,0.0,0.0,1.0,16,1,0,414.4333191,26.44533348,75.25299835,48.1566658,7.570000172,1.0,0
2021-09-14 16:20:00+00:00,0,0.0,0.0,1.0,16,1,0,413.5172424,26.50896645,75.36275482,48.52069092,10.92068958,1.0,0
2021-09-14 16:25:00+00:00,0,0.0,0.0,1.0,16,1,0,412.8999939,26.31299973,74.54100037,48.49666595,12.13000011,1.0,0
2021-09-14 16:30:00+00:00,0,0.0,0.0,1.0,16,1,0,413.5,26.57333374,77.60266876,49.63666534,13.00333309,1.0,0
2021-09-14 16:35:00+00:00,0,0.0,0.0,0.0,16,1,0,411.7333374,26.30366707,75.63466644,51.08666611,13.27999973,1.0,0
2021-09-14 16:40:00+00:00,0,0.0,0.0,0.0,16,1,0,409.9333191,26.31033325,77.04266357,50.79666519,14.89666653,1.0,0
2021-09-14 16:45:00+00:00,0,0.0,0.0,0.0,16,1,0,409.1785583,26.56571388,79.02536011,50.32857132,12.51071453,1.0,0
2021-09-14 16:50:00+00:00,0,0.0,0.0,0.0,16,1,0,408.8333435,26.215999600000004,75.60500336,50.72333145,10.47000027,1.0,0
2021-09-14 16:55:00+00:00,0,0.0,0.0,0.0,16,1,0,409.1333313,26.38299942,75.77966309,50.83333206,11.53999996,1.0,0
2021-09-14 17:00:00+00:00,0,0.0,0.0,0.0,17,1,0,405.7999878,26.65333366,76.12999725,50.6566658,14.03666687,1.0,0
2021-09-14 17:05:00+00:00,0,0.0,0.0,0.0,17,1,0,402.5,26.29999924,73.37166595,50.72000122,14.12333298,1.0,0
2021-09-14 17:10:00+00:00,0,0.0,0.0,0.0,17,1,0,401.1034546,26.25103378,75.75862122,50.47241211,15.06206894,1.0,0
2021-09-14 17:15:00+00:00,0,0.0,0.0,0.0,17,1,0,401.2333374,26.60566711,75.99466705,50.66333389,14.21666622,1.0,0
2021-09-14 17:20:00+00:00,0,0.0,0.0,0.0,17,1,0,400.8999939,26.19866753,73.04833221,50.39666748,18.01333427,1.0,0
2021-09-14 17:25:00+00:00,0,0.0,0.0,0.0,17,1,0,400.0666809,26.19733238,76.30566406,49.66666794,21.51333427,1.0,0
2021-09-14 17:30:00+00:00,0,0.0,0.0,0.0,17,1,0,401.9333191,26.44433403,78.06133270000001,48.73666763,23.30666733,1.0,0
2021-09-14 17:35:00+00:00,0,0.0,0.0,0.0,17,1,0,400.5862122,26.12068939,74.75585938,48.70344925,22.67586136,1.0,0
2021-09-14 17:40:00+00:00,0,0.0,0.0,0.0,17,1,0,400.0689697,26.19275856,76.31999969,48.47930908,21.2862072,1.0,0
2021-09-14 17:45:00+00:00,0,0.0,0.0,0.0,17,1,0,400.3999939,26.49799919,78.97233582,49.26666641,20.49666595,1.0,0
2021-09-14 17:50:00+00:00,0,0.0,0.0,0.0,17,1,0,403.7999878,26.1293335,75.32966614,48.9766655,26.44333267,1.0,0
2021-09-14 17:55:00+00:00,0,0.0,0.0,0.0,17,1,0,405.4333191,26.12833405,76.62433624,49.43000031,30.62666702,1.0,0
2021-09-14 18:00:00+00:00,0,0.0,0.0,0.0,18,1,0,401.2666626,26.38299942,78.78866577,48.90999985,30.13333321,1.0,0
2021-09-14 18:05:00+00:00,0,0.0,0.0,0.0,18,1,0,404.379303,26.18034554,76.5506897,48.60344696,29.91034508,1.0,0
2021-09-14 18:10:00+00:00,0,0.0,0.0,0.0,18,1,0,405.6000061,26.07799911,75.96366882,48.89666748,29.80333328,1.0,0
2021-09-14 18:15:00+00:00,0,0.0,0.0,0.0,18,1,0,403.4666748,26.20899963,78.19966888,48.70999908,29.61333275,1.0,0
2021-09-14 18:20:00+00:00,0,0.0,0.0,0.0,18,1,0,403.1666565,26.27566719,77.61100006,48.90000153,30.10333252,1.0,0
2021-09-14 18:25:00+00:00,0,0.0,0.0,0.0,18,1,0,400.5333252,26.00766754,76.11499786,48.70999908,28.65333366,1.0,0
2021-09-14 18:30:00+00:00,0,0.0,0.0,0.0,18,1,0,400.0,26.22964287,78.41571808,49.06428528,29.125,1.0,0
2021-09-14 18:35:00+00:00,0,0.0,0.0,0.0,18,1,0,402.2666626,26.36400032,79.33599854,48.59666824,26.88666725,1.0,0
2021-09-14 18:40:00+00:00,0,0.0,0.0,0.0,18,1,0,402.6666565,26.26433372,74.36566925,48.69333267,26.9766674,1.0,0
2021-09-14 18:45:00+00:00,0,0.0,0.0,0.0,18,1,0,404.6333313,26.35633278,76.75700378,48.52000046,28.14666748,1.0,0
2021-09-14 18:50:00+00:00,0,0.0,0.0,0.0,18,1,0,405.7999878,26.35099983,78.54933167,48.6866684,26.35333252,1.0,0
2021-09-14 18:55:00+00:00,0,0.0,0.0,0.0,18,1,0,404.8275757,26.33896637,79.80827332,48.36896515,25.39310265,1.0,0
2021-09-14 19:00:00+00:00,0,0.0,0.0,0.0,19,1,0,404.0333252,26.37999916,79.92666626,48.42666626,24.44000053,1.0,0
2021-09-14 19:05:00+00:00,0,0.0,0.0,0.0,19,1,0,406.9333191,26.52466583,79.95500183,47.66999817,23.09000015,1.0,0
2021-09-14 19:10:00+00:00,0,0.0,0.0,0.0,19,1,0,404.3999939,26.38233376,73.43166351,49.01333237,27.05666733,1.0,0
2021-09-14 19:15:00+00:00,0,0.0,0.0,0.0,19,1,0,402.2999878,26.14633369,75.32133484,48.52999878,24.71333313,1.0,0
2021-09-14 19:20:00+00:00,0,0.0,0.0,0.0,19,1,0,403.5,26.28071404,79.31785583,48.24642944,27.18214226,1.0,0
2021-09-14 19:25:00+00:00,0,0.0,0.0,0.0,19,1,0,404.7666626,26.47299957,77.06400299,48.79999924,26.56666756,1.0,0
2021-09-14 19:30:00+00:00,0,0.0,0.0,0.0,19,1,0,401.2666626,26.03066635,74.02933502,48.04333496,28.00666618,1.0,0
2021-09-14 19:35:00+00:00,0,0.0,0.0,0.0,19,1,0,400.1000061,26.19266701,77.67299652,48.66666794,26.86000061,1.0,0
2021-09-14 19:40:00+00:00,0,0.0,0.0,0.0,19,1,0,401.8666687,26.46699905,80.05833435,48.67333221,26.23666573,1.0,0
2021-09-14 19:45:00+00:00,0,0.0,0.0,0.0,19,1,0,400.0,26.21699905,74.92733002,49.11000061,26.84666634,1.0,0
2021-09-14 19:50:00+00:00,0,0.0,0.0,0.0,19,1,0,400.8620605,26.51517296,78.42206573,49.41724014,29.97931099,1.0,0
2021-09-14 19:55:00+00:00,0,0.0,0.0,0.0,19,1,0,403.3999939,26.79566574,80.54467009999999,48.6566658,27.73333359,1.0,0
2021-09-14 20:00:00+00:00,0,0.0,0.0,0.0,20,1,0,404.2666626,26.88966751,81.34799957,48.28666687,28.24666595,1.0,0
2021-09-14 20:05:00+00:00,0,0.0,0.0,0.0,20,1,0,406.1000061,26.83466721,81.47899628,48.49000168,28.01000023,1.0,0
2021-09-14 20:10:00+00:00,0,0.0,0.0,0.0,20,1,0,406.25,26.47071457,75.91714478,49.73571396,28.625,1.0,0
2021-09-14 20:15:00+00:00,0,0.0,0.0,0.0,20,1,0,411.6000061,26.68833351,78.04399872,50.37333298,27.97333336,1.0,0
2021-09-14 20:20:00+00:00,0,0.0,0.0,0.0,20,1,0,415.3333435,26.8579998,81.16666412,50.04999924,23.40333366,1.0,0
2021-09-14 20:25:00+00:00,0,0.0,0.0,0.0,20,1,0,419.3999939,26.79633331,82.58166504,50.34000015,23.80333328,1.0,0
2021-09-14 20:30:00+00:00,0,0.0,0.0,0.0,20,1,0,418.2000122,26.41600037,78.71666718,50.9066658,25.68666649,1.0,0
2021-09-14 20:35:00+00:00,0,0.0,0.0,0.0,20,1,0,416.8999939,26.58333397,77.10700226,50.36999893,24.61333275,1.0,0
2021-09-14 20:40:00+00:00,0,0.0,0.0,0.0,20,1,0,416.6551819,26.79827499,80.72620392,49.21724319,24.36206818,1.0,0
2021-09-14 20:45:00+00:00,0,0.0,0.0,0.0,20,1,0,417.2666626,26.88166618,82.32833099,48.01666641,23.49333382,1.0,0
2021-09-14 20:50:00+00:00,0,0.0,0.0,0.0,20,1,0,414.7333374,26.40500069,78.63733673,48.38666534,24.30333328,1.0,0
2021-09-14 20:55:00+00:00,0,0.0,0.0,0.0,20,1,0,414.0333252,26.22900009,76.77766418,48.01333237,24.70666695,1.0,0
2021-09-14 21:00:00+00:00,0,0.0,0.0,0.0,21,1,0,413.2000122,26.49733353,80.71800232,47.67333221,24.39333344,1.0,0
2021-09-14 21:05:00+00:00,0,0.0,0.0,0.0,21,1,0,413.5,26.49428558,83.17356873,47.78928757,25.0178566,1.0,0
2021-09-14 21:10:00+00:00,0,0.0,0.0,0.0,21,1,0,411.0333252,25.95266724,78.85133362,48.29999924,26.19333267,1.0,0
2021-09-14 21:15:00+00:00,0,0.0,0.0,0.0,21,1,0,409.7666626,25.68066597,76.88566589,48.22999954,28.33333397,1.0,0
2021-09-14 21:20:00+00:00,0,0.0,0.0,0.0,21,1,0,412.9333191,26.06100082,79.66500092,48.14333344,25.99666595,1.0,0
2021-09-14 21:25:00+00:00,0,0.0,0.0,0.0,21,1,0,412.2999878,26.17200089,81.56233215,48.90000153,25.24333382,1.0,0
2021-09-14 21:30:00+00:00,0,0.0,0.0,0.0,21,1,0,413.4666748,26.26433372,80.6166687,48.22333145,25.7733326,1.0,0
2021-09-14 21:35:00+00:00,0,0.0,0.0,0.0,21,1,0,414.0689697,25.78344917,74.01309967,48.70689774,29.38965607,1.0,0
2021-09-14 21:40:00+00:00,0,0.0,0.0,0.0,21,1,0,412.2333374,25.67033386,73.62566376,50.00333405,31.14999962,1.0,0
2021-09-14 21:45:00+00:00,0,0.0,0.0,0.0,21,1,0,407.0,25.95866585,77.72200012,49.00666809,28.11666679,1.0,0
2021-09-14 21:50:00+00:00,0,0.0,0.0,0.0,21,1,0,411.8333435,26.21966743,79.41100311,48.58333206,27.38999939,1.0,0
2021-09-14 21:55:00+00:00,0,0.0,0.0,0.0,21,1,0,420.9642944,26.27285767,77.90499878,48.31785583,27.84642792,1.0,0
2021-09-14 22:00:00+00:00,0,0.0,0.0,0.0,22,1,0,422.29998780000005,26.24333382,77.78199768,48.7266655,27.91333389,1.0,0
2021-09-14 22:05:00+00:00,0,0.0,0.0,0.0,22,1,0,418.7666626,26.39133263,75.80233002,49.64333344,28.67000008,1.0,0
2021-09-14 22:10:00+00:00,0,0.0,0.0,0.0,22,1,0,421.1333313,26.2689991,76.53500366,48.79333496,28.94333267,1.0,0
2021-09-14 22:15:00+00:00,0,0.0,0.0,0.0,22,1,0,420.6666565,26.46033287,76.03133392,48.98666763,28.56333351,1.0,0
2021-09-14 22:20:00+00:00,0,0.0,0.0,0.0,22,1,0,418.1000061,26.21966743,69.79266357,49.68999863,31.73999977,1.0,0
2021-09-14 22:25:00+00:00,0,0.0,0.0,0.0,22,1,0,414.5862122,26.00827599,72.04275513,49.03103638,32.91034317,1.0,0
2021-09-14 22:30:00+00:00,0,0.0,0.0,0.0,22,1,0,412.1000061,26.26366615,75.88233185,49.25666809,30.13666725,1.0,0
2021-09-14 22:35:00+00:00,0,0.0,0.0,0.0,22,1,0,415.2999878,26.44866753,77.39700317,49.68999863,30.1566658,1.0,0
2021-09-14 22:40:00+00:00,0,0.0,0.0,0.0,22,1,0,414.0,26.3453331,75.99033356,48.70666504,30.92333412,1.0,0
2021-09-14 22:45:00+00:00,0,0.0,0.0,0.0,22,1,0,412.5,26.46392822,77.50571442,49.2678566,30.08214378,1.0,0
2021-09-14 22:50:00+00:00,0,0.0,0.0,0.0,22,1,0,414.3333435,26.80466652,74.55433655,48.90333176,29.61666679,1.0,0
2021-09-14 22:55:00+00:00,0,0.0,0.0,0.0,22,1,0,407.8333435,26.55133247,69.49900055,48.58000183,29.68000031,1.0,0
2021-09-14 23:00:00+00:00,0,0.0,0.0,0.0,23,1,0,405.2000122,26.7943325,72.68866729999999,49.02999878,29.56666756,1.0,0
2021-09-14 23:05:00+00:00,0,0.0,0.0,0.0,23,1,0,406.1000061,26.91200066,75.94433594,48.78666687,29.68333244,1.0,0
2021-09-14 23:10:00+00:00,0,0.0,0.0,0.0,23,1,0,407.2333374,26.95666695,75.07900238,48.73666763,29.91666603,1.0,0
2021-09-14 23:15:00+00:00,0,0.0,0.0,0.0,23,1,0,403.7666626,26.6060009,69.7416687,49.2733345,29.5233326,1.0,0
2021-09-14 23:20:00+00:00,0,0.0,0.0,0.0,23,1,0,404.0344849,26.49241447,71.46069336,48.45172501,24.43103409,1.0,0
2021-09-14 23:25:00+00:00,0,0.0,0.0,0.0,23,1,0,403.0,26.81866646,73.98166656,49.26333237,20.82999992,1.0,0
2021-09-14 23:30:00+00:00,0,0.0,0.0,0.0,23,1,0,402.7000122,26.70066643,72.70833588,48.69666672,21.07666588,1.0,0
2021-09-14 23:35:00+00:00,0,0.0,0.0,0.0,23,1,0,402.0666809,26.28899956,70.48600006,49.00666809,21.88333321,1.0,0
2021-09-14 23:40:00+00:00,0,0.0,0.0,0.0,23,1,0,404.9642944,26.42142868,74.45035553,48.48571396,20.25357056,1.0,0
2021-09-14 23:45:00+00:00,0,0.0,0.0,0.0,23,1,0,406.7999878,26.52233315,78.40233612,49.36999893,19.67333412,1.0,0
2021-09-14 23:50:00+00:00,0,0.0,0.0,0.0,23,1,0,409.7666626,26.57366753,80.50233459,48.99333191,19.33666611,1.0,0
2021-09-14 23:55:00+00:00,0,0.0,0.0,0.0,23,1,0,408.9666748,26.60966682,80.42233276,49.09999847,18.54999924,1.0,0
2021-09-15 00:00:00+00:00,0,0.0,0.0,0.0,0,2,0,411.0333252,26.80833244,78.26599884,48.29333496,17.57999992,1.0,0
2021-09-15 00:05:00+00:00,0,0.0,0.0,0.0,0,2,0,411.2666626,26.7943325,74.7436676,48.97333145,17.62333298,1.0,0
2021-09-15 00:10:00+00:00,0,0.0,0.0,0.0,0,2,0,408.8965454,26.44344902,72.97758484,48.60344696,18.13103485,1.0,0
2021-09-15 00:15:00+00:00,0,0.0,0.0,0.0,0,2,0,404.3333435,26.41866684,77.16366577,48.54666519,21.32333374,1.0,0
2021-09-15 00:20:00+00:00,0,0.0,0.0,0.0,0,2,0,405.2666626,26.57566643,80.29467009999999,48.18333435,22.08666611,1.0,0
2021-09-15 00:25:00+00:00,0,0.0,0.0,0.0,0,2,0,408.2999878,26.68899918,79.12133026,48.29000092,26.37333298,1.0,0
2021-09-15 00:30:00+00:00,0,0.0,0.0,0.0,0,2,0,402.3571472,26.45750046,74.20464325,48.45714188,28.93928528,1.0,0
2021-09-15 00:35:00+00:00,0,0.0,0.0,0.0,0,2,0,401.2999878,26.37000084,76.70433044,48.41333389,28.31666756,1.0,0
2021-09-15 00:40:00+00:00,0,0.0,0.0,0.0,0,2,0,401.3333435,26.52133369,80.59366608,47.72999954,27.86333275,1.0,0
2021-09-15 00:45:00+00:00,0,0.0,0.0,0.0,0,2,0,403.6000061,26.59499931,82.46900177,48.36333466,22.92666626,1.0,0
2021-09-15 00:50:00+00:00,0,0.0,0.0,0.0,0,2,0,400.6333313,26.565666200000003,75.86299896,47.94666672,19.77666664,1.0,0
2021-09-15 00:55:00+00:00,0,0.0,0.0,0.0,0,2,0,400.0,26.27799988,73.98466492,48.65999985,18.01666641,1.0,0
2021-09-15 01:00:00+00:00,0,0.0,0.0,0.0,1,2,0,400.0,26.37137985,77.20793152,48.09310532,17.24827576,1.0,0
2021-09-15 01:05:00+00:00,0,0.0,0.0,0.0,1,2,0,400.8999939,26.58666611,80.65266418,48.73666763,17.96666718,1.0,0
2021-09-15 01:10:00+00:00,0,0.0,0.0,0.0,1,2,0,401.8333435,26.53633308,82.81366729999999,48.72999954,20.92666626,1.0,0
2021-09-15 01:15:00+00:00,0,0.0,0.0,0.0,1,2,0,401.8999939,26.50966644,80.32866669,49.31999969,20.8433342,1.0,0
2021-09-15 01:20:00+00:00,0,0.0,0.0,0.0,1,2,0,402.3571472,26.28892899,74.43785858,49.22142792,22.70357132,1.0,0
2021-09-15 01:25:00+00:00,0,0.0,0.0,0.0,1,2,0,401.6333313,26.440666200000003,78.06033325,49.78666687,21.20000076,1.0,0
2021-09-15 01:30:00+00:00,0,0.0,0.0,0.0,1,2,0,406.1333313,26.67633247,81.13700104,48.46333313,23.81333351,1.0,0
2021-09-15 01:35:00+00:00,0,0.0,0.0,0.0,1,2,0,408.3999939,26.63066673,79.90699768,48.50333405,24.65999985,1.0,0
2021-09-15 01:40:00+00:00,0,0.0,0.0,0.0,1,2,0,407.7333374,26.27300072,75.11133575,48.8433342,25.31666756,1.0,0
2021-09-15 01:45:00+00:00,0,0.0,0.0,0.0,1,2,0,409.4333191,26.49799919,78.09700012,49.04333496,25.09000015,1.0,0
2021-09-15 01:50:00+00:00,0,0.0,0.0,0.0,1,2,0,410.7999878,26.46766663,81.57966614,50.20000076,23.71333313,1.0,1
2021-09-15 01:55:00+00:00,0,0.0,0.0,0.0,1,2,0,409.2758484,26.4444828,80.20724487,48.85172272,20.85517311,1.0,1
2021-09-15 02:00:00+00:00,0,0.0,0.0,0.0,2,2,0,406.6333313,25.86833382,74.68166351,49.01333237,21.21666718,1.0,1
2021-09-15 02:05:00+00:00,0,0.0,0.0,0.0,2,2,0,406.5333252,25.98466682,77.21433258,50.84999847,17.12666702,1.0,1
2021-09-15 02:10:00+00:00,0,0.0,0.0,0.0,2,2,0,409.379303,26.25620651,80.22379303,51.95862198,15.05517197,1.0,2
2021-09-15 02:15:00+00:00,0,0.0,0.0,0.0,2,2,0,410.2758484,26.4758625,81.06069183,50.3103447,12.22758579,1.0,2
2021-09-15 02:20:00+00:00,0,0.0,0.0,0.0,2,2,0,410.0333252,26.47299957,75.92733002,51.44333267,8.996666908,1.0,2
2021-09-15 02:25:00+00:00,0,0.0,0.0,0.0,2,2,0,408.1000061,26.11366653,74.80366516,48.88000107,3.913333416,1.0,2
2021-09-15 02:30:00+00:00,0,0.0,0.0,0.0,2,2,0,408.9333191,26.30333328,77.94699859999999,48.61999893,1.840000033,1.0,2
2021-09-15 02:35:00+00:00,0,0.0,0.0,0.0,2,2,0,412.1666565,26.68000031,80.94766998,48.34999847,9.18999958,1.0,2
2021-09-15 02:40:00+00:00,0,0.0,0.0,0.0,2,2,0,409.9333191,26.49699974,79.61000061,48.45333481,8.953332901,1.0,2
2021-09-15 02:45:00+00:00,0,0.0,0.0,0.0,2,2,0,410.6896667,26.3417244,75.69586182,48.35172272,8.048275947999999,1.0,2
2021-09-15 02:50:00+00:00,0,0.0,0.0,0.0,2,2,0,410.7999878,26.60000038,79.02333069,48.94666672,7.186666488999999,1.0,2
2021-09-15 02:55:00+00:00,0,0.0,0.0,0.0,2,2,0,412.1000061,26.8813324,81.0043335,47.99000168,6.626666546,1.0,2
2021-09-15 03:00:00+00:00,0,0.0,0.0,0.0,3,2,0,416.2999878,26.91366577,81.89266968,48.00999832,6.25,1.0,2
2021-09-15 03:05:00+00:00,0,0.0,0.0,0.0,3,2,0,416.0714417,26.55392838,77.38178253,47.45000076,6.064285755,1.0,2
2021-09-15 03:10:00+00:00,0,0.0,0.0,0.0,3,2,0,411.8999939,26.50566673,77.11599731,48.06666565,5.916666508,1.0,2
2021-09-15 03:15:00+00:00,0,0.0,0.0,0.0,3,2,0,413.9666748,26.70800018,80.67233276,47.9366684,5.869999886,1.0,2
2021-09-15 03:20:00+00:00,0,0.0,0.0,0.0,3,2,0,415.2333374,26.93933296,81.63400269,47.6866684,5.79333353,1.0,2
2021-09-15 03:25:00+00:00,0,0.0,0.0,0.0,3,2,0,412.4666748,26.85733414,79.20300293,47.88000107,5.823333262999999,1.0,2
2021-09-15 03:30:00+00:00,0,0.0,0.0,0.0,3,2,0,409.7000122,26.7056675,76.9489975,48.29666519,5.813333511000001,1.0,2
2021-09-15 03:35:00+00:00,0,0.0,0.0,0.0,3,2,0,414.1333313,26.71533394,80.47933197,47.41666794,5.853333472999999,1.0,2
2021-09-15 03:40:00+00:00,0,0.0,0.0,0.0,3,2,0,414.1724243000001,26.82172394,82.00621033,48.01034546,5.699999809,1.0,2
2021-09-15 03:45:00+00:00,0,0.0,0.0,0.0,3,2,0,419.2333374,26.88366699,82.35266876,48.25666809,5.813333511000001,1.0,2
2021-09-15 03:50:00+00:00,1,0.0,0.0,0.0,3,2,0,417.2333374,26.43799973,78.02233124,49.50333405,5.820000172,1.0,3
2021-09-15 03:55:00+00:00,1,0.0,0.0,0.0,3,2,0,415.5357056,26.22714233,79.93071747,50.01071548,5.803571224,2.0,3
2021-09-15 04:00:00+00:00,1,0.0,0.0,0.0,4,2,0,415.7333374,26.46066666,82.24099731,47.82666779,5.856666565,2.0,3
2021-09-15 04:05:00+00:00,1,0.0,0.0,0.0,4,2,0,413.9666748,26.59366608,83.40466309,47.59000015,5.813333511000001,2.0,3
2021-09-15 04:10:00+00:00,2,0.0,0.0,0.0,4,2,0,415.6333313,26.90866661,83.53266907,47.24666595,5.809999942999999,4.0,3
2021-09-15 04:15:00+00:00,2,0.0,0.0,0.0,4,2,0,414.9333191,26.78966713,84.43499756,47.40000153,5.74333334,3.0,3
2021-09-15 04:20:00+00:00,2,1.0,0.0,0.0,4,2,0,414.0666809,26.78233337,84.28932953,46.97000122,5.726666451,2.0,3
2021-09-15 04:25:00+00:00,2,1.0,0.0,0.0,4,2,0,414.0,26.65166664,84.47566986,47.62333298,5.796666622,2.0,3
2021-09-15 04:30:00+00:00,2,1.0,0.0,0.0,4,2,0,413.620697,26.70482826,84.48448181,47.62068939,5.699999809,2.0,3
2021-09-15 04:35:00+00:00,2,1.0,0.0,0.0,4,2,0,416.3999939,26.91799927,83.30699921,47.17333221,5.853333472999999,2.0,3
2021-09-15 04:40:00+00:00,2,2.0,0.0,0.0,4,2,0,415.8666687,26.68899918,75.84967041,47.40333176,5.783333302000001,5.0,3
2021-09-15 04:45:00+00:00,2,2.0,0.0,0.0,4,2,0,414.8571472,26.31749916,76.03107452,47.0178566,5.775000095,2.0,3
2021-09-15 04:50:00+00:00,2,2.0,1.0,0.0,4,2,0,415.5333252,26.42433357,79.31066895,47.12666702,5.769999981000001,3.0,2
2021-09-15 04:55:00+00:00,2,2.0,1.0,0.0,4,2,0,408.7000122,26.59300041,82.60600281,47.37666702,5.8033332820000005,3.0,2
2021-09-15 05:00:00+00:00,2,2.0,1.0,0.0,5,2,0,415.0333252,26.75399971,83.45400238,49.58333206,5.28666687,3.0,2
2021-09-15 05:05:00+00:00,2,2.0,1.0,0.0,5,2,0,416.7000122,26.86466599,82.78966522,47.42666626,0.0,2.0,2
2021-09-15 05:10:00+00:00,2,2.0,2.0,0.0,5,2,0,412.4666748,26.55166626,76.50566864,47.20000076,0.0,2.0,2
2021-09-15 05:15:00+00:00,2,2.0,2.0,0.0,5,2,0,405.7666626,26.58799934,78.87033081,47.13333511,0.0,2.0,2
2021-09-15 05:20:00+00:00,2,2.0,2.0,0.0,5,2,0,408.6666565,26.80833244,81.32900238,46.76333237,0.0,3.0,2
2021-09-15 05:25:00+00:00,2,2.0,2.0,0.0,5,2,0,400.8620605,26.94344902,82.3127594,46.85517120000001,0.0,2.0,2
2021-09-15 05:30:00+00:00,2,2.0,2.0,0.0,5,2,0,400.3666687,27.0170002,83.54433441,46.82333374,0.0,4.0,2
2021-09-15 05:35:00+00:00,2,2.0,2.0,0.0,5,2,0,405.1333313,26.91766739,84.96199799,47.25666809,0.0,2.0,2
2021-09-15 05:40:00+00:00,2,2.0,2.0,0.0,5,2,0,406.8214417,26.87892914,87.20214081,46.7678566,0.0,3.0,2
2021-09-15 05:45:00+00:00,2,2.0,2.0,0.0,5,2,0,407.2999878,26.87599945,87.77799988,46.52666855,0.0,1.0,2
2021-09-15 05:50:00+00:00,3,2.0,2.0,1.0,5,2,0,405.3333435,26.99966621,87.27333069,46.69666672,0.0,5.0,2
2021-09-15 05:55:00+00:00,3,2.0,2.0,1.0,5,2,0,408.2666626,26.99799919,87.04533386,46.5,0.0,5.0,2
2021-09-15 06:00:00+00:00,3,2.0,2.0,1.0,6,2,0,408.8666687,26.98366737,87.15133667,46.59999847,0.0,5.0,2
2021-09-15 06:05:00+00:00,3,2.0,2.0,1.0,6,2,0,410.5333252,27.02266693,86.70933533,46.64333344,0.0,2.0,1
2021-09-15 06:10:00+00:00,3,2.0,2.0,2.0,6,2,0,406.2000122,27.06833267,86.28067017,46.59000015,0.0,2.0,1
2021-09-15 06:15:00+00:00,3,2.0,2.0,2.0,6,2,0,406.1724243000001,27.09448242,86.07413483,46.53792953,0.0,3.0,1
2021-09-15 06:20:00+00:00,3,3.0,2.0,2.0,6,2,0,405.0333252,27.08766747,86.09200287,47.00333405,0.0,3.0,1
2021-09-15 06:25:00+00:00,3,3.0,2.0,2.0,6,2,0,408.0333252,27.09666634,85.88600159,46.57333374,0.0,3.0,1
2021-09-15 06:30:00+00:00,3,3.0,2.0,2.0,6,2,0,415.75,27.24142838,84.7721405,46.50357056,0.0,4.0,1
2021-09-15 06:35:00+00:00,3,3.0,2.0,2.0,6,2,0,428.7000122,27.35566711,84.1883316,46.93999863,0.0,3.0,1
2021-09-15 06:40:00+00:00,3,3.0,2.0,2.0,6,2,0,433.1000061000001,27.38500023,84.180336,46.58000183,0.0,3.0,1
2021-09-15 06:45:00+00:00,3,3.0,2.0,2.0,6,2,0,434.9666748,27.38433266,84.00033569,46.45666504,0.0,4.0,1
2021-09-15 06:50:00+00:00,2,3.0,3.0,2.0,6,2,0,444.5333252,27.38733292,83.83433533,46.69666672,0.0,3.0,1
2021-09-15 06:55:00+00:00,2,3.0,3.0,2.0,6,2,0,440.8333435,27.3793335,83.84033203,46.55333328,0.0,3.0,1
2021-09-15 07:00:00+00:00,2,3.0,3.0,2.0,7,2,0,439.3999938999999,27.36133385,83.94799805,46.46333313,0.0,2.0,1
2021-09-15 07:05:00+00:00,2,3.0,3.0,2.0,7,2,0,440.4666748,27.29033279,84.22499847,46.38666534,0.0,2.0,1
2021-09-15 07:10:00+00:00,2,3.0,3.0,2.0,7,2,0,445.620697,27.30241394,83.9817276,46.09310532,0.0,2.0,1
2021-09-15 07:15:00+00:00,2,3.0,3.0,2.0,7,2,0,447.7000122,27.30133247,83.99933624,45.96333313,0.0,3.0,1
2021-09-15 07:20:00+00:00,2,2.0,3.0,2.0,7,2,0,440.75,27.32464218,84.0296402,46.20357132,0.0,1.0,2
2021-09-15 07:25:00+00:00,2,2.0,3.0,2.0,7,2,0,442.5,27.35099983,83.86799622,46.36000061,0.0,3.0,2
2021-09-15 07:30:00+00:00,2,2.0,3.0,2.0,7,2,0,444.2000122,27.39100075,83.87799835,46.97000122,0.0,1.0,2
2021-09-15 07:35:00+00:00,2,2.0,3.0,2.0,7,2,0,439.9666748,27.37666702,83.97933197,46.32333374,0.0,2.0,2
2021-09-15 07:40:00+00:00,2,2.0,3.0,2.0,7,2,0,438.29998780000005,27.33499908,84.13733673,46.4066658,0.0,1.0,2
2021-09-15 07:45:00+00:00,2,2.0,3.0,2.0,7,2,0,436.43331910000006,27.30866623,84.24099731,46.10333252,0.0,3.0,2
2021-09-15 07:50:00+00:00,2,2.0,2.0,3.0,7,2,0,434.6666565,27.22800064,84.53033447,46.00999832,0.0,1.0,2
2021-09-15 07:55:00+00:00,2,2.0,2.0,3.0,7,2,0,438.6000061000001,27.19400024,84.67233276,46.0633316,0.0,4.0,2
2021-09-15 08:00:00+00:00,2,2.0,2.0,3.0,8,2,0,437.7930908,27.17827606,84.62758636,46.10344696,0.0,3.0,2
2021-09-15 08:05:00+00:00,1,2.0,2.0,3.0,8,2,0,443.8999938999999,27.24166679,84.47566986,46.00333405,0.0,1.0,2
2021-09-15 08:10:00+00:00,1,2.0,2.0,3.0,8,2,0,440.6000061000001,27.33366585,84.05999756,45.84999847,0.0,1.0,2
2021-09-15 08:15:00+00:00,1,2.0,2.0,3.0,8,2,0,439.0714416999999,27.385356899999994,83.8467865,45.7857132,0.0,1.0,2
2021-09-15 08:20:00+00:00,1,2.0,2.0,3.0,8,2,0,440.3999938999999,27.35033417,83.93866729999999,45.88999939,0.0,1.0,2
2021-09-15 08:25:00+00:00,1,2.0,2.0,3.0,8,2,0,440.4666748,27.36899948,83.88866425,45.9366684,0.0,2.0,2
2021-09-15 08:30:00+00:00,1,2.0,2.0,3.0,8,2,0,442.43331910000006,27.39466667,83.71633148,45.92333221,0.0,1.0,2
2021-09-15 08:35:00+00:00,1,1.0,2.0,3.0,8,2,0,441.9666748,27.39666748,83.6989975,45.81666565,0.0,1.0,1
2021-09-15 08:40:00+00:00,1,1.0,2.0,3.0,8,2,0,438.8666687,27.43833351,83.54533386,45.86999893,0.0,1.0,2
2021-09-15 08:45:00+00:00,1,1.0,2.0,3.0,8,2,0,440.3225708000001,27.42128944,83.55193329,46.03548431,0.0,1.0,2
2021-09-15 08:50:00+00:00,1,1.0,2.0,2.0,8,2,0,440.8333435,27.49200058,83.28333282,45.94333267,0.0,2.0,2
2021-09-15 08:55:00+00:00,1,1.0,2.0,2.0,8,2,0,435.2069092,27.49551773,83.24861908,45.99655151,0.0,4.0,2
2021-09-15 09:00:00+00:00,1,1.0,2.0,2.0,9,2,0,438.3666687,27.5296669,83.13899994,45.9366684,0.0,2.0,2
2021-09-15 09:05:00+00:00,1,1.0,1.0,2.0,9,2,0,436.8928528,27.56464195,82.94821167,45.77500153,0.0,2.0,2
2021-09-15 09:10:00+00:00,1,1.0,1.0,2.0,9,2,0,437.29998780000005,27.55966759,83.00599670000001,46.18999863,0.0,2.0,2
2021-09-15 09:15:00+00:00,1,1.0,1.0,2.0,9,2,0,435.1000061000001,27.57566643,82.95566559,45.81666565,0.0,1.0,2
2021-09-15 09:20:00+00:00,2,1.0,1.0,2.0,9,2,0,434.2666626,27.56433296,83.0043335,46.14666748,0.0,2.0,2
2021-09-15 09:25:00+00:00,2,1.0,1.0,2.0,9,2,0,437.6000061000001,27.57133293,82.96600342,46.04666519,0.0,2.0,2
2021-09-15 09:30:00+00:00,2,1.0,1.0,2.0,9,2,0,437.1333313,27.58699989,82.88800049,45.93999863,0.0,2.0,2
2021-09-15 09:35:00+00:00,2,1.0,1.0,2.0,9,2,0,434.3666687,27.61300087,82.80966949,45.86333466,0.0,2.0,2
2021-09-15 09:40:00+00:00,2,1.0,1.0,2.0,9,2,0,431.6333313,27.56833267,82.96099854,45.81999969,0.0,3.0,2
2021-09-15 09:45:00+00:00,2,1.0,1.0,2.0,9,2,0,433.7930908,27.55965424,83.01517487,45.91724014,0.0,2.0,2
2021-09-15 09:50:00+00:00,2,2.0,1.0,2.0,9,2,0,433.8333435,27.53566742,83.11266327,45.8433342,0.0,3.0,2
2021-09-15 09:55:00+00:00,2,2.0,1.0,2.0,9,2,0,432.0714416999999,27.5967865,82.8764267,45.57500076,0.0,3.0,2
2021-09-15 10:00:00+00:00,2,2.0,1.0,2.0,10,2,0,431.1000061000001,27.67866707,82.59766388,45.91666794,0.0,3.0,2
2021-09-15 10:05:00+00:00,2,2.0,1.0,1.0,10,2,0,432.4666748,27.67133331,82.58433533,46.08666611,0.0,3.0,2
2021-09-15 10:10:00+00:00,2,2.0,1.0,1.0,10,2,0,435.1000061000001,27.71466637,82.42633057,45.90000153,0.0,3.0,2
2021-09-15 10:15:00+00:00,2,2.0,1.0,1.0,10,2,0,432.5666809,27.68300056,82.56632996,45.87333298,0.0,1.0,2
2021-09-15 10:20:00+00:00,2,2.0,2.0,1.0,10,2,0,432.8666687,27.69766617,82.54066467,46.01333237,0.0,3.0,2
2021-09-15 10:25:00+00:00,2,2.0,2.0,1.0,10,2,0,434.6000061000001,27.71066666,82.47266388,45.87666702,0.0,1.0,2
2021-09-15 10:30:00+00:00,2,2.0,2.0,1.0,10,2,0,434.7666626,27.66633415,82.64366913,45.96333313,0.0,3.0,2
2021-09-15 10:35:00+00:00,1,2.0,2.0,1.0,10,2,0,434.6000061000001,27.75233269,82.34200287,45.93000031,0.0,1.0,2
2021-09-15 10:40:00+00:00,2,2.0,2.0,1.0,10,2,0,434.4827576,27.70931053,82.45207214,45.92068863,0.0,3.0,2
2021-09-15 10:45:00+00:00,2,2.0,2.0,1.0,10,2,0,435.2069092,27.68758583,82.60137939,45.834484100000005,0.0,2.0,2
2021-09-15 10:50:00+00:00,2,2.0,2.0,1.0,10,2,0,434.620697,27.65275955,82.71379089,45.71034622,0.0,2.0,2
2021-09-15 10:55:00+00:00,2,2.0,2.0,1.0,10,2,0,434.7333374,27.6483326,82.73566437,46.26333237,0.0,4.0,2
2021-09-15 11:00:00+00:00,2,2.0,2.0,1.0,11,2,0,435.1000061000001,27.67133331,82.67566681,46.10333252,0.0,2.0,2
2021-09-15 11:05:00+00:00,2,1.0,2.0,1.0,11,2,0,433.0666809,27.67433357,82.6289978,45.95333481,0.0,2.0,0
2021-09-15 11:10:00+00:00,2,2.0,2.0,1.0,11,2,0,433.6000061000001,27.68300056,82.65333557,45.94666672,0.0,1.0,0
2021-09-15 11:15:00+00:00,2,2.0,2.0,1.0,11,2,0,434.0666809,27.69833374,82.56999969,45.87666702,0.0,2.0,0
2021-09-15 11:20:00+00:00,2,2.0,2.0,2.0,11,2,0,433.43331910000006,27.71866608,82.54733276,45.90000153,0.0,1.0,0
2021-09-15 11:25:00+00:00,2,2.0,2.0,2.0,11,2,0,435.3999938999999,27.71266747,82.56600189,45.90000153,0.0,3.0,0
2021-09-15 11:30:00+00:00,2,2.0,2.0,2.0,11,2,0,434.8620605,27.75758553,82.38241577,45.91724014,0.0,2.0,0
2021-09-15 11:35:00+00:00,2,2.0,1.0,2.0,11,2,0,433.4666748,27.6439991,82.80200195,45.99000168,0.0,4.0,0
2021-09-15 11:40:00+00:00,2,2.0,2.0,2.0,11,2,0,434.0714416999999,27.68428612,82.70536041,45.71785736,0.0,2.0,0
2021-09-15 11:45:00+00:00,2,2.0,2.0,2.0,11,2,0,433.3666687,27.6886673,82.66100311,45.91333389,0.0,3.0,0
2021-09-15 11:50:00+00:00,2,2.0,2.0,2.0,11,2,0,431.9666748,27.68600082,82.68066406,45.97000122,0.0,2.0,0
2021-09-15 11:55:00+00:00,2,2.0,2.0,2.0,11,2,0,430.7333374,27.69133377,82.65433502,45.96666718,0.0,4.0,0
2021-09-15 12:00:00+00:00,2,2.0,2.0,2.0,12,2,0,431.0666809,27.68300056,82.70133209,46.24333191,0.0,2.0,0
2021-09-15 12:05:00+00:00,2,2.0,2.0,2.0,12,2,0,433.6000061000001,27.66500092,82.79467009999999,46.12666702,0.0,2.0,0
2021-09-15 12:10:00+00:00,2,2.0,2.0,2.0,12,2,0,432.0666809,27.69433403,82.68333435,45.84666824,0.0,2.0,0
2021-09-15 12:15:00+00:00,2,2.0,2.0,2.0,12,2,0,431.7333374,27.68199921,82.72399902,46.04000092,0.0,2.0,0
2021-09-15 12:20:00+00:00,2,2.0,2.0,2.0,12,2,0,429.7333374,27.67099953,82.76966858,46.06999969,0.0,1.0,0
2021-09-15 12:25:00+00:00,2,2.0,2.0,2.0,12,2,0,429.8620605,27.66241455,82.82896423,45.87931061,0.0,2.0,0
2021-09-15 12:30:00+00:00,2,2.0,2.0,2.0,12,2,0,430.0357056,27.66357231,82.83750153,45.9107132,0.0,1.0,0
2021-09-15 12:35:00+00:00,2,2.0,2.0,1.0,12,2,0,429.8999938999999,27.67766762,82.78900146,46.06666565,0.0,3.0,0
2021-09-15 12:40:00+00:00,2,2.0,2.0,2.0,12,2,0,428.43331910000006,27.66966629,82.82099915,45.88000107,0.0,1.0,0
2021-09-15 12:45:00+00:00,2,2.0,2.0,2.0,12,2,0,428.1666565,27.65966606,82.85433197,46.2266655,0.0,2.0,0
2021-09-15 12:50:00+00:00,2,2.0,2.0,2.0,12,2,0,429.7666626,27.66266632,82.85366821,46.24000168,0.0,1.0,0
2021-09-15 12:55:00+00:00,2,2.0,2.0,2.0,12,2,0,429.6333313,27.67233276,82.80500031,46.38000107,0.0,3.0,0
2021-09-15 13:00:00+00:00,2,2.0,2.0,2.0,13,2,0,431.7333374,27.67133331,82.81632996,46.04000092,0.0,3.0,0
2021-09-15 13:05:00+00:00,0,2.0,2.0,2.0,13,2,0,430.4666748,27.67133331,82.84833527,46.29333496,0.0,2.0,0
2021-09-15 13:10:00+00:00,0,2.0,2.0,2.0,13,2,0,431.5,27.67266655,82.83833313,46.17333221,0.0,2.0,0
2021-09-15 13:15:00+00:00,0,2.0,2.0,2.0,13,2,0,432.8965454,27.69275856,82.76034546,45.96896362,0.0,2.0,0
2021-09-15 13:20:00+00:00,0,2.0,2.0,2.0,13,2,0,431.2857056,27.69142914,82.73000336,45.95714188,0.0,2.0,0
2021-09-15 13:25:00+00:00,0,2.0,2.0,2.0,13,2,0,430.5666809,27.68233299,82.81800079,46.31999969,0.0,2.0,0
2021-09-15 13:30:00+00:00,0,2.0,2.0,2.0,13,2,0,429.1666565,27.71566582,82.72899628,46.48666763,0.0,2.0,0
2021-09-15 13:35:00+00:00,0,0.0,2.0,2.0,13,2,0,429.7666626,27.69533348,82.77999878,46.45666504,0.0,2.0,0
2021-09-15 13:40:00+00:00,0,0.0,2.0,2.0,13,2,0,432.2666626,27.69633293,82.7603302,46.11999893,0.0,2.0,0
2021-09-15 13:45:00+00:00,0,0.0,2.0,2.0,13,2,0,428.5,27.70000076,82.78033447,46.5233345,0.0,2.0,0
2021-09-15 13:50:00+00:00,0,0.0,2.0,2.0,13,2,0,429.79998780000005,27.70366669,82.75599670000001,46.24666595,0.0,2.0,0
2021-09-15 13:55:00+00:00,0,0.0,2.0,2.0,13,2,0,431.0666809,27.71733284,82.72899628,46.3433342,0.0,2.0,0
2021-09-15 14:00:00+00:00,0,0.0,2.0,2.0,14,2,0,430.2666626,27.69033241,82.88400269,46.81666565,0.0,2.0,0
2021-09-15 14:05:00+00:00,0,0.0,0.0,2.0,14,2,0,430.5333252,27.72066689,82.7583313,46.72000122,0.0,2.0,0
2021-09-15 14:10:00+00:00,0,0.0,0.0,2.0,14,2,0,430.5517273,27.7837925,82.55931091,46.70344925,0.0,2.0,0
2021-09-15 14:15:00+00:00,0,0.0,0.0,2.0,14,2,0,429.2142944,27.74321365,82.66285706,46.20714188,0.0,2.0,0
2021-09-15 14:20:00+00:00,0,0.0,0.0,2.0,14,2,0,427.5666809,27.71199989,82.81800079,46.9766655,0.0,2.0,0
2021-09-15 14:25:00+00:00,0,0.0,0.0,2.0,14,2,0,430.1333313,27.72366714,82.77466583,46.48666763,0.0,2.0,0
2021-09-15 14:30:00+00:00,0,0.0,0.0,2.0,14,2,0,429.3333435,27.71666718,82.85600281,47.0233345,0.0,1.0,0
2021-09-15 14:35:00+00:00,0,0.0,0.0,2.0,14,2,0,430.6666565,27.75033379,82.71266937,46.79333496,0.0,1.0,0
2021-09-15 14:40:00+00:00,0,0.0,0.0,2.0,14,2,0,430.1333313,27.74300003,82.72933197,47.24666595,0.0,1.0,0
2021-09-15 14:45:00+00:00,0,0.0,0.0,2.0,14,2,0,429.1000061000001,27.73200035,82.77866364,47.02666855,0.0,1.0,0
2021-09-15 14:50:00+00:00,0,0.0,0.0,2.0,14,2,0,426.29998780000005,27.72066689,82.85199738,47.18999863,0.0,1.0,0
2021-09-15 14:55:00+00:00,0,0.0,0.0,2.0,14,2,0,426.4666748,27.74433327,82.78600311,47.30666733,0.0,1.0,0
2021-09-15 15:00:00+00:00,0,0.0,0.0,2.0,15,2,0,428.241394,27.78517151,82.62758636,47.66896439,0.0,1.0,0
2021-09-15 15:05:00+00:00,0,0.0,0.0,0.0,15,2,0,430.2142944,27.79249954,82.59642792,47.57143021,0.0,1.0,0
2021-09-15 15:10:00+00:00,0,0.0,0.0,0.0,15,2,0,428.6666565,27.74866676,82.77966309,47.73333359,0.0,1.0,0
2021-09-15 15:15:00+00:00,0,0.0,0.0,0.0,15,2,0,429.2000122,27.70933342,82.92766571,47.46666718,0.0,1.0,0
2021-09-15 15:20:00+00:00,0,0.0,0.0,0.0,15,2,0,429.0,27.70733261,82.95066833,48.10666656,0.0,1.0,0
2021-09-15 15:25:00+00:00,0,0.0,0.0,0.0,15,2,0,430.8333435,27.7033329,83.00700378,47.5233345,0.0,1.0,0
2021-09-15 15:30:00+00:00,0,0.0,0.0,0.0,15,2,0,431.5,27.77133369,82.80266571,47.90999985,0.0,1.0,0
2021-09-15 15:35:00+00:00,0,0.0,0.0,0.0,15,2,0,428.3999938999999,27.61533356,77.20966339,48.22000122,0.0,1.0,0
2021-09-15 15:40:00+00:00,0,0.0,0.0,0.0,15,2,0,421.9666748,27.02499962,71.14766693,48.38999939,0.0,1.0,0
2021-09-15 15:45:00+00:00,0,0.0,0.0,0.0,15,2,0,413.1666565,26.50233269,70.62366486,47.84999847,0.0,1.0,0
2021-09-15 15:50:00+00:00,0,0.0,0.0,0.0,15,2,0,412.8999939,26.74433327,74.77933502,48.24333191,0.0,1.0,0
2021-09-15 15:55:00+00:00,0,0.0,0.0,0.0,15,2,0,409.777771,26.51703644,72.65222168,47.59999847,0.48888889,1.0,0
2021-09-15 16:00:00+00:00,0,0.0,0.0,0.0,16,2,0,406.2999878,26.41766739,74.93466949,48.08000183,1.833333373,1.0,0
2021-09-15 16:05:00+00:00,0,0.0,0.0,0.0,16,2,0,407.5333252,26.55866623,75.86833191,48.46333313,3.386666775,1.0,0
2021-09-15 16:10:00+00:00,0,0.0,0.0,0.0,16,2,0,407.1333313,26.15299988,74.4383316,48.89333344,4.896666527,1.0,0
2021-09-15 16:15:00+00:00,0,0.0,0.0,0.0,16,2,0,404.2999878,26.54833412,77.29933167,47.87666702,5.273333549,1.0,0
2021-09-15 16:20:00+00:00,0,0.0,0.0,0.0,16,2,0,408.3333435,26.53866577,75.3156662,48.46666718,5.766666889,1.0,0
2021-09-15 16:25:00+00:00,0,0.0,0.0,0.0,16,2,0,401.6666565,26.24933243,75.74666595,48.38333511,5.980000018999999,1.0,0
2021-09-15 16:30:00+00:00,0,0.0,0.0,0.0,16,2,0,403.8666687,26.576334000000003,78.52700043,49.93999863,6.239999771,1.0,0
2021-09-15 16:35:00+00:00,0,0.0,0.0,0.0,16,2,0,404.8666687,26.30066681,76.05899811,50.90000153,7.183333397,1.0,0
2021-09-15 16:40:00+00:00,0,0.0,0.0,0.0,16,2,0,404.3333435,26.2840004,77.430336,51.06999969,8.043333054,1.0,0
2021-09-15 16:45:00+00:00,0,0.0,0.0,0.0,16,2,0,401.34481810000005,26.61861992,78.42793274,50.65517426,9.375862122,1.0,0
2021-09-15 16:50:00+00:00,0,0.0,0.0,0.0,16,2,0,404.6785583,26.15250015,75.29750061,49.72499847,10.36071396,1.0,0
2021-09-15 16:55:00+00:00,0,0.0,0.0,0.0,16,2,0,404.1000061,26.23966599,77.36499786,48.9766655,11.46666622,1.0,0
2021-09-15 17:00:00+00:00,0,0.0,0.0,0.0,17,2,0,405.0333252,26.4766674,78.40066528,48.51333237,12.3166666,1.0,0
2021-09-15 17:05:00+00:00,0,0.0,0.0,0.0,17,2,0,405.4333191,26.03933334,75.51333618,49.19333267,13.90999985,1.0,0
2021-09-15 17:10:00+00:00,0,0.0,0.0,0.0,17,2,0,401.7000122,26.15500069,77.94166565,48.71333313,14.60000038,1.0,0
2021-09-15 17:15:00+00:00,0,0.0,0.0,0.0,17,2,0,402.3333435,26.40533257,78.444664,48.49000168,15.63000011,1.0,0
2021-09-15 17:20:00+00:00,0,0.0,0.0,0.0,17,2,0,402.6000061,26.03533363,75.805336,48.61999893,16.83333397,1.0,0
2021-09-15 17:25:00+00:00,0,0.0,0.0,0.0,17,2,0,401.8666687,26.10566711,78.07433319,49.26333237,17.76666641,1.0,0
2021-09-15 17:30:00+00:00,0,0.0,0.0,0.0,17,2,0,404.0666809,26.38800049,79.06033325,49.02666855,18.89666748,1.0,0
2021-09-15 17:35:00+00:00,0,0.0,0.0,0.0,17,2,0,405.8965454,26.0362072,75.95552063,48.4758606,21.30689621,1.0,0
2021-09-15 17:40:00+00:00,0,0.0,0.0,0.0,17,2,0,402.75,26.07678604,77.15000153,49.00357056,24.38928604,1.0,0
2021-09-15 17:45:00+00:00,0,0.0,0.0,0.0,17,2,0,401.8999939,26.37166595,79.569664,48.50666809,24.11666679,1.0,0
2021-09-15 17:50:00+00:00,0,0.0,0.0,0.0,17,2,0,405.3666687,26.17700005,77.60299683,48.67666626,25.35666656,1.0,0
2021-09-15 17:55:00+00:00,0,0.0,0.0,0.0,17,2,0,404.1000061,26.02799988,77.07033539,48.84000015,25.95666695,1.0,0
2021-09-15 18:00:00+00:00,0,0.0,0.0,0.0,18,2,0,405.3999939,26.24166679,78.50866699,48.58666611,28.17333412,1.0,0
2021-09-15 18:05:00+00:00,0,0.0,0.0,0.0,18,2,0,404.1666565,26.31966591,77.94633484,48.45999908,24.2966671,1.0,0
2021-09-15 18:10:00+00:00,0,0.0,0.0,0.0,18,2,0,402.0666809,25.98333359,75.70999908,48.94333267,26.44000053,1.0,0
2021-09-15 18:15:00+00:00,0,0.0,0.0,0.0,18,2,0,405.2999878,26.19666672,78.54533386,48.34666824,27.95999908,1.0,0
2021-09-15 18:20:00+00:00,0,0.0,0.0,0.0,18,2,0,403.1000061,26.45599937,79.27633667,48.40333176,25.51000023,1.0,0
2021-09-15 18:25:00+00:00,0,0.0,0.0,0.0,18,2,0,401.1666565,26.02133369,76.2603302,47.98333359,22.41666603,1.0,0
2021-09-15 18:30:00+00:00,0,0.0,0.0,0.0,18,2,0,401.5925903,26.05999947,77.54370117,48.19629669,20.52592659,1.0,0
2021-09-15 18:35:00+00:00,0,0.0,0.0,0.0,18,2,0,401.4333191,26.29999924,79.76667023,48.68000031,23.13999939,1.0,0
2021-09-15 18:40:00+00:00,0,0.0,0.0,0.0,18,2,0,401.6666565,26.26300049,78.39633179,48.39333344,23.52000046,1.0,0
2021-09-15 18:45:00+00:00,0,0.0,0.0,0.0,18,2,0,400.0,25.94166756,76.68966675,48.31999969,27.64666748,1.0,0
2021-09-15 18:50:00+00:00,0,0.0,0.0,0.0,18,2,0,400.0,26.13033295,79.09400177,48.73333359,22.44333267,1.0,0
2021-09-15 18:55:00+00:00,0,0.0,0.0,0.0,18,2,0,400.2000122,26.33499908,81.48566437,48.61999893,23.67333412,1.0,0
2021-09-15 19:00:00+00:00,0,0.0,0.0,0.0,19,2,0,400.4333191,26.00099945,77.32499695,48.61000061,26.2033329,1.0,0
2021-09-15 19:05:00+00:00,0,0.0,0.0,0.0,19,2,0,401.6000061,26.05533409,78.60933685,48.48666763,26.59000015,1.0,0
2021-09-15 19:10:00+00:00,0,0.0,0.0,0.0,19,2,0,403.5,26.30733299,80.53099823,48.47999954,26.62999916,1.0,0
2021-09-15 19:15:00+00:00,0,0.0,0.0,0.0,19,2,0,407.6875,26.25468826,78.10343933,48.67812347,25.65625,1.0,0
2021-09-15 19:20:00+00:00,0,0.0,0.0,0.0,19,2,0,403.9285583,25.91357231,77.16928864,48.4642868,25.78928566,1.0,0
2021-09-15 19:25:00+00:00,0,0.0,0.0,0.0,19,2,0,404.1379395,26.18275833,79.90379333,48.29310226,22.22758675,1.0,0
2021-09-15 19:30:00+00:00,0,0.0,0.0,0.0,19,2,0,405.3999939,26.35199928,81.52899933,48.72999954,26.02666664,1.0,0
2021-09-15 19:35:00+00:00,0,0.0,0.0,0.0,19,2,0,404.4333191,26.0720005,76.82133484,48.77000046,22.81333351,1.0,0
2021-09-15 19:40:00+00:00,0,0.0,0.0,0.0,19,2,0,402.3999939,26.02099991,78.48566437,48.65333176,25.40999985,1.0,0
2021-09-15 19:45:00+00:00,0,0.0,0.0,0.0,19,2,0,403.6000061,26.26633263,80.47000122,48.25999832,24.85000038,1.0,0
2021-09-15 19:50:00+00:00,0,0.0,0.0,0.0,19,2,0,404.5666809,26.22133255,79.0103302,48.36333466,18.39333344,1.0,0
2021-09-15 19:55:00+00:00,0,0.0,0.0,0.0,19,2,0,404.5666809,25.92033386,77.40032959,48.87666702,20.39999962,1.0,0
2021-09-15 20:00:00+00:00,0,0.0,0.0,0.0,20,2,0,403.1333313,26.18666649,79.97399902,48.40333176,21.37333298,1.0,0
2021-09-15 20:05:00+00:00,0,0.0,0.0,0.0,20,2,0,404.1000061,26.41699982,80.09700012,48.50999832,23.30999947,1.0,0
2021-09-15 20:10:00+00:00,0,0.0,0.0,0.0,20,2,0,403.8666687,26.112333300000003,76.49266815,48.86333466,24.53000069,1.0,0
2021-09-15 20:15:00+00:00,0,0.0,0.0,0.0,20,2,0,400.0370483,26.16777802,78.96740723,48.27037048,27.56296349,1.0,0
2021-09-15 20:20:00+00:00,0,0.0,0.0,0.0,20,2,0,400.0,26.29166603,80.39800262,49.95000076,26.96333313,1.0,0
2021-09-15 20:25:00+00:00,0,0.0,0.0,0.0,20,2,0,400.0666809,26.31299973,82.27666473,48.6566658,27.50333405,1.0,0
2021-09-15 20:30:00+00:00,0,0.0,0.0,0.0,20,2,0,400.2999878,26.31033325,77.11599731,48.51666641,26.98999977,1.0,0
2021-09-15 20:35:00+00:00,0,0.0,0.0,0.0,20,2,0,400.0,26.03766632,78.27266693,48.09000015,20.19000053,1.0,0
2021-09-15 20:40:00+00:00,0,0.0,0.0,0.0,20,2,0,400.2999878,26.26833344,80.46633148,48.40000153,15.86999989,1.0,0
2021-09-15 20:45:00+00:00,0,0.0,0.0,0.0,20,2,0,401.0666809,26.64900017,81.68733215,48.12333298,16.64999962,1.0,0
2021-09-15 20:50:00+00:00,0,0.0,0.0,0.0,20,2,0,402.2666626,26.69433403,82.35266876,48.05333328,16.32333374,1.0,0
2021-09-15 20:55:00+00:00,0,0.0,0.0,0.0,20,2,0,402.8333435,26.29033279,76.40266418,48.61000061,14.5,1.0,0
2021-09-15 21:00:00+00:00,0,0.0,0.0,0.0,21,2,0,400.3666687,26.11066628,76.43066406,47.88999939,10.51666641,1.0,0
2021-09-15 21:05:00+00:00,0,0.0,0.0,0.0,21,2,0,400.0370483,26.3448143,78.99888611,47.56296158,10.23333359,1.0,0
2021-09-15 21:10:00+00:00,0,0.0,0.0,0.0,21,2,0,403.8709717,26.45999908,79.44548035,49.20645142,14.63548374,1.0,0
2021-09-15 21:15:00+00:00,0,0.0,0.0,0.0,21,2,0,401.8999939,26.10866737,75.6843338,48.62333298,14.1366663,1.0,0
2021-09-15 21:20:00+00:00,0,0.0,0.0,0.0,21,2,0,405.5333252,26.25933266,76.62533569,48.38000107,16.37000084,1.0,0
2021-09-15 21:25:00+00:00,0,0.0,0.0,0.0,21,2,0,405.7333374,26.45266724,77.77233124,48.77000046,16.42000008,1.0,0
2021-09-15 21:30:00+00:00,0,0.0,0.0,0.0,21,2,0,404.8333435,26.46233368,78.42966461,48.51666641,17.90333366,1.0,0
2021-09-15 21:35:00+00:00,0,0.0,0.0,0.0,21,2,0,405.2333374,26.07600021,76.63700104,47.84999847,14.10999966,1.0,0
2021-09-15 21:40:00+00:00,0,0.0,0.0,0.0,21,2,0,408.0333252,26.42433357,77.06300354,48.37666702,13.3866663,1.0,0
2021-09-15 21:45:00+00:00,0,0.0,0.0,0.0,21,2,0,407.0666809,26.5890007,79.00933075,48.68000031,15.29333305,1.0,0
2021-09-15 21:50:00+00:00,0,0.0,0.0,0.0,21,2,0,404.7333374,26.30633354,76.55899811,49.37333298,12.15666676,1.0,0
2021-09-15 21:55:00+00:00,0,0.0,0.0,0.0,21,2,0,405.6785583,26.18321419,77.27428436,53.94285583,45.63571548,1.0,0
2021-09-15 22:00:00+00:00,0,0.0,0.0,0.0,22,2,0,417.9655151,26.28310394,79.43792725,51.90000153,74.64827728,1.0,0
2021-09-15 22:05:00+00:00,0,0.0,0.0,0.0,22,2,0,440.2333374,26.49099922,79.93566895,54.52999878,27.91666603,1.0,0
2021-09-15 22:10:00+00:00,0,0.0,0.0,0.0,22,2,0,459.5666809,26.29166603,75.12266541,56.75333405,16.5233326,1.0,0
2021-09-15 22:15:00+00:00,0,0.0,0.0,0.0,22,2,0,466.5333252,26.375,77.73233032,57.74666595,11.85999966,1.0,0
2021-09-15 22:20:00+00:00,0,0.0,0.0,0.0,22,2,0,472.93331910000006,26.50533295,80.71299744,55.87666702,15.98999977,1.0,0
2021-09-15 22:25:00+00:00,0,0.0,0.0,0.0,22,2,0,475.8666687,26.53866577,79.81933594,56.73333359,16.47333336,1.0,0
2021-09-15 22:30:00+00:00,0,0.0,0.0,0.0,22,2,0,473.4666748,26.37599945,75.30066681,53.18333435,20.30999947,1.0,0
2021-09-15 22:35:00+00:00,0,0.0,0.0,0.0,22,2,0,473.8333435,26.46033287,78.30899811,56.04666519,21.02000046,1.0,0
2021-09-15 22:40:00+00:00,0,0.0,0.0,0.0,22,2,0,466.79998780000005,26.52833366,79.52500153,56.22000122,21.7733326,1.0,0
2021-09-15 22:45:00+00:00,0,0.0,0.0,0.0,22,2,0,463.3999938999999,26.32133293,74.1989975,56.45333481,21.89333344,1.0,0
2021-09-15 22:50:00+00:00,0,0.0,0.0,0.0,22,2,0,465.7037048,26.45777702,77.53555298,55.48888779,22.32592583,1.0,0
2021-09-15 22:55:00+00:00,0,0.0,0.0,0.0,22,2,0,471.3999938999999,26.64733315,79.45633698,57.27000046,22.00666618,1.0,0
2021-09-15 23:00:00+00:00,0,0.0,0.0,0.0,23,2,0,466.5333252,26.38666725,73.45899963,56.11999893,20.28666687,1.0,0
2021-09-15 23:05:00+00:00,0,0.0,0.0,0.0,23,2,0,463.9666748,26.34399986,74.08567047,55.58000183,20.15333366,1.0,0
2021-09-15 23:10:00+00:00,0,0.0,0.0,0.0,23,2,0,463.5,26.54966736,78.5039978,53.20666504,20.69333267,1.0,0
2021-09-15 23:15:00+00:00,0,0.0,0.0,0.0,23,2,0,470.6333313,26.576334000000003,79.48166656,51.84999847,19.00333405,1.0,0
2021-09-15 23:20:00+00:00,0,0.0,0.0,0.0,23,2,0,470.5,26.42833328,74.51266479,57.84333420000001,12.09333324,1.0,0
2021-09-15 23:25:00+00:00,0,0.0,0.0,0.0,23,2,0,467.6666565,26.56399918,77.45166779,56.67333221,11.02333355,1.0,0
2021-09-15 23:30:00+00:00,0,0.0,0.0,0.0,23,2,0,473.8666687,26.71933365,80.52566528,55.07333374,10.14999962,1.0,0
2021-09-15 23:35:00+00:00,0,0.0,0.0,0.0,23,2,0,475.3666687,26.590999600000004,77.63066864,51.30333328,9.039999962,1.0,0
2021-09-15 23:40:00+00:00,0,0.0,0.0,0.0,23,2,0,476.8571472,26.43107224,75.87321472,53.40714264,8.12142849,1.0,0
2021-09-15 23:45:00+00:00,0,0.0,0.0,0.0,23,2,0,476.9310303,26.67896461,79.89517212,55.99310303,8.234482765,1.0,0
2021-09-15 23:50:00+00:00,0,0.0,0.0,0.0,23,2,0,482.0666809,26.62199974,78.18399811,55.52999878,8.473333359,1.0,0
2021-09-15 23:55:00+00:00,0,0.0,0.0,0.0,23,2,0,481.93331910000006,26.41200066,74.29266357,54.67333221,12.64999962,1.0,0
2021-09-16 00:00:00+00:00,0,0.0,0.0,0.0,0,3,0,479.5,26.61700058,78.54233551,54.16333389,10.83333302,1.0,0
2021-09-16 00:05:00+00:00,0,0.0,0.0,0.0,0,3,0,476.4666748,26.76466751,81.00700378,55.54333496,10.0,1.0,0
2021-09-16 00:10:00+00:00,0,0.0,0.0,0.0,0,3,0,483.0,26.57866669,76.58567047,59.13333511,8.449999809,1.0,0
2021-09-16 00:15:00+00:00,0,0.0,0.0,0.0,0,3,0,487.5,26.46033287,73.75033569,56.2266655,7.03666687,1.0,0
2021-09-16 00:20:00+00:00,0,0.0,0.0,0.0,0,3,0,482.8666687,26.5953331,78.30599976,55.09666824,7.059999942999999,1.0,0
2021-09-16 00:25:00+00:00,0,0.0,0.0,0.0,0,3,0,486.6333313,26.57933426,78.85900116,53.78333282,8.056666374,1.0,0
2021-09-16 00:30:00+00:00,0,0.0,0.0,0.0,0,3,0,481.2142944,26.3557148,74.73321533,54.5357132,13.00357151,1.0,0
2021-09-16 00:35:00+00:00,0,0.0,0.0,0.0,0,3,0,475.5517273,26.5531044,78.70689392,55.19310379,16.91724205,1.0,0
2021-09-16 00:40:00+00:00,0,0.0,0.0,0.0,0,3,0,481.3666687,26.67466736,80.23633575,54.55666733,18.33666611,1.0,0
2021-09-16 00:45:00+00:00,0,0.0,0.0,0.0,0,3,0,480.1666565,26.4936676,74.41366577,52.73333359,19.2733326,1.0,0
2021-09-16 00:50:00+00:00,0,0.0,0.0,0.0,0,3,0,477.3666687,26.49900055,76.24299622,51.52999878,16.71333313,1.0,0
2021-09-16 00:55:00+00:00,0,0.0,0.0,0.0,0,3,0,470.5333252,26.58499908,79.97467041,53.44666672,13.73666668,1.0,0
2021-09-16 01:00:00+00:00,0,0.0,0.0,0.0,1,3,0,473.6666565,26.54800034,78.89199829,59.10666656,12.43000031,1.0,0
2021-09-16 01:05:00+00:00,0,0.0,0.0,0.0,1,3,0,478.3666687,26.39333344,74.06199646,58.85333252,11.36999989,1.0,0
2021-09-16 01:10:00+00:00,0,0.0,0.0,0.0,1,3,0,474.8666687,26.49600029,77.75733185,54.99000168,12.75666714,1.0,0
2021-09-16 01:15:00+00:00,0,0.0,0.0,0.0,1,3,0,471.0333252,26.59433365,80.84466553,53.26333237,14.8166666,1.0,0
2021-09-16 01:20:00+00:00,0,0.0,0.0,0.0,1,3,0,472.3333435,26.55133247,77.88866425,52.79999924,14.55666637,1.0,0
2021-09-16 01:25:00+00:00,0,0.0,0.0,0.0,1,3,0,471.75,26.44499969,74.34107208,52.61071396,13.90357113,1.0,0
2021-09-16 01:30:00+00:00,0,0.0,0.0,0.0,1,3,0,463.7241516,26.62034416,78.02689362,53.50344849,13.38620663,1.0,0
2021-09-16 01:35:00+00:00,0,0.0,0.0,0.0,1,3,0,463.0666809,26.75399971,80.81033325,53.47333145,13.35666656,1.0,0
2021-09-16 01:40:00+00:00,0,0.0,0.0,0.0,1,3,0,462.29998780000005,26.54199982,76.07466888,51.71333313,12.56000042,1.0,0
2021-09-16 01:45:00+00:00,0,0.0,0.0,0.0,1,3,0,465.1333313,26.38599968,74.50866699,52.13666534,11.94999981,1.0,0
2021-09-16 01:50:00+00:00,0,0.0,0.0,0.0,1,3,0,461.6000061000001,26.57299995,78.6230011,50.75666809,10.68999958,1.0,0
2021-09-16 01:55:00+00:00,0,0.0,0.0,0.0,1,3,0,443.3666687,26.60466576,80.53067017,49.4066658,9.273333549,1.0,0
2021-09-16 02:00:00+00:00,0,0.0,0.0,0.0,2,3,0,424.8999938999999,26.37199974,74.59666443,49.20999908,6.906666756,1.0,0
2021-09-16 02:05:00+00:00,0,0.0,0.0,0.0,2,3,0,416.6000061,26.39500046,76.59766388,48.75999832,4.836666584,1.0,0
2021-09-16 02:10:00+00:00,0,0.0,0.0,0.0,2,3,0,413.9333191,26.51399994,80.48133087,49.17333221,3.046666622,1.0,0
2021-09-16 02:15:00+00:00,0,0.0,0.0,0.0,2,3,0,412.75,26.57464218,81.92821503,48.6071434,0.585714281,1.0,0
2021-09-16 02:20:00+00:00,0,0.0,0.0,0.0,2,3,0,410.620697,26.64448357,81.85965729,49.62758636,0.048275862,1.0,0
2021-09-16 02:25:00+00:00,0,0.0,0.0,0.0,2,3,0,404.7666626,26.44599915,76.54233551,49.86999893,0.0,1.0,0
2021-09-16 02:30:00+00:00,0,0.0,0.0,0.0,2,3,0,403.4666748,26.31999969,77.26300049,49.73666763,0.0,1.0,0
2021-09-16 02:35:00+00:00,0,0.0,0.0,0.0,2,3,0,404.1000061,26.50499916,79.43333435,49.3433342,0.0,1.0,0
2021-09-16 02:40:00+00:00,0,0.0,0.0,0.0,2,3,0,401.7666626,26.5890007,80.40200043,49.79999924,0.0,1.0,0
2021-09-16 02:45:00+00:00,0,0.0,0.0,0.0,2,3,0,402.4666748,26.18033409,76.02233124,48.99000168,0.0,1.0,0
2021-09-16 02:50:00+00:00,0,0.0,0.0,0.0,2,3,0,405.3333435,26.26099968,76.02999878,48.97999954,0.0,1.0,0
2021-09-16 02:55:00+00:00,0,0.0,0.0,0.0,2,3,0,406.6000061,26.49966621,77.90733337,48.80333328,0.0,1.0,0
2021-09-16 03:00:00+00:00,0,0.0,0.0,0.0,3,3,0,405.7666626,26.60633278,80.26933289,49.03666687,0.0,1.0,0
2021-09-16 03:05:00+00:00,0,0.0,0.0,0.0,3,3,0,405.6785583,26.43571472,76.49214172,49.9821434,0.735714257,1.0,0
2021-09-16 03:10:00+00:00,0,0.0,0.0,0.0,3,3,0,409.7000122,26.20033264,75.70200348,50.71666718,3.329999924,1.0,0
2021-09-16 03:15:00+00:00,0,0.0,0.0,0.0,3,3,0,417.4137878,26.36103439,80.16586304,50.90689468,3.065517187,1.0,0
2021-09-16 03:20:00+00:00,0,0.0,0.0,0.0,3,3,0,423.0333252,26.47766685,81.69566345,48.89333344,3.210000038,1.0,0
2021-09-16 03:25:00+00:00,0,0.0,0.0,0.0,3,3,0,423.4666748,26.36166573,75.81533051,49.13666534,3.186666727,1.0,0
2021-09-16 03:30:00+00:00,0,0.0,0.0,0.0,3,3,0,421.1333313,26.29700089,76.20633698,48.86666489,3.210000038,1.0,0
2021-09-16 03:35:00+00:00,0,0.0,0.0,0.0,3,3,0,424.29998780000005,26.58666611,79.91533661,48.40999985,3.1700000760000004,1.0,0
2021-09-16 03:40:00+00:00,0,0.0,0.0,0.0,3,3,0,423.3666687,26.65500069,78.22399902,48.60666656,3.079999924,1.0,0
2021-09-16 03:45:00+00:00,0,0.0,0.0,0.0,3,3,0,418.7999878,26.45966721,74.44599915,49.36000061,3.116666555,1.0,0
2021-09-16 03:50:00+00:00,0,0.0,0.0,0.0,3,3,0,423.2333374,26.46733284,77.89299774,49.48666763,3.106666565,1.0,0
2021-09-16 03:55:00+00:00,0,0.0,0.0,0.0,3,3,0,423.9642944,26.60821342,80.55285645,49.35357285,3.146428585,1.0,0
2021-09-16 04:00:00+00:00,0,0.0,0.0,0.0,4,3,0,422.3999938999999,26.6566658,80.49466705,50.82333374,3.140000105,1.0,5
2021-09-16 04:05:00+00:00,0,0.0,0.0,0.0,4,3,0,421.7930908,26.24206924,76.34344482,50.51724243,3.093103409,1.0,8
2021-09-16 04:10:00+00:00,0,0.0,0.0,0.0,4,3,0,423.3999938999999,26.37966728,76.71966553,49.73666763,3.079999924,1.0,8
2021-09-16 04:15:00+00:00,0,0.0,0.0,0.0,4,3,0,422.4666748,26.71633339,79.64700317,50.04999924,3.106666565,1.0,9
2021-09-16 04:20:00+00:00,0,0.0,0.0,0.0,4,3,0,425.2000122,26.82900047,81.45800018,49.36000061,3.099999905,1.0,9
2021-09-16 04:25:00+00:00,0,0.0,0.0,0.0,4,3,0,423.1333313,26.54166603,78.3646698,49.24666595,3.113333225,1.0,9
2021-09-16 04:30:00+00:00,0,0.0,0.0,0.0,4,3,0,420.79998780000005,26.38433266,76.04933167,49.31666565,3.123333216,1.0,9
2021-09-16 04:35:00+00:00,0,0.0,0.0,0.0,4,3,0,423.7000122,26.61533356,79.21566772,48.62666702,3.106666565,1.0,9
2021-09-16 04:40:00+00:00,0,0.0,0.0,0.0,4,3,0,424.3333435,26.58733368,79.36933136,48.75666809,3.123333216,1.0,9
2021-09-16 04:45:00+00:00,0,0.0,0.0,0.0,4,3,0,424.0666809,26.30466652,76.06700134,48.10333252,3.076666594,1.0,9
2021-09-16 04:50:00+00:00,0,0.0,0.0,0.0,4,3,0,428.2142944,26.56607056,78.39107513,47.85357285,2.950000048,1.0,9
2021-09-16 04:55:00+00:00,0,0.0,0.0,0.0,4,3,0,421.5,26.64033318,80.39333344,50.20666504,3.123333216,1.0,9
2021-09-16 05:00:00+00:00,0,0.0,0.0,0.0,5,3,0,422.4482727,26.43413734,75.63310242,52.64827728,2.951724052,1.0,9
2021-09-16 05:05:00+00:00,0,0.0,0.0,0.0,5,3,0,423.29998780000005,26.5170002,78.41633606,48.64666748,3.109999895,1.0,9
2021-09-16 05:10:00+00:00,0,0.0,0.0,0.0,5,3,0,424.0333252,26.67666626,81.14866638,47.84999847,3.126666784,2.0,9
2021-09-16 05:15:00+00:00,0,0.0,0.0,0.0,5,3,0,423.1666565,26.47400093,77.04100037,48.31666565,3.166666746,1.0,10
2021-09-16 05:20:00+00:00,0,0.0,0.0,0.0,5,3,0,424.2000122,26.41466713,76.44599915,48.0233345,3.076666594,1.0,9
2021-09-16 05:25:00+00:00,0,0.0,0.0,0.0,5,3,0,424.8666687,26.62633324,80.25866699,49.03666687,3.160000086,2.0,10
2021-09-16 05:30:00+00:00,0,0.0,0.0,0.0,5,3,0,425.9666748,26.67733383,80.16266632,50.18000031,3.150000095,1.0,10
2021-09-16 05:35:00+00:00,0,0.0,0.0,0.0,5,3,0,424.7666626,26.60933304,79.59666443,49.95000076,3.099999905,1.0,10
2021-09-16 05:40:00+00:00,0,0.0,0.0,0.0,5,3,0,428.5714416999999,26.73285675,81.78356934,49.63214111,3.032142878,2.0,10
2021-09-16 05:45:00+00:00,0,0.0,0.0,0.0,5,3,0,431.0666809,26.87966728,82.41699982,49.20000076,3.053333282,1.0,10
2021-09-16 05:50:00+00:00,0,0.0,0.0,0.0,5,3,0,440.0344849,26.97413826,82.00827789,48.4275856,3.099999905,4.0,10
2021-09-16 05:55:00+00:00,0,0.0,0.0,0.0,5,3,0,448.9666748,27.01766586,81.80599976,48.31000137,3.099999905,3.0,10
2021-09-16 06:00:00+00:00,5,0.0,0.0,0.0,6,3,0,452.5333252,27.08699989,81.53932953,48.09666824,2.99333334,8.0,10
2021-09-16 06:05:00+00:00,8,0.0,0.0,0.0,6,3,0,455.93331910000006,27.18233299,81.23999786,48.66999817,2.933333397,10.0,10
2021-09-16 06:10:00+00:00,8,0.0,0.0,0.0,6,3,0,462.5666809,27.20433426,81.10733032,49.88999939,2.933333397,3.0,10
2021-09-16 06:15:00+00:00,9,0.0,0.0,0.0,6,3,0,464.7000122,27.22166634,81.11499786,49.40333176,2.9066667560000004,6.0,10
2021-09-16 06:20:00+00:00,9,0.0,0.0,0.0,6,3,0,472.43331910000006,27.27066612,81.01799774,49.41666794,2.933333397,6.0,10
2021-09-16 06:25:00+00:00,9,0.0,0.0,0.0,6,3,0,481.7000122,27.33133316,80.96333313,50.65333176,2.933333397,7.0,10
2021-09-16 06:30:00+00:00,9,5.0,0.0,0.0,6,3,0,491.9642944,27.40714264,80.59249878,48.16785812,3.035714388,6.0,10
2021-09-16 06:35:00+00:00,9,8.0,0.0,0.0,6,3,0,499.8333435,27.46466637,80.49700165,48.13000107,3.0666666030000003,5.0,10
2021-09-16 06:40:00+00:00,9,8.0,0.0,0.0,6,3,0,503.3999938999999,27.50200081,80.42199707,47.14666748,2.900000095,7.0,10
2021-09-16 06:45:00+00:00,9,9.0,0.0,0.0,6,3,0,508.6551819,27.43413734,80.63103485,47.21379471,2.900000095,5.0,10
2021-09-16 06:50:00+00:00,9,9.0,0.0,0.0,6,3,0,515.8666382,27.53566742,80.42299652,47.85666656,2.900000095,7.0,5
2021-09-16 06:55:00+00:00,9,9.0,0.0,0.0,6,3,0,527.5333252,27.56500053,80.30366516,49.0633316,1.4566667080000002,3.0,6
2021-09-16 07:00:00+00:00,9,9.0,5.0,0.0,7,3,0,527.0999756,27.44799995,80.80599976,47.21666718,0.0,6.0,9
2021-09-16 07:05:00+00:00,9,9.0,8.0,0.0,7,3,0,523.0333252,27.52366638,80.66200256,47.07333374,0.0,7.0,9
2021-09-16 07:10:00+00:00,9,9.0,8.0,0.0,7,3,0,519.5666504,27.60133362,80.34967041,47.6566658,0.0,5.0,9
2021-09-16 07:15:00+00:00,10,9.0,9.0,0.0,7,3,0,516.0666504,27.47766685,80.75133514,47.56666565,0.0,9.0,9
2021-09-16 07:20:00+00:00,9,9.0,9.0,0.0,7,3,0,516.0,27.421667100000004,80.97000122,47.20000076,0.0,10.0,9
2021-09-16 07:25:00+00:00,10,9.0,9.0,0.0,7,3,0,514.3214111000001,27.42749977,80.97678375,46.9107132,0.0,9.0,9
2021-09-16 07:30:00+00:00,10,9.0,9.0,0.0,7,3,0,516.7666626,27.51633263,80.67866516,48.37666702,0.0,6.0,9
2021-09-16 07:35:00+00:00,10,9.0,9.0,0.0,7,3,0,516.2758789,27.45724106,80.97551727,46.41379166,0.0,6.0,9
2021-09-16 07:40:00+00:00,10,9.0,9.0,0.0,7,3,0,512.4666748,27.3813324,81.29833221,46.38999939,0.0,5.0,9
2021-09-16 07:45:00+00:00,10,10.0,9.0,0.0,7,3,0,510.4666748,27.31966591,81.55133057,46.05333328,0.0,7.0,9
2021-09-16 07:50:00+00:00,10,9.0,9.0,0.0,7,3,0,508.43331910000006,27.2456665,81.83899689,46.20000076,0.0,7.0,5
2021-09-16 07:55:00+00:00,10,10.0,9.0,0.0,7,3,0,506.6000061000001,27.18166733,82.12133026,46.09666824,0.0,7.0,2
2021-09-16 08:00:00+00:00,10,10.0,9.0,5.0,8,3,0,505.2333374,27.18566704,82.15633392,45.98666763,0.0,5.0,1
2021-09-16 08:05:00+00:00,10,10.0,9.0,8.0,8,3,0,505.7666626,27.17666626,82.1966629,45.88000107,0.0,7.0,1
2021-09-16 08:10:00+00:00,10,10.0,9.0,8.0,8,3,0,506.3999938999999,27.24233246,81.95333099,45.95666504,0.0,9.0,1
2021-09-16 08:15:00+00:00,10,10.0,10.0,9.0,8,3,0,504.3571472,27.25178528,81.91750336,45.75714111,0.0,6.0,1
2021-09-16 08:20:00+00:00,10,10.0,9.0,9.0,8,3,0,504.79998780000005,27.27933311,81.83433533,46.13333511,0.0,6.0,1
2021-09-16 08:25:00+00:00,10,10.0,10.0,9.0,8,3,0,502.9666748,27.3239994,81.70300293,46.28666687,0.0,4.0,1
2021-09-16 08:30:00+00:00,10,10.0,10.0,9.0,8,3,0,500.3103333000001,27.3768959,81.54103088,45.96551895,0.0,4.0,0
2021-09-16 08:35:00+00:00,10,10.0,10.0,9.0,8,3,0,502.8333435,27.39733315,81.48699951,45.91666794,0.0,6.0,0
2021-09-16 08:40:00+00:00,10,10.0,10.0,9.0,8,3,0,500.7333374,27.39066696,81.53600311,45.79333496,0.0,4.0,0
2021-09-16 08:45:00+00:00,10,10.0,10.0,9.0,8,3,0,496.2666626,27.40366745,81.50966644,45.95666504,0.0,5.0,0
2021-09-16 08:50:00+00:00,5,10.0,10.0,9.0,8,3,0,491.5,27.44166756,81.3710022,46.06999969,0.0,6.0,0
2021-09-16 08:55:00+00:00,6,10.0,10.0,9.0,8,3,0,495.0333252,27.4489994,81.35266876,45.92333221,0.0,6.0,0
2021-09-16 09:00:00+00:00,9,10.0,10.0,9.0,9,3,0,493.8999938999999,27.43400002,81.39433289,46.17333221,0.0,11.0,0
2021-09-16 09:05:00+00:00,9,10.0,10.0,9.0,9,3,0,495.1785583000001,27.42714310000001,81.44107056,45.96071243,0.0,5.0,0
2021-09-16 09:10:00+00:00,9,10.0,10.0,9.0,9,3,0,493.93331910000006,27.46933365,81.28900146,46.08000183,0.0,7.0,2
2021-09-16 09:15:00+00:00,9,10.0,10.0,10.0,9,3,0,491.79998780000005,27.49966621,81.12733459,46.43333435,0.0,4.0,2
2021-09-16 09:20:00+00:00,9,5.0,10.0,9.0,9,3,0,488.5172424,27.49586296,81.17172241,46.03792953,0.0,10.0,2
2021-09-16 09:25:00+00:00,9,6.0,10.0,10.0,9,3,0,489.6333313,27.48566628,81.19633484,45.86666489,0.0,6.0,2
2021-09-16 09:30:00+00:00,9,9.0,10.0,10.0,9,3,0,487.5,27.45700073,81.31233215,46.05333328,0.0,8.0,2
2021-09-16 09:35:00+00:00,9,9.0,10.0,10.0,9,3,0,486.5666809,27.49133301,81.19799805,45.88999939,0.0,6.0,2
2021-09-16 09:40:00+00:00,9,9.0,10.0,10.0,9,3,0,486.0666809,27.47633362,81.24066925,46.49666595,0.0,8.0,2
2021-09-16 09:45:00+00:00,9,9.0,10.0,10.0,9,3,0,483.0333252,27.46733284,81.29066467,45.9066658,0.0,4.0,2
2021-09-16 09:50:00+00:00,5,9.0,5.0,10.0,9,3,0,483.8333435,27.46133423,81.31600189,45.95666504,0.0,8.0,2
2021-09-16 09:55:00+00:00,2,9.0,6.0,10.0,9,3,0,485.7666626,27.50200081,81.18866729999999,45.97333145,0.0,1.0,2
2021-09-16 10:00:00+00:00,1,9.0,9.0,10.0,10,3,0,481.3571472,27.50035667,81.21214294,45.57143021,0.0,1.0,2
2021-09-16 10:05:00+00:00,1,9.0,9.0,10.0,10,3,0,481.3666687,27.50166702,81.19966888,45.76666641,0.0,1.0,2
2021-09-16 10:10:00+00:00,1,9.0,9.0,10.0,10,3,0,478.2333374,27.48699951,81.26999664,45.85666656,0.0,1.0,2
2021-09-16 10:15:00+00:00,1,9.0,9.0,10.0,10,3,0,479.0,27.49862099,81.26896667,45.97241211,0.0,1.0,2
2021-09-16 10:20:00+00:00,1,5.0,9.0,10.0,10,3,0,481.2333374,27.52133369,81.20099640000001,45.79000092,0.0,1.0,2
2021-09-16 10:25:00+00:00,1,2.0,9.0,10.0,10,3,0,480.1000061000001,27.52466583,81.17466736,45.93000031,0.0,1.0,2
2021-09-16 10:30:00+00:00,0,1.0,9.0,10.0,10,3,0,476.5,27.48966599,81.30466461,45.94666672,0.0,1.0,1
2021-09-16 10:35:00+00:00,0,1.0,9.0,10.0,10,3,0,479.0333252,27.51033401,81.24732971,46.07333374,0.0,1.0,2
2021-09-16 10:40:00+00:00,0,1.0,9.0,10.0,10,3,0,481.7000122,27.52000046,81.2583313,45.94666672,0.0,1.0,2
2021-09-16 10:45:00+00:00,0,1.0,9.0,10.0,10,3,0,473.93331910000006,27.52133369,81.24233246,45.88666534,0.0,1.0,2
2021-09-16 10:50:00+00:00,0,1.0,5.0,5.0,10,3,0,473.3571472,27.55535698,81.11785889,45.67499924,0.0,1.0,2
2021-09-16 10:55:00+00:00,0,1.0,2.0,6.0,10,3,0,472.8333435,27.52133369,81.25267029,46.07666779,0.0,1.0,2
2021-09-16 11:00:00+00:00,0,0.0,1.0,9.0,11,3,0,471.93331910000006,27.50566673,81.35900116,45.99333191,0.0,1.0,2
2021-09-16 11:05:00+00:00,0,0.0,1.0,9.0,11,3,0,472.8620605,27.55206871,81.21276093,46.06896591,0.0,1.0,2
2021-09-16 11:10:00+00:00,2,0.0,1.0,9.0,11,3,0,470.3333435,27.548666,81.22333527,46.3433342,0.0,2.0,2
2021-09-16 11:15:00+00:00,2,0.0,1.0,9.0,11,3,0,472.4666748,27.54599953,81.2543335,46.00666809,0.0,2.0,2
2021-09-16 11:20:00+00:00,2,0.0,1.0,9.0,11,3,0,471.8333435,27.57233238,81.180336,45.95333481,0.0,1.0,2
2021-09-16 11:25:00+00:00,2,0.0,1.0,9.0,11,3,0,472.93331910000006,27.56466675,81.21700287,45.88000107,0.0,1.0,2
2021-09-16 11:30:00+00:00,2,0.0,0.0,9.0,11,3,0,473.2333374,27.58166695,81.20200348,45.91999817,0.0,1.0,2
2021-09-16 11:35:00+00:00,2,0.0,0.0,9.0,11,3,0,472.1000061000001,27.5739994,81.23833466,45.86999893,0.0,1.0,2
2021-09-16 11:40:00+00:00,2,2.0,0.0,9.0,11,3,0,471.0357056,27.60464287,81.18392944,45.62142944,0.0,1.0,2
2021-09-16 11:45:00+00:00,2,2.0,0.0,9.0,11,3,0,472.2666626,27.6420002,81.06233215,46.09000015,0.0,1.0,2
2021-09-16 11:50:00+00:00,2,2.0,0.0,5.0,11,3,0,471.7333374,27.56633377,81.34633636,45.83333206,0.0,1.0,2
2021-09-16 11:55:00+00:00,2,2.0,0.0,2.0,11,3,0,469.2333374,27.58499908,81.34400177,46.03666687,0.0,1.0,2
2021-09-16 12:00:00+00:00,2,2.0,0.0,1.0,12,3,0,469.3448181,27.60379219,81.28103638,46.08620834,0.0,2.0,2
2021-09-16 12:05:00+00:00,2,2.0,0.0,1.0,12,3,0,462.93331910000006,27.63466644,81.18000031,45.95333481,0.0,2.0,2
2021-09-16 12:10:00+00:00,2,2.0,2.0,1.0,12,3,0,464.0333252,27.63033295,81.25233459,46.16999817,0.0,1.0,2
2021-09-16 12:15:00+00:00,2,2.0,2.0,1.0,12,3,0,463.5333252,27.58733368,81.50267029,45.99000168,0.0,2.0,2
2021-09-16 12:20:00+00:00,2,2.0,2.0,1.0,12,3,0,462.7333374,27.55999947,81.58166504,46.00666809,0.0,2.0,2
2021-09-16 12:25:00+00:00,2,2.0,2.0,1.0,12,3,0,461.3333435,27.60133362,81.43633270000001,45.94666672,0.0,1.0,2
2021-09-16 12:30:00+00:00,1,2.0,2.0,0.0,12,3,0,460.8214416999999,27.635356899999994,81.30571747,46.13571548,0.0,1.0,2
2021-09-16 12:35:00+00:00,2,2.0,2.0,0.0,12,3,0,465.8999938999999,27.60633278,81.40567017,45.81999969,0.0,1.0,2
2021-09-16 12:40:00+00:00,2,2.0,2.0,0.0,12,3,0,465.43331910000006,27.60400009,81.43633270000001,45.9366684,0.0,1.0,2
2021-09-16 12:45:00+00:00,2,2.0,2.0,0.0,12,3,0,459.5333252,27.65866661,81.28433228,46.27666855,0.0,2.0,2
2021-09-16 12:50:00+00:00,2,2.0,2.0,0.0,12,3,0,459.1034546,27.613449100000004,81.44137573,46.10689545,0.0,2.0,2
2021-09-16 12:55:00+00:00,2,2.0,2.0,0.0,12,3,0,459.2000122,27.61133385,81.46766663,46.22999954,0.0,1.0,2
2021-09-16 13:00:00+00:00,2,1.0,2.0,0.0,13,3,0,461.2000122,27.59366608,81.55200195,46.25333405,0.0,1.0,0
2021-09-16 13:05:00+00:00,2,2.0,2.0,0.0,13,3,0,459.8333435,27.64933395,81.37232971,45.97333145,0.0,1.0,0
2021-09-16 13:10:00+00:00,2,2.0,2.0,2.0,13,3,0,463.2333374,27.63500023,81.44100189,46.46333313,0.0,1.0,0
2021-09-16 13:15:00+00:00,2,2.0,2.0,2.0,13,3,0,459.6333313,27.63066673,81.47467041,46.18000031,0.0,1.0,0
2021-09-16 13:20:00+00:00,2,2.0,2.0,2.0,13,3,0,457.3666687,27.60133362,81.57033539,46.10333252,0.0,1.0,0
2021-09-16 13:25:00+00:00,2,2.0,2.0,2.0,13,3,0,460.5357056,27.63500023,81.47393036,46.12142944,0.0,1.0,0
2021-09-16 13:30:00+00:00,2,2.0,1.0,2.0,13,3,0,458.1000061000001,27.6546669,81.45500183,46.08666611,0.0,1.0,0
2021-09-16 13:35:00+00:00,2,2.0,2.0,2.0,13,3,0,456.0666809,27.61599922,81.60033417,46.54999924,0.0,1.0,0
2021-09-16 13:40:00+00:00,2,2.0,2.0,2.0,13,3,0,459.4137878,27.60965538,81.63034821,46.24137878,0.0,1.0,0
2021-09-16 13:45:00+00:00,2,2.0,2.0,2.0,13,3,0,459.3333435,27.60066605,81.72000122,46.61333466,0.0,1.0,0
2021-09-16 13:50:00+00:00,2,2.0,2.0,2.0,13,3,0,459.43331910000006,27.62333298,81.67333221,46.59666824,0.0,1.0,0
2021-09-16 13:55:00+00:00,2,2.0,2.0,2.0,13,3,0,454.8666687,27.63433266,81.64366913,46.63999939,0.0,1.0,0
2021-09-16 14:00:00+00:00,2,2.0,2.0,2.0,14,3,0,454.43331910000006,27.61333275,81.71966553,46.41333389,0.0,1.0,0
2021-09-16 14:05:00+00:00,2,2.0,2.0,2.0,14,3,0,457.2000122,27.64800072,81.60966492,46.61666489,0.0,1.0,0
2021-09-16 14:10:00+00:00,2,2.0,2.0,2.0,14,3,0,455.6333313,27.63699913,81.69300079,46.57666779,0.0,1.0,0
2021-09-16 14:15:00+00:00,2,2.0,2.0,2.0,14,3,0,455.8571472,27.63464355,81.72142792,46.84285736,0.0,1.0,0
2021-09-16 14:20:00+00:00,2,2.0,2.0,2.0,14,3,0,455.3999938999999,27.61300087,81.80033112,46.63000107,0.0,1.0,0
2021-09-16 14:25:00+00:00,2,2.0,2.0,2.0,14,3,0,452.0666809,27.61833382,81.79066467,46.75,0.0,1.0,0
2021-09-16 14:30:00+00:00,2,2.0,2.0,1.0,14,3,0,452.3666687,27.6376667,81.72866821,46.6566658,0.0,1.0,0
2021-09-16 14:35:00+00:00,2,2.0,2.0,2.0,14,3,0,451.0344849,27.66862106,81.63275909,47.23103333,0.0,1.0,0
2021-09-16 14:40:00+00:00,2,2.0,2.0,2.0,14,3,0,450.2333374,27.66366577,81.63800049,47.1566658,0.0,1.0,0
2021-09-16 14:45:00+00:00,2,2.0,2.0,2.0,14,3,0,452.5,27.64299965,81.76766968,47.45666504,0.0,1.0,0
2021-09-16 14:50:00+00:00,2,2.0,2.0,2.0,14,3,0,455.5666809,27.67066574,81.65133667,47.11000061,0.0,1.0,0
2021-09-16 14:55:00+00:00,2,2.0,2.0,2.0,14,3,0,456.2000122,27.68233299,81.63466644,47.30666733,0.0,1.0,0
2021-09-16 15:00:00+00:00,0,2.0,2.0,2.0,15,3,0,454.2333374,27.71233368,81.55666351,47.61999893,0.0,1.0,0
2021-09-16 15:05:00+00:00,0,2.0,2.0,2.0,15,3,0,450.5714416999999,27.72607231,81.51321411,47.27500153,0.0,1.0,0
2021-09-16 15:10:00+00:00,0,2.0,2.0,2.0,15,3,0,452.79998780000005,27.69133377,81.73466492,47.65333176,0.0,1.0,0
2021-09-16 15:15:00+00:00,0,2.0,2.0,2.0,15,3,0,450.8666687,27.66766739,81.87799835,47.72333145,0.0,1.0,0
2021-09-16 15:20:00+00:00,0,2.0,2.0,2.0,15,3,0,453.0666809,27.6843338,81.79433441,47.91999817,0.706666648,1.0,0
2021-09-16 15:25:00+00:00,0,2.0,2.0,2.0,15,3,0,453.2069092,27.72138023,81.69000244,47.54137802,2.175862074,1.0,0
2021-09-16 15:30:00+00:00,0,0.0,2.0,2.0,15,3,0,451.6333313,27.80533409,81.44366455,47.95333481,6.519999981000001,1.0,0
2021-09-16 15:35:00+00:00,0,0.0,2.0,2.0,15,3,0,452.5666809,27.53899956,76.26499939,47.95000076,9.17666626,1.0,0
2021-09-16 15:40:00+00:00,0,0.0,2.0,2.0,15,3,0,437.6666565,26.9386673,70.55666351,48.61999893,7.650000095,1.0,0
2021-09-16 15:45:00+00:00,0,0.0,2.0,2.0,15,3,0,432.7000122,26.4640007,70.20233154,48.01333237,7.946666717999999,1.0,0
2021-09-16 15:50:00+00:00,0,0.0,2.0,2.0,15,3,0,431.43331910000006,26.56866646,73.45466614,47.72000122,13.28333378,1.0,0
2021-09-16 15:55:00+00:00,0,0.0,2.0,2.0,15,3,0,433.79998780000005,26.61400032,73.18333435,48.06000137,14.27666664,1.0,0
2021-09-16 16:00:00+00:00,0,0.0,0.0,2.0,16,3,0,432.9642944,26.27392769,73.32964325,47.66428757,15.3214283,1.0,0
2021-09-16 16:05:00+00:00,0,0.0,0.0,2.0,16,3,0,432.5333252,26.57033348,76.29033661,48.13666534,16.43000031,1.0,0
2021-09-16 16:10:00+00:00,0,0.0,0.0,2.0,16,3,0,432.7000122,26.34900093,73.56133270000001,48.4766655,16.17666626,1.0,0
2021-09-16 16:15:00+00:00,0,0.0,0.0,2.0,16,3,0,434.5666809,26.27866745,75.60766602,47.76333237,18.84666634,1.0,0
2021-09-16 16:20:00+00:00,0,0.0,0.0,2.0,16,3,0,434.3103333000001,26.50137901,77.56344604,48.27931213,19.29999924,1.0,0
2021-09-16 16:25:00+00:00,0,0.0,0.0,2.0,16,3,0,431.5333252,26.24966621,74.41933441,48.25999832,20.37333298,1.0,0
2021-09-16 16:30:00+00:00,0,0.0,0.0,2.0,16,3,0,430.79998780000005,26.35300064,77.51433563,48.65999985,21.22999954,1.0,0
2021-09-16 16:35:00+00:00,0,0.0,0.0,2.0,16,3,0,434.7333374,26.44033241,76.45166779,49.13666534,21.63999939,1.0,0
2021-09-16 16:40:00+00:00,0,0.0,0.0,2.0,16,3,0,429.54840089999993,26.09000015,75.4029007,48.86451721,16.12258148,1.0,0
2021-09-16 16:45:00+00:00,0,0.0,0.0,2.0,16,3,0,430.0666809,26.32500076,78.77233124,48.65333176,18.86333275,1.0,0
2021-09-16 16:50:00+00:00,0,0.0,0.0,2.0,16,3,0,432.5357056,26.28714371,77.2453537,48.59285736,20.77142906,1.0,0
2021-09-16 16:55:00+00:00,0,0.0,0.0,2.0,16,3,0,428.79998780000005,25.97066689,76.61399841,49.06666565,21.35333252,1.0,0
2021-09-16 17:00:00+00:00,0,0.0,0.0,0.0,17,3,0,427.5333252,26.30599976,79.35533142,48.82666779,22.45000076,1.0,0
2021-09-16 17:05:00+00:00,0,0.0,0.0,0.0,17,3,0,430.7000122,26.38266754,78.61233521,48.40000153,23.25333405,1.0,0
2021-09-16 17:10:00+00:00,0,0.0,0.0,0.0,17,3,0,425.3793030000001,25.95551682,76.10379028,48.38965607,20.2137928,1.0,0
2021-09-16 17:15:00+00:00,0,0.0,0.0,0.0,17,3,0,423.8999938999999,26.16566658,78.43599701,48.56000137,21.79333305,1.0,0
2021-09-16 17:20:00+00:00,0,0.0,0.0,0.0,17,3,0,422.6333313,26.36566734,79.86933136,48.58000183,23.48666573,1.0,0
2021-09-16 17:25:00+00:00,0,0.0,0.0,0.0,17,3,0,416.5,26.1376667,75.84033203,48.38999939,22.2266674,1.0,0
2021-09-16 17:30:00+00:00,0,0.0,0.0,0.0,17,3,0,412.8333435,26.1760006,78.36367035,48.50333405,20.60666656,1.0,0
2021-09-16 17:35:00+00:00,0,0.0,0.0,0.0,17,3,0,414.0666809,26.44766617,80.0616684,48.61333466,24.05999947,1.0,0
2021-09-16 17:40:00+00:00,0,0.0,0.0,0.0,17,3,0,417.0357056,26.1071434,76.09857178,48.26428604,25.27499962,1.0,0
2021-09-16 17:45:00+00:00,0,0.0,0.0,0.0,17,3,0,411.2666626,26.04000092,78.02400208,48.63666534,26.61000061,1.0,0
2021-09-16 17:50:00+00:00,0,0.0,0.0,0.0,17,3,0,411.7333374,26.38566589,80.73633575,48.73333359,25.09666634,1.0,0
2021-09-16 17:55:00+00:00,0,0.0,0.0,0.0,17,3,0,411.7000122,26.37800026,77.555336,48.59000015,21.20666695,1.0,0
2021-09-16 18:00:00+00:00,0,0.0,0.0,0.0,18,3,0,412.6333313,26.0613327,76.35566711,48.80333328,25.61666679,1.0,0
2021-09-16 18:05:00+00:00,0,0.0,0.0,0.0,18,3,0,409.1034546,26.26137924,78.05827332,49.28620529,25.83448219,1.0,0
2021-09-16 18:10:00+00:00,0,0.0,0.0,0.0,18,3,0,415.0,26.43199921,79.79766846,49.28666687,25.34000015,1.0,0
2021-09-16 18:15:00+00:00,0,0.0,0.0,0.0,18,3,0,413.6333313,26.19133377,75.43733215,49.14666748,21.88666725,1.0,0
2021-09-16 18:20:00+00:00,0,0.0,0.0,0.0,18,3,0,413.3999939,26.13500023,77.38099670000001,48.8133316,23.94333267,1.0,0
2021-09-16 18:25:00+00:00,0,0.0,0.0,0.0,18,3,0,412.8333435,26.3813324,79.88500214,49.0,25.20666695,1.0,0
2021-09-16 18:30:00+00:00,0,0.0,0.0,0.0,18,3,0,411.0333252,26.46233368,75.79833221,49.23333359,25.33333397,1.0,0
2021-09-16 18:35:00+00:00,0,0.0,0.0,0.0,18,3,0,409.2857056,26.00250053,75.44321442,49.0,25.0714283,1.0,0
2021-09-16 18:40:00+00:00,0,0.0,0.0,0.0,18,3,0,410.2333374,26.15733337,78.59899902,49.03666687,24.55666733,1.0,0
2021-09-16 18:45:00+00:00,0,0.0,0.0,0.0,18,3,0,413.5666809,26.36133385,80.58933258,49.06000137,24.76333427,1.0,0
2021-09-16 18:50:00+00:00,0,0.0,0.0,0.0,18,3,0,408.1333313,26.22299957,74.58133698,49.33333206,25.03666687,1.0,0
2021-09-16 18:55:00+00:00,0,0.0,0.0,0.0,18,3,0,406.8620605,25.97551727,75.69896698,49.0,25.70689583,1.0,0
2021-09-16 19:00:00+00:00,0,0.0,0.0,0.0,19,3,0,407.2999878,26.07733345,78.41366577,48.44666672,25.38999939,1.0,0
2021-09-16 19:05:00+00:00,0,0.0,0.0,0.0,19,3,0,407.3999939,26.41399956,77.78932953,48.18333435,24.57333374,1.0,0
2021-09-16 19:10:00+00:00,0,0.0,0.0,0.0,19,3,0,403.3333435,26.31699944,77.68900299,48.65999985,25.12666702,1.0,0
2021-09-16 19:15:00+00:00,0,0.0,0.0,0.0,19,3,0,406.9666748,26.33366585,77.56900024,48.57666779,24.82999992,1.0,0
2021-09-16 19:20:00+00:00,0,0.0,0.0,0.0,19,3,0,404.9666748,26.35733414,77.08000183,48.3433342,24.31666756,1.0,0
2021-09-16 19:25:00+00:00,0,0.0,0.0,0.0,19,3,0,406.8571472,26.42571449,75.8735733,48.0892868,23.66428566,1.0,0
2021-09-16 19:30:00+00:00,0,0.0,0.0,0.0,19,3,0,404.7666626,26.02433395,70.16266632,48.64666748,26.39333344,1.0,0
2021-09-16 19:35:00+00:00,0,0.0,0.0,0.0,19,3,0,404.7999878,26.00200081,73.05899811,48.84999847,25.64666748,1.0,0
2021-09-16 19:40:00+00:00,0,0.0,0.0,0.0,19,3,0,404.5,26.31866646,76.95200348,48.86999893,23.46666718,1.0,0
2021-09-16 19:45:00+00:00,0,0.0,0.0,0.0,19,3,0,407.419342,26.44322586,75.16999817,48.80644989,21.83870888,1.0,0
2021-09-16 19:50:00+00:00,0,0.0,0.0,0.0,19,3,0,405.5172424,26.00689697,70.33241272,48.76551819,26.33793068,1.0,0
2021-09-16 19:55:00+00:00,0,0.0,0.0,0.0,19,3,0,404.2999878,26.03433418,73.47899628,48.40999985,25.01333427,1.0,0
2021-09-16 20:00:00+00:00,0,0.0,0.0,0.0,20,3,0,407.3999939,26.29700089,76.85033417,48.26666641,22.65999985,1.0,0
2021-09-16 20:05:00+00:00,0,0.0,0.0,0.0,20,3,0,406.4333191,26.18499947,73.39566803,48.72333145,24.01333427,1.0,0
2021-09-16 20:10:00+00:00,0,0.0,0.0,0.0,20,3,0,402.3333435,25.86599922,71.74666595,49.20999908,26.22999954,1.0,0
2021-09-16 20:15:00+00:00,0,0.0,0.0,0.0,20,3,0,407.7857056,26.06714249,75.23464203,48.90714264,22.5535717,1.0,0
2021-09-16 20:20:00+00:00,0,0.0,0.0,0.0,20,3,0,414.3999939,26.27233315,77.81999969,49.59000015,22.07333374,1.0,0
2021-09-16 20:25:00+00:00,0,0.0,0.0,0.0,20,3,0,409.7333374,26.2076664,72.03866577,49.19333267,23.81999969,1.0,0
2021-09-16 20:30:00+00:00,0,0.0,0.0,0.0,20,3,0,407.3333435,25.96233368,73.4260025,49.31999969,24.65999985,1.0,0
2021-09-16 20:35:00+00:00,0,0.0,0.0,0.0,20,3,0,415.3666687,26.16966629,76.75599670000001,49.46333313,21.97333336,1.0,0
2021-09-16 20:40:00+00:00,0,0.0,0.0,0.0,20,3,0,420.4137878,26.33620644,76.58103179999999,49.86551666,21.82069016,1.0,0
2021-09-16 20:45:00+00:00,0,0.0,0.0,0.0,20,3,0,411.4666748,26.07466698,71.66600037,48.25333405,25.00333405,1.0,0
2021-09-16 20:50:00+00:00,0,0.0,0.0,0.0,20,3,0,408.4666748,26.02833366,74.70266724,48.50666809,23.78666687,1.0,0
2021-09-16 20:55:00+00:00,0,0.0,0.0,0.0,20,3,0,408.2666626,26.26633263,75.58366394,48.2733345,23.85000038,1.0,0
2021-09-16 21:00:00+00:00,0,0.0,0.0,0.0,21,3,0,403.6000061,26.32099915,74.14299774,47.91333389,24.0,1.0,0
2021-09-16 21:05:00+00:00,0,0.0,0.0,0.0,21,3,0,406.0,26.29827499,75.02310181,48.1655159,23.34137917,1.0,0
2021-09-16 21:10:00+00:00,0,0.0,0.0,0.0,21,3,0,405.34481810000005,26.37482834,73.26724243,48.44827652,23.27241325,1.0,0
2021-09-16 21:15:00+00:00,0,0.0,0.0,0.0,21,3,0,406.2999878,26.34133339,73.62133026,47.86333466,23.61333275,1.0,0
2021-09-16 21:20:00+00:00,0,0.0,0.0,0.0,21,3,0,401.4666748,26.21666718,67.94000244,48.11666489,26.23666573,1.0,0
2021-09-16 21:25:00+00:00,0,0.0,0.0,0.0,21,3,0,400.0,25.99966621,70.47766876,48.72333145,27.36333275,1.0,0
2021-09-16 21:30:00+00:00,0,0.0,0.0,0.0,21,3,0,400.9666748,26.24866676,73.77066803,48.52666855,23.87333298,1.0,0
2021-09-16 21:35:00+00:00,0,0.0,0.0,0.0,21,3,0,400.6551819,26.38896561,74.41241455,49.00344849,23.83103371,1.0,0
2021-09-16 21:40:00+00:00,0,0.0,0.0,0.0,21,3,0,404.9333191,26.42866707,74.19833374,49.08000183,24.81666756,1.0,0
2021-09-16 21:45:00+00:00,0,0.0,0.0,0.0,21,3,0,402.2666626,26.46800041,71.19766998,48.18999863,25.31333351,1.0,0
2021-09-16 21:50:00+00:00,0,0.0,0.0,0.0,21,3,0,403.7333374,26.0890007,67.3133316,48.65999985,29.35333252,1.0,0
2021-09-16 21:55:00+00:00,0,0.0,0.0,0.0,21,3,0,400.1000061,26.05200005,70.83066559,48.60333252,28.7033329,1.0,0
2021-09-16 22:00:00+00:00,0,0.0,0.0,0.0,22,3,0,400.25,26.33285713,72.10107422,48.18571472,24.34642792,1.0,0
2021-09-16 22:05:00+00:00,0,0.0,0.0,0.0,22,3,0,406.7000122,26.21233368,71.42033386,48.68333435,27.31999969,1.0,0
2021-09-16 22:10:00+00:00,0,0.0,0.0,0.0,22,3,0,408.7666626,26.22166634,72.37733459,48.45666504,25.48666573,1.0,0
2021-09-16 22:15:00+00:00,0,0.0,0.0,0.0,22,3,0,409.2666626,26.26600075,71.78133392,48.54666519,24.78000069,1.0,0
2021-09-16 22:20:00+00:00,0,0.0,0.0,0.0,22,3,0,408.4666748,26.34066582,72.09366608,49.09999847,24.07999992,1.0,0
2021-09-16 22:25:00+00:00,0,0.0,0.0,0.0,22,3,0,405.3999939,26.69499969,66.49666595,49.43999863,27.5,1.0,0
2021-09-16 22:30:00+00:00,0,0.0,0.0,0.0,22,3,0,406.9333191,26.19400024,70.01899719,48.95000076,30.42666626,1.0,0
2021-09-16 22:35:00+00:00,0,0.0,0.0,0.0,22,3,0,413.8999939,26.29999924,72.34366608,49.14666748,28.83333397,1.0,0
2021-09-16 22:40:00+00:00,0,0.0,0.0,0.0,22,3,0,411.6333313,26.36033249,71.96133423,49.19666672,28.57999992,1.0,0
2021-09-16 22:45:00+00:00,0,0.0,0.0,0.0,22,3,0,411.1000061,26.37333298,72.53033447,48.72333145,26.86333275,1.0,0
2021-09-16 22:50:00+00:00,0,0.0,0.0,0.0,22,3,0,414.5,26.58964348,68.67214203,49.34999847,25.30714226,1.0,0
2021-09-16 22:55:00+00:00,0,0.0,0.0,0.0,22,3,0,421.0666809,26.52799988,65.55466461,48.9066658,27.12999916,1.0,0
2021-09-16 23:00:00+00:00,0,0.0,0.0,0.0,23,3,0,429.3999938999999,26.08033371,70.89766693,48.05666733,25.95999908,1.0,0
2021-09-16 23:05:00+00:00,0,0.0,0.0,0.0,23,3,0,424.8666687,26.1886673,75.17866516,47.99333191,20.95999908,1.0,0
2021-09-16 23:10:00+00:00,0,0.0,0.0,0.0,23,3,0,424.2333374,26.33733368,76.85433197,48.67333221,20.61000061,1.0,0
2021-09-16 23:15:00+00:00,0,0.0,0.0,0.0,23,3,0,427.5333252,26.5443325,72.95400238,48.80333328,19.57999992,1.0,0
2021-09-16 23:20:00+00:00,0,0.0,0.0,0.0,23,3,0,425.7241516,26.18620682,70.44034576,48.75172424,19.87931061,1.0,0
2021-09-16 23:25:00+00:00,0,0.0,0.0,0.0,23,3,0,426.3333435,26.23666573,73.44033051,49.1866684,17.97999954,1.0,0
2021-09-16 23:30:00+00:00,0,0.0,0.0,0.0,23,3,0,419.5666809,26.41633415,68.76699829,48.38000107,18.25333405,1.0,0
2021-09-16 23:35:00+00:00,0,0.0,0.0,0.0,23,3,0,411.5,26.29999924,65.61266327,49.1866684,22.76000023,1.0,0
2021-09-16 23:40:00+00:00,0,0.0,0.0,0.0,23,3,0,410.75,26.31785774,63.8735733,49.24642944,23.09642792,1.0,0
2021-09-16 23:45:00+00:00,0,0.0,0.0,0.0,23,3,0,415.6000061,25.97266579,63.86700058,48.92666626,23.44333267,1.0,0
2021-09-16 23:50:00+00:00,0,0.0,0.0,0.0,23,3,0,408.7666626,26.03533363,63.05533218,48.45000076,24.07999992,1.0,0
2021-09-16 23:55:00+00:00,0,0.0,0.0,0.0,23,3,0,402.6333313,25.76133347,63.13299942,48.87333298,23.66666603,1.0,0
2021-09-17 00:00:00+00:00,0,0.0,0.0,0.0,0,4,0,406.6666565,25.85533333,62.71666718,48.56666565,17.04000092,1.0,0
2021-09-17 00:05:00+00:00,0,0.0,0.0,0.0,0,4,0,405.0666809,25.89033318,62.73233414,48.91999817,19.78000069,1.0,0
2021-09-17 00:10:00+00:00,0,0.0,0.0,0.0,0,4,0,408.5172424,25.5675869,64.35344696,48.85172272,22.91724205,1.0,0
2021-09-17 00:15:00+00:00,0,0.0,0.0,0.0,0,4,0,410.4333191,25.63100052,64.51233673,49.31000137,26.02000046,1.0,0
2021-09-17 00:20:00+00:00,0,0.0,0.0,0.0,0,4,0,411.3999939,25.76399994,64.12133026,48.4366684,26.85666656,1.0,0
2021-09-17 00:25:00+00:00,0,0.0,0.0,0.0,0,4,0,415.3999939,25.69333267,64.54166412,48.46333313,28.39666748,1.0,0
2021-09-17 00:30:00+00:00,0,0.0,0.0,0.0,0,4,0,414.7000122,25.67399979,64.52300262,48.36999893,28.91666603,1.0,0
2021-09-17 00:35:00+00:00,0,0.0,0.0,0.0,0,4,0,413.1071472,25.47535706,65.36071777,48.66785812,28.49285698,1.0,0
2021-09-17 00:40:00+00:00,0,0.0,0.0,0.0,0,4,0,410.6333313,25.61566734,64.51233673,49.0,28.53333282,1.0,0
2021-09-17 00:45:00+00:00,0,0.0,0.0,0.0,0,4,0,409.3333435,25.52400017,65.77733612,48.24000168,28.56999969,1.0,0
2021-09-17 00:50:00+00:00,0,0.0,0.0,0.0,0,4,0,404.7333374,25.74399948,69.68599701,48.28666687,28.27000046,1.0,0
2021-09-17 00:55:00+00:00,0,0.0,0.0,0.0,0,4,0,402.2000122,25.849666600000003,67.82800293,48.45666504,28.85333252,1.0,0
2021-09-17 01:00:00+00:00,0,0.0,0.0,0.0,1,4,0,400.4333191,25.65733337,67.86533356,48.76333237,29.01333427,1.0,0
2021-09-17 01:05:00+00:00,0,0.0,0.0,0.0,1,4,0,404.2069092,25.63862038,72.77586365,48.51379395,28.80689621,1.0,0
2021-09-17 01:10:00+00:00,0,0.0,0.0,0.0,1,4,0,407.1666565,25.97500038,70.42233276,48.79333496,26.61000061,1.0,0
2021-09-17 01:15:00+00:00,0,0.0,0.0,0.0,1,4,0,403.7666626,25.71500015,70.74066925,48.62666702,27.62000084,1.0,0
2021-09-17 01:20:00+00:00,0,0.0,0.0,0.0,1,4,0,402.7333374,25.88199997,72.75700378,48.51333237,27.60000038,1.0,0
2021-09-17 01:25:00+00:00,0,0.0,0.0,0.0,1,4,0,407.2857056,26.01749992,69.3139267,48.72857285,27.2321434,1.0,0
2021-09-17 01:30:00+00:00,0,0.0,0.0,0.0,1,4,0,411.3999939,25.62766647,73.14633179,49.01666641,20.8433342,1.0,0
2021-09-17 01:35:00+00:00,0,0.0,0.0,0.0,1,4,0,414.7333374,26.05166626,72.94499969,48.68333435,13.02666664,1.0,0
2021-09-17 01:40:00+00:00,0,0.0,0.0,0.0,1,4,0,408.4333191,26.00666618,70.70966339,49.49666595,13.69666672,1.0,0
2021-09-17 01:45:00+00:00,0,0.0,0.0,0.0,1,4,0,409.5333252,25.69966698,75.50366974,48.89333344,13.17000008,1.0,0
2021-09-17 01:50:00+00:00,0,0.0,0.0,0.0,1,4,0,413.2666626,26.11800003,71.83133698,49.59000015,10.34333324,1.0,0
2021-09-17 01:55:00+00:00,0,0.0,0.0,0.0,1,4,0,413.9655151,25.87517166,72.33206940000001,49.50689697,13.15172386,1.0,0
2021-09-17 02:00:00+00:00,0,0.0,0.0,0.0,2,4,0,410.4333191,25.90200043,71.99633026,49.14333344,10.79333305,1.0,0
2021-09-17 02:05:00+00:00,0,0.0,0.0,0.0,2,4,0,406.1333313,25.57600021,69.90000153,48.16333389,9.470000267,1.0,0
2021-09-17 02:10:00+00:00,0,0.0,0.0,0.0,2,4,0,405.4666748,25.32933426,69.54467009999999,48.37666702,7.876666546,1.0,0
2021-09-17 02:15:00+00:00,0,0.0,0.0,0.0,2,4,0,406.0714417,25.60142899,71.993927,48.32143021,7.021428585,1.0,0
2021-09-17 02:20:00+00:00,0,0.0,0.0,0.0,2,4,0,402.3333435,25.63400078,70.87466431,48.77999878,5.95666647,1.0,0
2021-09-17 02:25:00+00:00,0,0.0,0.0,0.0,2,4,0,401.6333313,25.29899979,69.52833557,48.68000031,4.746666431,1.0,0
2021-09-17 02:30:00+00:00,0,0.0,0.0,0.0,2,4,0,401.5333252,25.4109993,70.90599823,48.43333435,3.766666651,1.0,0
2021-09-17 02:35:00+00:00,0,0.0,0.0,0.0,2,4,0,404.2333374,25.63800049,72.53299713,48.38666534,2.653333426,1.0,0
2021-09-17 02:40:00+00:00,0,0.0,0.0,0.0,2,4,0,402.5666809,25.41166687,70.10533142,47.93000031,1.226666689,1.0,0
2021-09-17 02:45:00+00:00,0,0.0,0.0,0.0,2,4,0,402.0,25.33866692,70.74433136,47.90333176,0.180000007,1.0,0
2021-09-17 02:50:00+00:00,0,0.0,0.0,0.0,2,4,0,400.5172424,25.61275864,73.7934494,48.78620529,0.0,1.0,0
2021-09-17 02:55:00+00:00,0,0.0,0.0,0.0,2,4,0,402.7999878,25.42499924,71.57033539,49.04333496,0.0,1.0,0
2021-09-17 03:00:00+00:00,0,0.0,0.0,0.0,3,4,0,402.1000061,25.32266617,71.49266815,49.22999954,0.0,1.0,0
2021-09-17 03:05:00+00:00,0,0.0,0.0,0.0,3,4,0,402.4333191,25.62333298,73.34066772,49.04000092,0.0,1.0,0
2021-09-17 03:10:00+00:00,0,0.0,0.0,0.0,3,4,0,406.4642944,25.48749924,70.99607086,48.68214417,0.0,1.0,0
2021-09-17 03:15:00+00:00,0,0.0,0.0,0.0,3,4,0,400.7333374,25.38166618,71.68099976,49.0233345,0.0,1.0,0
2021-09-17 03:20:00+00:00,0,0.0,0.0,0.0,3,4,0,403.3666687,25.67633247,74.23200226,48.68000031,0.0,1.0,0
2021-09-17 03:25:00+00:00,0,0.0,0.0,0.0,3,4,0,405.6333313,25.5443325,71.26366425,48.60666656,0.0,1.0,0
2021-09-17 03:30:00+00:00,0,0.0,0.0,0.0,3,4,0,405.4333191,25.37466621,71.72533417,48.19333267,0.0,1.0,0
2021-09-17 03:35:00+00:00,0,0.0,0.0,0.0,3,4,0,405.3666687,25.724666600000003,74.19966888,47.97999954,0.0,1.0,0
2021-09-17 03:40:00+00:00,0,0.0,0.0,0.0,3,4,0,405.2758484,25.58930969,72.20344543,47.59999847,0.0,1.0,0
2021-09-17 03:45:00+00:00,0,0.0,0.0,0.0,3,4,0,403.8333435,25.33499908,71.87433624,48.00333405,0.0,1.0,0
2021-09-17 03:50:00+00:00,0,0.0,0.0,0.0,3,4,0,401.8333435,25.62966728,74.23100281,47.92333221,0.0,1.0,0
2021-09-17 03:55:00+00:00,0,0.0,0.0,0.0,3,4,0,400.8666687,25.4683342,72.40966797,47.64333344,0.0,1.0,0
2021-09-17 04:00:00+00:00,0,0.0,0.0,0.0,4,4,0,400.3214417,25.2932148,72.67035675,47.49285889,0.0,1.0,0
2021-09-17 04:05:00+00:00,0,0.0,0.0,0.0,4,4,0,400.0,25.64500046,74.29033661,47.73333359,0.0,1.0,1
2021-09-17 04:10:00+00:00,0,0.0,0.0,0.0,4,4,0,401.6333313,25.40500069,72.00099945,47.83000183,0.0,1.0,0
2021-09-17 04:15:00+00:00,0,0.0,0.0,0.0,4,4,0,402.3333435,25.4193325,73.63866425,47.50666809,0.0,1.0,0
2021-09-17 04:20:00+00:00,0,0.0,0.0,0.0,4,4,0,403.3999939,25.54566574,73.85433197,47.33666611,0.0,1.0,0
2021-09-17 04:25:00+00:00,0,0.0,0.0,0.0,4,4,0,401.2999878,25.21333313,72.10333252,47.13333511,0.0,1.0,0
2021-09-17 04:30:00+00:00,0,0.0,0.0,0.0,4,4,0,401.0333252,25.45899963,74.41100311,47.26333237,0.0,1.0,0
2021-09-17 04:35:00+00:00,0,0.0,0.0,0.0,4,4,0,401.379303,25.46275902,73.62310028,47.62758636,0.0,1.0,0
2021-09-17 04:40:00+00:00,0,0.0,0.0,0.0,4,4,0,400.6333313,25.31733322,72.95066833,46.95666504,0.0,1.0,0
2021-09-17 04:45:00+00:00,0,0.0,0.0,0.0,4,4,0,403.7000122,25.612333300000003,74.95300293,47.38999939,0.0,1.0,0
2021-09-17 04:50:00+00:00,0,0.0,0.0,0.0,4,4,0,403.0,25.41607094,73.03607178,47.17142868,0.0,1.0,1
2021-09-17 04:55:00+00:00,0,0.0,0.0,0.0,4,4,0,401.2999878,25.31599998,73.86299896,47.25999832,0.0,1.0,1
2021-09-17 05:00:00+00:00,0,0.0,0.0,0.0,5,4,0,401.0666809,25.60400009,75.04000092,47.5633316,0.0,1.0,1
2021-09-17 05:05:00+00:00,0,0.0,0.0,0.0,5,4,0,401.1333313,25.33633423,72.41233063,47.16999817,0.0,1.0,1
2021-09-17 05:10:00+00:00,0,0.0,0.0,0.0,5,4,0,400.1333313,25.38599968,73.58133698,47.04999924,0.0,1.0,1
2021-09-17 05:15:00+00:00,0,0.0,0.0,0.0,5,4,0,400.3333435,25.58033371,74.55500031,47.11999893,0.0,1.0,1
2021-09-17 05:20:00+00:00,0,0.0,0.0,0.0,5,4,0,400.8666687,25.2816658,72.74732971,47.07666779,0.0,1.0,1
2021-09-17 05:25:00+00:00,0,0.0,0.0,0.0,5,4,0,400.0,25.49896622,74.71103668,47.0724144,0.0,1.0,1
2021-09-17 05:30:00+00:00,0,0.0,0.0,0.0,5,4,0,400.8999939,25.54599953,74.81099701,47.06999969,0.0,1.0,1
2021-09-17 05:35:00+00:00,0,0.0,0.0,0.0,5,4,0,405.4333191,25.59266663,76.28800201,47.56999969,0.0,1.0,1
2021-09-17 05:40:00+00:00,0,0.0,0.0,0.0,5,4,0,404.8965454,25.90517235,81.80241394,46.60689545,0.0,3.0,1
2021-09-17 05:45:00+00:00,0,0.0,0.0,0.0,5,4,0,400.3103333,26.1413784,79.43000031,46.36206818,0.0,3.0,1
2021-09-17 05:50:00+00:00,0,0.0,0.0,0.0,5,4,0,403.2666626,26.21666718,78.95033264,46.47999954,0.0,1.0,1
2021-09-17 05:55:00+00:00,0,0.0,0.0,0.0,5,4,0,407.2666626,26.27899933,79.92133331,46.88666534,0.0,1.0,1
2021-09-17 06:00:00+00:00,0,0.0,0.0,0.0,6,4,0,407.1666565,26.29299927,80.04467009999999,46.75,0.0,1.0,1
2021-09-17 06:05:00+00:00,1,0.0,0.0,0.0,6,4,0,405.9666748,26.31599998,80.59400177,46.8133316,0.0,1.0,1
2021-09-17 06:10:00+00:00,0,0.0,0.0,0.0,6,4,0,406.2999878,26.34766579,80.43800354,46.8433342,0.0,1.0,1
2021-09-17 06:15:00+00:00,0,0.0,0.0,0.0,6,4,0,406.8620605,26.30103493,81.98965454,46.39310455,0.0,1.0,1
2021-09-17 06:20:00+00:00,0,0.0,0.0,0.0,6,4,0,406.2333374,26.3306675,81.6289978,46.59999847,0.0,1.0,1
2021-09-17 06:25:00+00:00,0,0.0,0.0,0.0,6,4,0,406.419342,26.37516212,81.31903076,46.18387222,0.0,1.0,1
2021-09-17 06:30:00+00:00,0,0.0,0.0,0.0,6,4,0,407.2000122,26.3939991,81.63366699,46.46333313,0.0,1.0,1
2021-09-17 06:35:00+00:00,0,1.0,0.0,0.0,6,4,0,407.1428528,26.41178513,81.67464447,46.25357056,0.0,1.0,0
2021-09-17 06:40:00+00:00,0,0.0,0.0,0.0,6,4,0,408.7333374,26.46666718,81.13400269,46.11999893,0.0,1.0,1
2021-09-17 06:45:00+00:00,0,0.0,0.0,0.0,6,4,0,410.0666809,26.49666595,80.54000092,46.4066658,0.0,1.0,0
2021-09-17 06:50:00+00:00,1,0.0,0.0,0.0,6,4,0,407.8666687,26.5296669,80.01200104,46.23333359,0.0,1.0,0
2021-09-17 06:55:00+00:00,1,0.0,0.0,0.0,6,4,0,406.5333252,26.54833412,79.63466644,46.26666641,0.0,3.0,0
2021-09-17 07:00:00+00:00,1,0.0,0.0,0.0,7,4,0,404.9666748,26.57600021,79.29066467,46.51333237,0.0,2.0,0
2021-09-17 07:05:00+00:00,1,0.0,1.0,0.0,7,4,0,409.1333313,26.60966682,79.27999878,46.63000107,0.0,3.0,0
2021-09-17 07:10:00+00:00,1,0.0,0.0,0.0,7,4,0,409.7241516,26.6317234,79.31965637,46.48275757,0.0,2.0,0
2021-09-17 07:15:00+00:00,1,0.0,0.0,0.0,7,4,0,407.4666748,26.65200043,79.26766968,46.13000107,0.0,2.0,0
2021-09-17 07:20:00+00:00,1,1.0,0.0,0.0,7,4,0,407.5666809,26.67099953,79.20800018,46.52666855,0.0,2.0,0
2021-09-17 07:25:00+00:00,1,1.0,0.0,0.0,7,4,0,405.75,26.71107101,79.13571167,46.1607132,0.0,3.0,0
2021-09-17 07:30:00+00:00,1,1.0,0.0,0.0,7,4,0,409.7333374,26.77066612,79.07366943,46.27000046,0.0,2.0,0
2021-09-17 07:35:00+00:00,1,1.0,0.0,0.0,7,4,0,410.2000122,26.80500031,79.09366608,46.20999908,0.0,2.0,0
2021-09-17 07:40:00+00:00,1,1.0,0.0,0.0,7,4,0,412.6333313,26.80599976,79.06099701,46.3433342,0.0,5.0,0
2021-09-17 07:45:00+00:00,1,1.0,0.0,0.0,7,4,0,412.5666809,26.84033394,79.07666779,46.04333496,0.0,4.0,0
2021-09-17 07:50:00+00:00,1,1.0,1.0,0.0,7,4,0,412.0333252,26.86700058,79.01499939,46.13999939,0.0,2.0,0
2021-09-17 07:55:00+00:00,1,1.0,1.0,0.0,7,4,0,412.6666565,26.91966629,78.99333191,45.94666672,0.0,4.0,0
2021-09-17 08:00:00+00:00,1,1.0,1.0,0.0,8,4,0,411.620697,26.89034462,78.94758606,46.1655159,0.0,2.0,0
2021-09-17 08:05:00+00:00,1,1.0,1.0,1.0,8,4,0,409.7666626,26.88933372,79.26899719,46.33666611,0.0,2.0,0
2021-09-17 08:10:00+00:00,1,1.0,1.0,0.0,8,4,0,411.2333374,26.90366745,79.43166351,46.65999985,0.0,3.0,0
2021-09-17 08:15:00+00:00,1,1.0,1.0,0.0,8,4,0,410.3571472,26.89678574,79.32607269,45.95357132,0.0,3.0,0
2021-09-17 08:20:00+00:00,1,1.0,1.0,0.0,8,4,0,408.1666565,26.88500023,79.46433258,46.11000061,0.0,3.0,0
2021-09-17 08:25:00+00:00,1,1.0,1.0,0.0,8,4,0,408.3666687,26.88366699,79.54399872,46.07666779,0.0,2.0,0
2021-09-17 08:30:00+00:00,1,1.0,1.0,0.0,8,4,0,406.3999939,26.90366745,79.56400299,46.09666824,0.0,2.0,0
2021-09-17 08:35:00+00:00,0,1.0,1.0,0.0,8,4,0,407.5333252,26.91066742,79.66266632,46.59999847,0.0,3.0,0
2021-09-17 08:40:00+00:00,1,1.0,1.0,0.0,8,4,0,409.7999878,26.9576664,79.50533295,46.06000137,0.0,3.0,0
2021-09-17 08:45:00+00:00,0,1.0,1.0,0.0,8,4,0,404.8333435,26.96800041,79.60133362,45.97999954,0.0,3.0,0
2021-09-17 08:50:00+00:00,0,1.0,1.0,1.0,8,4,0,409.2666626,26.98766708,79.59466553,46.31999969,0.0,1.0,0
2021-09-17 08:55:00+00:00,0,1.0,1.0,1.0,8,4,0,406.758606,27.02482796,79.70275879,46.02069092,0.0,1.0,0
2021-09-17 09:00:00+00:00,0,1.0,1.0,1.0,9,4,0,406.1666565,27.01499939,79.99766541,46.53666687,0.0,1.0,0
2021-09-17 09:05:00+00:00,0,0.0,1.0,1.0,9,4,0,406.3999939,27.01633263,79.70133209,46.06666565,0.0,1.0,0
2021-09-17 09:10:00+00:00,0,1.0,1.0,1.0,9,4,0,407.5357056,27.03499985,79.65357208,45.69643021,0.0,1.0,0
2021-09-17 09:15:00+00:00,0,0.0,1.0,1.0,9,4,0,409.6666565,27.03066635,79.69233704,45.87666702,0.0,2.0,0
2021-09-17 09:20:00+00:00,0,0.0,1.0,1.0,9,4,0,407.8666687,27.08966637,79.64700317,46.07333374,0.0,2.0,0
2021-09-17 09:25:00+00:00,0,0.0,1.0,1.0,9,4,0,409.2666626,27.09366608,79.6926651,46.14666748,0.0,2.0,0
2021-09-17 09:30:00+00:00,0,0.0,1.0,1.0,9,4,0,410.2999878,27.10000038,79.62866974,45.88333511,0.0,2.0,0
2021-09-17 09:35:00+00:00,0,0.0,0.0,1.0,9,4,0,410.7999878,27.09866714,79.66866302,45.85666656,0.0,1.0,0
2021-09-17 09:40:00+00:00,0,0.0,1.0,1.0,9,4,0,410.8666687,27.10966682,79.74666595,45.91666794,0.0,1.0,0
2021-09-17 09:45:00+00:00,0,0.0,0.0,1.0,9,4,0,409.9655151,27.14758682,79.75103759999999,46.11724091,0.0,1.0,0
2021-09-17 09:50:00+00:00,0,0.0,0.0,1.0,9,4,0,409.8666687,27.1590004,79.77766418,46.00333405,0.0,1.0,0
2021-09-17 09:55:00+00:00,0,0.0,0.0,1.0,9,4,0,412.0,27.11733246,79.75866699,46.03333282,0.0,1.0,0
2021-09-17 10:00:00+00:00,0,0.0,0.0,1.0,10,4,0,412.8571472,27.11214256,79.86142731,45.8392868,0.0,1.0,0
2021-09-17 10:05:00+00:00,0,0.0,0.0,1.0,10,4,0,411.6000061,27.13500023,79.85766602,45.91333389,0.0,1.0,0
2021-09-17 10:10:00+00:00,0,0.0,0.0,1.0,10,4,0,411.7999878,27.16633415,79.73666382,46.03333282,0.0,1.0,0
2021-09-17 10:15:00+00:00,0,0.0,0.0,1.0,10,4,0,410.0,27.16133308,79.72399902,45.83000183,0.0,1.0,0
2021-09-17 10:20:00+00:00,0,0.0,0.0,1.0,10,4,0,411.2999878,27.19766617,79.62466431,46.0,0.0,1.0,0
2021-09-17 10:25:00+00:00,0,0.0,0.0,1.0,10,4,0,410.5,27.17766762,79.71266937,45.95000076,0.0,1.0,0
2021-09-17 10:30:00+00:00,0,0.0,0.0,1.0,10,4,0,408.1333313,27.15866661,79.82333374,45.90333176,0.0,1.0,0
2021-09-17 10:35:00+00:00,0,0.0,0.0,0.0,10,4,0,408.3333435,27.18933296,79.73633575,45.85333252,0.0,1.0,0
2021-09-17 10:40:00+00:00,0,0.0,0.0,1.0,10,4,0,409.7930908,27.17206955,79.92827606,45.85861969,0.0,1.0,0
2021-09-17 10:45:00+00:00,0,0.0,0.0,0.0,10,4,0,410.7999878,27.19633293,79.88600159,45.91666794,0.0,1.0,0
2021-09-17 10:50:00+00:00,0,0.0,0.0,0.0,10,4,0,409.4285583,27.21392822,79.81999969,45.76071548,0.0,1.0,0
2021-09-17 10:55:00+00:00,0,0.0,0.0,0.0,10,4,0,410.6000061,27.23633385,79.81466675,45.97000122,0.0,1.0,0
2021-09-17 11:00:00+00:00,0,0.0,0.0,0.0,11,4,0,411.9333191,27.20833397,79.94166565,45.88666534,0.0,1.0,0
2021-09-17 11:05:00+00:00,0,0.0,0.0,0.0,11,4,0,409.9666748,27.18799973,79.98000336,45.85333252,0.0,1.0,0
2021-09-17 11:10:00+00:00,0,0.0,0.0,0.0,11,4,0,413.8666687,27.24533272,79.89299774,45.91999817,0.0,1.0,0
2021-09-17 11:15:00+00:00,0,0.0,0.0,0.0,11,4,0,412.5,27.26566696,79.85033417,45.87666702,0.0,1.0,0
2021-09-17 11:20:00+00:00,0,0.0,0.0,0.0,11,4,0,410.5666809,27.20433426,80.09266663,45.70333481,0.0,1.0,0
2021-09-17 11:25:00+00:00,0,0.0,0.0,0.0,11,4,0,410.0666809,27.22233391,80.09300232,45.83666611,0.0,1.0,0
2021-09-17 11:30:00+00:00,0,0.0,0.0,0.0,11,4,0,408.0689697,27.23586273,80.10793304,45.91724014,0.0,1.0,0
2021-09-17 11:35:00+00:00,0,0.0,0.0,0.0,11,4,0,408.2666626,27.2140007,80.23699951,45.82666779,0.0,1.0,0
2021-09-17 11:40:00+00:00,0,0.0,0.0,0.0,11,4,0,412.1666565,27.22333336,80.27500153,45.86000061,0.0,1.0,0
2021-09-17 11:45:00+00:00,0,0.0,0.0,0.0,11,4,0,413.0714417,27.23464203,80.28928375,45.56785583,0.0,1.0,0
2021-09-17 11:50:00+00:00,0,0.0,0.0,0.0,11,4,0,412.9333191,27.21966743,80.39199829,45.67666626,0.0,1.0,0
2021-09-17 11:55:00+00:00,0,0.0,0.0,0.0,11,4,0,414.4333191,27.27166748,80.30233002,45.7733345,0.0,1.0,0
2021-09-17 12:00:00+00:00,0,0.0,0.0,0.0,12,4,0,411.2666626,27.25766754,80.36633301,45.75,0.0,1.0,0
2021-09-17 12:05:00+00:00,0,0.0,0.0,0.0,12,4,0,409.6333313,27.24200058,80.48600006,45.94666672,0.0,1.0,0
2021-09-17 12:10:00+00:00,0,0.0,0.0,0.0,12,4,0,407.5,27.30666733,80.35433197,45.72000122,0.0,1.0,0
2021-09-17 12:15:00+00:00,0,0.0,0.0,0.0,12,4,0,413.0333252,27.2943325,80.39299774,45.77666855,0.0,1.0,0
2021-09-17 12:20:00+00:00,0,0.0,0.0,0.0,12,4,0,408.7000122,27.28133392,80.54599762,45.84666824,0.0,1.0,0
2021-09-17 12:25:00+00:00,0,0.0,0.0,0.0,12,4,0,407.0344849,27.27586174,80.61758423,46.02758789,0.0,1.0,0
2021-09-17 12:30:00+00:00,0,0.0,0.0,0.0,12,4,0,408.7000122,27.34266663,80.46800232,46.03666687,0.0,1.0,0
2021-09-17 12:35:00+00:00,0,0.0,0.0,0.0,12,4,0,408.4642944,27.35535622,80.36321259,45.98928452,0.0,1.0,0
2021-09-17 12:40:00+00:00,0,0.0,0.0,0.0,12,4,0,414.2666626,27.28199959,80.66466522,45.83666611,0.0,1.0,0
2021-09-17 12:45:00+00:00,0,0.0,0.0,0.0,12,4,0,411.3666687,27.33333397,80.66100311,45.86333466,0.0,1.0,0
2021-09-17 12:50:00+00:00,0,0.0,0.0,0.0,12,4,0,408.8999939,27.30733299,80.76766968,45.79000092,0.0,1.0,0
2021-09-17 12:55:00+00:00,0,0.0,0.0,0.0,12,4,0,412.7666626,27.34433365,80.6866684,46.25333405,0.0,1.0,0
2021-09-17 13:00:00+00:00,0,0.0,0.0,0.0,13,4,0,414.3666687,27.36833382,80.58066559,45.95999908,0.0,1.0,0
2021-09-17 13:05:00+00:00,0,0.0,0.0,0.0,13,4,0,411.0333252,27.35933304,80.67233276,45.96333313,0.0,1.0,0
2021-09-17 13:10:00+00:00,0,0.0,0.0,0.0,13,4,0,411.2999878,27.39133263,80.50499725,46.1866684,0.0,1.0,0
2021-09-17 13:15:00+00:00,0,0.0,0.0,0.0,13,4,0,410.9310303,27.34758568,80.70069122,46.32758713,0.0,1.0,0
2021-09-17 13:20:00+00:00,0,0.0,0.0,0.0,13,4,0,409.9666748,27.31999969,80.89733124,46.06999969,0.0,1.0,0
2021-09-17 13:25:00+00:00,0,0.0,0.0,0.0,13,4,0,414.75,27.3735714,80.69857025,45.92856979,0.0,1.0,0
2021-09-17 13:30:00+00:00,0,0.0,0.0,0.0,13,4,0,413.3999939,27.48766708,80.33399963,46.45999908,0.0,1.0,0
2021-09-17 13:35:00+00:00,0,0.0,0.0,0.0,13,4,0,414.7999878,27.50799942,80.28900146,46.21333313,0.0,1.0,0
2021-09-17 13:40:00+00:00,0,0.0,0.0,0.0,13,4,0,413.5,27.375,80.80066681,46.47000122,0.0,1.0,0
2021-09-17 13:45:00+00:00,0,0.0,0.0,0.0,13,4,0,416.0,27.35466576,80.9489975,46.4766655,0.0,1.0,0
2021-09-17 13:50:00+00:00,0,0.0,0.0,0.0,13,4,0,413.1666565,27.38733292,80.88700104,46.08000183,0.0,1.0,0
2021-09-17 13:55:00+00:00,0,0.0,0.0,0.0,13,4,0,414.4333191,27.38800049,80.90766907,46.26666641,0.0,1.0,0
2021-09-19 18:00:00+00:00,0,0.0,0.0,0.0,18,6,1,422.93331910000006,25.69599915,63.92233276,52.91666794,88.11333466,1.0,0
2021-09-19 18:05:00+00:00,0,0.0,0.0,0.0,18,6,1,435.6666565,25.56500053,64.7563324,52.04666519,89.42666626,1.0,0
2021-09-19 18:10:00+00:00,0,0.0,0.0,0.0,18,6,1,439.7333374,25.66500092,64.60633087,55.02666855,90.37333679,1.0,0
2021-09-19 18:15:00+00:00,0,0.0,0.0,0.0,18,6,1,445.5666809,25.81966591,64.14966583,55.3133316,90.48999786,1.0,0
2021-09-19 18:20:00+00:00,0,0.0,0.0,0.0,18,6,1,445.1000061000001,26.06766701,63.49833298,54.85666656,88.65333557,1.0,0
2021-09-19 18:25:00+00:00,0,0.0,0.0,0.0,18,6,1,446.5666809,26.17033386,63.10666656,53.72333145,83.73332977,1.0,0
2021-09-19 18:30:00+00:00,0,0.0,0.0,0.0,18,6,1,451.7930908,26.20862007,62.63206863,50.15861893,83.2379303,1.0,0
2021-09-19 18:35:00+00:00,0,0.0,0.0,0.0,18,6,1,453.4666748,26.2076664,62.34066772,52.70000076,78.42666626,1.0,0
2021-09-19 18:40:00+00:00,0,0.0,0.0,0.0,18,6,1,458.0357056,26.17571449,61.97678757,51.13214111,79.98213959,1.0,0
2021-09-19 18:45:00+00:00,0,0.0,0.0,0.0,18,6,1,463.0,26.26099968,61.42499924,51.45666504,90.12333679,1.0,0
2021-09-19 18:50:00+00:00,0,0.0,0.0,0.0,18,6,1,464.4666748,26.30400085,61.05899811,52.20666504,90.19333649,1.0,0
2021-09-19 18:55:00+00:00,0,0.0,0.0,0.0,18,6,1,459.2666626,26.18833351,61.442665100000006,50.29000092,88.94999695,1.0,0
2021-09-19 19:00:00+00:00,0,0.0,0.0,0.0,19,6,1,456.0333252,26.15999985,61.80333328,49.57666779,82.4466629,1.0,0
2021-09-19 19:05:00+00:00,0,0.0,0.0,0.0,19,6,1,458.9666748,26.26399994,61.50833511,49.58333206,76.75,1.0,0
2021-09-19 19:10:00+00:00,0,0.0,0.0,0.0,19,6,1,458.7000122,26.38266754,60.8073349,51.38000107,75.11333466,1.0,0
2021-09-19 19:15:00+00:00,0,0.0,0.0,0.0,19,6,1,458.8999938999999,26.41399956,60.42666626,51.50999832,79.86000061,1.0,0
2021-09-19 19:20:00+00:00,0,0.0,0.0,0.0,19,6,1,460.8999938999999,26.29500008,60.58000183,52.45333481,85.02333069,1.0,0
2021-09-19 19:25:00+00:00,0,0.0,0.0,0.0,19,6,1,461.3448181,25.56896591,62.65896606,49.74137878,89.19999695,1.0,0
2021-09-19 19:30:00+00:00,0,0.0,0.0,0.0,19,6,1,456.8928528,25.37821388,63.80857086,51.33214188,88.91785431,1.0,0
2021-09-19 19:35:00+00:00,0,0.0,0.0,0.0,19,6,1,456.7666626,25.50366592,64.02999878,54.28666687,88.36000061,1.0,0
2021-09-19 19:40:00+00:00,0,0.0,0.0,0.0,19,6,1,461.93331910000006,25.83333397,62.75933456,52.49000168,88.04666901,1.0,0
2021-09-19 19:45:00+00:00,0,0.0,0.0,0.0,19,6,1,464.5333252,25.88400078,61.92466736,52.58333206,87.98332977,1.0,0
2021-09-19 19:50:00+00:00,0,0.0,0.0,0.0,19,6,1,461.1000061000001,25.75399971,61.43166733,50.96666718,87.15666962,1.0,0
2021-09-19 19:55:00+00:00,0,0.0,0.0,0.0,19,6,1,455.8333435,25.90366745,60.28866577,51.21666718,87.40000153,1.0,0
2021-09-19 20:00:00+00:00,0,0.0,0.0,0.0,20,6,1,454.6000061000001,25.93799973,60.3073349,51.71666718,87.74666595,1.0,0
2021-09-19 20:05:00+00:00,0,0.0,0.0,0.0,20,6,1,451.7666626,25.93566704,60.6609993,49.85666656,86.68000031,1.0,0
2021-09-19 20:10:00+00:00,0,0.0,0.0,0.0,20,6,1,452.93331910000006,26.02266693,60.71366501,50.27000046,86.96333313,1.0,0
2021-09-19 20:15:00+00:00,0,0.0,0.0,0.0,20,6,1,451.0344849,26.01172447,61.1255188,53.01034546,85.41724396,1.0,0
2021-09-19 20:20:00+00:00,0,0.0,0.0,0.0,20,6,1,453.1428528,26.01285744,61.2782135,52.75714111,84.80714417,1.0,0
2021-09-19 20:25:00+00:00,0,0.0,0.0,0.0,20,6,1,449.7333374,25.99966621,61.27733231,52.16999817,85.41333008,1.0,0
2021-09-19 20:30:00+00:00,0,0.0,0.0,0.0,20,6,1,446.7666626,26.07699966,60.96566772,48.9766655,84.66333008,1.0,0
2021-09-19 20:35:00+00:00,0,0.0,0.0,0.0,20,6,1,444.2000122,25.97800064,61.2840004,49.83000183,84.17333221,1.0,0
2021-09-19 20:40:00+00:00,0,0.0,0.0,0.0,20,6,1,449.0,25.96066666,61.47533417,49.67333221,83.57666779,1.0,0
2021-09-19 20:45:00+00:00,0,0.0,0.0,0.0,20,6,1,446.8333435,25.83099937,61.87333298,50.1566658,54.59000015,1.0,0
2021-09-19 20:50:00+00:00,0,0.0,0.0,0.0,20,6,1,434.43331910000006,25.39733315,63.13733292,48.66666794,25.35000038,1.0,0
2021-09-19 20:55:00+00:00,0,0.0,0.0,0.0,20,6,1,423.6333313,25.20400047,63.65100098,48.69333267,25.22333336,1.0,0
2021-09-19 21:00:00+00:00,0,0.0,0.0,0.0,21,6,1,411.0333252,25.0806675,63.83866501,48.38333511,25.10000038,1.0,0
2021-09-19 21:05:00+00:00,0,0.0,0.0,0.0,21,6,1,411.0,24.99433327,64.15133667,48.04999924,24.89666748,1.0,0
2021-09-19 21:10:00+00:00,0,0.0,0.0,0.0,21,6,1,408.5517273,25.07862091,65.95793152,48.65861893,25.0,1.0,0
2021-09-19 21:15:00+00:00,0,0.0,0.0,0.0,21,6,1,407.5,25.45607185,69.21785736,47.85357285,25.20357132,1.0,0
2021-09-19 21:20:00+00:00,0,0.0,0.0,0.0,21,6,1,407.1666565,25.55266762,66.86499786,48.14333344,25.17333412,1.0,0
2021-09-19 21:25:00+00:00,0,0.0,0.0,0.0,21,6,1,405.3333435,25.24600029,66.51233673,48.75999832,25.12333298,1.0,0
2021-09-19 21:30:00+00:00,0,0.0,0.0,0.0,21,6,1,405.5333252,25.1313324,65.88233185,48.29000092,25.08666611,1.0,1
2021-09-19 21:35:00+00:00,0,0.0,0.0,0.0,21,6,1,404.4333191,25.0656662,65.59400177,48.63999939,25.24666595,1.0,1
2021-09-19 21:40:00+00:00,0,0.0,0.0,0.0,21,6,1,400.9666748,25.13333321,65.68066406,48.80333328,25.54333305,1.0,1
2021-09-19 21:45:00+00:00,0,0.0,0.0,0.0,21,6,1,401.9666748,25.09900093,65.89966583,48.56666565,25.65999985,1.0,1
2021-09-19 21:50:00+00:00,0,0.0,0.0,0.0,21,6,1,403.6000061,25.09633255,65.74066925,49.40000153,37.11666489,1.0,1
2021-09-19 21:55:00+00:00,0,0.0,0.0,0.0,21,6,1,405.7666626,25.24500084,65.59333038,50.83000183,59.22999954,1.0,1
2021-09-19 22:00:00+00:00,0,0.0,0.0,0.0,22,6,1,419.241394,25.85724068,69.02552032,50.09654999,56.41724014,1.0,0
2021-09-19 22:05:00+00:00,0,0.0,0.0,0.0,22,6,1,441.3214416999999,26.04000092,67.38356781,49.73571396,57.25714111,1.0,0
2021-09-19 22:10:00+00:00,0,0.0,0.0,0.0,22,6,1,451.8999938999999,25.93566704,65.3666687,49.43333435,59.65999985,1.0,0
2021-09-19 22:15:00+00:00,0,0.0,0.0,0.0,22,6,1,458.93331910000006,26.06399918,64.09933472,49.26666641,59.52000046,1.0,0
2021-09-19 22:20:00+00:00,0,0.0,0.0,0.0,22,6,1,460.7666626,26.12433243,63.39633179,49.4766655,59.59000015,1.0,0
2021-09-19 22:25:00+00:00,0,0.0,0.0,0.0,22,6,1,464.5,26.0826664,63.15200043,49.63999939,60.15666579999999,1.0,0
2021-09-19 22:30:00+00:00,0,0.0,0.0,0.0,22,6,1,464.43331910000006,25.93566704,63.2879982,49.09000015,60.36666489,1.0,0
2021-09-19 22:35:00+00:00,0,0.0,0.0,0.0,22,6,1,463.5,25.7626667,63.60466766,49.54666519,60.45333481,1.0,0
2021-09-19 22:40:00+00:00,0,0.0,0.0,0.0,22,6,1,467.93331910000006,25.89933395,63.24166489,49.81666565,60.47000122,1.0,0
2021-09-19 22:45:00+00:00,0,0.0,0.0,0.0,22,6,1,471.0,25.95266724,62.99433517,49.87666702,60.56000137,1.0,0
2021-09-19 22:50:00+00:00,0,0.0,0.0,0.0,22,6,1,472.3666687,26.01033401,62.70800018,49.95333481,60.71333313,1.0,0
2021-09-19 22:55:00+00:00,0,0.0,0.0,0.0,22,6,1,477.555542,26.01703644,62.57296371,50.41110992,60.48518372,1.0,0
2021-09-19 23:00:00+00:00,0,0.0,0.0,0.0,23,6,1,479.0666809,25.99099922,62.72733307,50.10333252,60.83666611,1.0,0
2021-09-19 23:05:00+00:00,0,0.0,0.0,0.0,23,6,1,477.8999938999999,26.09199905,62.49900055,50.43333435,60.82666779,1.0,0
2021-09-19 23:10:00+00:00,0,0.0,0.0,0.0,23,6,1,481.0,25.87466621,63.09600067,49.71333313,60.62666702,1.0,0
2021-09-19 23:15:00+00:00,0,0.0,0.0,0.0,23,6,1,478.6666565,25.68333244,63.43766785,50.18333435,60.50666809,1.0,0
2021-09-19 23:20:00+00:00,0,0.0,0.0,0.0,23,6,1,479.2666626,25.87133408,62.72433472,49.3433342,60.45999908,1.0,0
2021-09-19 23:25:00+00:00,0,0.0,0.0,0.0,23,6,1,475.1333313,25.87666702,62.64566803,49.6566658,60.76333237,1.0,0
2021-09-19 23:30:00+00:00,1,0.0,0.0,0.0,23,6,1,475.7666626,25.98600006,62.17233276,49.45333481,60.91333389,1.0,0
2021-09-19 23:35:00+00:00,1,0.0,0.0,0.0,23,6,1,470.9666748,26.00699997,62.17866516,49.5,61.01333237,1.0,0
2021-09-19 23:40:00+00:00,1,0.0,0.0,0.0,23,6,1,467.5666809,26.03933334,62.03633499,49.89333344,61.09333420000001,1.0,0
2021-09-19 23:45:00+00:00,1,0.0,0.0,0.0,23,6,1,469.4482727,25.97793198,62.25999832,49.74137878,61.18620682,1.0,0
2021-09-19 23:50:00+00:00,1,0.0,0.0,0.0,23,6,1,465.8928528,25.98428535,62.71964264,49.59285736,61.32857132,1.0,0
2021-09-19 23:55:00+00:00,1,0.0,0.0,0.0,23,6,1,463.7333374,25.98766708,63.23733521,50.65000153,61.80333328,1.0,1
2021-09-20 00:00:00+00:00,0,1.0,0.0,0.0,0,0,0,465.5333252,26.06200027,62.90133286,49.90999985,61.85333252,1.0,1
2021-09-20 00:05:00+00:00,0,1.0,0.0,0.0,0,0,0,465.1000061000001,25.987333300000003,62.42966843,50.0633316,62.2266655,1.0,2
2021-09-20 00:10:00+00:00,0,1.0,0.0,0.0,0,0,0,467.0,25.91566658,61.75333405,50.12333298,62.07333374,1.0,3
2021-09-20 00:15:00+00:00,0,1.0,0.0,0.0,0,0,0,470.8333435,26.07600021,64.21399689,50.25,61.91333389,1.0,3
2021-09-20 00:20:00+00:00,0,1.0,0.0,0.0,0,0,0,477.8666687,26.04400063,66.61100006,49.48666763,62.03333282,1.0,4
2021-09-20 00:25:00+00:00,0,1.0,0.0,0.0,0,0,0,477.1000061000001,25.94133377,65.10299683,49.3133316,62.09000015,1.0,6
2021-09-20 00:30:00+00:00,0,0.0,1.0,0.0,0,0,0,479.43331910000006,25.88933372,64.04799652,49.63000107,62.18333435,1.0,6
2021-09-20 00:35:00+00:00,0,0.0,1.0,0.0,0,0,0,479.79998780000005,25.85300064,63.50799942,49.24000168,62.25666809,1.0,6
2021-09-20 00:40:00+00:00,0,0.0,1.0,0.0,0,0,0,478.8518372,25.79222298,63.44333267,49.72222137,62.2555542,1.0,6
2021-09-20 00:45:00+00:00,0,0.0,1.0,0.0,0,0,0,474.7666626,25.792333600000003,63.57166672,49.85333252,62.87666702,1.0,6
2021-09-20 00:50:00+00:00,0,0.0,1.0,0.0,0,0,0,468.8666687,25.58933258,64.11333466,49.6866684,62.73666763,1.0,6
2021-09-20 00:55:00+00:00,0,0.0,1.0,0.0,0,0,0,467.8999938999999,25.54266739,64.26833344,49.15333176,62.70666504,1.0,6
2021-09-20 01:00:00+00:00,0,0.0,0.0,0.0,1,0,0,466.2000122,25.69166756,63.95566559,49.55666733,62.50333405,1.0,6
2021-09-20 01:05:00+00:00,0,0.0,0.0,0.0,1,0,0,471.4666748,25.77466583,63.49000168,49.95999908,61.86999893,1.0,6
2021-09-20 01:10:00+00:00,0,0.0,0.0,0.0,1,0,0,462.5,25.52499962,63.82633209,49.45666504,62.81999969,1.0,6
2021-09-20 01:15:00+00:00,0,0.0,0.0,0.0,1,0,0,456.6000061000001,25.53300095,63.57866669,49.49000168,62.93999863,1.0,6
2021-09-20 01:20:00+00:00,0,0.0,0.0,0.0,1,0,0,461.1000061000001,25.59033394,63.22999954,50.00999832,62.67666626,1.0,6
2021-09-20 01:25:00+00:00,0,0.0,0.0,0.0,1,0,0,462.9666748,25.67033386,63.30699921,49.93999863,62.37333298,1.0,6
2021-09-20 01:30:00+00:00,0,0.0,0.0,1.0,1,0,0,462.0370483,25.75851822,63.54851913,48.78518677,61.6592598,1.0,6
2021-09-20 01:35:00+00:00,0,0.0,0.0,1.0,1,0,0,461.2000122,25.83433342,63.67366791,50.08000183,61.29666519,1.0,6
2021-09-20 01:40:00+00:00,0,0.0,0.0,1.0,1,0,0,464.93331910000006,25.73666573,63.14733505,49.83333206,60.27999878,1.0,6
2021-09-20 01:45:00+00:00,0,0.0,0.0,1.0,1,0,0,470.0333252,25.70800018,62.48833466,51.06666565,59.51333237,1.0,6
2021-09-20 01:50:00+00:00,0,0.0,0.0,1.0,1,0,0,463.8333435,25.76566696,64.19000244,49.71333313,58.49333191,1.0,6
2021-09-20 01:55:00+00:00,1,0.0,0.0,1.0,1,0,0,464.0,26.28733253,68.94533539,49.25,54.99666595,3.0,6
2021-09-20 02:00:00+00:00,1,0.0,0.0,0.0,2,0,0,465.0666809,25.70599937,68.83733368,49.72999954,54.95666504,4.0,6
2021-09-20 02:05:00+00:00,2,0.0,0.0,0.0,2,0,0,465.7000122,25.55999947,67.06900024,50.25999832,52.54999924,1.0,6
2021-09-20 02:10:00+00:00,3,0.0,0.0,0.0,2,0,0,466.29998780000005,25.64933395,65.63999939,51.36000061,49.86999893,3.0,6
2021-09-20 02:15:00+00:00,3,0.0,0.0,0.0,2,0,0,460.79998780000005,25.55433273,64.96499634,49.76666641,50.04999924,5.0,6
2021-09-20 02:20:00+00:00,4,0.0,0.0,0.0,2,0,0,440.8214416999999,25.43642807,64.84642792,48.22499847,47.38928604,5.0,6
2021-09-20 02:25:00+00:00,6,1.0,0.0,0.0,2,0,0,429.4137878,25.25689697,65.03517151,48.84827423,43.5,7.0,6
2021-09-20 02:30:00+00:00,6,1.0,0.0,0.0,2,0,0,420.1333313,25.51933289,67.41866302,48.46333313,42.84999847,4.0,6
2021-09-20 02:35:00+00:00,6,2.0,0.0,0.0,2,0,0,416.4666748,25.68066597,70.95400238,48.52999878,41.02999878,4.0,4
2021-09-20 02:40:00+00:00,6,3.0,0.0,0.0,2,0,0,412.9666748,25.34199905,69.30133057,48.33666611,37.04666519,2.0,6
2021-09-20 02:45:00+00:00,6,3.0,0.0,0.0,2,0,0,411.5333252,25.71800041,70.27933502,49.2266655,34.59000015,4.0,6
2021-09-20 02:50:00+00:00,6,4.0,0.0,0.0,2,0,0,413.2333374,26.08333397,70.21766663,49.18333435,33.3133316,3.0,0
2021-09-20 02:55:00+00:00,6,6.0,1.0,0.0,2,0,0,414.0666809,25.98500061,68.39333344,49.06000137,32.3433342,4.0,0
2021-09-20 03:00:00+00:00,6,6.0,1.0,0.0,3,0,0,414.3666687,26.03899956,72.42766571,48.84000015,30.22999954,3.0,0
2021-09-20 03:05:00+00:00,6,6.0,2.0,0.0,3,0,0,412.7333374,25.66300011,71.88033295,49.10666656,31.33333397,2.0,0
2021-09-20 03:10:00+00:00,6,6.0,3.0,0.0,3,0,0,411.8333435,25.29999924,69.89966583,49.03333282,31.44000053,6.0,0
2021-09-20 03:15:00+00:00,6,6.0,3.0,0.0,3,0,0,411.1481628,25.13888931,68.93370056,48.92963028,31.31851768,3.0,0
2021-09-20 03:20:00+00:00,6,6.0,4.0,0.0,3,0,0,410.1000061,25.32999992,71.64800262,48.29666519,31.45000076,4.0,0
2021-09-20 03:25:00+00:00,6,6.0,6.0,0.0,3,0,0,409.6000061,25.38666725,71.8116684,48.66999817,31.37000084,3.0,0
2021-09-20 03:30:00+00:00,6,6.0,6.0,0.0,3,0,0,404.6333313,25.59666634,68.23000336,49.11666489,31.28000069,4.0,0
2021-09-20 03:35:00+00:00,6,6.0,6.0,0.0,3,0,0,402.8666687,25.62266731,68.194664,48.86333466,31.29999924,3.0,0
2021-09-20 03:40:00+00:00,6,6.0,6.0,0.0,3,0,0,402.6666565,26.06866646,70.82966614,49.13666534,9.403333664,7.0,0
2021-09-20 03:45:00+00:00,6,6.0,6.0,0.0,3,0,0,401.8999939,26.02199936,70.26866913,49.07666779,0.0,5.0,0
2021-09-20 03:50:00+00:00,6,6.0,6.0,0.0,3,0,0,403.7333374,25.65366745,68.6966629,49.62666702,0.0,5.0,0
2021-09-20 03:55:00+00:00,6,6.0,6.0,1.0,3,0,0,402.4666748,25.62866592,68.38099670000001,48.83666611,0.0,7.0,1
2021-09-20 04:00:00+00:00,6,6.0,6.0,1.0,4,0,0,404.3333435,25.86733246,70.680336,48.94333267,0.0,4.0,7
2021-09-20 04:05:00+00:00,6,6.0,6.0,2.0,4,0,0,409.4285583,25.86928558,69.52071381,49.29285812,16.52499962,5.0,7
2021-09-20 04:10:00+00:00,6,6.0,6.0,3.0,4,0,0,408.3103333,25.88862038,67.35137939,47.70689774,0.0,4.0,7
2021-09-20 04:15:00+00:00,6,6.0,6.0,3.0,4,0,0,409.3666687,25.92066574,65.8116684,47.5233345,0.0,6.0,8
2021-09-20 04:20:00+00:00,6,6.0,6.0,4.0,4,0,0,406.1666565,25.76499939,65.70233154,47.79666519,0.0,6.0,8
2021-09-20 04:25:00+00:00,6,6.0,6.0,6.0,4,0,0,407.1333313,25.92633247,70.61699677,47.53666687,0.0,6.0,8
2021-09-20 04:30:00+00:00,6,6.0,6.0,6.0,4,0,0,409.5,26.01799965,74.75766754,47.4766655,0.0,4.0,8
2021-09-20 04:35:00+00:00,4,6.0,6.0,6.0,4,0,0,407.4666748,25.54366684,71.3789978,47.5633316,0.0,5.0,8
2021-09-20 04:40:00+00:00,6,6.0,6.0,6.0,4,0,0,411.7000122,25.49733353,72.64033508,47.36666489,0.0,4.0,9
2021-09-20 04:45:00+00:00,6,6.0,6.0,6.0,4,0,0,415.7333374,25.60766602,72.03166962,47.86000061,0.0,7.0,11
2021-09-20 04:50:00+00:00,0,6.0,6.0,6.0,4,0,0,411.5333252,25.46366692,71.04233551,47.47999954,0.0,4.0,11
2021-09-20 04:55:00+00:00,0,6.0,6.0,6.0,4,0,0,410.3214417,25.61821365,73.88785553,46.97857285,0.0,4.0,11
2021-09-20 05:00:00+00:00,0,6.0,6.0,6.0,5,0,0,408.4137878,25.63206863,72.17551422,47.60689545,0.0,1.0,11
2021-09-20 05:05:00+00:00,0,4.0,6.0,6.0,5,0,0,409.1000061,25.36300087,71.93066406,47.66999817,0.0,1.0,11
2021-09-20 05:10:00+00:00,0,6.0,6.0,6.0,5,0,0,409.0333252,25.69300079,74.43266296,47.64333344,0.0,1.0,11
2021-09-20 05:15:00+00:00,0,6.0,6.0,6.0,5,0,0,409.2999878,25.54266739,71.60666656,47.08666611,0.0,2.0,11
2021-09-20 05:20:00+00:00,0,0.0,6.0,6.0,5,0,0,409.3666687,25.48366737,73.05966949,47.64666748,0.0,2.0,11
2021-09-20 05:25:00+00:00,0,0.0,6.0,6.0,5,0,0,409.2666626,25.71766663,73.81700134,47.11666489,0.0,1.0,11
2021-09-20 05:30:00+00:00,0,0.0,6.0,6.0,5,0,0,410.9666748,25.37700081,72.00766754,47.55666733,0.0,1.0,9
2021-09-20 05:35:00+00:00,0,0.0,4.0,6.0,5,0,0,412.1666565,25.52866745,73.82499695,47.50999832,0.0,1.0,9
2021-09-20 05:40:00+00:00,0,0.0,6.0,6.0,5,0,0,411.6000061,25.91433334,78.99199677,47.09000015,0.0,1.0,9
2021-09-20 05:45:00+00:00,0,0.0,6.0,6.0,5,0,0,417.2666626,26.16066742,76.97200012,46.48666763,0.0,1.0,9
2021-09-20 05:50:00+00:00,0,0.0,0.0,6.0,5,0,0,413.5357056,26.26857185,77.45893097,46.40357208,0.0,1.0,9
2021-09-20 05:55:00+00:00,1,0.0,0.0,6.0,5,0,0,414.241394,26.29482841,77.50655365,47.01724243,0.0,1.0,9
2021-09-20 06:00:00+00:00,7,0.0,0.0,6.0,6,0,0,418.6000061,26.3706665,77.49099731,47.04000092,0.0,13.0,9
2021-09-20 06:05:00+00:00,7,0.0,0.0,6.0,6,0,0,417.1666565,26.38933372,77.52899933,46.87666702,0.0,3.0,9
2021-09-20 06:10:00+00:00,7,0.0,0.0,6.0,6,0,0,415.1666565,26.42766762,77.49533081,46.61333466,0.0,3.0,10
2021-09-20 06:15:00+00:00,8,0.0,0.0,6.0,6,0,0,415.1000061,26.48266602,77.8789978,46.81999969,0.0,6.0,10
2021-09-20 06:20:00+00:00,8,0.0,0.0,6.0,6,0,0,417.8999939,26.48066711,79.05266571,46.63666534,0.0,8.0,11
2021-09-20 06:25:00+00:00,8,1.0,0.0,6.0,6,0,0,418.7999878,26.47533417,79.92633057,46.49333191,0.0,6.0,11
2021-09-20 06:30:00+00:00,8,7.0,0.0,6.0,6,0,0,416.9333191,26.52633286,79.74466705,46.71666718,0.0,7.0,11
2021-09-20 06:35:00+00:00,8,7.0,0.0,4.0,6,0,0,418.5666809,26.54833412,79.90933228,46.50999832,0.0,5.0,11
2021-09-20 06:40:00+00:00,9,7.0,0.0,6.0,6,0,0,417.3928528,26.62107086,79.42857361,46.14642715,0.0,6.0,11
2021-09-20 06:45:00+00:00,11,8.0,0.0,6.0,6,0,0,417.4482727,26.66517258,79.13724518,46.5241394,0.0,9.0,11
2021-09-20 06:50:00+00:00,11,8.0,0.0,0.0,6,0,0,420.7666626,26.72800064,78.73833466,46.20666504,0.0,7.0,11
2021-09-20 06:55:00+00:00,11,8.0,1.0,0.0,6,0,0,420.1666565,26.70433426,78.09533691,46.38666534,0.0,8.0,11
2021-09-20 07:00:00+00:00,11,8.0,7.0,0.0,7,0,0,430.1000061000001,26.71166611,77.23100281,46.88999939,0.0,6.0,11
2021-09-20 07:05:00+00:00,11,8.0,7.0,0.0,7,0,0,437.6000061000001,26.7543335,76.67933655,46.50333405,0.0,8.0,10
2021-09-20 07:10:00+00:00,11,9.0,7.0,0.0,7,0,0,442.2666626,26.80166626,76.61533356,46.65000153,0.0,9.0,8
2021-09-20 07:15:00+00:00,11,11.0,8.0,0.0,7,0,0,442.5333252,26.83333397,76.88166809,46.36000061,0.0,10.0,10
2021-09-20 07:20:00+00:00,11,11.0,8.0,0.0,7,0,0,440.8333435,26.86800003,76.94933319,46.49666595,0.0,9.0,10
2021-09-20 07:25:00+00:00,11,11.0,8.0,0.0,7,0,0,432.5666809,26.82999992,77.53733063,47.04333496,0.0,9.0,10
2021-09-20 07:30:00+00:00,9,11.0,8.0,0.0,7,0,0,431.6785583000001,26.87857056,77.33106995,46.40000153,0.0,6.0,11
2021-09-20 07:35:00+00:00,9,11.0,8.0,0.0,7,0,0,435.0,26.78833389,77.58466339,46.5633316,0.0,6.0,11
2021-09-20 07:40:00+00:00,9,11.0,9.0,0.0,7,0,0,432.2069092,26.73999977,77.73861694,46.51379395,0.0,4.0,11
2021-09-20 07:45:00+00:00,9,11.0,11.0,0.0,7,0,0,436.0,26.69766617,77.89766693,46.30666733,0.0,6.0,11
2021-09-20 07:50:00+00:00,9,11.0,11.0,0.0,7,0,0,434.93331910000006,26.71366692,77.89133453,46.25999832,0.0,4.0,11
2021-09-20 07:55:00+00:00,9,11.0,11.0,1.0,7,0,0,435.2333374,26.73433304,77.87266541,46.2733345,0.0,6.0,11
2021-09-20 08:00:00+00:00,9,9.0,11.0,7.0,8,0,0,437.6000061000001,26.80599976,77.69400024,46.31666565,0.0,5.0,11
2021-09-20 08:05:00+00:00,9,9.0,11.0,7.0,8,0,0,436.0666809,26.96133423,77.17900085,46.20999908,0.0,8.0,11
2021-09-20 08:10:00+00:00,10,9.0,11.0,7.0,8,0,0,434.0,26.94266701,77.30166626,46.30333328,0.0,6.0,11
2021-09-20 08:15:00+00:00,10,9.0,11.0,8.0,8,0,0,439.0,26.94000053,77.319664,46.13000107,0.0,6.0,4
2021-09-20 08:20:00+00:00,11,9.0,11.0,8.0,8,0,0,436.8620605,26.92137909,77.52344513,46.15861893,0.0,7.0,1
2021-09-20 08:25:00+00:00,11,9.0,11.0,8.0,8,0,0,438.6896666999999,26.97482681,77.30275726,46.14827728,0.0,7.0,1
2021-09-20 08:30:00+00:00,11,9.0,9.0,8.0,8,0,0,436.7241516,26.98931122,77.37413788,46.08620834,0.0,8.0,1
2021-09-20 08:35:00+00:00,11,9.0,9.0,8.0,8,0,0,437.0,26.98500061,77.39966583,46.08333206,0.0,6.0,1
2021-09-20 08:40:00+00:00,11,10.0,9.0,9.0,8,0,0,433.4666748,27.02099991,77.33166504,46.18333435,0.0,7.0,1
2021-09-20 08:45:00+00:00,11,10.0,9.0,11.0,8,0,0,437.2333374,27.0510006,77.20133209,46.02999878,0.0,7.0,1
2021-09-20 08:50:00+00:00,11,11.0,9.0,11.0,8,0,0,440.5666809,27.08166695,77.11299896,45.96666718,0.0,5.0,1
2021-09-20 08:55:00+00:00,11,11.0,9.0,11.0,8,0,0,434.6666565,27.12599945,76.89700317,46.11999893,0.0,10.0,1
2021-09-20 09:00:00+00:00,11,11.0,9.0,11.0,9,0,0,435.0333252,27.1123333,77.05266571,46.3433342,0.0,9.0,1
2021-09-20 09:05:00+00:00,10,11.0,9.0,11.0,9,0,0,436.8333435,27.1503334,77.03333282,45.88333511,0.0,7.0,1
2021-09-20 09:10:00+00:00,8,11.0,10.0,11.0,9,0,0,437.1666565,27.16699982,77.0043335,45.94666672,0.0,4.0,1
2021-09-20 09:15:00+00:00,10,11.0,10.0,11.0,9,0,0,434.6071472,27.17178535,76.98535919,45.8571434,0.0,8.0,0
2021-09-20 09:20:00+00:00,10,11.0,11.0,11.0,9,0,0,435.8275757,27.18448257,76.94309998,45.98620605,0.0,3.0,0
2021-09-20 09:25:00+00:00,10,11.0,11.0,11.0,9,0,0,437.4666748,27.18266678,76.97833252,46.34000015,0.0,8.0,0
2021-09-20 09:30:00+00:00,11,11.0,11.0,9.0,9,0,0,439.0666809,27.20366669,76.89833069,45.88333511,0.0,6.0,0
2021-09-20 09:35:00+00:00,11,10.0,11.0,9.0,9,0,0,437.2333374,27.23266602,76.85766602,46.08333206,0.0,9.0,0
2021-09-20 09:40:00+00:00,11,8.0,11.0,9.0,9,0,0,435.1000061000001,27.21966743,76.95766449,45.89666748,0.0,5.0,0
2021-09-20 09:45:00+00:00,11,10.0,11.0,9.0,9,0,0,437.0666809,27.26666641,76.92433167,45.93000031,0.0,8.0,0
2021-09-20 09:50:00+00:00,11,10.0,11.0,9.0,9,0,0,438.93331910000006,27.27166748,76.9260025,45.93999863,0.0,4.0,0
2021-09-20 09:55:00+00:00,11,10.0,11.0,9.0,9,0,0,438.1666565,27.26433372,77.0,45.97999954,0.0,6.0,0
2021-09-20 10:00:00+00:00,11,11.0,11.0,9.0,10,0,0,436.7000122,27.30966759,76.83000183,45.9766655,0.0,5.0,0
2021-09-20 10:05:00+00:00,11,11.0,10.0,9.0,10,0,0,435.5,27.31178665,76.82142639,45.82500076,0.0,7.0,0
2021-09-20 10:10:00+00:00,11,11.0,8.0,10.0,10,0,0,435.6000061000001,27.31533241,76.81800079,46.0633316,0.0,8.0,0
2021-09-20 10:15:00+00:00,4,11.0,10.0,10.0,10,0,0,435.3103333000001,27.32586288,76.89138031,45.95517349,0.0,10.0,0
2021-09-20 10:20:00+00:00,1,11.0,10.0,11.0,10,0,0,433.93331910000006,27.31666756,76.99233246,46.02999878,0.0,2.0,0
2021-09-20 10:25:00+00:00,1,11.0,10.0,11.0,10,0,0,437.2333374,27.33333397,76.96533203,45.86999893,0.0,2.0,0
2021-09-20 10:30:00+00:00,1,11.0,11.0,11.0,10,0,0,434.1666565,27.31599998,77.09466553,46.02666855,0.0,1.0,0
2021-09-20 10:35:00+00:00,1,11.0,11.0,11.0,10,0,0,436.2000122,27.33200073,77.00733185,45.92666626,0.0,1.0,0
2021-09-20 10:40:00+00:00,1,11.0,11.0,11.0,10,0,0,431.93331910000006,27.349666600000003,77.00566864,45.98666763,0.0,1.0,0
2021-09-20 10:45:00+00:00,1,4.0,11.0,11.0,10,0,0,433.0666809,27.33966637,77.11933136,46.00333405,0.0,1.0,0
2021-09-20 10:50:00+00:00,1,1.0,11.0,11.0,10,0,0,435.1333313,27.35300064,77.03766632,45.9066658,0.0,1.0,0
2021-09-20 10:55:00+00:00,1,1.0,11.0,11.0,10,0,0,438.25,27.43071365,76.83999634,45.7321434,0.0,1.0,0
2021-09-20 11:00:00+00:00,1,1.0,11.0,11.0,11,0,0,435.7333374,27.39900017,77.00666809,45.9766655,0.0,1.0,0
2021-09-20 11:05:00+00:00,1,1.0,11.0,10.0,11,0,0,432.8275757,27.38241386,77.13482666,45.92413712,0.0,1.0,0
2021-09-20 11:10:00+00:00,1,1.0,11.0,8.0,11,0,0,433.79998780000005,27.40999985,77.02600098,46.11666489,0.0,1.0,0
2021-09-20 11:15:00+00:00,0,1.0,4.0,10.0,11,0,0,435.7000122,27.40233421,77.11233521,46.0633316,0.0,1.0,0
2021-09-20 11:20:00+00:00,0,1.0,1.0,10.0,11,0,0,432.2333374,27.42666626,77.125,46.1566658,0.0,1.0,0
2021-09-20 11:25:00+00:00,0,1.0,1.0,10.0,11,0,0,432.2666626,27.41500092,77.20766449,46.02000046,0.0,1.0,0
2021-09-20 11:30:00+00:00,0,1.0,1.0,11.0,11,0,0,432.4666748,27.39366722,77.39366913,46.10333252,0.0,1.0,0
2021-09-20 11:35:00+00:00,0,1.0,1.0,11.0,11,0,0,429.7333374,27.45366669,77.17433167,46.22333145,0.0,1.0,0
2021-09-20 11:40:00+00:00,0,1.0,1.0,11.0,11,0,0,426.5666809,27.49099922,77.01999664,46.08333206,0.0,1.0,0
2021-09-20 11:45:00+00:00,0,0.0,1.0,11.0,11,0,0,425.4666748,27.45599937,77.22499847,46.20666504,0.0,1.0,0
2021-09-20 11:50:00+00:00,0,0.0,1.0,11.0,11,0,0,428.4642944,27.44464302,77.25250244,45.93928528,0.0,1.0,0
2021-09-20 11:55:00+00:00,0,0.0,1.0,11.0,11,0,0,432.5666809,27.47200012,77.13266754,45.86999893,0.0,1.0,0
2021-09-20 12:00:00+00:00,0,0.0,1.0,11.0,12,0,0,429.96551510000006,27.45931053,77.23103333,45.98275757,0.0,1.0,0
2021-09-20 12:05:00+00:00,0,0.0,1.0,11.0,12,0,0,428.7000122,27.47866631,77.25,45.99666595,0.0,1.0,0
2021-09-20 12:10:00+00:00,0,0.0,1.0,11.0,12,0,0,431.6333313,27.46800041,77.32499695,46.02666855,0.0,1.0,0
2021-09-20 12:15:00+00:00,0,0.0,0.0,4.0,12,0,0,432.2333374,27.45100021,77.47133636,46.13333511,0.0,1.0,0
2021-09-20 12:20:00+00:00,0,0.0,0.0,1.0,12,0,0,432.9666748,27.46699905,77.51132965,45.9766655,0.0,1.0,0
2021-09-20 12:25:00+00:00,0,0.0,0.0,1.0,12,0,0,428.5666809,27.4703331,77.53333282,46.04999924,0.0,1.0,0
2021-09-20 12:30:00+00:00,0,0.0,0.0,1.0,12,0,0,432.7333374,27.48233414,77.50566864,46.13999939,0.0,1.0,0
2021-09-20 12:35:00+00:00,0,0.0,0.0,1.0,12,0,0,428.8333435,27.48699951,77.60700226,46.19666672,0.0,1.0,0
2021-09-20 12:40:00+00:00,0,0.0,0.0,1.0,12,0,0,429.2857056,27.47928619,77.61142731,46.0,0.0,1.0,0
2021-09-20 12:45:00+00:00,0,0.0,0.0,1.0,12,0,0,432.8999938999999,27.47999954,77.70433044,46.11666489,0.0,1.0,0
2021-09-20 12:50:00+00:00,0,0.0,0.0,1.0,12,0,0,433.96551510000006,27.46999931,77.88931274,46.10689545,0.0,1.0,0
2021-09-20 12:55:00+00:00,0,0.0,0.0,1.0,12,0,0,434.7666626,27.49166679,77.65666962,46.09000015,0.0,1.0,0
2021-09-20 13:00:00+00:00,0,0.0,0.0,1.0,13,0,0,433.79998780000005,27.52666664,77.53900146,46.25333405,0.0,1.0,0
2021-09-20 13:05:00+00:00,0,0.0,0.0,1.0,13,0,0,432.2666626,27.55233383,77.4260025,46.20666504,0.0,1.0,0
2021-09-20 13:10:00+00:00,0,0.0,0.0,1.0,13,0,0,431.4666748,27.54566574,77.54233551,46.1566658,0.0,1.0,0
2021-09-20 13:15:00+00:00,0,0.0,0.0,0.0,13,0,0,435.2000122,27.58799934,77.43766785,46.50999832,0.0,1.0,0
2021-09-20 13:20:00+00:00,0,0.0,0.0,0.0,13,0,0,432.7666626,27.62899971,77.28600311,46.27666855,0.0,1.0,0
2021-09-20 13:25:00+00:00,0,0.0,0.0,0.0,13,0,0,427.7000122,27.61933327,77.32766724,46.29333496,0.0,1.0,0
2021-09-20 13:30:00+00:00,0,0.0,0.0,0.0,13,0,0,426.9285583000001,27.61428642,77.3453598,46.06428528,0.0,1.0,0
2021-09-20 13:35:00+00:00,0,0.0,0.0,0.0,13,0,0,425.6000061000001,27.63466644,77.37966919,46.52000046,0.0,1.0,0
2021-09-20 13:40:00+00:00,0,0.0,0.0,0.0,13,0,0,425.7333374,27.60566711,77.44333649,46.47333145,0.0,1.0,0
2021-09-20 13:45:00+00:00,0,0.0,0.0,0.0,13,0,0,429.5172424,27.61517334,77.45448303,46.25517273,0.0,1.0,0
2021-09-20 13:50:00+00:00,0,0.0,0.0,0.0,13,0,0,428.6333313,27.59066582,77.59967041,46.66666794,0.0,1.0,0
2021-09-20 13:55:00+00:00,0,0.0,0.0,0.0,13,0,0,427.8333435,27.58633423,77.66233063,46.4066658,0.0,1.0,0
2021-09-20 14:00:00+00:00,0,0.0,0.0,0.0,14,0,0,429.5666809,27.60033417,77.65599823,46.48666763,0.0,1.0,0
2021-09-20 14:05:00+00:00,0,0.0,0.0,0.0,14,0,0,428.8333435,27.5933342,77.67533112,46.44666672,0.0,1.0,0
2021-09-20 14:10:00+00:00,0,0.0,0.0,0.0,14,0,0,427.79998780000005,27.59000015,77.70266724,46.80666733,0.0,1.0,0
2021-09-20 14:15:00+00:00,0,0.0,0.0,0.0,14,0,0,427.0,27.61700058,77.64566803,46.69666672,0.0,1.0,0
2021-09-20 14:20:00+00:00,0,0.0,0.0,0.0,14,0,0,426.6666565,27.66699982,77.54699707,46.79333496,0.0,1.0,0
2021-09-20 14:25:00+00:00,0,0.0,0.0,0.0,14,0,0,428.4285583000001,27.66035652,77.62428284,46.77500153,0.0,1.0,0
2021-09-20 14:30:00+00:00,0,0.0,0.0,0.0,14,0,0,429.3666687,27.62466621,77.78033447,47.14666748,0.0,1.0,0
2021-09-20 14:35:00+00:00,0,0.0,0.0,0.0,14,0,0,431.2069092,27.62586212,77.83792877,46.95862198,0.0,1.0,0
2021-09-20 14:40:00+00:00,0,0.0,0.0,0.0,14,0,0,427.8333435,27.61266708,77.92766571,47.60333252,0.0,1.0,0
2021-09-20 14:45:00+00:00,0,0.0,0.0,0.0,14,0,0,426.43331910000006,27.63100052,77.92666626,47.38000107,0.0,1.0,0
2021-09-20 14:50:00+00:00,0,0.0,0.0,0.0,14,0,0,429.2666626,27.68366623,77.76999664,47.63333511,0.0,1.0,0
2021-09-20 14:55:00+00:00,0,0.0,0.0,0.0,14,0,0,428.9666748,27.69233322,77.80000305,47.82333374,0.0,1.0,0
2021-09-20 15:00:00+00:00,0,0.0,0.0,0.0,15,0,0,427.79998780000005,27.68400002,77.88400269,47.80666733,0.0,1.0,0
2021-09-20 15:05:00+00:00,0,0.0,0.0,0.0,15,0,0,423.3999938999999,27.67099953,77.91633606,47.75999832,0.0,1.0,0
2021-09-20 15:10:00+00:00,0,0.0,0.0,0.0,15,0,0,427.0645142,27.6912899,77.88710022,47.70322418,0.0,1.0,0
2021-09-20 15:15:00+00:00,0,0.0,0.0,0.0,15,0,0,424.2857056,27.7053566,77.85643005,47.66785812,0.0,1.0,0
2021-09-20 15:20:00+00:00,0,0.0,0.0,0.0,15,0,0,425.43331910000006,27.69233322,77.95800018,47.95666504,0.0,1.0,0
2021-09-20 15:25:00+00:00,0,0.0,0.0,0.0,15,0,0,424.8666687,27.7076664,77.93066406,47.38333511,0.550000012,1.0,0
2021-09-20 15:30:00+00:00,0,0.0,0.0,0.0,15,0,0,429.9310303,27.71793175,77.94309998,47.72758484,1.7999999519999998,1.0,0
2021-09-20 15:35:00+00:00,0,0.0,0.0,0.0,15,0,0,428.0333252,27.64933395,74.83966827,48.6866684,3.303333282,1.0,0
2021-09-20 15:40:00+00:00,0,0.0,0.0,0.0,15,0,0,416.7666626,26.95000076,68.87433624,49.2266655,4.306666851,1.0,0
2021-09-20 15:45:00+00:00,0,0.0,0.0,0.0,15,0,0,411.1000061,26.32933426,64.86733246,48.80666733,7.71999979,1.0,0
2021-09-20 15:50:00+00:00,0,0.0,0.0,0.0,15,0,0,409.1666565,25.84133339,63.67366791,48.83666611,8.210000037999999,1.0,0
2021-09-20 15:55:00+00:00,0,0.0,0.0,0.0,15,0,0,403.1000061,25.58933258,64.02666473,48.86999893,7.436666488999999,1.0,0
2021-09-20 16:00:00+00:00,0,0.0,0.0,0.0,16,0,0,404.1666565,25.59700012,64.19100189,48.21666718,7.523333549,1.0,0
2021-09-20 16:05:00+00:00,0,0.0,0.0,0.0,16,0,0,404.6071472,25.57428551,64.50071716,47.92499924,10.93214321,1.0,0
2021-09-20 16:10:00+00:00,0,0.0,0.0,0.0,16,0,0,404.5,25.62966728,64.60433197,48.28333282,13.07333374,1.0,0
2021-09-20 16:15:00+00:00,0,0.0,0.0,0.0,16,0,0,404.3333435,25.59466743,64.37533569,48.59000015,17.49666595,1.0,0
2021-09-20 16:20:00+00:00,0,0.0,0.0,0.0,16,0,0,403.7930908,25.47379303,64.75034332,48.21034622,20.54137993,1.0,0
2021-09-20 16:25:00+00:00,0,0.0,0.0,0.0,16,0,0,405.1666565,25.52433395,64.26566315,48.42333221,21.69333267,1.0,0
2021-09-20 16:30:00+00:00,0,0.0,0.0,0.0,16,0,0,401.7333374,25.31399918,64.97966766,50.13000107,23.31333351,1.0,0
2021-09-20 16:35:00+00:00,0,0.0,0.0,0.0,16,0,0,401.1333313,25.11133385,67.45033264,50.51666641,23.87000084,1.0,0
2021-09-20 16:40:00+00:00,0,0.0,0.0,0.0,16,0,0,404.4333191,25.36400032,69.84633636,49.41333389,24.15999985,1.0,0
2021-09-20 16:45:00+00:00,0,0.0,0.0,0.0,16,0,0,400.8999939,25.56200027,67.97366333,48.89333344,24.59666634,1.0,0
2021-09-20 16:50:00+00:00,0,0.0,0.0,0.0,16,0,0,401.5333252,25.42333412,66.82299805,48.95666504,23.06666756,1.0,0
2021-09-20 16:55:00+00:00,0,0.0,0.0,0.0,16,0,0,400.0,25.28689575,66.54000092,49.01034546,25.5241375,1.0,0
2021-09-20 17:00:00+00:00,0,0.0,0.0,0.0,17,0,0,400.0,25.25862122,66.02310181,48.52069092,24.19310379,1.0,0
2021-09-20 17:05:00+00:00,0,0.0,0.0,0.0,17,0,0,400.0,25.15633392,66.07066345,48.88333511,23.01000023,1.0,0
2021-09-20 17:10:00+00:00,0,0.0,0.0,0.0,17,0,0,400.2999878,25.19933319,65.70899963,48.55333328,26.97333336,1.0,0
2021-09-20 17:15:00+00:00,0,0.0,0.0,0.0,17,0,0,400.4827576,25.25379372,65.47965239999999,49.07931137,26.42413712,1.0,0
2021-09-20 17:20:00+00:00,0,0.0,0.0,0.0,17,0,0,400.0,25.13833427,65.67466736,49.17333221,31.19666672,1.0,0
2021-09-20 17:25:00+00:00,0,0.0,0.0,0.0,17,0,0,400.0,25.13066673,66.10733032,49.32333374,29.06666756,1.0,0
2021-09-20 17:30:00+00:00,0,0.0,0.0,0.0,17,0,0,400.0,25.19566727,65.82133484,49.07333374,27.23666573,1.0,0
2021-09-20 17:35:00+00:00,0,0.0,0.0,0.0,17,0,0,400.0,25.14166641,65.54399872,49.03333282,26.9533329,1.0,0
2021-09-20 17:40:00+00:00,0,0.0,0.0,0.0,17,0,0,400.0,25.35266685,68.57499695,48.64333344,27.44333267,1.0,0
2021-09-20 17:45:00+00:00,0,0.0,0.0,0.0,17,0,0,400.0,25.4956665,68.64266968,48.59666824,24.85333252,1.0,0
2021-09-20 17:50:00+00:00,0,0.0,0.0,0.0,17,0,0,400.0,25.30035782,68.66857147,48.54285812,22.3214283,1.0,0
2021-09-20 17:55:00+00:00,0,0.0,0.0,0.0,17,0,0,400.3999939,25.58699989,71.57466888,48.90999985,20.21333313,1.0,0
2021-09-20 18:00:00+00:00,0,0.0,0.0,0.0,18,0,0,400.7666626,25.51300049,69.89766693,48.8133316,12.69999981,1.0,0
2021-09-20 18:05:00+00:00,0,0.0,0.0,0.0,18,0,0,401.8275757,25.34379387,68.99793243,48.90689468,12.81724167,1.0,0
2021-09-20 18:10:00+00:00,0,0.0,0.0,0.0,18,0,0,402.4333191,25.34566689,68.06533051,48.58000183,11.31000042,1.0,0
2021-09-20 18:15:00+00:00,0,0.0,0.0,0.0,18,0,0,400.9333191,25.33099937,68.02200317,48.72333145,10.21000004,1.0,0
2021-09-20 18:20:00+00:00,0,0.0,0.0,0.0,18,0,0,402.2257996,25.53483963,71.86289978,49.29677582,10.25483894,1.0,0
2021-09-20 18:25:00+00:00,0,0.0,0.0,0.0,18,0,0,407.2333374,25.38400078,71.05000305,51.02000046,10.86666679,1.0,0
2021-09-20 18:30:00+00:00,0,0.0,0.0,0.0,18,0,0,406.6666565,25.36433411,72.63833618,50.92666626,15.76333332,1.0,0
2021-09-20 18:35:00+00:00,0,0.0,0.0,0.0,18,0,0,405.2000122,25.5739994,72.89866638,49.92333221,23.68333244,1.0,0
2021-09-20 18:40:00+00:00,0,0.0,0.0,0.0,18,0,0,403.7142944,25.47107124,72.61106873,49.26428604,23.88214302,1.0,0
2021-09-20 18:45:00+00:00,0,0.0,0.0,0.0,18,0,0,400.5,25.67866707,74.93299866,49.31000137,25.86666679,1.0,0
2021-09-20 18:50:00+00:00,0,0.0,0.0,0.0,18,0,0,400.9333191,25.56633377,71.72100067,49.02000046,26.21999931,1.0,0
2021-09-20 18:55:00+00:00,0,0.0,0.0,0.0,18,0,0,403.3999939,25.41066742,70.64633179,49.24666595,16.45000076,1.0,0
2021-09-20 19:00:00+00:00,0,0.0,0.0,0.0,19,0,0,401.0,25.27206802,69.91551971,48.73448181,8.389655113,1.0,0
2021-09-20 19:05:00+00:00,0,0.0,0.0,0.0,19,0,0,400.8999939,25.54500008,73.40567017,49.08666611,9.890000343,1.0,0
2021-09-20 19:10:00+00:00,0,0.0,0.0,0.0,19,0,0,403.8666687,25.43799973,72.20633698,48.83333206,15.05333328,1.0,0
2021-09-20 19:15:00+00:00,0,0.0,0.0,0.0,19,0,0,402.8333435,25.32099915,72.94799805,49.18000031,16.46999931,1.0,0
2021-09-20 19:20:00+00:00,0,0.0,0.0,0.0,19,0,0,404.9666748,25.67533302,75.18866729999999,48.86000061,16.60666656,1.0,0
2021-09-20 19:25:00+00:00,0,0.0,0.0,0.0,19,0,0,406.6000061,25.51133347,72.27133179,49.33000183,16.65333366,1.0,0
2021-09-20 19:30:00+00:00,0,0.0,0.0,0.0,19,0,0,402.3928528,25.49500084,74.5982132,48.4642868,16.78214264,1.0,0
2021-09-20 19:35:00+00:00,0,0.0,0.0,0.0,19,0,0,406.2333374,25.57900047,73.58733368,48.75,17.15333366,1.0,0
2021-09-20 19:40:00+00:00,0,0.0,0.0,0.0,19,0,0,412.9666748,25.43266678,72.88400269,49.00333405,17.46333313,1.0,0
2021-09-20 19:45:00+00:00,0,0.0,0.0,0.0,19,0,0,418.3999939,25.59900093,75.83999634,48.76666641,16.81666756,1.0,0
2021-09-20 19:50:00+00:00,0,0.0,0.0,0.0,19,0,0,418.34481810000005,25.41137886,72.85861969,48.762069700000005,17.26896477,1.0,0
2021-09-20 19:55:00+00:00,0,0.0,0.0,0.0,19,0,0,419.1666565,25.42499924,75.12799835,48.64666748,18.27666664,1.0,0
2021-09-20 20:00:00+00:00,0,0.0,0.0,0.0,20,0,0,420.43331910000006,25.61633301,75.3896637,48.63000107,18.97333336,1.0,0
2021-09-20 20:05:00+00:00,0,0.0,0.0,0.0,20,0,0,423.2333374,25.39233398,73.72033691,48.90333176,21.05999947,1.0,0
2021-09-20 20:10:00+00:00,0,0.0,0.0,0.0,20,0,0,425.29998780000005,25.63466644,76.84899902,48.55666733,22.1566658,1.0,0
2021-09-20 20:15:00+00:00,0,0.0,0.0,0.0,20,0,0,425.1333313,25.48033333,73.71533203,48.5233345,26.14333344,1.0,0
2021-09-20 20:20:00+00:00,0,0.0,0.0,0.0,20,0,0,425.1666565,25.487333300000003,75.53700256,48.91666794,28.44000053,1.0,0
2021-09-20 20:25:00+00:00,0,0.0,0.0,0.0,20,0,0,425.75,25.61499977,75.53142548,48.49285889,28.63214302,1.0,0
2021-09-20 20:30:00+00:00,0,0.0,0.0,0.0,20,0,0,424.0,25.35266685,73.57299805,48.80666733,27.73333359,1.0,0
2021-09-20 20:35:00+00:00,0,0.0,0.0,0.0,20,0,0,424.3333435,25.59866714,76.65699768,48.75666809,28.55999947,1.0,0
2021-09-20 20:40:00+00:00,0,0.0,0.0,0.0,20,0,0,425.1000061000001,25.45299911,73.97866821,49.0233345,30.75666618,1.0,0
2021-09-20 20:45:00+00:00,0,0.0,0.0,0.0,20,0,0,426.9310303,25.43689728,75.18655396,49.07931137,31.84482765,1.0,0
2021-09-20 20:50:00+00:00,0,0.0,0.0,0.0,20,0,0,427.79998780000005,25.68600082,75.38800049,48.52666855,30.40333366,1.0,0
2021-09-20 20:55:00+00:00,0,0.0,0.0,0.0,20,0,0,427.8333435,25.38999939,73.66166687,48.9066658,31.91333389,1.0,0
2021-09-20 21:00:00+00:00,0,0.0,0.0,0.0,21,0,0,423.6000061000001,25.59266663,76.15699768,48.39666748,30.97333336,1.0,0
2021-09-20 21:05:00+00:00,0,0.0,0.0,0.0,21,0,0,422.6666565,25.4343338,74.02300262,48.95666504,31.03666687,1.0,0
2021-09-20 21:10:00+00:00,0,0.0,0.0,0.0,21,0,0,422.5333252,25.37766647,75.00499725,48.86333466,32.0233345,1.0,0
2021-09-20 21:15:00+00:00,0,0.0,0.0,0.0,21,0,0,427.5357056,25.64892769,76.14214325,48.1071434,32.88214111,1.0,0
2021-09-20 21:20:00+00:00,0,0.0,0.0,0.0,21,0,0,424.0,25.30400085,72.89900208,48.84999847,33.5233345,1.0,0
2021-09-20 21:25:00+00:00,0,0.0,0.0,0.0,21,0,0,421.0666809,25.34799957,74.02799988,48.78666687,34.62333298,1.0,0
2021-09-20 21:30:00+00:00,0,0.0,0.0,0.0,21,0,0,419.6000061000001,25.58833313,75.31033325,48.92333221,35.35333252,1.0,0
2021-09-20 21:35:00+00:00,0,0.0,0.0,0.0,21,0,0,416.8965454,25.38827515,73.22758484,48.73103333,31.87586212,1.0,0
2021-09-20 21:40:00+00:00,0,0.0,0.0,0.0,21,0,0,415.0333252,25.61366653,77.180336,48.89666748,31.38333321,1.0,0
2021-09-20 21:45:00+00:00,0,0.0,0.0,0.0,21,0,0,416.2000122,25.43466759,74.319664,48.5633316,35.61000061,1.0,0
2021-09-20 21:50:00+00:00,0,0.0,0.0,0.0,21,0,0,410.6000061,25.42900085,75.01866913,48.9366684,35.69666672,1.0,0
2021-09-20 21:55:00+00:00,0,0.0,0.0,0.0,21,0,0,410.8999939,25.61066628,75.64399719,49.20000076,34.12333298,1.0,0
2021-09-20 22:00:00+00:00,0,0.0,0.0,0.0,22,0,0,409.2000122,25.32466698,74.13700104,48.54333496,34.91666794,1.0,0
2021-09-20 22:05:00+00:00,0,0.0,0.0,0.0,22,0,0,410.1071472,25.61178589,76.45606995,48.68571472,34.82857132,1.0,0
2021-09-20 22:10:00+00:00,0,0.0,0.0,0.0,22,0,0,411.0333252,25.42866707,74.25099945,49.61000061,35.02000046,1.0,0
2021-09-20 22:15:00+00:00,0,0.0,0.0,0.0,22,0,0,411.1000061,25.96166611,76.74933624,49.33000183,30.73666573,1.0,0
2021-09-20 22:20:00+00:00,0,0.0,0.0,0.0,22,0,0,407.9666748,25.89766693,73.53366852,51.83666611,50.00999832,1.0,0
2021-09-20 22:25:00+00:00,0,0.0,0.0,0.0,22,0,0,410.8999939,25.77899933,70.88666534,55.83666611,86.37999725,1.0,0
2021-09-20 22:30:00+00:00,0,0.0,0.0,0.0,22,0,0,418.0344849,25.86758614,68.96138,55.49310303,87.27586365,1.0,0
2021-09-20 22:35:00+00:00,0,0.0,0.0,0.0,22,0,0,419.3333435,25.91399956,67.63766479,55.48666763,92.00666809,1.0,0
2021-09-20 22:40:00+00:00,0,0.0,0.0,0.0,22,0,0,418.8333435,25.81766701,66.99900055,54.55333328,83.75333405,1.0,0
2021-09-20 22:45:00+00:00,0,0.0,0.0,0.0,22,0,0,424.1333313,25.62800026,66.91600037,54.74333191,80.05999756,1.0,0
2021-09-20 22:50:00+00:00,0,0.0,0.0,0.0,22,0,0,424.1333313,25.63400078,66.1103363,52.70999908,79.06999969,1.0,0
2021-09-20 22:55:00+00:00,0,0.0,0.0,0.0,22,0,0,423.2666626,25.72900009,65.11900329999999,54.20999908,80.58000183,1.0,0
2021-09-20 23:00:00+00:00,0,0.0,0.0,0.0,23,0,0,422.4285583000001,25.75857162,64.324646,53.12857056,83.7857132,1.0,0
2021-09-20 23:05:00+00:00,0,0.0,0.0,0.0,23,0,0,423.5666809,25.61499977,64.61499786,54.96666718,86.96333313,1.0,0
2021-09-20 23:10:00+00:00,0,0.0,0.0,0.0,23,0,0,421.7000122,25.59300041,64.89633179,53.23666763,88.41000366,1.0,0
2021-09-20 23:15:00+00:00,0,0.0,0.0,0.0,23,0,0,427.8999938999999,25.66300011,69.77733612,54.76333237,89.22666931,1.0,0
2021-09-20 23:20:00+00:00,0,0.0,0.0,0.0,23,0,0,428.7241516,25.81344795,70.60482788,51.86896515,89.6448288,1.0,0
2021-09-20 23:25:00+00:00,0,0.0,0.0,0.0,23,0,0,428.0333252,25.7436676,68.06533051,57.35333252,81.57666779,1.0,0
2021-09-20 23:30:00+00:00,0,0.0,0.0,0.0,23,0,0,431.1333313,25.80599976,66.42133331,54.91999817,74.59333038,1.0,0
2021-09-20 23:35:00+00:00,0,0.0,0.0,0.0,23,0,0,427.1333313,25.72533417,65.71399689,55.59666824,72.82666779,1.0,0
2021-09-20 23:40:00+00:00,0,0.0,0.0,0.0,23,0,0,425.8666687,25.85133362,64.74199677,55.06666565,73.51333618,1.0,0
2021-09-20 23:45:00+00:00,0,0.0,0.0,0.0,23,0,0,423.0666809,25.81166649,64.96932983,56.77000046,71.73332977,1.0,0
2021-09-20 23:50:00+00:00,0,0.0,0.0,0.0,23,0,0,419.5714416999999,25.8735714,64.53964233,53.98928452,69.60356903,1.0,0
2021-09-20 23:55:00+00:00,0,0.0,0.0,0.0,23,0,0,420.2666626,25.6863327,64.58399963,57.52999878,67.98332977,1.0,0
2021-09-21 00:00:00+00:00,0,0.0,0.0,0.0,0,1,0,421.9666748,25.69333267,67.89800262,60.58666611,66.62999725,1.0,0
2021-09-21 00:05:00+00:00,0,0.0,0.0,0.0,0,1,0,428.6000061000001,25.81433296,70.99099731,58.40666579999999,65.70666504,1.0,0
2021-09-21 00:10:00+00:00,0,0.0,0.0,0.0,0,1,0,428.9310303,25.79827499,67.93448639,55.88965607,64.88275909,1.0,0
2021-09-21 00:15:00+00:00,0,0.0,0.0,0.0,0,1,0,425.3666687,25.7626667,66.60333252,55.86999893,64.27999878,1.0,0
2021-09-21 00:20:00+00:00,0,0.0,0.0,0.0,0,1,0,423.3666687,25.68333244,66.08133698,54.77000046,63.95666504,1.0,0
2021-09-21 00:25:00+00:00,0,0.0,0.0,0.0,0,1,0,424.2666626,25.61599922,65.96666718,55.40666579999999,63.52000046,1.0,0
2021-09-21 00:30:00+00:00,0,0.0,0.0,0.0,0,1,0,426.7000122,25.69566727,65.42833710000001,57.15333176,63.25333405,1.0,0
2021-09-21 00:35:00+00:00,0,0.0,0.0,0.0,0,1,0,427.43331910000006,25.63366699,65.16100311,53.49333191,62.9766655,1.0,0
2021-09-21 00:40:00+00:00,0,0.0,0.0,0.0,0,1,0,426.5357056,25.68535805,69.33214569,53.6428566,62.64642715,1.0,0
2021-09-21 00:45:00+00:00,0,0.0,0.0,0.0,0,1,0,427.93331910000006,25.77400017,69.430336,53.88666534,62.6866684,1.0,0
2021-09-21 00:50:00+00:00,0,0.0,0.0,0.0,0,1,0,426.7000122,25.72366714,67.50599670000001,54.8133316,62.83000183,1.0,0
2021-09-21 00:55:00+00:00,0,0.0,0.0,0.0,0,1,0,427.79998780000005,25.73766708,66.24866486,49.22999954,63.13000107,1.0,1
2021-09-21 01:00:00+00:00,0,0.0,0.0,0.0,1,1,0,427.0,25.74633408,65.44499969,48.62333298,63.56000137,1.0,1
2021-09-21 01:05:00+00:00,0,0.0,0.0,0.0,1,1,0,427.0,25.75862122,65.87827301,48.43793106,63.9275856,1.0,1
2021-09-21 01:10:00+00:00,0,0.0,0.0,0.0,1,1,0,427.79998780000005,25.86100006,71.44533539,48.49000168,63.99666595,1.0,1
2021-09-21 01:15:00+00:00,0,0.0,0.0,0.0,1,1,0,423.1333313,25.75033379,70.58300018,49.36333466,64.02999878,1.0,1
2021-09-21 01:20:00+00:00,0,0.0,0.0,0.0,1,1,0,419.6666565,25.423666,69.84466553,48.75999832,64.3133316,1.0,1
2021-09-21 01:25:00+00:00,0,0.0,0.0,0.0,1,1,0,419.1666565,25.59866714,73.30799866,48.96666718,65.42666626,1.0,1
2021-09-21 01:30:00+00:00,0,0.0,0.0,0.0,1,1,0,418.1379395,25.74379349,71.97138214,49.0,66.45516968,1.0,1
2021-09-21 01:35:00+00:00,0,0.0,0.0,0.0,1,1,0,415.0,25.677585600000004,69.16689301,48.05517197,66.62758636,1.0,1
2021-09-21 01:40:00+00:00,0,0.0,0.0,0.0,1,1,0,413.3999939,25.53233337,68.29199982,48.6566658,67.55666351,1.0,1
2021-09-21 01:45:00+00:00,0,0.0,0.0,0.0,1,1,0,414.4333191,25.44866753,67.81900024,48.77000046,67.75666809,1.0,1
2021-09-21 01:50:00+00:00,0,0.0,0.0,0.0,1,1,0,415.7666626,25.52099991,68.430336,48.55333328,66.68000031,1.0,1
2021-09-21 01:55:00+00:00,0,0.0,0.0,0.0,1,1,0,422.0344849,25.87068939,72.1317215,49.12413788,65.45172119,1.0,1
2021-09-21 02:00:00+00:00,0,0.0,0.0,0.0,2,1,0,423.93331910000006,25.5613327,69.91566467,50.76666641,64.58000183,1.0,1
2021-09-21 02:05:00+00:00,0,0.0,0.0,0.0,2,1,0,423.79998780000005,25.55900002,68.3010025,49.11666489,63.52666855,1.0,1
2021-09-21 02:10:00+00:00,0,0.0,0.0,0.0,2,1,0,423.8666687,25.67200089,71.59999847,48.61333466,61.66999817,1.0,1
2021-09-21 02:15:00+00:00,0,0.0,0.0,0.0,2,1,0,426.0666809,25.79166603,72.75866699,49.0,60.79999924,1.0,1
2021-09-21 02:20:00+00:00,0,0.0,0.0,0.0,2,1,0,426.7666626,25.65999985,69.68333435,48.89333344,59.95333481,1.0,1
2021-09-21 02:25:00+00:00,0,0.0,0.0,0.0,2,1,0,427.1071472,25.73928642,67.67749786,51.43928528,58.93214417,1.0,1
2021-09-21 02:30:00+00:00,0,0.0,0.0,0.0,2,1,0,426.3666687,25.54599953,67.23366547,56.24666595,58.2266655,1.0,1
2021-09-21 02:35:00+00:00,0,0.0,0.0,0.0,2,1,0,425.2333374,25.48633385,66.62133026,55.32666779,57.70000076,1.0,1
2021-09-21 02:40:00+00:00,0,0.0,0.0,0.0,2,1,0,425.2000122,25.6186676,67.42966461,53.66666794,57.21666718,1.0,1
2021-09-21 02:45:00+00:00,0,0.0,0.0,0.0,2,1,0,430.5333252,25.74799919,71.87666321,55.84999847,56.81000137,1.0,1
2021-09-21 02:50:00+00:00,0,0.0,0.0,0.0,2,1,0,435.1724243,25.64999962,69.41103363,54.13103485,56.4758606,1.0,1
2021-09-21 02:55:00+00:00,1,0.0,0.0,0.0,2,1,0,433.3999938999999,25.45100021,68.8116684,54.54333496,56.16999817,1.0,1
2021-09-21 03:00:00+00:00,1,0.0,0.0,0.0,3,1,0,439.5333252,25.62100029,72.64633179,54.27666855,56.02999878,1.0,1
2021-09-21 03:05:00+00:00,1,0.0,0.0,0.0,3,1,0,443.5666809,25.65399933,71.49099731,49.45999908,5.610000134,1.0,1
2021-09-21 03:10:00+00:00,1,0.0,0.0,0.0,3,1,0,439.0333252,25.4386673,69.66400146,48.2733345,0.0,1.0,1
2021-09-21 03:15:00+00:00,1,0.0,0.0,0.0,3,1,0,432.9642944,25.61428642,73.14142609,47.97499847,0.0,1.0,1
2021-09-21 03:20:00+00:00,1,0.0,0.0,0.0,3,1,0,429.29998780000005,25.78300095,75.10433197,47.86333466,0.0,1.0,1
2021-09-21 03:25:00+00:00,1,1.0,0.0,0.0,3,1,0,425.1333313,25.52433395,73.5616684,47.6866684,0.0,1.0,1
2021-09-21 03:30:00+00:00,1,1.0,0.0,0.0,3,1,0,424.3666687,25.76066589,76.2456665,48.16333389,0.0,1.0,1
2021-09-21 03:35:00+00:00,1,1.0,0.0,0.0,3,1,0,419.4666748,25.79400063,75.27933502,48.37333298,0.0,1.0,1
2021-09-21 03:40:00+00:00,1,1.0,0.0,0.0,3,1,0,418.7930908,25.54068947,75.61792755,47.85517120000001,0.0,1.0,1
2021-09-21 03:45:00+00:00,1,1.0,0.0,0.0,3,1,0,419.2000122,25.74266624,77.1269989,48.33333206,0.0,1.0,1
2021-09-21 03:50:00+00:00,1,1.0,0.0,0.0,3,1,0,414.8999939,25.51499939,73.4956665,48.0633316,0.0,1.0,1
2021-09-21 03:55:00+00:00,1,1.0,1.0,0.0,3,1,0,412.6000061,25.48166656,75.59233093,47.95000076,0.0,1.0,1
2021-09-21 04:00:00+00:00,1,1.0,1.0,0.0,4,1,0,408.8333435,25.68099976,76.26533508,48.20666504,0.0,1.0,1
2021-09-21 04:05:00+00:00,1,1.0,1.0,0.0,4,1,0,409.3928528,25.38999939,74.37142944,47.53928757,0.0,1.0,1
2021-09-21 04:10:00+00:00,1,1.0,1.0,0.0,4,1,0,412.3666687,25.68833351,76.55899811,47.74666595,0.0,1.0,1
2021-09-21 04:15:00+00:00,1,1.0,1.0,0.0,4,1,0,410.7999878,25.59700012,74.58366394,47.75666809,0.0,1.0,2
2021-09-21 04:20:00+00:00,1,1.0,1.0,0.0,4,1,0,409.0,25.38366699,75.01499939,47.62666702,0.0,1.0,1
2021-09-21 04:25:00+00:00,1,1.0,1.0,0.0,4,1,0,407.1000061,25.65333366,77.27433014,47.36999893,0.0,1.0,3
2021-09-21 04:30:00+00:00,1,1.0,1.0,0.0,4,1,0,408.8666687,25.44833374,74.67133331,47.97333145,0.0,1.0,3
2021-09-21 04:35:00+00:00,1,1.0,1.0,0.0,4,1,0,408.241394,25.45689583,76.55862427,47.36206818,0.0,1.0,3
2021-09-21 04:40:00+00:00,1,1.0,1.0,0.0,4,1,0,405.8333435,25.62433243,76.93299866,47.63333511,0.0,1.0,3
2021-09-21 04:45:00+00:00,1,1.0,1.0,0.0,4,1,0,404.4666748,25.31100082,74.95966339,47.58666611,0.0,1.0,3
2021-09-21 04:50:00+00:00,1,1.0,1.0,0.0,4,1,0,406.8999939,25.57533264,77.34566498,47.45666504,0.0,1.0,3
2021-09-21 04:55:00+00:00,1,1.0,1.0,1.0,4,1,0,405.8333435,25.66233253,75.36566925,47.20999908,0.0,1.0,3
2021-09-21 05:00:00+00:00,1,1.0,1.0,1.0,5,1,0,407.5357056,25.50392914,76.50392914,47.20714188,0.0,1.0,3
2021-09-21 05:05:00+00:00,1,1.0,1.0,1.0,5,1,0,407.3333435,25.63833427,77.64800262,47.43000031,0.0,1.0,3
2021-09-21 05:10:00+00:00,1,1.0,1.0,1.0,5,1,0,408.7999878,25.41166687,75.09566498,47.03333282,0.0,1.0,3
2021-09-21 05:15:00+00:00,1,1.0,1.0,1.0,5,1,0,408.5666809,25.56733322,77.57833099,47.25,0.0,1.0,3
2021-09-21 05:20:00+00:00,1,1.0,1.0,1.0,5,1,0,410.6333313,25.55900002,76.10500336,47.38666534,0.0,1.0,3
2021-09-21 05:25:00+00:00,1,1.0,1.0,1.0,5,1,0,410.620697,25.34137917,76.05862427,46.93103409,0.0,1.0,3
2021-09-21 05:30:00+00:00,1,1.0,1.0,1.0,5,1,0,405.5333252,25.63999939,78.38566589,46.98333359,0.0,1.0,3
2021-09-21 05:35:00+00:00,1,1.0,1.0,1.0,5,1,0,406.9333191,25.78633308,80.37333679,47.31000137,0.0,1.0,3
2021-09-21 05:40:00+00:00,1,1.0,1.0,1.0,5,1,0,412.0,25.93233299,85.71199799,46.19333267,0.0,1.0,3
2021-09-21 05:45:00+00:00,1,1.0,1.0,1.0,5,1,0,414.3999939,26.03533363,85.44633484,46.27999878,0.0,1.0,3
2021-09-21 05:50:00+00:00,1,1.0,1.0,1.0,5,1,0,417.75,26.12428665,84.87107086,46.30714417,0.0,1.0,3
2021-09-21 05:55:00+00:00,1,1.0,1.0,1.0,5,1,0,418.8666687,26.20299911,84.08567047,46.5233345,0.0,1.0,3
2021-09-21 06:00:00+00:00,1,1.0,1.0,1.0,6,1,0,414.9333191,26.2033329,85.50766754,46.47000122,0.0,1.0,3
2021-09-21 06:05:00+00:00,1,1.0,1.0,1.0,6,1,0,416.1000061,26.20266724,85.9260025,46.64333344,0.0,1.0,3
2021-09-21 06:10:00+00:00,1,1.0,1.0,1.0,6,1,0,415.8666687,26.22133255,85.32466888,46.91999817,0.0,1.0,3
2021-09-21 06:15:00+00:00,2,1.0,1.0,1.0,6,1,0,420.5,26.24799919,84.92299652,46.29999924,0.0,1.0,3
2021-09-21 06:20:00+00:00,1,1.0,1.0,1.0,6,1,0,420.241394,26.33482742,83.61413574,46.58275986,0.0,1.0,3
2021-09-21 06:25:00+00:00,3,1.0,1.0,1.0,6,1,0,419.2000122,26.36599922,82.62633514,46.48666763,0.0,1.0,3
2021-09-21 06:30:00+00:00,3,1.0,1.0,1.0,6,1,0,423.2666626,26.40933418,82.17066956,46.63000107,0.0,1.0,3
2021-09-21 06:35:00+00:00,3,1.0,1.0,1.0,6,1,0,425.79998780000005,26.46433258,81.94699859999999,46.41666794,0.0,1.0,3
2021-09-21 06:40:00+00:00,3,1.0,1.0,1.0,6,1,0,424.25,26.47821426,82.14286041,46.2857132,0.0,1.0,3
2021-09-21 06:45:00+00:00,3,2.0,1.0,1.0,6,1,0,418.5333252,26.46800041,82.54799652,46.44666672,0.0,1.0,3
2021-09-21 06:50:00+00:00,3,1.0,1.0,1.0,6,1,0,419.2000122,26.45899963,82.65866852,46.46333313,0.0,1.0,3
2021-09-21 06:55:00+00:00,3,3.0,1.0,1.0,6,1,0,415.2666626,26.47966576,82.62166595,46.55333328,0.0,1.0,3
2021-09-21 07:00:00+00:00,3,3.0,1.0,1.0,7,1,0,413.2333374,26.49900055,82.33866882,46.47999954,0.0,1.0,3
2021-09-21 07:05:00+00:00,3,3.0,1.0,1.0,7,1,0,417.1333313,26.52799988,82.15299988,46.54000092,0.0,1.0,3
2021-09-21 07:10:00+00:00,3,3.0,1.0,1.0,7,1,0,414.6551819,26.5265522,82.04896545,46.35172272,0.0,1.0,3
2021-09-21 07:15:00+00:00,3,3.0,2.0,1.0,7,1,0,414.8666687,26.61533356,81.55266571,46.1866684,0.0,1.0,3
2021-09-21 07:20:00+00:00,3,3.0,1.0,1.0,7,1,0,417.0,26.65800095,81.31233215,46.24000168,0.0,1.0,3
2021-09-21 07:25:00+00:00,3,3.0,3.0,1.0,7,1,0,415.4333191,26.6989994,81.22000122,46.90333176,0.0,2.0,3
2021-09-21 07:30:00+00:00,3,3.0,3.0,1.0,7,1,0,419.79998780000005,26.62400055,81.44699859999999,46.28666687,0.0,2.0,3
2021-09-21 07:35:00+00:00,3,3.0,3.0,1.0,7,1,0,417.4285583,26.5625,81.64464569,46.04999924,0.0,2.0,3
2021-09-21 07:40:00+00:00,3,3.0,3.0,1.0,7,1,0,413.3999939,26.50499916,81.90633392,46.45000076,0.0,2.0,3
2021-09-21 07:45:00+00:00,3,3.0,3.0,1.0,7,1,0,412.5,26.48633385,81.96033478,46.22333145,0.0,1.0,3
2021-09-21 07:50:00+00:00,3,3.0,3.0,1.0,7,1,0,414.8999939,26.49833298,81.9956665,46.18333435,0.0,1.0,3
2021-09-21 07:55:00+00:00,3,3.0,3.0,1.0,7,1,0,415.6666565,26.55599976,81.80766296,45.91333389,0.0,1.0,3
2021-09-21 08:00:00+00:00,3,3.0,3.0,1.0,8,1,0,415.9333191,26.63833427,81.60199738,46.31666565,0.0,1.0,3
2021-09-21 08:05:00+00:00,3,3.0,3.0,1.0,8,1,0,414.9655151,26.72999954,81.28517151,46.08620834,0.0,2.0,3
2021-09-21 08:10:00+00:00,3,3.0,3.0,1.0,8,1,0,416.5666809,26.7543335,81.1883316,46.09000015,0.0,2.0,3
2021-09-21 08:15:00+00:00,3,3.0,3.0,2.0,8,1,0,418.0666809,26.78866577,81.16666412,46.26333237,0.0,1.0,3
2021-09-21 08:20:00+00:00,3,3.0,3.0,1.0,8,1,0,420.79998780000005,26.84700012,80.97100067,46.16999817,0.0,1.0,3
2021-09-21 08:25:00+00:00,3,3.0,3.0,3.0,8,1,0,416.4642944,26.84892845,80.86964417,45.98571396,0.0,1.0,3
2021-09-21 08:30:00+00:00,3,3.0,3.0,3.0,8,1,0,420.5666809,26.90633392,80.50267029,46.11666489,0.0,1.0,3
2021-09-21 08:35:00+00:00,3,3.0,3.0,3.0,8,1,0,420.6000061000001,26.93033409,80.59266663,45.98666763,0.0,2.0,3
2021-09-21 08:40:00+00:00,3,3.0,3.0,3.0,8,1,0,420.2666626,27.0,80.28833008,46.31000137,0.0,1.0,3
2021-09-21 08:45:00+00:00,3,3.0,3.0,3.0,8,1,0,423.0333252,27.06100082,80.09833527,46.43999863,0.0,1.0,3
2021-09-21 08:50:00+00:00,3,3.0,3.0,3.0,8,1,0,423.7666626,27.17900085,79.84100342,46.13999939,0.0,1.0,0
2021-09-21 08:55:00+00:00,3,3.0,3.0,3.0,8,1,0,425.3103333000001,27.2524147,79.67965698,46.20689774,0.0,1.0,0
2021-09-21 09:00:00+00:00,3,3.0,3.0,3.0,9,1,0,423.2666626,27.01300049,80.49466705,46.17666626,0.0,1.0,0
2021-09-21 09:05:00+00:00,3,3.0,3.0,3.0,9,1,0,425.2000122,26.93700027,80.77366638,46.00333405,0.0,1.0,0
2021-09-21 09:10:00+00:00,3,3.0,3.0,3.0,9,1,0,424.3666687,26.9533329,80.805336,45.97000122,0.0,1.0,0
2021-09-21 09:15:00+00:00,3,3.0,3.0,3.0,9,1,0,423.5,27.05821419,80.45749664,45.7857132,0.0,2.0,0
2021-09-21 09:20:00+00:00,3,3.0,3.0,3.0,9,1,0,422.1000061000001,27.06500053,80.34967041,46.15333176,0.0,2.0,0
2021-09-21 09:25:00+00:00,3,3.0,3.0,3.0,9,1,0,424.8999938999999,26.99300003,80.52033234,45.93000031,0.0,1.0,0
2021-09-21 09:30:00+00:00,3,3.0,3.0,3.0,9,1,0,429.2333374,26.9829998,80.50066376,46.0233345,0.0,1.0,0
2021-09-21 09:35:00+00:00,3,3.0,3.0,3.0,9,1,0,426.3666687,26.99133301,80.46566772,46.15333176,0.0,1.0,0
2021-09-21 09:40:00+00:00,3,3.0,3.0,3.0,9,1,0,426.1333313,27.0189991,80.34500122,46.20999908,0.0,3.0,0
2021-09-21 09:45:00+00:00,3,3.0,3.0,3.0,9,1,0,428.29998780000005,27.02433395,80.26667023,46.36999893,0.0,3.0,0
2021-09-21 09:50:00+00:00,3,3.0,3.0,3.0,9,1,0,425.5517273,27.08103371,80.03310394,46.35861969,0.0,1.0,0
2021-09-21 09:55:00+00:00,3,3.0,3.0,3.0,9,1,0,425.7666626,27.05433273,80.10366821,46.47999954,0.0,1.0,0
2021-09-21 10:00:00+00:00,3,3.0,3.0,3.0,10,1,0,422.1333313,27.03300095,80.15799713,46.36000061,0.0,1.0,0
2021-09-21 10:05:00+00:00,3,3.0,3.0,3.0,10,1,0,423.9310303,27.03241348,80.14068604,46.50689697,0.0,2.0,0
2021-09-21 10:10:00+00:00,3,3.0,3.0,3.0,10,1,0,424.0,26.97896576,80.33517456,46.07931137,0.0,1.0,0
2021-09-21 10:15:00+00:00,3,3.0,3.0,3.0,10,1,0,425.7666626,27.05800056,80.02133179,46.26666641,0.0,1.0,0
2021-09-21 10:20:00+00:00,3,3.0,3.0,3.0,10,1,0,423.29998780000005,27.05966759,80.00133514,46.15999985,0.0,1.0,0
2021-09-21 10:25:00+00:00,3,3.0,3.0,3.0,10,1,0,424.0,27.02199936,80.13233185,46.18999863,0.0,1.0,0
2021-09-21 10:30:00+00:00,3,3.0,3.0,3.0,10,1,0,423.8999938999999,27.00699997,80.18133545,46.23333359,0.0,1.0,0
2021-09-21 10:35:00+00:00,3,3.0,3.0,3.0,10,1,0,422.2666626,27.01666641,80.12966919,46.00333405,0.0,2.0,0
2021-09-21 10:40:00+00:00,3,3.0,3.0,3.0,10,1,0,425.9310303,27.04068947,80.05413818,46.15172577,0.0,1.0,0
2021-09-21 10:45:00+00:00,3,3.0,3.0,3.0,10,1,0,427.5,27.04999924,80.01433563,45.97333145,0.0,1.0,0
2021-09-21 10:50:00+00:00,0,3.0,3.0,3.0,10,1,0,425.3333435,27.06066704,79.99400329999999,46.02999878,0.0,1.0,0
2021-09-21 10:55:00+00:00,0,3.0,3.0,3.0,10,1,0,425.1333313,27.06999969,79.95099640000001,46.03666687,0.0,1.0,0
2021-09-21 11:00:00+00:00,0,3.0,3.0,3.0,11,1,0,424.5357056,27.03178596,80.08607483,45.92142868,0.0,1.0,0
2021-09-21 11:05:00+00:00,0,3.0,3.0,3.0,11,1,0,425.5,27.06666756,79.94966888,45.97333145,0.0,1.0,0
2021-09-21 11:10:00+00:00,0,3.0,3.0,3.0,11,1,0,427.43331910000006,27.06433296,79.95766449,45.94666672,0.0,1.0,0
2021-09-21 11:15:00+00:00,0,3.0,3.0,3.0,11,1,0,425.1666565,27.08200073,79.91300201,45.90333176,0.0,1.0,0
2021-09-21 11:20:00+00:00,0,0.0,3.0,3.0,11,1,0,422.9666748,27.09466743,79.87466431,46.02000046,0.0,2.0,0
2021-09-21 11:25:00+00:00,0,0.0,3.0,3.0,11,1,0,419.1666565,27.09666634,79.86966705,46.05333328,0.0,2.0,0
2021-09-21 11:30:00+00:00,0,0.0,3.0,3.0,11,1,0,419.8666687,27.16300011,79.69233704,46.07666779,0.0,2.0,0
2021-09-21 11:35:00+00:00,0,0.0,3.0,3.0,11,1,0,422.3793030000001,27.09517288,79.87241364,45.93103409,0.0,2.0,0
2021-09-21 11:40:00+00:00,0,0.0,3.0,3.0,11,1,0,422.3666687,27.10300064,79.92766571,45.95333481,0.0,1.0,0
2021-09-21 11:45:00+00:00,0,0.0,3.0,3.0,11,1,0,422.6000061000001,27.10700035,79.92333221,46.08333206,0.0,1.0,0
2021-09-21 11:50:00+00:00,0,0.0,0.0,3.0,11,1,0,423.1785583000001,27.12535667,79.87071228,45.81071472,0.0,1.0,0
2021-09-21 11:55:00+00:00,0,0.0,0.0,3.0,11,1,0,425.5666809,27.16066742,79.8073349,46.06000137,0.0,1.0,0
2021-09-21 12:00:00+00:00,0,0.0,0.0,3.0,12,1,0,425.5333252,27.13033295,79.96700287,46.45999908,0.0,1.0,0
2021-09-21 12:05:00+00:00,0,0.0,0.0,3.0,12,1,0,425.6333313,27.10099983,80.08032990000001,46.09666824,0.0,1.0,0
2021-09-21 12:10:00+00:00,0,0.0,0.0,3.0,12,1,0,427.2333374,27.12033272,80.06533051,45.89666748,0.0,1.0,0
2021-09-21 12:15:00+00:00,0,0.0,0.0,3.0,12,1,0,426.7000122,27.15766716,79.92900085,45.98666763,0.0,1.0,0
2021-09-21 12:20:00+00:00,0,0.0,0.0,3.0,12,1,0,423.7666626,27.14466667,80.04199982,46.08333206,0.0,1.0,0
2021-09-21 12:25:00+00:00,0,0.0,0.0,3.0,12,1,0,419.5862122,27.12241364,80.21655273,46.12068939,0.0,1.0,0
2021-09-21 12:30:00+00:00,0,0.0,0.0,3.0,12,1,0,422.93331910000006,27.12233353,80.17633057,45.99000168,0.0,1.0,0
2021-09-21 12:35:00+00:00,0,0.0,0.0,3.0,12,1,0,423.8999938999999,27.13299942,80.13433075,45.93999863,0.0,1.0,0
2021-09-21 12:40:00+00:00,0,0.0,0.0,3.0,12,1,0,421.4285583000001,27.10785675,80.26178741,45.97857285,0.0,1.0,0
2021-09-21 12:45:00+00:00,0,0.0,0.0,3.0,12,1,0,425.7000122,27.07933426,80.39433289,46.06000137,0.0,1.0,0
2021-09-21 12:50:00+00:00,0,0.0,0.0,0.0,12,1,0,419.5,27.08600044,80.3666687,46.29999924,0.0,1.0,0
2021-09-21 12:55:00+00:00,0,0.0,0.0,0.0,12,1,0,419.8333435,27.09000015,80.51766968,46.42666626,0.0,1.0,0
2021-09-21 13:00:00+00:00,0,0.0,0.0,0.0,13,1,0,419.93331910000006,27.06399918,80.52899933,46.43333435,0.0,1.0,0
2021-09-21 13:05:00+00:00,0,0.0,0.0,0.0,13,1,0,419.2666626,27.04166603,80.5633316,46.38666534,0.0,1.0,0
2021-09-21 13:10:00+00:00,0,0.0,0.0,0.0,13,1,0,418.8333435,27.10199928,80.46033478,46.54666519,0.0,1.0,0
2021-09-21 13:15:00+00:00,0,0.0,0.0,0.0,13,1,0,419.7000122,27.08300018,80.49666595,46.03666687,0.0,1.0,0
2021-09-21 13:20:00+00:00,0,0.0,0.0,0.0,13,1,0,416.3103333,27.10137939,80.49344635,46.62413788,0.0,1.0,0
2021-09-21 13:25:00+00:00,0,0.0,0.0,0.0,13,1,0,419.3333435,27.08300018,80.56199646,46.33666611,0.0,1.0,0
2021-09-21 13:30:00+00:00,0,0.0,0.0,0.0,13,1,0,421.6000061000001,27.08133316,80.69499969,46.33333206,0.0,1.0,0
2021-09-21 13:35:00+00:00,0,0.0,0.0,0.0,13,1,0,420.7142944,27.08321381,80.72535706,46.18928528,0.0,1.0,0
2021-09-21 13:40:00+00:00,0,0.0,0.0,0.0,13,1,0,422.8999938999999,27.09633255,80.64366913,46.54000092,0.0,1.0,0
2021-09-21 13:45:00+00:00,0,0.0,0.0,0.0,13,1,0,420.2000122,27.07966614,80.8216629,46.76333237,0.0,1.0,0
2021-09-21 13:50:00+00:00,0,0.0,0.0,0.0,13,1,0,419.1333313,27.11533356,80.79066467,46.53666687,0.0,1.0,0
2021-09-21 13:55:00+00:00,0,0.0,0.0,0.0,13,1,0,420.0333252,27.11133385,80.70566559,46.93999863,0.0,1.0,0
2021-09-21 14:00:00+00:00,0,0.0,0.0,0.0,14,1,0,421.8666687,27.1566658,80.46499634,46.67333221,0.0,1.0,0
2021-09-21 14:05:00+00:00,0,0.0,0.0,0.0,14,1,0,422.2666626,27.15133286,80.49966431,46.85666656,0.0,1.0,0
2021-09-21 14:10:00+00:00,0,0.0,0.0,0.0,14,1,0,424.1034546,27.13586235,80.59620667,46.83793259,0.0,1.0,0
2021-09-21 14:15:00+00:00,0,0.0,0.0,0.0,14,1,0,424.6333313,27.1863327,80.38300323,46.83333206,0.0,1.0,0
2021-09-21 14:20:00+00:00,0,0.0,0.0,0.0,14,1,0,421.1000061000001,27.2033329,80.29633331,47.18333435,0.0,1.0,0
2021-09-21 14:25:00+00:00,0,0.0,0.0,0.0,14,1,0,421.8928528,27.17464256,80.41500092,46.875,0.0,1.0,0
2021-09-21 14:30:00+00:00,0,0.0,0.0,0.0,14,1,0,417.9333191,27.17900085,80.38400269,47.13333511,0.0,1.0,0
2021-09-21 14:35:00+00:00,0,0.0,0.0,0.0,14,1,0,417.9333191,27.18933296,80.33799744,47.43000031,0.0,1.0,0
2021-09-21 14:40:00+00:00,0,0.0,0.0,0.0,14,1,0,421.5333252,27.17333412,80.37133026,47.35666656,0.0,1.0,0
2021-09-21 14:45:00+00:00,0,0.0,0.0,0.0,14,1,0,421.3666687,27.17866707,80.38766479,47.72000122,0.0,1.0,0
2021-09-21 14:50:00+00:00,0,0.0,0.0,0.0,14,1,0,421.0,27.17933273,80.35733032,47.61666489,0.0,1.0,0
2021-09-21 14:55:00+00:00,0,0.0,0.0,0.0,14,1,0,420.93331910000006,27.17233276,80.39499664,47.78666687,0.0,1.0,0
2021-09-21 15:00:00+00:00,0,0.0,0.0,0.0,15,1,0,425.7000122,27.18199921,80.35433197,47.81666565,0.0,1.0,0
2021-09-21 15:05:00+00:00,0,0.0,0.0,0.0,15,1,0,425.3448181,27.17241287,80.41586304,47.46207047,0.0,1.0,0
2021-09-21 15:10:00+00:00,0,0.0,0.0,0.0,15,1,0,423.8999938999999,27.19400024,80.33066559,47.59000015,0.0,1.0,0
2021-09-21 15:15:00+00:00,0,0.0,0.0,0.0,15,1,0,425.5714416999999,27.21071434,80.2903595,47.56785583,0.489285707,1.0,0
2021-09-21 15:20:00+00:00,0,0.0,0.0,0.0,15,1,0,425.4666748,27.2266674,80.24266815,47.99666595,2.619999886,1.0,0
2021-09-21 15:25:00+00:00,0,0.0,0.0,0.0,15,1,0,422.8666687,27.25133324,80.16266632,47.92666626,0.053333335,1.0,0
2021-09-21 15:30:00+00:00,0,0.0,0.0,0.0,15,1,0,422.3999938999999,27.28266716,80.09432983,48.03666687,0.0,1.0,0
2021-09-21 15:35:00+00:00,0,0.0,0.0,0.0,15,1,0,421.6000061000001,27.15366745,76.11566925,48.80333328,0.026666667,1.0,0
2021-09-21 15:40:00+00:00,0,0.0,0.0,0.0,15,1,0,420.2666626,26.57366753,69.81999969,49.06666565,0.99000001,1.0,0
2021-09-21 15:45:00+00:00,0,0.0,0.0,0.0,15,1,0,414.6666565,25.98833275,66.53833008,48.59666824,4.833333492,1.0,0
2021-09-21 15:50:00+00:00,0,0.0,0.0,0.0,15,1,0,418.7999878,25.79199982,66.22699738,48.39333344,5.433333397,1.0,0
2021-09-21 15:55:00+00:00,0,0.0,0.0,0.0,15,1,0,421.8620605,25.71310425,66.77034760000001,49.56896591,5.689655304,1.0,0
2021-09-21 16:00:00+00:00,0,0.0,0.0,0.0,16,1,0,423.7333374,25.68000031,66.48066711,48.11999893,5.983333111,1.0,0
2021-09-21 16:05:00+00:00,0,0.0,0.0,0.0,16,1,0,419.2666626,25.57999992,65.98066711,48.25666809,6.466666697999999,1.0,0
2021-09-21 16:10:00+00:00,0,0.0,0.0,0.0,16,1,0,416.6071472,25.39249992,66.08607483,48.6071434,6.83214283,1.0,0
2021-09-21 16:15:00+00:00,0,0.0,0.0,0.0,16,1,0,414.8999939,25.36966705,65.73699951,48.24333191,7.466666697999999,1.0,0
2021-09-21 16:20:00+00:00,0,0.0,0.0,0.0,16,1,0,416.4666748,25.26033401,65.60800171,48.34666824,8.159999847,1.0,0
2021-09-21 16:25:00+00:00,0,0.0,0.0,0.0,16,1,0,417.1333313,25.201334,66.67066956,48.92333221,8.93999958,1.0,0
2021-09-21 16:30:00+00:00,0,0.0,0.0,0.0,16,1,0,422.5,25.40099907,70.57433319,49.95000076,9.640000343,1.0,0
2021-09-21 16:35:00+00:00,0,0.0,0.0,0.0,16,1,0,425.2000122,25.18300056,70.92400359999999,50.38666534,10.48999977,1.0,0
2021-09-21 16:40:00+00:00,0,0.0,0.0,0.0,16,1,0,423.8333435,25.26399994,69.4853363,49.00666809,11.65666676,1.0,0
2021-09-21 16:45:00+00:00,0,0.0,0.0,0.0,16,1,0,425.3333435,25.50033379,71.75599670000001,48.90999985,12.23999977,1.0,0
2021-09-21 16:50:00+00:00,0,0.0,0.0,0.0,16,1,0,427.3103333000001,25.5241375,70.70516968,48.88620758,13.44482803,1.0,0
2021-09-21 16:55:00+00:00,0,0.0,0.0,0.0,16,1,0,424.5333252,25.3560009,69.58666992,48.94666672,15.53666687,1.0,0
2021-09-21 17:00:00+00:00,0,0.0,0.0,0.0,17,1,0,421.5,25.31892776,68.67500305,48.48928452,21.41428566,1.0,0
2021-09-21 17:05:00+00:00,0,0.0,0.0,0.0,17,1,0,419.2000122,25.26033401,68.20133209,49.11666489,21.87333298,1.0,0
2021-09-21 17:10:00+00:00,0,0.0,0.0,0.0,17,1,0,413.7333374,25.25566673,70.01667023,48.86000061,26.34666634,1.0,0
2021-09-21 17:15:00+00:00,0,0.0,0.0,0.0,17,1,0,414.1000061,25.48666573,72.61199951,48.88333511,26.34000015,1.0,0
2021-09-21 17:20:00+00:00,0,0.0,0.0,0.0,17,1,0,413.5333252,25.25466728,70.50166321,48.91666794,25.54999924,1.0,0
2021-09-21 17:25:00+00:00,0,0.0,0.0,0.0,17,1,0,412.5666809,25.39333344,73.18933105,48.8433342,30.73999977,1.0,0
2021-09-21 17:30:00+00:00,0,0.0,0.0,0.0,17,1,0,409.5666809,25.51499939,73.8033371,49.0933342,31.65999985,1.0,0
2021-09-21 17:35:00+00:00,0,0.0,0.0,0.0,17,1,0,407.6666565,25.29166603,71.86433411,48.63333511,32.91999817,1.0,0
2021-09-21 17:40:00+00:00,0,0.0,0.0,0.0,17,1,0,408.5862122,25.5,75.10723877,49.07586288,32.59654999,1.0,0
2021-09-21 17:45:00+00:00,0,0.0,0.0,0.0,17,1,0,409.9333191,25.548666,72.74833679,49.0233345,29.69666672,1.0,0
2021-09-21 17:50:00+00:00,0,0.0,0.0,0.0,17,1,0,411.1071472,25.27714348,71.59392548,48.67499924,29.39642906,1.0,0
2021-09-21 17:55:00+00:00,0,0.0,0.0,0.0,17,1,0,412.5,25.47266579,74.96533203,49.50333405,33.02000046,1.0,0
2021-09-21 18:00:00+00:00,0,0.0,0.0,0.0,18,1,0,413.8999939,25.47900009,73.17900085,48.72333145,36.41333389,1.0,0
2021-09-21 18:05:00+00:00,0,0.0,0.0,0.0,18,1,0,410.2333374,25.39066696,74.42800140000001,49.0,38.99666595,1.0,0
2021-09-21 18:10:00+00:00,0,0.0,0.0,0.0,18,1,0,411.3333435,25.66333389,75.56033325,49.10666656,34.70333481,1.0,0
2021-09-21 18:15:00+00:00,0,0.0,0.0,0.0,18,1,0,414.5333252,25.42700005,72.63632965,48.8433342,30.86666679,1.0,0
2021-09-21 18:20:00+00:00,0,0.0,0.0,0.0,18,1,0,413.0666809,25.51433372,74.89233398,48.85333252,31.94333267,1.0,0
2021-09-21 18:25:00+00:00,0,0.0,0.0,0.0,18,1,0,415.5,25.57299995,74.36499786,49.21333313,35.34000015,1.0,0
2021-09-21 18:30:00+00:00,0,0.0,0.0,0.0,18,1,0,413.5172424,25.35793114,73.54275513,49.35172272,33.70000076,1.0,0
2021-09-21 18:35:00+00:00,0,0.0,0.0,0.0,18,1,0,417.1333313,25.61800003,76.15899658,49.18000031,35.92333221,1.0,0
2021-09-21 18:40:00+00:00,0,0.0,0.0,0.0,18,1,0,417.2069092,25.47206879,73.38379669,49.16206741,35.71034622,1.0,0
2021-09-21 18:45:00+00:00,0,0.0,0.0,0.0,18,1,0,417.4482727,25.48448181,75.89276123,48.75517273,27.72413826,1.0,0
2021-09-21 18:50:00+00:00,0,0.0,0.0,0.0,18,1,0,417.0,25.5613327,74.66000366,48.79333496,29.25333405,1.0,0
2021-09-21 18:55:00+00:00,0,0.0,0.0,0.0,18,1,0,418.6000061,25.36833382,74.25166321,48.9066658,28.41333389,1.0,0
2021-09-21 19:00:00+00:00,0,0.0,0.0,0.0,19,1,0,418.3666687,25.64800072,76.90133667,49.11333466,31.01333427,1.0,0
2021-09-21 19:05:00+00:00,0,0.0,0.0,0.0,19,1,0,418.8999939,25.43266678,73.76200104,48.94333267,32.5,1.0,0
2021-09-21 19:10:00+00:00,0,0.0,0.0,0.0,19,1,0,415.2000122,25.47133255,76.08166504,49.06000137,35.02999878,1.0,0
2021-09-21 19:15:00+00:00,0,0.0,0.0,0.0,19,1,0,419.8333435,25.58533287,75.7543335,49.08666611,35.13666534,1.0,0
2021-09-21 19:20:00+00:00,0,0.0,0.0,0.0,19,1,0,418.2666626,25.44000053,73.75766754,48.91333389,30.89333344,1.0,0
2021-09-21 19:25:00+00:00,0,0.0,0.0,0.0,19,1,0,425.620697,25.56413841,77.20586395,49.61724091,34.24827576,1.0,0
2021-09-21 19:30:00+00:00,0,0.0,0.0,0.0,19,1,0,424.0333252,25.53499985,74.16833496,49.45666504,31.44333267,1.0,0
2021-09-21 19:35:00+00:00,0,0.0,0.0,0.0,19,1,0,422.2142944,25.37071419,74.36499786,49.31428528,34.160713200000004,1.0,0
2021-09-21 19:40:00+00:00,0,0.0,0.0,0.0,19,1,0,418.7666626,25.4936676,77.47033691,49.31000137,35.77666855,1.0,0
2021-09-21 19:45:00+00:00,0,0.0,0.0,0.0,19,1,0,419.2257996,25.30161285,73.73355103,49.17419434,34.11935425,1.0,0
2021-09-21 19:50:00+00:00,0,0.0,0.0,0.0,19,1,0,418.8333435,25.29633331,74.61933136,48.79999924,32.22333145,1.0,0
2021-09-21 19:55:00+00:00,0,0.0,0.0,0.0,19,1,0,421.5666809,25.5933342,76.10866547,49.16333389,29.76333427,1.0,0
2021-09-21 20:00:00+00:00,0,0.0,0.0,0.0,20,1,0,420.6666565,25.38299942,73.20666504,48.89666748,30.51666641,1.0,0
2021-09-21 20:05:00+00:00,0,0.0,0.0,0.0,20,1,0,421.6666565,25.44133377,76.76100159,49.04000092,29.09000015,1.0,0
2021-09-21 20:10:00+00:00,0,0.0,0.0,0.0,20,1,0,419.79998780000005,25.54899979,74.94233704,49.39666748,28.69333267,1.0,0
2021-09-21 20:15:00+00:00,0,0.0,0.0,0.0,20,1,0,418.241394,25.29034424,74.65758514,49.16896439,28.60689735,1.0,0
2021-09-21 20:20:00+00:00,0,0.0,0.0,0.0,20,1,0,418.8999939,25.56399918,77.13033295,49.84000015,28.19666672,1.0,0
2021-09-21 20:25:00+00:00,0,0.0,0.0,0.0,20,1,0,419.2142944,25.42392921,73.58428192,49.07857132,28.48928642,1.0,0
2021-09-21 20:30:00+00:00,0,0.0,0.0,0.0,20,1,0,417.6666565,25.25200081,74.69300079,49.61999893,27.22999954,1.0,0
2021-09-21 20:35:00+00:00,0,0.0,0.0,0.0,20,1,0,420.6000061000001,25.49266624,75.89233398,49.04999924,27.55666733,1.0,0
2021-09-21 20:40:00+00:00,0,0.0,0.0,0.0,20,1,0,419.2000122,25.27799988,72.95532990000001,49.49000168,28.98999977,1.0,0
2021-09-21 20:45:00+00:00,0,0.0,0.0,0.0,20,1,0,422.43331910000006,25.34666634,75.34166718,48.59666824,29.61333275,1.0,0
2021-09-21 20:50:00+00:00,0,0.0,0.0,0.0,20,1,0,420.3666687,25.51866722,76.56233215,48.99000168,30.75666618,1.0,0
2021-09-21 20:55:00+00:00,0,0.0,0.0,0.0,20,1,0,417.1000061,25.36566734,74.48766327,48.8133316,29.67666626,1.0,0
2021-09-21 21:00:00+00:00,0,0.0,0.0,0.0,21,1,0,419.1333313,25.57099915,77.36833191,48.74000168,27.24666595,1.0,0
2021-09-21 21:05:00+00:00,0,0.0,0.0,0.0,21,1,0,415.0,25.45066643,74.46466827,48.80333328,25.24666595,1.0,0
2021-09-21 21:10:00+00:00,0,0.0,0.0,0.0,21,1,0,411.4482727,25.32999992,73.8368988,49.33103561,27.69310379,1.0,0
2021-09-21 21:15:00+00:00,0,0.0,0.0,0.0,21,1,0,415.6071472,25.5535717,77.79892731,49.05714417,27.72857094,1.0,0
2021-09-21 21:20:00+00:00,0,0.0,0.0,0.0,21,1,0,411.2333374,25.51666641,74.52200317,49.40333176,28.21666718,1.0,0
2021-09-21 21:25:00+00:00,0,0.0,0.0,0.0,21,1,0,412.7999878,25.32733345,74.32533264,49.25,28.50666618,1.0,0
2021-09-21 21:30:00+00:00,0,0.0,0.0,0.0,21,1,0,414.0666809,25.5296669,76.92700195,49.0933342,29.546667100000004,1.0,0
2021-09-21 21:35:00+00:00,0,0.0,0.0,0.0,21,1,0,415.3999939,25.36199951,73.99466705,48.87333298,30.48333359,1.0,0
2021-09-21 21:40:00+00:00,0,0.0,0.0,0.0,21,1,0,416.1000061,25.45100021,75.80633545,49.52999878,29.1566658,1.0,0
2021-09-21 21:45:00+00:00,0,0.0,0.0,0.0,21,1,0,418.3333435,25.54500008,76.52500153,48.80666733,28.96666718,1.0,0
2021-09-21 21:50:00+00:00,0,0.0,0.0,0.0,21,1,0,414.2000122,25.36400032,74.81199646,48.80666733,28.14333344,1.0,0
2021-09-21 21:55:00+00:00,0,0.0,0.0,0.0,21,1,0,411.6000061,25.56833267,77.66766357,49.36999893,27.97333336,1.0,0
2021-09-21 22:00:00+00:00,0,0.0,0.0,0.0,22,1,0,410.34481810000005,25.46965599,74.77896881,48.96207047,28.59310341,1.0,0
2021-09-21 22:05:00+00:00,0,0.0,0.0,0.0,22,1,0,411.7666626,25.28100014,75.04133606,49.03666687,29.84666634,1.0,0
2021-09-21 22:10:00+00:00,0,0.0,0.0,0.0,22,1,0,412.9285583,25.59714317,77.21071625,48.7142868,30.07500076,1.0,0
2021-09-21 22:15:00+00:00,0,0.0,0.0,0.0,22,1,0,413.5666809,25.37800026,74.42033386,49.18000031,29.76666641,1.0,0
2021-09-21 22:20:00+00:00,0,0.0,0.0,0.0,22,1,0,414.1666565,25.44033241,77.12866974,49.08333206,28.95000076,1.0,0
2021-09-21 22:25:00+00:00,0,0.0,0.0,0.0,22,1,0,410.4666748,25.54700089,75.98833466,49.02999878,28.0933342,1.0,0
2021-09-21 22:30:00+00:00,0,0.0,0.0,0.0,22,1,0,409.7666626,25.3579998,74.96932983,48.60666656,27.59666634,1.0,0
2021-09-21 22:35:00+00:00,0,0.0,0.0,0.0,22,1,0,410.6333313,25.60199928,78.10466766,49.32333374,27.54000092,1.0,0
2021-09-21 22:40:00+00:00,0,0.0,0.0,0.0,22,1,0,413.4666748,25.45499992,74.96233368,48.90999985,28.20000076,1.0,0
2021-09-21 22:45:00+00:00,0,0.0,0.0,0.0,22,1,0,418.1333313,25.52199936,76.35366821,48.94333267,28.85000038,1.0,0
2021-09-21 22:50:00+00:00,0,0.0,0.0,0.0,22,1,0,417.1666565,25.52166748,76.4283371,48.75,29.45999908,1.0,0
2021-09-21 22:55:00+00:00,0,0.0,0.0,0.0,22,1,0,417.620697,25.40862083,74.36655426,48.77241516,30.32758713,1.0,0
2021-09-21 23:00:00+00:00,0,0.0,0.0,0.0,23,1,0,415.7857056,25.63571358,77.25214386,48.69643021,29.7142849,1.0,0
2021-09-21 23:05:00+00:00,0,0.0,0.0,0.0,23,1,0,414.6666565,25.40800095,74.40933228,49.11666489,26.90333366,1.0,0
2021-09-21 23:10:00+00:00,0,0.0,0.0,0.0,23,1,0,414.1000061,25.33166695,75.37733459,48.96666718,22.82666588,1.0,0
2021-09-21 23:15:00+00:00,0,0.0,0.0,0.0,23,1,0,412.6000061,25.63999939,77.50966644,49.07333374,25.58666611,1.0,0
2021-09-21 23:20:00+00:00,0,0.0,0.0,0.0,23,1,0,412.8666687,25.37766647,74.49233246,48.33000183,21.62000084,1.0,0
2021-09-21 23:25:00+00:00,0,0.0,0.0,0.0,23,1,0,411.4838562,25.51774216,76.42742157,49.05484009,18.61935425,1.0,0
2021-09-21 23:30:00+00:00,0,0.0,0.0,0.0,23,1,0,410.1333313,25.56299973,75.23066711,48.79000092,14.51666641,1.0,0
2021-09-21 23:35:00+00:00,0,0.0,0.0,0.0,23,1,0,411.8333435,25.42000008,74.94933319,49.19333267,13.52333355,1.0,0
2021-09-21 23:40:00+00:00,0,0.0,0.0,0.0,23,1,0,412.2999878,25.71966743,77.25299835,48.96666718,12.21333313,1.0,0
2021-09-21 23:45:00+00:00,0,0.0,0.0,0.0,23,1,0,413.0,25.55034447,73.58792877,48.94827652,13.22758579,1.0,0
2021-09-21 23:50:00+00:00,0,0.0,0.0,0.0,23,1,0,411.1785583,25.37678528,74.21107483,48.47499847,15.45714283,1.0,0
2021-09-21 23:55:00+00:00,0,0.0,0.0,0.0,23,1,0,412.6666565,25.61033249,76.82633209,49.13666534,22.11333275,1.0,0
2021-09-22 00:00:00+00:00,0,0.0,0.0,0.0,0,2,0,411.2666626,25.32133293,74.75466919,48.70333481,25.01000023,1.0,0
2021-09-22 00:05:00+00:00,0,0.0,0.0,0.0,0,2,0,410.5333252,25.42499924,76.91466522,49.08000183,27.72999954,1.0,0
2021-09-22 00:10:00+00:00,0,0.0,0.0,0.0,0,2,0,412.8333435,25.47400093,76.1396637,48.85666656,28.20000076,1.0,0
2021-09-22 00:15:00+00:00,0,0.0,0.0,0.0,0,2,0,411.7666626,25.33399963,75.20633698,48.74000168,29.02666664,1.0,0
2021-09-22 00:20:00+00:00,0,0.0,0.0,0.0,0,2,0,413.4333191,25.6016674,77.90599823,49.08666611,30.2033329,1.0,0
2021-09-22 00:25:00+00:00,0,0.0,0.0,0.0,0,2,0,413.1000061,25.44566727,74.64833069,48.54666519,31.61333275,1.0,0
2021-09-22 00:30:00+00:00,0,0.0,0.0,0.0,0,2,0,406.2000122,25.37299919,75.75299835,49.40000153,32.15333176,1.0,0
2021-09-22 00:35:00+00:00,0,0.0,0.0,0.0,0,2,0,411.1666565,25.61766624,76.65533447,48.83333206,32.15333176,1.0,0
2021-09-22 00:40:00+00:00,0,0.0,0.0,0.0,0,2,0,413.8965454,25.32275772,74.09137726,49.01379395,32.32758713,1.0,0
2021-09-22 00:45:00+00:00,0,0.0,0.0,0.0,0,2,0,412.8214417,25.43214226,77.3421402,48.72142792,31.37142944,1.0,0
2021-09-22 00:50:00+00:00,0,0.0,0.0,0.0,0,2,0,411.1000061,25.55866623,76.09266663,48.6866684,31.29333305,1.0,0
2021-09-22 00:55:00+00:00,0,0.0,0.0,0.0,0,2,0,412.2333374,25.34233284,73.96466827,49.29999924,30.87999916,1.0,0
2021-09-22 01:00:00+00:00,0,0.0,0.0,0.0,1,2,0,408.9666748,25.54333305,77.32733154,48.84000015,30.74333382,1.0,0
2021-09-22 01:05:00+00:00,0,0.0,0.0,0.0,1,2,0,409.6000061,25.49766731,75.52666473,48.61666489,30.1566658,1.0,0
2021-09-22 01:10:00+00:00,0,0.0,0.0,0.0,1,2,0,412.4666748,25.33799934,74.93199921,48.70000076,30.06333351,1.0,0
2021-09-22 01:15:00+00:00,0,0.0,0.0,0.0,1,2,0,410.2666626,25.63033295,77.27999878,49.31999969,28.80333328,1.0,0
2021-09-22 01:20:00+00:00,0,0.0,0.0,0.0,1,2,0,409.5,25.40699959,73.78666687,48.31999969,28.94666672,1.0,0
2021-09-22 01:25:00+00:00,0,0.0,0.0,0.0,1,2,0,410.3333435,25.27899933,74.91000366,48.94666672,27.83666611,1.0,0
2021-09-22 01:30:00+00:00,0,0.0,0.0,0.0,1,2,0,409.6896667,25.56655121,78.19034576,49.22413635,27.30344772,1.0,0
2021-09-22 01:35:00+00:00,0,0.0,0.0,0.0,1,2,0,411.3571472,25.44035721,74.4732132,48.73928452,26.1964283,1.0,0
2021-09-22 01:40:00+00:00,0,0.0,0.0,0.0,1,2,0,410.6333313,25.40699959,75.68199921,48.7733345,25.13999939,1.0,0
2021-09-22 01:45:00+00:00,0,0.0,0.0,0.0,1,2,0,412.2000122,25.667333600000003,77.21199799,48.61666489,23.32999992,1.0,0
2021-09-22 01:50:00+00:00,0,0.0,0.0,0.0,1,2,0,414.2999878,25.34566689,73.930336,49.13000107,22.93666649,1.0,0
2021-09-22 01:55:00+00:00,0,0.0,0.0,0.0,1,2,0,417.2666626,25.35266685,75.87599945,49.15333176,21.44333267,1.0,0
2021-09-22 02:00:00+00:00,0,0.0,0.0,0.0,2,2,0,419.1666565,25.64366722,76.99199677,49.13999939,19.29999924,1.0,0
2021-09-22 02:05:00+00:00,0,0.0,0.0,0.0,2,2,0,416.5333252,25.33633423,73.9323349,48.8133316,17.78333282,1.0,0
2021-09-22 02:10:00+00:00,0,0.0,0.0,0.0,2,2,0,412.3333435,25.46199989,76.29766846,48.73666763,15.8866663,1.0,0
2021-09-22 02:15:00+00:00,0,0.0,0.0,0.0,2,2,0,412.1000061,25.56933403,76.25333405,48.70333481,13.85000038,1.0,0
2021-09-22 02:20:00+00:00,0,0.0,0.0,0.0,2,2,0,407.1333313,25.34433365,73.99833679,48.80666733,10.60999966,1.0,0
2021-09-22 02:25:00+00:00,0,0.0,0.0,0.0,2,2,0,409.777771,25.44666672,76.96370697,48.77407455,7.374073982,1.0,0
2021-09-22 02:30:00+00:00,0,0.0,0.0,0.0,2,2,0,408.8333435,25.60033417,76.3769989,48.94333267,5.083333492,1.0,0
2021-09-22 02:35:00+00:00,0,0.0,0.0,0.0,2,2,0,406.0,25.36800003,74.14633179,48.70333481,1.433333278,1.0,0
2021-09-22 02:40:00+00:00,0,0.0,0.0,0.0,2,2,0,408.1333313,25.57299995,77.43066406,48.63333511,0.01,1.0,0
2021-09-22 02:45:00+00:00,0,0.0,0.0,0.0,2,2,0,407.3999939,25.51099968,76.03700256,48.70666504,0.0,1.0,0
2021-09-22 02:50:00+00:00,0,0.0,0.0,0.0,2,2,0,410.5666809,25.28633308,74.63600159,48.72999954,0.0,1.0,0
2021-09-22 02:55:00+00:00,0,0.0,0.0,0.0,2,2,0,411.8666687,25.54299927,77.97166443,48.4366684,0.0,1.0,0
2021-09-22 03:00:00+00:00,0,0.0,0.0,0.0,3,2,0,408.2333374,25.44966698,74.99666595,48.78333282,0.0,1.0,0
2021-09-22 03:05:00+00:00,0,0.0,0.0,0.0,3,2,0,410.3333435,25.36466599,75.56933594,48.86999893,0.0,1.0,0
2021-09-22 03:10:00+00:00,0,0.0,0.0,0.0,3,2,0,414.0666809,25.67266655,77.87799835,48.88333511,0.0,1.0,0
2021-09-22 03:15:00+00:00,0,0.0,0.0,0.0,3,2,0,410.5,25.45857048,74.42142487,48.71785736,0.0,1.0,0
2021-09-22 03:20:00+00:00,0,0.0,0.0,0.0,3,2,0,411.2758484,25.34724045,76.84552002,48.19310379,0.0,1.0,0
2021-09-22 03:25:00+00:00,0,0.0,0.0,0.0,3,2,0,408.9666748,25.65399933,78.46666718,48.36333466,0.0,1.0,0
2021-09-22 03:30:00+00:00,0,0.0,0.0,0.0,3,2,0,411.2000122,25.36400032,74.94999695,48.76666641,0.0,1.0,0
2021-09-22 03:35:00+00:00,0,0.0,0.0,0.0,3,2,0,411.0333252,25.44733238,76.66799927,48.66333389,0.0,1.0,0
2021-09-22 03:40:00+00:00,0,0.0,0.0,0.0,3,2,0,412.7999878,25.61333275,78.03866577,48.36666489,0.0,1.0,0
2021-09-22 03:45:00+00:00,0,0.0,0.0,0.0,3,2,0,415.2666626,25.38166618,74.89433289,48.44666672,0.0,1.0,0
2021-09-22 03:50:00+00:00,0,0.0,0.0,0.0,3,2,0,412.3999939,25.51033401,78.03333282,48.72999954,0.0,1.0,0
2021-09-22 03:55:00+00:00,0,0.0,0.0,0.0,3,2,0,414.9666748,25.49433327,76.26766968,48.07666779,0.0,1.0,0
2021-09-22 04:00:00+00:00,0,0.0,0.0,0.0,4,2,0,416.9333191,25.3220005,75.66400146,48.54000092,0.0,1.0,0
2021-09-22 04:05:00+00:00,0,0.0,0.0,0.0,4,2,0,416.8666687,25.63666725,78.83333588,48.22333145,0.0,1.0,0
2021-09-22 04:10:00+00:00,0,0.0,0.0,0.0,4,2,0,417.9629517,25.41666603,75.39444733,48.30370331,0.0,1.0,0
2021-09-22 04:15:00+00:00,0,0.0,0.0,0.0,4,2,0,417.3666687,25.29966736,76.23366547,48.25333405,0.0,1.0,0
2021-09-22 04:20:00+00:00,0,0.0,0.0,0.0,4,2,0,415.7666626,25.60000038,77.79366302,48.12333298,0.0,1.0,0
2021-09-22 04:25:00+00:00,0,0.0,0.0,0.0,4,2,0,416.3666687,25.40200043,74.86266327,48.02000046,0.0,1.0,0
2021-09-22 04:30:00+00:00,0,0.0,0.0,0.0,4,2,0,413.3333435,25.39866638,77.69433594,48.32666779,0.0,1.0,0
2021-09-22 04:35:00+00:00,0,0.0,0.0,0.0,4,2,0,413.2333374,25.56766701,76.81433105,47.97000122,0.0,1.0,0
2021-09-22 04:40:00+00:00,0,0.0,0.0,0.0,4,2,0,413.7999878,25.2966671,75.58899689,48.38333511,0.0,1.0,0
2021-09-22 04:45:00+00:00,0,0.0,0.0,0.0,4,2,0,414.7666626,25.57066727,78.92966461,48.06999969,0.0,1.0,0
2021-09-22 04:50:00+00:00,0,0.0,0.0,0.0,4,2,0,416.4333191,25.45400047,76.4366684,48.13000107,0.0,1.0,0
2021-09-22 04:55:00+00:00,0,0.0,0.0,0.0,4,2,0,417.2333374,25.31100082,77.02532959,48.07666779,0.0,1.0,0
2021-09-22 05:00:00+00:00,0,0.0,0.0,0.0,5,2,0,417.2962952,25.55999947,79.47185516,47.81111145,0.0,1.0,0
2021-09-22 05:05:00+00:00,0,0.0,0.0,0.0,5,2,0,418.1666565,25.37000084,75.64566803,48.04999924,0.0,1.0,0
2021-09-22 05:10:00+00:00,0,0.0,0.0,0.0,5,2,0,413.1666565,25.37599945,78.06400299,47.47000122,0.0,1.0,0
2021-09-22 05:15:00+00:00,0,0.0,0.0,0.0,5,2,0,414.0333252,25.62100029,78.44599915,47.65333176,0.0,1.0,0
2021-09-22 05:20:00+00:00,0,0.0,0.0,0.0,5,2,0,413.2000122,25.3686676,75.39299774,47.55666733,0.0,1.0,0
2021-09-22 05:25:00+00:00,0,0.0,0.0,0.0,5,2,0,415.4666748,25.47533417,78.70066833,46.96666718,0.0,1.0,0
2021-09-22 05:30:00+00:00,0,0.0,0.0,0.0,5,2,0,418.7333374,25.61433411,77.49033356,47.22000122,0.0,1.0,0
2021-09-22 05:35:00+00:00,0,0.0,0.0,0.0,5,2,0,419.4666748,25.51666641,78.95400238,47.15999985,0.0,1.0,0
2021-09-22 05:40:00+00:00,0,0.0,0.0,0.0,5,2,0,420.5333252,25.7626667,84.00299835,46.88000107,0.0,1.0,0
2021-09-22 05:45:00+00:00,0,0.0,0.0,0.0,5,2,0,421.5666809,25.86466599,84.91999817,46.20999908,0.0,1.0,0
2021-09-22 05:50:00+00:00,0,0.0,0.0,0.0,5,2,0,420.6428528,25.98928642,83.97071075,46.21071243,0.0,1.0,0
2021-09-22 05:55:00+00:00,0,0.0,0.0,0.0,5,2,0,418.34481810000005,25.95551682,85.86689758,46.33793259,0.0,1.0,0
2021-09-22 06:00:00+00:00,0,0.0,0.0,0.0,6,2,0,422.7000122,25.99500084,86.01200104,46.63000107,0.0,1.0,0
2021-09-22 06:05:00+00:00,0,0.0,0.0,0.0,6,2,0,421.79998780000005,26.03033257,85.74700165,46.34666824,0.0,1.0,0
2021-09-22 06:10:00+00:00,0,0.0,0.0,0.0,6,2,0,421.5333252,26.06533241,85.05999756,46.67333221,0.0,1.0,0
2021-09-22 06:15:00+00:00,0,0.0,0.0,0.0,6,2,0,422.6333313,26.09133339,84.6146698,46.70999908,0.0,1.0,0
2021-09-22 06:20:00+00:00,0,0.0,0.0,0.0,6,2,0,425.2666626,26.11700058,84.28233337,46.86999893,0.0,1.0,0
2021-09-22 06:25:00+00:00,0,0.0,0.0,0.0,6,2,0,422.5333252,26.1439991,84.08567047,46.54333496,0.0,1.0,0
2021-09-22 06:30:00+00:00,0,0.0,0.0,0.0,6,2,0,421.1666565,26.16866684,83.7480011,46.55333328,0.0,1.0,0
2021-09-22 06:35:00+00:00,0,0.0,0.0,0.0,6,2,0,422.1666565,26.18533325,83.52266693,46.35333252,0.0,1.0,0
2021-09-22 06:40:00+00:00,0,0.0,0.0,0.0,6,2,0,422.29998780000005,26.21433258,83.14199829,46.45666504,0.0,2.0,0
2021-09-22 06:45:00+00:00,0,0.0,0.0,0.0,6,2,0,421.0,26.24925995,82.73110962,46.29629517,0.0,2.0,0
2021-09-22 06:50:00+00:00,0,0.0,0.0,0.0,6,2,0,423.8666687,26.28000069,82.52066803,46.43000031,0.0,2.0,0
2021-09-22 06:55:00+00:00,0,0.0,0.0,0.0,6,2,0,426.7666626,26.31733322,82.33533478,46.28333282,0.0,2.0,0
2021-09-22 07:00:00+00:00,0,0.0,0.0,0.0,7,2,0,420.7333374,26.38166618,81.99133301,46.61000061,0.0,2.0,0
2021-09-22 07:05:00+00:00,0,0.0,0.0,0.0,7,2,0,421.6666565,26.42433357,81.72699738,46.23666763,0.0,2.0,0
2021-09-22 07:10:00+00:00,0,0.0,0.0,0.0,7,2,0,421.9666748,26.46333313,81.46466827,46.29999924,0.0,2.0,0
2021-09-22 07:15:00+00:00,0,0.0,0.0,0.0,7,2,0,422.43331910000006,26.49133301,81.44599915,46.25666809,0.0,1.0,0
2021-09-22 07:20:00+00:00,0,0.0,0.0,0.0,7,2,0,422.1000061000001,26.48866653,81.46900177,46.15999985,0.0,1.0,0
2021-09-22 07:25:00+00:00,0,0.0,0.0,0.0,7,2,0,421.5,26.54999924,81.32466888,46.11999893,0.0,1.0,0
2021-09-22 07:30:00+00:00,0,0.0,0.0,0.0,7,2,0,421.0,26.56933403,81.21733093,46.20333481,0.0,1.0,0
2021-09-22 07:35:00+00:00,0,0.0,0.0,0.0,7,2,0,421.25,26.59607124,81.17392731,45.97857285,0.0,1.0,0
2021-09-22 07:40:00+00:00,0,0.0,0.0,0.0,7,2,0,423.3448181,26.61172485,81.13069153,46.56896591,0.0,1.0,0
2021-09-22 07:45:00+00:00,0,0.0,0.0,0.0,7,2,0,422.5666809,26.61700058,81.25033569,46.1566658,0.0,1.0,0
2021-09-22 07:50:00+00:00,0,0.0,0.0,0.0,7,2,0,420.7333374,26.68000031,81.00499725,46.01666641,0.0,1.0,0
2021-09-22 07:55:00+00:00,0,0.0,0.0,0.0,7,2,0,420.6666565,26.73399925,80.72533417,45.93333435,0.0,1.0,0
2021-09-22 08:00:00+00:00,0,0.0,0.0,0.0,8,2,0,422.0666809,26.6970005,80.91799927,46.1866684,0.0,1.0,0
2021-09-22 08:05:00+00:00,0,0.0,0.0,0.0,8,2,0,418.2666626,26.72299957,80.90666962,46.15333176,0.0,1.0,0
2021-09-22 08:10:00+00:00,0,0.0,0.0,0.0,8,2,0,419.2666626,26.74166679,80.88099670000001,46.13333511,0.0,1.0,0
2021-09-22 08:15:00+00:00,0,0.0,0.0,0.0,8,2,0,422.3666687,26.77799988,80.79100037,46.18999863,0.0,1.0,0
2021-09-22 08:20:00+00:00,0,0.0,0.0,0.0,8,2,0,422.3666687,26.77066612,80.84933472,46.11000061,0.0,1.0,0
2021-09-22 08:25:00+00:00,0,0.0,0.0,0.0,8,2,0,423.1428528,26.77857208,80.88821411,45.74285889,0.0,1.0,0
2021-09-22 08:30:00+00:00,0,0.0,0.0,0.0,8,2,0,424.241394,26.7813797,80.91999817,46.02758789,0.0,1.0,0
2021-09-22 08:35:00+00:00,0,0.0,0.0,0.0,8,2,0,423.2333374,26.81766701,80.80899811,46.02666855,0.0,1.0,0
2021-09-22 08:40:00+00:00,0,0.0,0.0,0.0,8,2,0,425.3999938999999,26.82433319,80.85933685,46.0,0.0,1.0,0
2021-09-22 08:45:00+00:00,0,0.0,0.0,0.0,8,2,0,424.7000122,26.83766747,80.91300201,46.22000122,0.0,1.0,0
2021-09-22 08:50:00+00:00,0,0.0,0.0,0.0,8,2,0,426.8666687,26.85266685,80.91266632,45.9066658,0.0,1.0,0
2021-09-22 08:55:00+00:00,0,0.0,0.0,0.0,8,2,0,425.4666748,26.86700058,80.78299713,45.88999939,0.0,1.0,0
2021-09-22 09:00:00+00:00,0,0.0,0.0,0.0,9,2,0,425.8333435,26.85333252,80.88433075,46.0233345,0.0,1.0,0
2021-09-22 09:05:00+00:00,0,0.0,0.0,0.0,9,2,0,426.3999938999999,26.87299919,80.90699768,46.04666519,0.0,1.0,0
2021-09-22 09:10:00+00:00,0,0.0,0.0,0.0,9,2,0,425.7666626,26.87533379,80.92866516,45.78666687,0.0,1.0,0
2021-09-22 09:15:00+00:00,0,0.0,0.0,0.0,9,2,0,425.3333435,26.89900017,80.70733643,45.81999969,0.0,1.0,0
2021-09-22 09:20:00+00:00,0,0.0,0.0,0.0,9,2,0,422.25,26.89964294,80.79357147,45.57857132,0.0,1.0,0
2021-09-22 09:25:00+00:00,0,0.0,0.0,0.0,9,2,0,421.96551510000006,26.88068962,80.89138031,45.8103447,0.0,1.0,0
2021-09-22 09:30:00+00:00,0,0.0,0.0,0.0,9,2,0,423.0333252,26.94033241,80.63833618,45.85666656,0.0,1.0,0
2021-09-22 09:35:00+00:00,0,0.0,0.0,0.0,9,2,0,420.0,26.94099998,80.6883316,45.88999939,0.0,1.0,0
2021-09-22 09:40:00+00:00,0,0.0,0.0,0.0,9,2,0,419.6333313,26.90200043,80.91967009999999,45.75333405,0.0,1.0,0
2021-09-22 09:45:00+00:00,0,0.0,0.0,0.0,9,2,0,423.0333252,26.89266586,80.99199677,45.83000183,0.0,1.0,0
2021-09-22 09:50:00+00:00,0,0.0,0.0,0.0,9,2,0,425.2333374,26.9046669,81.04499817,45.79000092,0.0,1.0,0
2021-09-22 09:55:00+00:00,0,0.0,0.0,0.0,9,2,0,421.7000122,26.92566681,81.04333496,45.88333511,0.0,2.0,0
2021-09-22 10:00:00+00:00,0,0.0,0.0,0.0,10,2,0,422.2333374,26.9470005,81.07499695,45.98666763,0.0,2.0,0
2021-09-22 10:05:00+00:00,0,0.0,0.0,0.0,10,2,0,420.4666748,26.94799995,81.01566315,46.07666779,0.0,2.0,0
2021-09-22 10:10:00+00:00,0,0.0,0.0,0.0,10,2,0,420.75,26.92892838,81.1264267,45.65357208,0.0,2.0,0
2021-09-22 10:15:00+00:00,0,0.0,0.0,0.0,10,2,0,423.8620605,26.93172455,81.32758331,45.88620758,0.0,2.0,0
2021-09-22 10:20:00+00:00,0,0.0,0.0,0.0,10,2,0,423.0333252,26.92900085,81.34500122,45.86666489,0.0,2.0,0
2021-09-22 10:25:00+00:00,0,0.0,0.0,0.0,10,2,0,425.7333374,26.9343338,81.33366394,45.92333221,0.0,2.0,0
2021-09-22 10:30:00+00:00,0,0.0,0.0,0.0,10,2,0,422.8666687,26.95266724,81.53666687,45.97999954,0.0,2.0,0
2021-09-22 10:35:00+00:00,0,0.0,0.0,0.0,10,2,0,422.6666565,26.94333267,81.67233276,45.85666656,0.0,2.0,0
2021-09-22 10:40:00+00:00,0,0.0,0.0,0.0,10,2,0,419.5666809,26.96666718,81.47299957,45.98333359,0.0,2.0,0
2021-09-22 10:45:00+00:00,0,0.0,0.0,0.0,10,2,0,422.5333252,26.98800087,81.29299927,45.91666794,0.0,2.0,0
2021-09-22 10:50:00+00:00,0,0.0,0.0,0.0,10,2,0,420.7000122,26.97766685,81.36533356,45.92333221,0.0,2.0,0
2021-09-22 10:55:00+00:00,0,0.0,0.0,0.0,10,2,0,419.2666626,27.00866699,81.22899628,46.05666733,0.0,2.0,0
2021-09-22 11:00:00+00:00,0,0.0,0.0,0.0,11,2,0,424.3928528,27.02642822,81.21250153,45.81071472,0.0,2.0,0
2021-09-22 11:05:00+00:00,0,0.0,0.0,0.0,11,2,0,423.1666565,27.03566742,81.08999634,46.41999817,0.0,2.0,0
2021-09-22 11:10:00+00:00,0,0.0,0.0,0.0,11,2,0,420.9310303,27.01655197,81.31241608,46.91724014,0.0,2.0,0
2021-09-22 11:15:00+00:00,0,0.0,0.0,0.0,11,2,0,419.0,27.00833321,81.44300079,47.1866684,0.0,2.0,0
2021-09-22 11:20:00+00:00,0,0.0,0.0,0.0,11,2,0,420.0333252,27.04100037,81.35066986,48.29666519,0.0,2.0,0
2021-09-22 11:25:00+00:00,0,0.0,0.0,0.0,11,2,0,422.4666748,27.04500008,81.33066559,48.28666687,0.0,2.0,0
2021-09-22 11:30:00+00:00,0,0.0,0.0,0.0,11,2,0,425.8666687,27.02733421,81.41033173,48.05333328,0.0,2.0,0
2021-09-22 11:35:00+00:00,0,0.0,0.0,0.0,11,2,0,424.7333374,27.03133392,81.34600067,47.09999847,0.0,2.0,0
2021-09-22 11:40:00+00:00,0,0.0,0.0,0.0,11,2,0,422.9666748,27.04733276,81.28700256,47.00333405,0.0,1.0,0
2021-09-22 11:45:00+00:00,0,0.0,0.0,0.0,11,2,0,424.3666687,27.05066681,81.25066376,46.75333405,0.0,1.0,0
2021-09-22 11:50:00+00:00,0,0.0,0.0,0.0,11,2,0,424.5,27.06678581,81.24714661,46.83214188,0.0,1.0,0
2021-09-22 11:55:00+00:00,0,0.0,0.0,0.0,11,2,0,426.7333374,27.08333397,81.1823349,46.07666779,0.0,1.0,0
2021-09-22 12:00:00+00:00,0,0.0,0.0,0.0,12,2,0,424.8620605,27.09034538,81.19103241,46.12758636,0.0,1.0,0
2021-09-22 12:05:00+00:00,0,0.0,0.0,0.0,12,2,0,424.93331910000006,27.06100082,81.26533508,46.18333435,0.0,1.0,0
2021-09-22 12:10:00+00:00,0,0.0,0.0,0.0,12,2,0,425.29998780000005,27.03333282,81.41333008,46.09999847,0.0,1.0,0
2021-09-22 12:15:00+00:00,0,0.0,0.0,0.0,12,2,0,423.2000122,27.02700043,81.41733551,46.18333435,0.0,2.0,0
2021-09-22 12:20:00+00:00,0,0.0,0.0,0.0,12,2,0,422.8999938999999,27.01733398,81.44833374,45.99666595,0.0,2.0,0
2021-09-22 12:25:00+00:00,0,0.0,0.0,0.0,12,2,0,426.2666626,26.99500084,81.55400085,46.0,0.0,2.0,0
2021-09-22 12:30:00+00:00,0,0.0,0.0,0.0,12,2,0,425.6000061000001,27.01333427,81.47100067,46.22333145,0.0,2.0,0
2021-09-22 12:35:00+00:00,0,0.0,0.0,0.0,12,2,0,425.4666748,27.00900078,81.51300049,46.24666595,0.0,2.0,0
2021-09-22 12:40:00+00:00,0,0.0,0.0,0.0,12,2,0,421.7333374,27.04599953,81.41100311,46.02666855,0.0,2.0,0
2021-09-22 12:45:00+00:00,0,0.0,0.0,0.0,12,2,0,424.9642944,27.0267849,81.41571808,46.07143021,0.0,2.0,0
2021-09-22 12:50:00+00:00,0,0.0,0.0,0.0,12,2,0,424.8965454,27.00896645,81.52552032,46.14482879999999,0.0,2.0,0
2021-09-22 12:55:00+00:00,0,0.0,0.0,0.0,12,2,0,422.5333252,27.00666618,81.51233673,46.15999985,0.0,2.0,0
2021-09-22 13:00:00+00:00,0,0.0,0.0,0.0,13,2,0,424.1000061000001,26.98699951,81.60900116,46.31666565,0.0,2.0,0
2021-09-22 13:05:00+00:00,0,0.0,0.0,0.0,13,2,0,428.3333435,26.99933243,81.50800323,46.34666824,0.0,2.0,0
2021-09-22 13:10:00+00:00,0,0.0,0.0,0.0,13,2,0,427.2000122,27.02933311,81.42666626,46.3133316,0.0,2.0,0
2021-09-22 13:15:00+00:00,0,0.0,0.0,0.0,13,2,0,427.1000061000001,27.08866692,81.20066833,46.4766655,0.0,2.0,0
2021-09-22 13:20:00+00:00,0,0.0,0.0,0.0,13,2,0,425.1333313,27.0806675,81.24500275,46.54666519,0.0,2.0,0
2021-09-22 13:25:00+00:00,0,0.0,0.0,0.0,13,2,0,423.2000122,27.0613327,81.36499786,46.28333282,0.0,2.0,0
2021-09-22 13:30:00+00:00,0,0.0,0.0,0.0,13,2,0,421.6666565,27.05333328,81.47833252,46.33000183,0.0,2.0,0
2021-09-22 13:35:00+00:00,0,0.0,0.0,0.0,13,2,0,421.8571472,27.06178665,81.48535919,46.32857132,0.0,2.0,0
2021-09-22 13:40:00+00:00,0,0.0,0.0,0.0,13,2,0,421.0666809,27.08033371,81.38099670000001,46.44666672,0.0,2.0,0
2021-09-22 13:45:00+00:00,0,0.0,0.0,0.0,13,2,0,425.1034546,27.10448265,81.31414032,46.23448181,0.0,2.0,0
2021-09-22 13:50:00+00:00,0,0.0,0.0,0.0,13,2,0,423.29998780000005,27.0720005,81.43199921,46.3433342,0.0,2.0,0
2021-09-22 13:55:00+00:00,0,0.0,0.0,0.0,13,2,0,427.3999938999999,27.08399963,81.46966553,46.90000153,0.0,2.0,0
2021-09-22 14:00:00+00:00,0,0.0,0.0,0.0,14,2,0,428.3999938999999,27.09000015,81.38366699,46.77999878,0.0,2.0,0
2021-09-22 14:05:00+00:00,0,0.0,0.0,0.0,14,2,0,428.3999938999999,27.07433319,81.43733215,46.88666534,0.0,2.0,0
2021-09-22 14:10:00+00:00,0,0.0,0.0,0.0,14,2,0,423.6666565,27.0593338,81.51733398,46.70999908,0.0,2.0,0
2021-09-22 14:15:00+00:00,0,0.0,0.0,0.0,14,2,0,423.29998780000005,27.03300095,81.56833649,47.03666687,0.0,2.0,0
2021-09-22 14:20:00+00:00,0,0.0,0.0,0.0,14,2,0,424.3666687,27.01300049,81.65766907,47.45999908,0.0,2.0,0
2021-09-22 14:25:00+00:00,0,0.0,0.0,0.0,14,2,0,423.8571472,27.05071449,81.56893158,46.6428566,0.0,2.0,0
2021-09-22 14:30:00+00:00,0,0.0,0.0,0.0,14,2,0,423.8666687,27.04933357,81.57366943,47.20000076,0.0,2.0,0
2021-09-22 14:35:00+00:00,0,0.0,0.0,0.0,14,2,0,423.6896666999999,27.04862022,81.60551453,47.40689468,0.0,2.0,0
2021-09-22 14:40:00+00:00,0,0.0,0.0,0.0,14,2,0,426.3333435,27.0296669,81.70500183,47.3133316,0.0,2.0,0
2021-09-22 14:45:00+00:00,0,0.0,0.0,0.0,14,2,0,424.5333252,27.02300072,81.71932983,47.6866684,0.0,2.0,0
2021-09-22 14:50:00+00:00,0,0.0,0.0,0.0,14,2,0,424.93331910000006,27.0,81.8010025,47.51666641,0.0,2.0,0
2021-09-22 14:55:00+00:00,0,0.0,0.0,0.0,14,2,0,422.5333252,27.00799942,81.79900359999999,48.11000061,0.0,2.0,0
2021-09-22 15:00:00+00:00,0,0.0,0.0,0.0,15,2,0,421.5,26.99166679,81.83333588,47.62666702,0.0,2.0,0
2021-09-22 15:05:00+00:00,0,0.0,0.0,0.0,15,2,0,423.5,26.99399948,81.86433411,47.84666824,0.0,2.0,0
2021-09-22 15:10:00+00:00,0,0.0,0.0,0.0,15,2,0,426.9666748,27.05166626,81.67133331,47.69333267,0.0,2.0,0
2021-09-22 15:15:00+00:00,0,0.0,0.0,0.0,15,2,0,426.7333374,27.07999992,81.625,47.86333466,0.0,2.0,0
2021-09-22 15:20:00+00:00,0,0.0,0.0,0.0,15,2,0,426.8571472,27.15071487,81.36571503,47.90714264,0.0,2.0,0
2021-09-22 15:25:00+00:00,0,0.0,0.0,0.0,15,2,0,429.8666687,27.14233398,81.38999939,47.55666733,0.0,2.0,0
2021-09-22 15:30:00+00:00,0,0.0,0.0,0.0,15,2,0,424.6896666999999,27.16172409,81.3937912,48.13103485,0.0,2.0,0
2021-09-22 15:35:00+00:00,0,0.0,0.0,0.0,15,2,0,427.5,27.1186676,78.53733063,48.74000168,0.293333322,2.0,0
2021-09-22 15:40:00+00:00,0,0.0,0.0,0.0,15,2,0,432.9666748,26.6123333,72.44400024,49.24333191,0.0,2.0,0
2021-09-22 15:45:00+00:00,0,0.0,0.0,0.0,15,2,0,436.3666687,26.01600075,68.96633148,48.8433342,2.356666565,2.0,0
2021-09-22 15:50:00+00:00,0,0.0,0.0,0.0,15,2,0,436.5666809,25.71166611,67.87232971,48.58333206,1.99333334,2.0,0
2021-09-22 15:55:00+00:00,0,0.0,0.0,0.0,15,2,0,436.0666809,25.49733353,67.96800232,48.00666809,2.180000067,2.0,0
2021-09-22 16:00:00+00:00,0,0.0,0.0,0.0,16,2,0,438.93331910000006,25.44300079,67.89167023,48.97333145,2.773333311,2.0,0
2021-09-22 16:05:00+00:00,0,0.0,0.0,0.0,16,2,0,439.7333374,25.45266724,67.65799713,48.88666534,3.986666679,2.0,0
2021-09-22 16:10:00+00:00,0,0.0,0.0,0.0,16,2,0,442.5714416999999,25.38285637,67.67071533,48.63928604,5.8392858510000005,2.0,0
2021-09-22 16:15:00+00:00,0,0.0,0.0,0.0,16,2,0,443.29998780000005,25.27700043,67.7583313,48.29999924,10.60666656,2.0,0
2021-09-22 16:20:00+00:00,0,0.0,0.0,0.0,16,2,0,440.2758484,25.05344772,68.24137878,49.0241394,14.21724129,2.0,0
2021-09-22 16:25:00+00:00,0,0.0,0.0,0.0,16,2,0,442.93331910000006,25.07999992,67.88933563,48.0633316,16.7033329,2.0,0
2021-09-22 16:30:00+00:00,0,0.0,0.0,0.0,16,2,0,441.5,25.26499939,71.03399658,50.3133316,19.2733326,2.0,0
2021-09-22 16:35:00+00:00,0,0.0,0.0,0.0,16,2,0,439.2333374,25.30866623,72.91833496,50.70999908,19.12999916,2.0,0
2021-09-22 16:40:00+00:00,0,0.0,0.0,0.0,16,2,0,435.43331910000006,25.25733376,71.85033417,49.07666779,18.13666725,2.0,0
2021-09-22 16:45:00+00:00,0,0.0,0.0,0.0,16,2,0,434.43331910000006,25.50399971,75.52766418,49.0,19.78666687,2.0,0
2021-09-22 16:50:00+00:00,0,0.0,0.0,0.0,16,2,0,427.8999938999999,25.46466637,72.24299622,49.05333328,21.23333359,2.0,0
2021-09-22 16:55:00+00:00,0,0.0,0.0,0.0,16,2,0,422.29998780000005,25.33200073,70.40299988,49.03666687,23.3433342,2.0,0
2021-09-22 17:00:00+00:00,0,0.0,0.0,0.0,17,2,0,419.0714417,25.20785713,70.92035675,48.86785889,26.71785736,2.0,0
2021-09-22 17:05:00+00:00,0,0.0,0.0,0.0,17,2,0,417.7000122,25.47100067,75.44166565,48.74333191,27.06333351,2.0,0
2021-09-22 17:10:00+00:00,0,0.0,0.0,0.0,17,2,0,417.4666748,25.40733337,72.60900116,48.88666534,25.42000008,2.0,0
2021-09-22 17:15:00+00:00,0,0.0,0.0,0.0,17,2,0,416.7241516,25.27034569,72.11585999,48.71034622,26.24137878,2.0,0
2021-09-22 17:20:00+00:00,0,0.0,0.0,0.0,17,2,0,415.3666687,25.44599915,76.18699646,48.8133316,26.56666756,2.0,0
2021-09-22 17:25:00+00:00,0,0.0,0.0,0.0,17,2,0,418.6000061,25.41533279,73.22266388,49.41333389,29.74333382,2.0,0
2021-09-22 17:30:00+00:00,0,0.0,0.0,0.0,17,2,0,417.0,25.22599983,72.81632996,48.92666626,26.67000008,2.0,0
2021-09-22 17:35:00+00:00,0,0.0,0.0,0.0,17,2,0,417.8333435,25.52099991,76.35333252,48.90333176,27.81333351,2.0,0
2021-09-22 17:40:00+00:00,0,0.0,0.0,0.0,17,2,0,416.2000122,25.51399994,73.35433197,49.20000076,30.56333351,2.0,0
2021-09-22 17:45:00+00:00,0,0.0,0.0,0.0,17,2,0,412.9666748,25.29533386,73.54299927,49.44666672,33.17333221,2.0,0
2021-09-22 17:50:00+00:00,0,0.0,0.0,0.0,17,2,0,416.2333374,25.49733353,77.14066315,49.16666794,30.57333374,2.0,0
2021-09-22 17:55:00+00:00,0,0.0,0.0,0.0,17,2,0,422.6071472,25.3407135,73.93964386,48.55714417,28.53928566,2.0,0
2021-09-22 18:00:00+00:00,0,0.0,0.0,0.0,18,2,0,422.0333252,25.35400009,75.58399963,48.80333328,22.10666656,2.0,0
2021-09-22 18:05:00+00:00,0,0.0,0.0,0.0,18,2,0,416.8275757,25.64827538,76.97241211,48.65861893,16.56551743,2.0,0
2021-09-22 18:10:00+00:00,0,0.0,0.0,0.0,18,2,0,418.4333191,25.36199951,73.90733337,49.29999924,15.06333351,2.0,0
2021-09-22 18:15:00+00:00,0,0.0,0.0,0.0,18,2,0,418.5333252,25.41900063,76.8793335,48.81666565,13.96333313,2.0,0
2021-09-22 18:20:00+00:00,0,0.0,0.0,0.0,18,2,0,420.7666626,25.44400024,75.35533142,49.29999924,13.78666687,2.0,0
2021-09-22 18:25:00+00:00,0,0.0,0.0,0.0,18,2,0,418.1666565,25.32299995,74.93900299,48.8133316,23.21333313,2.0,0
2021-09-22 18:30:00+00:00,0,0.0,0.0,0.0,18,2,0,421.4666748,25.56200027,78.12999725,49.35333252,30.8433342,2.0,0
2021-09-22 18:35:00+00:00,0,0.0,0.0,0.0,18,2,0,420.8666687,25.41833305,74.83799744,48.60666656,30.25,2.0,0
2021-09-22 18:40:00+00:00,0,0.0,0.0,0.0,18,2,0,416.8666687,25.28366661,74.90966797,49.27666855,32.13999939,2.0,0
2021-09-22 18:45:00+00:00,0,0.0,0.0,0.0,18,2,0,419.75,25.59714317,77.04285431,48.16428757,27.7857151,2.0,0
2021-09-22 18:50:00+00:00,0,0.0,0.0,0.0,18,2,0,418.7999878,25.42333412,74.16400146,48.75333405,25.51000023,2.0,0
2021-09-22 18:55:00+00:00,0,0.0,0.0,0.0,18,2,0,418.0333252,25.27099991,75.5533371,48.84000015,25.95000076,2.0,0
2021-09-22 19:00:00+00:00,0,0.0,0.0,0.0,19,2,0,416.0689697,25.55517197,77.79517365,48.75862122,27.56206894,2.0,0
2021-09-22 19:05:00+00:00,0,0.0,0.0,0.0,19,2,0,417.8333435,25.34033394,74.88999939,48.54999924,29.95666695,2.0,0
2021-09-22 19:10:00+00:00,0,0.0,0.0,0.0,19,2,0,418.8666687,25.37899971,77.53966522,49.11333466,30.28666687,2.0,0
2021-09-22 19:15:00+00:00,0,0.0,0.0,0.0,19,2,0,421.43331910000006,25.63199997,77.68299866,49.1866684,29.04999924,2.0,0
2021-09-22 19:20:00+00:00,0,0.0,0.0,0.0,19,2,0,421.8666687,25.35933304,74.08999634,48.51333237,30.47999954,2.0,0
2021-09-22 19:25:00+00:00,0,0.0,0.0,0.0,19,2,0,422.93331910000006,25.37233353,76.33999634,49.06666565,28.43666649,2.0,0
2021-09-22 19:30:00+00:00,0,0.0,0.0,0.0,19,2,0,425.7000122,25.6060009,77.50466919,48.75999832,29.57666588,2.0,0
2021-09-22 19:35:00+00:00,0,0.0,0.0,0.0,19,2,0,422.7857056,25.44892883,74.99785614,48.56785583,27.95000076,2.0,0
2021-09-22 19:40:00+00:00,0,0.0,0.0,0.0,19,2,0,419.7333374,25.50133324,79.01100159,49.25333405,30.27666664,2.0,0
2021-09-22 19:45:00+00:00,0,0.0,0.0,0.0,19,2,0,423.0333252,25.58566666,76.96633148,48.63666534,29.07666588,2.0,0
2021-09-22 19:50:00+00:00,0,0.0,0.0,0.0,19,2,0,420.2069092,25.28275871,74.86000061,48.87586212,28.54827499,2.0,0
2021-09-22 19:55:00+00:00,0,0.0,0.0,0.0,19,2,0,418.7666626,25.46899986,78.47166443,49.14666748,28.73999977,2.0,0
2021-09-22 20:00:00+00:00,0,0.0,0.0,0.0,20,2,0,419.7333374,25.47400093,76.06666565,49.21333313,30.17333412,2.0,0
2021-09-22 20:05:00+00:00,0,0.0,0.0,0.0,20,2,0,419.7666626,25.32366753,75.85766602,48.97333145,28.79999924,2.0,0
2021-09-22 20:10:00+00:00,0,0.0,0.0,0.0,20,2,0,421.4666748,25.51666641,78.58200073,49.15999985,30.14999962,2.0,0
2021-09-22 20:15:00+00:00,0,0.0,0.0,0.0,20,2,0,419.6000061000001,25.4066658,74.85700226,48.84999847,27.52666664,2.0,0
2021-09-22 20:20:00+00:00,0,0.0,0.0,0.0,20,2,0,412.7333374,25.26399994,76.19766998,48.94333267,27.51666641,2.0,0
2021-09-22 20:25:00+00:00,0,0.0,0.0,0.0,20,2,0,413.7857056,25.50214195,78.89892578,48.73571396,28.95714378,2.0,0
2021-09-22 20:30:00+00:00,0,0.0,0.0,0.0,20,2,0,413.2333374,25.3390007,74.74033356,48.60666656,27.51000023,2.0,0
2021-09-22 20:35:00+00:00,0,0.0,0.0,0.0,20,2,0,412.9666748,25.37199974,76.63666534,48.88999939,26.87000084,2.0,0
2021-09-22 20:40:00+00:00,0,0.0,0.0,0.0,20,2,0,414.0666809,25.55133247,78.06133270000001,49.20000076,26.35000038,2.0,0
2021-09-22 20:45:00+00:00,0,0.0,0.0,0.0,20,2,0,418.7241516,25.35655212,75.13586426,48.86896515,25.69655228,2.0,0
2021-09-22 20:50:00+00:00,0,0.0,0.0,0.0,20,2,0,418.3999939,25.45666695,78.40333557,48.95999908,25.73333359,2.0,0
2021-09-22 20:55:00+00:00,0,0.0,0.0,0.0,20,2,0,418.6666565,25.60433388,76.71866608,49.04000092,24.57999992,2.0,0
2021-09-22 21:00:00+00:00,0,0.0,0.0,0.0,21,2,0,414.4666748,25.3306675,75.72000122,48.5,26.01666641,2.0,0
2021-09-22 21:05:00+00:00,0,0.0,0.0,0.0,21,2,0,415.2333374,25.51600075,78.80066681,48.79333496,24.53666687,2.0,0
2021-09-22 21:10:00+00:00,0,0.0,0.0,0.0,21,2,0,415.2000122,25.28000069,75.84700012,49.15000153,23.82666588,2.0,0
2021-09-22 21:15:00+00:00,0,0.0,0.0,0.0,21,2,0,412.8999939,25.30966759,76.91967009999999,49.0633316,23.93000031,2.0,0
2021-09-22 21:20:00+00:00,0,0.0,0.0,0.0,21,2,0,414.3928528,25.57250023,78.65821075,48.74285889,21.77499962,2.0,0
2021-09-22 21:25:00+00:00,0,0.0,0.0,0.0,21,2,0,411.7333374,25.34233284,74.97733307,49.19333267,25.99333382,2.0,0
2021-09-22 21:30:00+00:00,0,0.0,0.0,0.0,21,2,0,413.0,25.33733368,77.49299622,48.80333328,28.38666725,2.0,0
2021-09-22 21:35:00+00:00,0,0.0,0.0,0.0,21,2,0,413.8965454,25.5675869,77.58586121,49.01724243,28.32413864,2.0,0
2021-09-22 21:40:00+00:00,0,0.0,0.0,0.0,21,2,0,415.3666687,25.29500008,74.75233459,49.30666733,28.67666626,2.0,0
2021-09-22 21:45:00+00:00,0,0.0,0.0,0.0,21,2,0,417.3333435,25.41266632,77.56600189,49.73333359,28.48999977,2.0,0
2021-09-22 21:50:00+00:00,0,0.0,0.0,0.0,21,2,0,418.8999939,25.55666733,77.20800018,48.86666489,27.10333252,2.0,0
2021-09-22 21:55:00+00:00,0,0.0,0.0,0.0,21,2,0,419.2999878,25.33433342,75.09566498,49.34666824,28.44333267,2.0,0
2021-09-22 22:00:00+00:00,0,0.0,0.0,0.0,22,2,0,417.0333252,25.54133415,78.52500153,48.6566658,28.56999969,2.0,0
2021-09-22 22:05:00+00:00,0,0.0,0.0,0.0,22,2,0,422.3333435,25.47166634,76.29266357,49.36999893,29.95000076,2.0,0
2021-09-22 22:10:00+00:00,0,0.0,0.0,0.0,22,2,0,422.5357056,25.38964272,77.03535461,49.04285812,29.0535717,2.0,0
2021-09-22 22:15:00+00:00,0,0.0,0.0,0.0,22,2,0,418.7999878,25.61366653,78.73799896,49.32666779,28.76666641,2.0,0
2021-09-22 22:20:00+00:00,0,0.0,0.0,0.0,22,2,0,415.1000061,25.4216671,74.74466705,48.72333145,29.11666679,2.0,0
2021-09-22 22:25:00+00:00,0,0.0,0.0,0.0,22,2,0,415.5666809,25.38500023,77.35033417,49.00666809,30.2033329,2.0,0
2021-09-22 22:30:00+00:00,0,0.0,0.0,0.0,22,2,0,414.6551819,25.56896591,78.5424118,48.60344696,29.24482727,2.0,0
2021-09-22 22:35:00+00:00,0,0.0,0.0,0.0,22,2,0,413.9666748,25.38266754,75.28733063,48.93999863,31.22333336,2.0,0
2021-09-22 22:40:00+00:00,0,0.0,0.0,0.0,22,2,0,414.5666809,25.45100021,79.06500244,49.10333252,30.96666718,2.0,0
2021-09-22 22:45:00+00:00,0,0.0,0.0,0.0,22,2,0,411.9666748,25.51433372,76.72899628,49.09999847,30.04333305,2.0,0
2021-09-22 22:50:00+00:00,0,0.0,0.0,0.0,22,2,0,409.7000122,25.35066605,75.35900116,48.61333466,29.59000015,2.0,0
2021-09-22 22:55:00+00:00,0,0.0,0.0,0.0,22,2,0,409.1000061,25.5529995,78.19633484,49.11000061,28.32666588,2.0,0
2021-09-22 23:00:00+00:00,0,0.0,0.0,0.0,23,2,0,411.8571472,25.47607231,75.26821136,48.56428528,28.2678566,2.0,0
2021-09-22 23:05:00+00:00,0,0.0,0.0,0.0,23,2,0,412.9666748,25.33466721,75.97399902,49.13000107,28.61333275,2.0,0
2021-09-22 23:10:00+00:00,0,0.0,0.0,0.0,23,2,0,411.5333252,25.55733299,79.02799988,48.75,28.07666588,2.0,0
2021-09-22 23:15:00+00:00,0,0.0,0.0,0.0,23,2,0,411.5666809,25.43333244,75.55433655,48.90000153,28.89333344,2.0,0
2021-09-22 23:20:00+00:00,0,0.0,0.0,0.0,23,2,0,413.5517273,25.31172371,76.48103333,48.88275909,28.56551743,2.0,0
2021-09-22 23:25:00+00:00,0,0.0,0.0,0.0,23,2,0,413.1333313,25.54700089,78.20966339,49.08666611,28.30666733,2.0,0
2021-09-22 23:30:00+00:00,0,0.0,0.0,0.0,23,2,0,410.3333435,25.41666603,74.33266449,48.88333511,28.47333336,2.0,0
2021-09-22 23:35:00+00:00,0,0.0,0.0,0.0,23,2,0,411.4666748,25.34766579,77.08166504,48.97333145,28.54000092,2.0,0
2021-09-22 23:40:00+00:00,0,0.0,0.0,0.0,23,2,0,407.0333252,25.60133362,78.26300049,48.91333389,28.28666687,2.0,0
2021-09-22 23:45:00+00:00,0,0.0,0.0,0.0,23,2,0,411.2666626,25.4109993,73.98899841,49.04666519,28.75666618,2.0,0
2021-09-22 23:50:00+00:00,0,0.0,0.0,0.0,23,2,0,407.7999878,25.3156662,75.60099792,48.6566658,28.78000069,2.0,0
2021-09-22 23:55:00+00:00,0,0.0,0.0,0.0,23,2,0,406.7142944,25.61035728,78.86964417,48.68571472,27.73571396,2.0,0
2021-09-23 00:00:00+00:00,0,0.0,0.0,0.0,0,3,0,407.6333313,25.42033386,74.95800018,48.68000031,29.0,2.0,0
2021-09-23 00:05:00+00:00,0,0.0,0.0,0.0,0,3,0,406.6666565,25.25933266,75.77100372,48.75666809,29.25666618,2.0,0
2021-09-23 00:10:00+00:00,0,0.0,0.0,0.0,0,3,0,407.2999878,25.50266647,78.83599854,49.32333374,29.20000076,2.0,0
2021-09-23 00:15:00+00:00,0,0.0,0.0,0.0,0,3,0,412.4482727,25.28034401,75.42723846,49.29310226,29.53103447,2.0,0
2021-09-23 00:20:00+00:00,0,0.0,0.0,0.0,0,3,0,408.9333191,25.25799942,75.69933319,48.68000031,29.42666626,2.0,0
2021-09-23 00:25:00+00:00,0,0.0,0.0,0.0,0,3,0,409.4666748,25.62866592,78.30300140000001,48.64333344,28.48666573,2.0,0
2021-09-23 00:30:00+00:00,0,0.0,0.0,0.0,0,3,0,411.2999878,25.42733383,75.36766815,48.5,29.90333366,2.0,0
2021-09-23 00:35:00+00:00,0,0.0,0.0,0.0,0,3,0,406.0666809,25.43333244,76.67966461,48.76666641,29.9066658,2.0,0
2021-09-23 00:40:00+00:00,0,0.0,0.0,0.0,0,3,0,404.1333313,25.68566704,77.65766907,48.83666611,28.96333313,2.0,0
2021-09-23 00:45:00+00:00,0,0.0,0.0,0.0,0,3,0,404.9285583,25.34464264,75.08071136,48.36785889,30.20357132,2.0,0
2021-09-23 00:50:00+00:00,0,0.0,0.0,0.0,0,3,0,407.5666809,25.39666748,77.36799622,48.54000092,30.34666634,2.0,0
2021-09-23 00:55:00+00:00,0,0.0,0.0,0.0,0,3,0,408.4666748,25.66166687,79.00566864,48.76333237,28.11666679,2.0,0
2021-09-23 01:00:00+00:00,0,0.0,0.0,0.0,1,3,0,414.1000061,25.38800049,75.47000122,49.05333328,30.54000092,2.0,0
2021-09-23 01:05:00+00:00,0,0.0,0.0,0.0,1,3,0,409.9310303,25.40482712,78.67482758,48.95172501,30.56551743,2.0,0
2021-09-23 01:10:00+00:00,0,0.0,0.0,0.0,1,3,0,414.6666565,25.56233406,77.33166504,48.74666595,29.44000053,2.0,0
2021-09-23 01:15:00+00:00,0,0.0,0.0,0.0,1,3,0,415.0333252,25.32866669,75.45300293,48.78666687,30.24333382,2.0,0
2021-09-23 01:20:00+00:00,0,0.0,0.0,0.0,1,3,0,414.2999878,25.49533272,79.63833618,48.69333267,29.45999908,2.0,0
2021-09-23 01:25:00+00:00,0,0.0,0.0,0.0,1,3,0,418.4666748,25.54033279,76.99833679,48.7266655,28.54000092,2.0,0
2021-09-23 01:30:00+00:00,0,0.0,0.0,0.0,1,3,0,410.9666748,25.27499962,76.29199982,49.2733345,28.38999939,2.0,0
2021-09-23 01:35:00+00:00,0,0.0,0.0,0.0,1,3,0,412.2142944,25.53499985,79.4717865,48.71071243,26.84642792,2.0,0
2021-09-23 01:40:00+00:00,0,0.0,0.0,0.0,1,3,0,411.5333252,25.44599915,76.21466827,49.02666855,26.92000008,2.0,0
2021-09-23 01:45:00+00:00,0,0.0,0.0,0.0,1,3,0,412.8666687,25.22900009,75.94933319,48.62666702,26.37666702,2.0,0
2021-09-23 01:50:00+00:00,0,0.0,0.0,0.0,1,3,0,411.6666565,25.54266739,79.85466766,48.59999847,24.06999969,2.0,0
2021-09-23 01:55:00+00:00,0,0.0,0.0,0.0,1,3,0,410.2999878,25.4956665,75.41000366,49.35666656,24.01000023,2.0,0
2021-09-23 02:00:00+00:00,0,0.0,0.0,0.0,2,3,0,411.2069092,25.36275864,76.04000092,48.82413864,23.02758598,2.0,0
2021-09-23 02:05:00+00:00,0,0.0,0.0,0.0,2,3,0,412.6666565,25.64633369,79.02066803,49.13666534,19.9066658,2.0,0
2021-09-23 02:10:00+00:00,0,0.0,0.0,0.0,2,3,0,415.4666748,25.45233345,76.11233521,48.91666794,19.27666664,2.0,0
2021-09-23 02:15:00+00:00,0,0.0,0.0,0.0,2,3,0,414.2999878,25.36000061,77.54499817,48.95666504,17.89999962,2.0,0
2021-09-23 02:20:00+00:00,0,0.0,0.0,0.0,2,3,0,413.6000061,25.52899933,79.49666595,48.70333481,16.48666573,2.0,0
2021-09-23 02:25:00+00:00,0,0.0,0.0,0.0,2,3,0,412.1333313,25.33699989,75.91633606,48.97000122,11.77999973,2.0,0
2021-09-23 02:30:00+00:00,0,0.0,0.0,0.0,2,3,0,414.5714417,25.43428612,78.83036041,48.82857132,11.28928566,2.0,0
2021-09-23 02:35:00+00:00,0,0.0,0.0,0.0,2,3,0,411.7000122,25.60899925,78.04166412,48.75333405,9.646666527,2.0,0
2021-09-23 02:40:00+00:00,0,0.0,0.0,0.0,2,3,0,413.2333374,25.26499939,75.35800171,48.71666718,3.306666613,2.0,0
2021-09-23 02:45:00+00:00,0,0.0,0.0,0.0,2,3,0,408.3999939,25.43766594,78.96333313,48.74666595,0.8533333540000001,2.0,0
2021-09-23 02:50:00+00:00,0,0.0,0.0,0.0,2,3,0,409.9655151,25.52000046,77.7075882,48.51379395,0.0,2.0,0
2021-09-23 02:55:00+00:00,0,0.0,0.0,0.0,2,3,0,408.4666748,25.28800011,76.03067017,48.61333466,0.0,2.0,0
2021-09-23 03:00:00+00:00,0,0.0,0.0,0.0,3,3,0,410.6000061,25.59399986,78.86599731,48.59666824,0.0,2.0,0
2021-09-23 03:05:00+00:00,0,0.0,0.0,0.0,3,3,0,410.5,25.50666618,76.1883316,48.48333359,0.0,2.0,0
2021-09-23 03:10:00+00:00,0,0.0,0.0,0.0,3,3,0,412.6333313,25.3239994,77.47133636,48.71333313,0.0,2.0,0
2021-09-23 03:15:00+00:00,0,0.0,0.0,0.0,3,3,0,413.0333252,25.52499962,78.83733368,48.65000153,0.0,2.0,0
2021-09-23 03:20:00+00:00,0,0.0,0.0,0.0,3,3,0,410.7857056,25.3125,75.79285431,48.375,0.0,2.0,0
2021-09-23 03:25:00+00:00,0,0.0,0.0,0.0,3,3,0,412.8333435,25.50799942,78.62333679,48.52666855,0.0,2.0,0
2021-09-23 03:30:00+00:00,0,0.0,0.0,0.0,3,3,0,410.3333435,25.57566643,78.77066803,48.59000015,0.0,2.0,0
2021-09-23 03:35:00+00:00,0,0.0,0.0,0.0,3,3,0,409.2666626,25.3156662,76.18399811,48.37333298,0.0,2.0,0
2021-09-23 03:40:00+00:00,0,0.0,0.0,0.0,3,3,0,412.5,25.48966599,79.3853302,48.76666641,0.0,2.0,0
2021-09-23 03:45:00+00:00,0,0.0,0.0,0.0,3,3,0,416.1724243000001,25.56241417,77.66654968,49.07586288,0.0,2.0,0
2021-09-23 03:50:00+00:00,0,0.0,0.0,0.0,3,3,0,414.5,25.27400017,76.34033203,48.63000107,0.0,2.0,0
2021-09-23 03:55:00+00:00,0,0.0,0.0,0.0,3,3,0,417.6333313,25.50033379,79.2539978,48.18999863,0.0,2.0,0
2021-09-23 04:00:00+00:00,0,0.0,0.0,0.0,4,3,0,419.7000122,25.51833344,76.82833099,48.27999878,0.0,2.0,0
2021-09-23 04:05:00+00:00,0,0.0,0.0,0.0,4,3,0,416.5666809,25.31200027,76.62266541,48.31000137,0.0,2.0,0
2021-09-23 04:10:00+00:00,0,0.0,0.0,0.0,4,3,0,416.3928528,25.52357101,80.06321716,48.00357056,0.0,2.0,0
2021-09-23 04:15:00+00:00,0,0.0,0.0,0.0,4,3,0,416.2333374,25.38999939,76.6760025,48.2266655,0.0,2.0,0
2021-09-23 04:20:00+00:00,0,0.0,0.0,0.0,4,3,0,415.1333313,25.23233414,76.71333313,47.99333191,0.0,2.0,0
2021-09-23 04:25:00+00:00,0,0.0,0.0,0.0,4,3,0,417.6000061,25.54100037,79.73300171,47.90999985,0.0,2.0,0
2021-09-23 04:30:00+00:00,0,0.0,0.0,0.0,4,3,0,415.1333313,25.43766594,76.55166626,48.21666718,0.0,2.0,0
2021-09-23 04:35:00+00:00,0,0.0,0.0,0.0,4,3,0,415.6551819,25.32069016,77.43689728,47.98275757,0.0,2.0,0
2021-09-23 04:40:00+00:00,0,0.0,0.0,0.0,4,3,0,413.8333435,25.56800079,80.13400269,47.63000107,0.0,2.0,0
2021-09-23 04:45:00+00:00,0,0.0,0.0,0.0,4,3,0,412.9666748,25.46199989,76.81066895,48.16666794,0.0,2.0,0
2021-09-23 04:50:00+00:00,0,0.0,0.0,0.0,4,3,0,413.7333374,25.25366592,77.29866791,48.11666489,0.0,1.0,0
2021-09-23 04:55:00+00:00,0,0.0,0.0,0.0,4,3,0,411.5,25.53633308,80.50900269,47.95000076,0.0,1.0,0
2021-09-23 05:00:00+00:00,0,0.0,0.0,0.0,5,3,0,407.7241516,25.51034546,76.52344513,47.81379318,0.0,1.0,0
2021-09-23 05:05:00+00:00,0,0.0,0.0,0.0,5,3,0,408.2069092,25.32620621,77.14344788,47.63448334,0.0,1.0,0
2021-09-23 05:10:00+00:00,0,0.0,0.0,0.0,5,3,0,410.6333313,25.542333600000003,80.53233337,47.37333298,0.0,1.0,0
2021-09-23 05:15:00+00:00,0,0.0,0.0,0.0,5,3,0,407.8666687,25.4109993,76.74866486,46.9066658,0.0,1.0,0
2021-09-23 05:20:00+00:00,0,0.0,0.0,0.0,5,3,0,405.2333374,25.28233337,77.48200226,47.30666733,0.0,1.0,0
2021-09-23 05:25:00+00:00,0,0.0,0.0,0.0,5,3,0,406.3333435,25.63100052,80.12633514,47.01666641,0.0,1.0,0
2021-09-23 05:30:00+00:00,0,0.0,0.0,0.0,5,3,0,405.9655151,25.54275894,76.63931274,47.38275909,0.0,1.0,0
2021-09-23 05:35:00+00:00,0,0.0,0.0,0.0,5,3,0,408.7999878,25.43933296,79.02100372,47.49000168,0.0,1.0,0
2021-09-23 05:40:00+00:00,0,0.0,0.0,0.0,5,3,0,412.7666626,25.72866631,85.77366638,46.51666641,0.0,1.0,0
2021-09-23 05:45:00+00:00,0,0.0,0.0,0.0,5,3,0,419.5333252,25.83099937,87.35566711,46.41333389,0.0,1.0,0
2021-09-23 05:50:00+00:00,0,0.0,0.0,0.0,5,3,0,418.0333252,25.86166573,87.13366699,46.63666534,0.0,1.0,0
2021-09-23 05:55:00+00:00,0,0.0,0.0,0.0,5,3,0,419.1071472,25.92107201,87.39428711,46.13928604,0.0,1.0,0
2021-09-23 06:00:00+00:00,0,0.0,0.0,0.0,6,3,0,417.0666809,25.94099998,87.28466797,46.16999817,0.0,1.0,0
2021-09-23 06:05:00+00:00,0,0.0,0.0,0.0,6,3,0,419.4666748,25.96766663,86.88600159,46.88999939,0.0,1.0,0
2021-09-23 06:10:00+00:00,0,0.0,0.0,0.0,6,3,0,418.8333435,26.02566719,86.54699707,46.31000137,0.0,2.0,0
2021-09-23 06:15:00+00:00,0,0.0,0.0,0.0,6,3,0,419.2000122,26.10366631,85.69200134,46.50333405,0.0,1.0,0
2021-09-23 06:20:00+00:00,0,0.0,0.0,0.0,6,3,0,420.5862122,26.08517265,85.91827393,46.35172272,0.0,1.0,0
2021-09-23 06:25:00+00:00,0,0.0,0.0,0.0,6,3,0,420.79998780000005,26.09666634,85.79166412,46.27000046,0.0,2.0,0
2021-09-23 06:30:00+00:00,0,0.0,0.0,0.0,6,3,0,419.2333374,26.10899925,85.57066345,46.36000061,0.0,1.0,0
2021-09-23 06:35:00+00:00,0,0.0,0.0,0.0,6,3,0,416.6000061,26.13066673,85.26266479,46.65000153,0.0,1.0,0
2021-09-23 06:40:00+00:00,0,0.0,0.0,0.0,6,3,0,416.8333435,26.13199997,85.125,46.46333313,0.0,1.0,0
2021-09-23 06:45:00+00:00,0,0.0,0.0,0.0,6,3,0,418.75,26.14535713,84.88821411,45.98928452,0.0,1.0,0
2021-09-23 06:50:00+00:00,0,0.0,0.0,0.0,6,3,0,420.3999938999999,26.16900063,84.66666412,46.45666504,0.0,1.0,0
2021-09-23 06:55:00+00:00,0,0.0,0.0,0.0,6,3,0,418.8666687,26.23033333,84.25700378,46.3433342,0.0,1.0,0
2021-09-23 07:00:00+00:00,0,0.0,0.0,0.0,7,3,0,417.3666687,26.22066689,84.1289978,46.52666855,0.0,1.0,0
2021-09-23 07:05:00+00:00,0,0.0,0.0,0.0,7,3,0,416.5,26.26600075,83.8216629,46.38000107,0.0,1.0,0
2021-09-23 07:10:00+00:00,0,0.0,0.0,0.0,7,3,0,420.3448181,26.30758667,83.54413605,46.42068863,0.0,1.0,0
2021-09-23 07:15:00+00:00,0,0.0,0.0,0.0,7,3,0,421.6333313,26.35300064,83.39533234,46.15000153,0.0,1.0,0
2021-09-23 07:20:00+00:00,0,0.0,0.0,0.0,7,3,0,420.3999938999999,26.36533356,83.23000336,46.35666656,0.0,1.0,0
2021-09-23 07:25:00+00:00,0,0.0,0.0,0.0,7,3,0,419.3666687,26.40166664,83.02899933,46.33666611,0.0,1.0,0
2021-09-23 07:30:00+00:00,0,0.0,0.0,0.0,7,3,0,417.9666748,26.40099907,82.85866547,46.08333206,0.0,1.0,0
2021-09-23 07:35:00+00:00,0,0.0,0.0,0.0,7,3,0,417.7857056,26.39642906,83.06893158,46.00357056,0.0,1.0,0
2021-09-23 07:40:00+00:00,0,0.0,0.0,0.0,7,3,0,416.7666626,26.44533348,82.83433533,46.24333191,0.0,1.0,0
2021-09-23 07:45:00+00:00,0,0.0,0.0,0.0,7,3,0,416.3333435,26.4556675,82.73133087,46.1566658,0.0,1.0,0
2021-09-23 07:50:00+00:00,0,0.0,0.0,0.0,7,3,0,416.3999939,26.51366615,82.47633362,46.0233345,0.0,1.0,0
2021-09-23 07:55:00+00:00,0,0.0,0.0,0.0,7,3,0,415.0666809,26.49099922,82.52300262,46.11000061,0.0,1.0,0
2021-09-23 08:00:00+00:00,0,0.0,0.0,0.0,8,3,0,417.4333191,26.53333282,82.24933624,46.00999832,0.0,1.0,0
2021-09-23 08:05:00+00:00,0,0.0,0.0,0.0,8,3,0,419.8620605,26.51344872,82.14655304,46.40689468,0.0,1.0,0
2021-09-23 08:10:00+00:00,0,0.0,0.0,0.0,8,3,0,418.2999878,26.5593338,82.22499847,46.12666702,0.0,1.0,0
2021-09-23 08:15:00+00:00,0,0.0,0.0,0.0,8,3,0,417.7000122,26.61166573,82.01766968,46.40000153,0.0,1.0,0
2021-09-23 08:20:00+00:00,0,0.0,0.0,0.0,8,3,0,420.0666809,26.62366676,81.95233154,45.9366684,0.0,1.0,0
2021-09-23 08:25:00+00:00,0,0.0,0.0,0.0,8,3,0,421.29998780000005,26.59900093,82.22666931,46.04333496,0.0,1.0,0
2021-09-23 08:30:00+00:00,0,0.0,0.0,0.0,8,3,0,421.4642944,26.59000015,82.19821167,45.77500153,0.0,1.0,0
2021-09-23 08:35:00+00:00,0,0.0,0.0,0.0,8,3,0,420.8333435,26.63199997,81.99099731,46.05333328,0.0,1.0,0
2021-09-23 08:40:00+00:00,0,0.0,0.0,0.0,8,3,0,422.8999938999999,26.62233353,82.14399719,46.15000153,0.0,1.0,0
2021-09-23 08:45:00+00:00,0,0.0,0.0,0.0,8,3,0,422.43331910000006,26.65133286,82.01866913,46.1866684,0.0,1.0,0
2021-09-23 08:50:00+00:00,0,0.0,0.0,0.0,8,3,0,422.8666687,26.65366745,81.98100281,46.00666809,0.0,1.0,0
2021-09-23 08:55:00+00:00,0,0.0,0.0,0.0,8,3,0,416.6551819,26.70379257,81.80275726,46.15861893,0.0,1.0,0
2021-09-23 09:00:00+00:00,0,0.0,0.0,0.0,9,3,0,418.3666687,26.70700073,81.805336,45.98333359,0.0,1.0,0
2021-09-23 09:05:00+00:00,0,0.0,0.0,0.0,9,3,0,421.1333313,26.70466614,81.78133392,46.19333267,0.0,1.0,0
2021-09-23 09:10:00+00:00,0,0.0,0.0,0.0,9,3,0,422.0666809,26.76933289,81.49766541,45.98666763,0.0,1.0,0
2021-09-23 09:15:00+00:00,0,0.0,0.0,0.0,9,3,0,425.6666565,26.76099968,81.57666779,46.06666565,0.0,1.0,0
2021-09-23 09:20:00+00:00,0,0.0,0.0,0.0,9,3,0,423.25,26.81892776,81.40607452,45.88214111,0.0,1.0,0
2021-09-23 09:25:00+00:00,0,0.0,0.0,0.0,9,3,0,422.7000122,26.77799988,81.59799957,45.98666763,0.0,1.0,0
2021-09-23 09:30:00+00:00,0,0.0,0.0,0.0,9,3,0,419.3666687,26.81033325,81.58633423,46.07333374,0.0,1.0,0
2021-09-23 09:35:00+00:00,0,0.0,0.0,0.0,9,3,0,423.7333374,26.81699944,81.61000061,45.95666504,0.0,1.0,0
2021-09-23 09:40:00+00:00,0,0.0,0.0,0.0,9,3,0,423.29998780000005,26.81333351,81.57099915,46.00333405,0.0,1.0,0
2021-09-23 09:45:00+00:00,0,0.0,0.0,0.0,9,3,0,428.0,26.86166573,81.44833374,46.00666809,0.0,1.0,0
2021-09-23 09:50:00+00:00,0,0.0,0.0,0.0,9,3,0,425.2758484,26.85551643,81.5931015,46.01034546,0.0,1.0,0
2021-09-23 09:55:00+00:00,0,0.0,0.0,0.0,9,3,0,424.1000061000001,26.86766624,81.58833313,45.99333191,0.0,2.0,0
2021-09-23 10:00:00+00:00,0,0.0,0.0,0.0,10,3,0,423.0333252,26.87166595,81.64366913,46.03666687,0.0,2.0,0
2021-09-23 10:05:00+00:00,0,0.0,0.0,0.0,10,3,0,423.3333435,26.86700058,81.65799713,46.0233345,0.0,2.0,0
2021-09-23 10:10:00+00:00,0,0.0,0.0,0.0,10,3,0,425.0357056,26.90357208,81.59285736,45.67499924,0.0,3.0,0
2021-09-23 10:15:00+00:00,0,0.0,0.0,0.0,10,3,0,423.0666809,26.90999985,81.55000305,46.00999832,0.0,3.0,0
2021-09-23 10:20:00+00:00,0,0.0,0.0,0.0,10,3,0,420.1000061000001,26.93300056,81.50299835,45.90999985,0.0,3.0,0
2021-09-23 10:25:00+00:00,0,0.0,0.0,0.0,10,3,0,422.6000061000001,26.93466759,81.51799774,45.9066658,0.0,3.0,0
2021-09-23 10:30:00+00:00,0,0.0,0.0,0.0,10,3,0,425.5333252,26.94466591,81.5676651,45.95999908,0.0,3.0,0
2021-09-23 10:35:00+00:00,0,0.0,0.0,0.0,10,3,0,420.2666626,26.95866585,81.66432953,46.07333374,0.0,3.0,0
2021-09-23 10:40:00+00:00,0,0.0,0.0,0.0,10,3,0,413.1724243000001,26.978275300000004,81.60276031,46.10344696,0.0,3.0,0
2021-09-23 10:45:00+00:00,0,0.0,0.0,0.0,10,3,0,418.4666748,27.00666618,81.53533173,45.99666595,0.0,3.0,0
2021-09-23 10:50:00+00:00,0,0.0,0.0,0.0,10,3,0,421.8666687,27.01933289,81.57499695,45.86999893,0.0,3.0,0
2021-09-23 10:55:00+00:00,0,0.0,0.0,0.0,10,3,0,422.1000061000001,27.01366615,81.55400085,45.85333252,0.0,3.0,0
2021-09-23 11:00:00+00:00,0,0.0,0.0,0.0,11,3,0,419.6666565,27.0510006,81.4960022,45.91333389,0.0,3.0,0
2021-09-23 11:05:00+00:00,0,0.0,0.0,0.0,11,3,0,422.1785583000001,27.05857086,81.4642868,45.86071396,0.0,3.0,0
2021-09-23 11:10:00+00:00,0,0.0,0.0,0.0,11,3,0,421.3333435,27.0510006,81.53266907,45.81666565,0.0,3.0,0
2021-09-23 11:15:00+00:00,0,0.0,0.0,0.0,11,3,0,419.7333374,27.06966591,81.53800201,46.18999863,0.0,3.0,0
2021-09-23 11:20:00+00:00,0,0.0,0.0,0.0,11,3,0,420.3666687,27.06766701,81.53700256,46.02666855,0.0,3.0,0
2021-09-23 11:25:00+00:00,0,0.0,0.0,0.0,11,3,0,421.0333252,27.08600044,81.49966431,45.9366684,0.0,3.0,0
2021-09-23 11:30:00+00:00,0,0.0,0.0,0.0,11,3,0,422.3666687,27.09466743,81.56066895,46.07333374,0.0,3.0,0
2021-09-23 11:35:00+00:00,0,0.0,0.0,0.0,11,3,0,425.1034546,27.0651722,81.61655426,46.13793182,0.0,3.0,0
2021-09-23 11:40:00+00:00,0,0.0,0.0,0.0,11,3,0,421.0333252,27.06166649,81.68099976,46.11333466,0.0,3.0,0
2021-09-23 11:45:00+00:00,0,0.0,0.0,0.0,11,3,0,422.8666687,27.06699944,81.7456665,46.0,0.0,3.0,0
2021-09-23 11:50:00+00:00,0,0.0,0.0,0.0,11,3,0,424.3333435,27.0443325,81.96566772,46.00666809,0.0,3.0,0
2021-09-23 11:55:00+00:00,0,0.0,0.0,0.0,11,3,0,423.3928528,27.05571365,81.88964081,46.00714111,0.0,3.0,0
2021-09-23 12:00:00+00:00,0,0.0,0.0,0.0,12,3,0,423.7333374,27.04800034,81.94933319,46.16333389,0.0,3.0,0
2021-09-23 12:05:00+00:00,0,0.0,0.0,0.0,12,3,0,424.3666687,27.0359993,82.0039978,46.12333298,0.0,3.0,0
2021-09-23 12:10:00+00:00,0,0.0,0.0,0.0,12,3,0,421.7666626,27.02266693,82.15266418,45.89333344,0.0,3.0,0
2021-09-23 12:15:00+00:00,0,0.0,0.0,0.0,12,3,0,421.29998780000005,27.04100037,82.12033081,46.1566658,0.0,3.0,0
2021-09-23 12:20:00+00:00,0,0.0,0.0,0.0,12,3,0,419.7000122,27.03700066,82.14700317,45.92333221,0.0,3.0,0
2021-09-23 12:25:00+00:00,0,0.0,0.0,0.0,12,3,0,420.3448181,27.04482841,82.18413544,46.19655228,0.0,3.0,0
2021-09-23 12:30:00+00:00,0,0.0,0.0,0.0,12,3,0,421.0666809,27.06200027,82.16699982,45.93333435,0.0,3.0,0
2021-09-23 12:35:00+00:00,0,0.0,0.0,0.0,12,3,0,420.8666687,27.05966759,82.16766357,46.06666565,0.0,3.0,0
2021-09-23 12:40:00+00:00,0,0.0,0.0,0.0,12,3,0,418.8999939,27.06500053,82.16933441,46.39666748,0.0,1.0,0
2021-09-23 12:45:00+00:00,0,0.0,0.0,0.0,12,3,0,422.0,27.06071472,82.25428772,46.09285736,0.0,1.0,0
2021-09-23 12:50:00+00:00,0,0.0,0.0,0.0,12,3,0,421.93331910000006,27.07333374,82.27400208,46.22999954,0.0,1.0,0
2021-09-23 12:55:00+00:00,0,0.0,0.0,0.0,12,3,0,420.3666687,27.0720005,82.26000214,45.97999954,0.0,1.0,0
2021-09-23 13:00:00+00:00,0,0.0,0.0,0.0,13,3,0,423.79998780000005,27.07366753,82.35733032,46.10666656,0.0,1.0,0
2021-09-23 13:05:00+00:00,0,0.0,0.0,0.0,13,3,0,424.6000061000001,27.06633377,82.39066315,46.60333252,0.0,1.0,0
2021-09-23 13:10:00+00:00,0,0.0,0.0,0.0,13,3,0,422.6000061000001,27.06233406,82.45600128,46.2733345,0.0,1.0,0
2021-09-23 13:15:00+00:00,0,0.0,0.0,0.0,13,3,0,420.5,27.07266617,82.43199921,46.45000076,0.0,1.0,0
2021-09-23 13:20:00+00:00,0,0.0,0.0,0.0,13,3,0,419.9310303,27.08620644,82.40447998,46.34482574,0.0,1.0,0
2021-09-23 13:25:00+00:00,0,0.0,0.0,0.0,13,3,0,424.0,27.08933258,82.40366364,46.37666702,0.0,1.0,0
2021-09-23 13:30:00+00:00,0,0.0,0.0,0.0,13,3,0,426.8333435,27.07666588,82.48899841,46.50999832,0.0,1.0,0
2021-09-23 13:35:00+00:00,0,0.0,0.0,0.0,13,3,0,425.2069092,27.07896614,82.50551605,46.57586288,0.0,1.0,0
2021-09-23 13:40:00+00:00,0,0.0,0.0,0.0,13,3,0,425.8965454,27.08517265,82.51309967,46.58965683,0.0,1.0,0
2021-09-23 13:45:00+00:00,0,0.0,0.0,0.0,13,3,0,424.9666748,27.09933281,82.43367004,46.47333145,0.0,1.0,0
2021-09-23 13:50:00+00:00,0,0.0,0.0,0.0,13,3,0,423.3666687,27.07766724,82.58966827,46.91999817,0.0,1.0,0
2021-09-23 13:55:00+00:00,0,0.0,0.0,0.0,13,3,0,420.3999938999999,27.08533287,82.55400085,46.6866684,0.0,1.0,0
2021-09-23 14:00:00+00:00,0,0.0,0.0,0.0,14,3,0,423.3999938999999,27.08699989,82.54066467,46.76666641,0.0,1.0,0
2021-09-23 14:05:00+00:00,0,0.0,0.0,0.0,14,3,0,421.93331910000006,27.08466721,82.55966949,46.79999924,0.0,1.0,0
2021-09-23 14:10:00+00:00,0,0.0,0.0,0.0,14,3,0,422.1379395,27.08758545,82.59586334,46.75862122,0.0,1.0,0
2021-09-23 14:15:00+00:00,0,0.0,0.0,0.0,14,3,0,420.29998780000005,27.099666600000003,82.56833649,46.60666656,0.0,1.0,0
2021-09-23 14:20:00+00:00,0,0.0,0.0,0.0,14,3,0,418.4333191,27.09733391,82.60133362,47.11999893,0.0,1.0,0
2021-09-23 14:25:00+00:00,0,0.0,0.0,0.0,14,3,0,422.1666565,27.10700035,82.59066772,46.84999847,0.0,1.0,0
2021-09-23 14:30:00+00:00,0,0.0,0.0,0.0,14,3,0,423.1071472,27.0982151,82.60178375,46.75,0.0,1.0,0
2021-09-23 14:35:00+00:00,0,0.0,0.0,0.0,14,3,0,424.7666626,27.10000038,82.58799744,47.50666809,0.0,1.0,0
2021-09-23 14:40:00+00:00,0,0.0,0.0,0.0,14,3,0,419.1333313,27.13233376,82.50599670000001,47.24000168,0.0,1.0,0
2021-09-23 14:45:00+00:00,0,0.0,0.0,0.0,14,3,0,421.29998780000005,27.11000061,82.57833099,47.59999847,0.0,1.0,0
2021-09-23 14:50:00+00:00,0,0.0,0.0,0.0,14,3,0,420.29998780000005,27.10899925,82.60099792,47.43000031,0.0,1.0,0
2021-09-23 14:55:00+00:00,0,0.0,0.0,0.0,14,3,0,420.2333374,27.10633278,82.62767029,47.76333237,0.0,2.0,0
2021-09-23 15:00:00+00:00,0,0.0,0.0,0.0,15,3,0,421.79998780000005,27.12000084,82.62767029,48.29999924,0.0,2.0,0
2021-09-23 15:05:00+00:00,0,0.0,0.0,0.0,15,3,0,421.1724243,27.12379265,82.6365509,47.64482879999999,0.0,2.0,0
2021-09-23 15:10:00+00:00,0,0.0,0.0,0.0,15,3,0,420.79998780000005,27.15633392,82.52333069,47.77000046,0.0,2.0,0
2021-09-23 15:15:00+00:00,0,0.0,0.0,0.0,15,3,0,419.2333374,27.16333389,82.50333405,48.08333206,0.0,2.0,0
2021-09-23 15:20:00+00:00,0,0.0,0.0,0.0,15,3,0,421.4285583000001,27.13857079,82.55321503,47.5,0.596428573,2.0,0
2021-09-23 15:25:00+00:00,0,0.0,0.0,0.0,15,3,0,419.5666809,27.12999916,82.63400269,47.91333389,1.143333316,2.0,0
2021-09-23 15:30:00+00:00,0,0.0,0.0,0.0,15,3,0,421.0333252,27.13100052,82.66432953,48.25,1.146666646,2.0,0
2021-09-23 15:35:00+00:00,0,0.0,0.0,0.0,15,3,0,419.5,27.0340004,80.30066681,48.49333191,0.330000013,2.0,0
2021-09-23 15:40:00+00:00,0,0.0,0.0,0.0,15,3,0,417.5333252,26.57600021,73.83200073,49.00999832,1.316666722,2.0,0
2021-09-23 15:45:00+00:00,0,0.0,0.0,0.0,15,3,0,412.1000061,26.05466652,69.82933044,48.59999847,5.156666756,2.0,0
2021-09-23 15:50:00+00:00,0,0.0,0.0,0.0,15,3,0,412.1333313,25.76600075,68.34866333,48.70000076,10.13333321,2.0,0
2021-09-23 15:55:00+00:00,0,0.0,0.0,0.0,15,3,0,408.6551819,25.5168972,68.69827271,48.73103333,8.69310379,2.0,0
2021-09-23 16:00:00+00:00,0,0.0,0.0,0.0,16,3,0,409.5666809,25.47200012,68.60533142,48.58000183,10.02666664,2.0,0
2021-09-23 16:05:00+00:00,0,0.0,0.0,0.0,16,3,0,409.8333435,25.40933418,68.46433258,48.54333496,10.59666634,2.0,0
2021-09-23 16:10:00+00:00,0,0.0,0.0,0.0,16,3,0,409.6785583,25.44392776,67.9078598,48.89642715,11.92142868,2.0,0
2021-09-23 16:15:00+00:00,0,0.0,0.0,0.0,16,3,0,407.5333252,25.35499954,67.14399719,48.17666626,15.23333359,2.0,0
2021-09-23 16:20:00+00:00,0,0.0,0.0,0.0,16,3,0,405.6000061,25.24866676,69.71900177,48.97999954,16.04333305,2.0,0
2021-09-23 16:25:00+00:00,0,0.0,0.0,0.0,16,3,0,411.1000061,25.55900002,72.12733459,48.54666519,17.83666611,2.0,0
2021-09-23 16:30:00+00:00,0,0.0,0.0,0.0,16,3,0,410.5,25.33166695,70.83466339,49.9366684,18.04333305,2.0,0
2021-09-23 16:35:00+00:00,0,0.0,0.0,0.0,16,3,0,410.4666748,24.98166656,72.59633636,50.33333206,20.96666718,2.0,0
2021-09-23 16:40:00+00:00,0,0.0,0.0,0.0,16,3,0,412.4333191,25.40833282,74.35900116,49.18000031,22.7266674,2.0,0
2021-09-23 16:45:00+00:00,0,0.0,0.0,0.0,16,3,0,409.6666565,25.4406662,72.67466736,48.56999969,24.71666718,2.0,0
2021-09-23 16:50:00+00:00,0,0.0,0.0,0.0,16,3,0,404.5862122,25.31999969,70.83862305,49.38620758,23.23448181,2.0,0
2021-09-23 16:55:00+00:00,0,0.0,0.0,0.0,16,3,0,407.4666748,25.36300087,73.95433044,48.95000076,22.81666756,2.0,0
2021-09-23 17:00:00+00:00,0,0.0,0.0,0.0,17,3,0,409.0,25.53466606,73.79299927,48.81666565,24.10333252,2.0,0
2021-09-23 17:05:00+00:00,0,0.0,0.0,0.0,17,3,0,408.1785583,25.30392838,71.56071472,48.43928528,25.16428566,2.0,0
2021-09-23 17:10:00+00:00,0,0.0,0.0,0.0,17,3,0,406.1333313,25.31433296,74.09666443,48.97333145,25.81666756,2.0,0
2021-09-23 17:15:00+00:00,0,0.0,0.0,0.0,17,3,0,409.8666687,25.49033356,73.80999756,48.8433342,26.78333282,2.0,0
2021-09-23 17:20:00+00:00,0,0.0,0.0,0.0,17,3,0,413.2333374,25.32333374,71.319664,48.86999893,23.44000053,2.0,0
2021-09-23 17:25:00+00:00,0,0.0,0.0,0.0,17,3,0,407.5,25.25799942,71.97899628,48.81000137,17.38666725,2.0,0
2021-09-23 17:30:00+00:00,0,0.0,0.0,0.0,17,3,0,404.8666687,25.50066757,75.70899963,48.83666611,17.74666595,2.0,0
2021-09-23 17:35:00+00:00,0,0.0,0.0,0.0,17,3,0,408.2666626,25.45066643,73.1989975,48.64666748,19.27666664,2.0,0
2021-09-23 17:40:00+00:00,0,0.0,0.0,0.0,17,3,0,407.8620605,25.23827553,72.69207001,48.87931061,21.98275948,2.0,0
2021-09-23 17:45:00+00:00,0,0.0,0.0,0.0,17,3,0,407.4333191,25.46166611,75.41000366,48.64333344,23.54999924,2.0,0
2021-09-23 17:50:00+00:00,0,0.0,0.0,0.0,17,3,0,406.3333435,25.36133385,72.84366608,48.85666656,26.93666649,2.0,0
2021-09-23 17:55:00+00:00,0,0.0,0.0,0.0,17,3,0,404.25,25.21999931,73.29571533,48.65000153,32.00714111,2.0,0
2021-09-23 18:00:00+00:00,0,0.0,0.0,0.0,18,3,0,404.6666565,25.4659996,76.37999725,48.62666702,31.67666626,2.0,0
2021-09-23 18:05:00+00:00,0,0.0,0.0,0.0,18,3,0,403.0666809,25.40766716,73.01132965,48.95333481,31.16333389,2.0,0
2021-09-23 18:10:00+00:00,0,0.0,0.0,0.0,18,3,0,407.1333313,25.19666672,72.29033661,48.99000168,32.91333389,2.0,0
2021-09-23 18:15:00+00:00,0,0.0,0.0,0.0,18,3,0,405.2999878,25.3793335,75.95366669,48.52000046,32.74000168,2.0,0
2021-09-23 18:20:00+00:00,0,0.0,0.0,0.0,18,3,0,407.4666748,25.44333267,73.70333099,48.5,32.18000031,2.0,0
2021-09-23 18:25:00+00:00,0,0.0,0.0,0.0,18,3,0,408.9333191,25.24600029,73.22966766,48.98333359,32.20666504,2.0,0
2021-09-23 18:30:00+00:00,0,0.0,0.0,0.0,18,3,0,407.2000122,25.46800041,76.1269989,48.63000107,32.03666687,2.0,0
2021-09-23 18:35:00+00:00,0,0.0,0.0,0.0,18,3,0,404.0689697,25.31137848,73.47206879,48.32069016,31.50344849,2.0,0
2021-09-23 18:40:00+00:00,0,0.0,0.0,0.0,18,3,0,402.8333435,25.26766586,74.20366669,48.81666565,31.24333382,2.0,0
2021-09-23 18:45:00+00:00,0,0.0,0.0,0.0,18,3,0,405.4642944,25.49178505,77.5982132,48.44285583,30.22142792,2.0,0
2021-09-23 18:50:00+00:00,0,0.0,0.0,0.0,18,3,0,407.0,25.31933403,74.17199707,48.86999893,28.87000084,2.0,0
2021-09-23 18:55:00+00:00,0,0.0,0.0,0.0,18,3,0,407.2999878,25.28233337,75.20266724,48.45999908,31.12999916,2.0,0
2021-09-23 19:00:00+00:00,0,0.0,0.0,0.0,19,3,0,408.1000061,25.56266594,77.02799988,48.92666626,30.52666664,2.0,0
2021-09-23 19:05:00+00:00,0,0.0,0.0,0.0,19,3,0,407.4333191,25.38066673,73.52899933,48.90999985,30.45000076,2.0,0
2021-09-23 19:10:00+00:00,0,0.0,0.0,0.0,19,3,0,408.7333374,25.29533386,75.51999664,49.13666534,30.46666718,2.0,0
2021-09-23 19:15:00+00:00,0,0.0,0.0,0.0,19,3,0,405.2999878,25.59566689,77.305336,48.54333496,30.19000053,2.0,0
2021-09-23 19:20:00+00:00,0,0.0,0.0,0.0,19,3,0,409.4666748,25.45800018,73.19699859999999,49.00333405,29.76666641,2.0,0
2021-09-23 19:25:00+00:00,0,0.0,0.0,0.0,19,3,0,410.4482727,25.27103424,73.84724426,48.90689468,29.45172501,2.0,0
2021-09-23 19:30:00+00:00,0,0.0,0.0,0.0,19,3,0,411.1666565,25.53700066,77.58200073,48.73333359,29.5233326,2.0,0
2021-09-23 19:35:00+00:00,0,0.0,0.0,0.0,19,3,0,411.1000061,25.37299919,74.39299774,48.95000076,29.60333252,2.0,0
2021-09-23 19:40:00+00:00,0,0.0,0.0,0.0,19,3,0,411.4285583,25.25714302,74.69142914,48.76071548,26.3928566,2.0,0
2021-09-23 19:45:00+00:00,0,0.0,0.0,0.0,19,3,0,412.2666626,25.53566742,78.01667023,48.67666626,29.75333405,2.0,0
2021-09-23 19:50:00+00:00,0,0.0,0.0,0.0,19,3,0,411.1333313,25.52899933,74.67133331,48.79333496,30.34666634,2.0,0
2021-09-23 19:55:00+00:00,0,0.0,0.0,0.0,19,3,0,407.4333191,25.18133354,73.76866913,49.50999832,30.26333427,2.0,0
2021-09-23 20:00:00+00:00,0,0.0,0.0,0.0,20,3,0,410.1333313,25.39533424,77.48566437,49.0,29.28333282,2.0,0
2021-09-23 20:05:00+00:00,0,0.0,0.0,0.0,20,3,0,414.7999878,25.64299965,77.68533325,48.83333206,28.37000084,2.0,0
2021-09-23 20:10:00+00:00,0,0.0,0.0,0.0,20,3,0,413.1000061,25.28199959,73.98366547,49.7733345,30.13333321,2.0,0
2021-09-23 20:15:00+00:00,0,0.0,0.0,0.0,20,3,0,408.3333435,25.25799942,75.83300018,48.65999985,26.91666603,2.0,0
2021-09-23 20:20:00+00:00,0,0.0,0.0,0.0,20,3,0,412.1724243000001,25.59068871,78.10103607,49.6655159,24.7379303,2.0,0
2021-09-23 20:25:00+00:00,0,0.0,0.0,0.0,20,3,0,411.1333313,25.49200058,74.35033417,49.00333405,28.21999931,2.0,0
2021-09-23 20:30:00+00:00,0,0.0,0.0,0.0,20,3,0,409.7857056,25.28142929,73.27249908,48.55714417,28.90357208,2.0,0
2021-09-23 20:35:00+00:00,0,0.0,0.0,0.0,20,3,0,407.6333313,25.43199921,77.09600067,49.07666779,26.78000069,2.0,0
2021-09-23 20:40:00+00:00,0,0.0,0.0,0.0,20,3,0,410.4666748,25.53933334,75.68866729999999,49.04999924,27.99333382,2.0,0
2021-09-23 20:45:00+00:00,0,0.0,0.0,0.0,20,3,0,413.2000122,25.23433304,72.96033478,49.22000122,25.80666733,2.0,0
2021-09-23 20:50:00+00:00,0,0.0,0.0,0.0,20,3,0,412.8999939,25.3093338,75.78932953,48.86666489,28.08666611,2.0,0
2021-09-23 20:55:00+00:00,0,0.0,0.0,0.0,20,3,0,413.5333252,25.6313324,78.95666504,48.95333481,25.91666603,2.0,0
2021-09-23 21:00:00+00:00,0,0.0,0.0,0.0,21,3,0,411.9666748,25.47866631,75.22833252,49.00666809,30.57666588,2.0,0
2021-09-23 21:05:00+00:00,0,0.0,0.0,0.0,21,3,0,411.1333313,25.31500053,73.46166992,49.38666534,32.48666763,2.0,0
2021-09-23 21:10:00+00:00,0,0.0,0.0,0.0,21,3,0,412.7930908,25.52206802,77.52344513,49.77241516,32.0724144,2.0,0
2021-09-23 21:15:00+00:00,0,0.0,0.0,0.0,21,3,0,410.8333435,25.6779995,77.20766449,49.04333496,31.03666687,2.0,0
2021-09-23 21:20:00+00:00,0,0.0,0.0,0.0,21,3,0,412.75,25.41857147,73.31535339,48.56428528,30.0714283,2.0,0
2021-09-23 21:25:00+00:00,0,0.0,0.0,0.0,21,3,0,411.7000122,25.23166656,74.51633453,48.99666595,29.87999916,2.0,0
2021-09-23 21:30:00+00:00,0,0.0,0.0,0.0,21,3,0,413.1333313,25.54733276,78.08966827,48.84666824,30.02666664,2.0,0
2021-09-23 21:35:00+00:00,0,0.0,0.0,0.0,21,3,0,410.4333191,25.49300003,75.68066406,49.20333481,30.2733326,2.0,0
2021-09-23 21:40:00+00:00,0,0.0,0.0,0.0,21,3,0,411.2000122,25.24633408,73.3239975,49.20000076,29.83333397,2.0,0
2021-09-23 21:45:00+00:00,0,0.0,0.0,0.0,21,3,0,414.4333191,25.42133331,76.74099731,49.00999832,29.07999992,2.0,0
2021-09-23 21:50:00+00:00,0,0.0,0.0,0.0,21,3,0,414.2000122,25.54733276,75.98200226,49.37666702,29.17000008,2.0,0
2021-09-23 21:55:00+00:00,0,0.0,0.0,0.0,21,3,0,412.3666687,25.26733398,72.85533142,49.41666794,29.62666702,2.0,0
2021-09-23 22:00:00+00:00,0,0.0,0.0,0.0,22,3,0,412.2999878,25.37266731,75.40066528,48.93333435,29.72999954,2.0,0
2021-09-23 22:05:00+00:00,0,0.0,0.0,0.0,22,3,0,416.620697,25.5651722,78.1365509,49.07931137,28.2620697,2.0,0
2021-09-23 22:10:00+00:00,0,0.0,0.0,0.0,22,3,0,416.0344849,25.34689713,73.97275543,48.45172501,26.65517235,2.0,0
2021-09-23 22:15:00+00:00,0,0.0,0.0,0.0,22,3,0,415.758606,25.35379219,76.33345032,49.17930984,27.77931023,2.0,0
2021-09-23 22:20:00+00:00,0,0.0,0.0,0.0,22,3,0,416.7666626,25.61000061,77.27933502,48.88333511,28.83666611,2.0,0
2021-09-23 22:25:00+00:00,0,0.0,0.0,0.0,22,3,0,418.5,25.31900024,73.05000305,48.90999985,29.95999908,2.0,0
2021-09-23 22:30:00+00:00,0,0.0,0.0,0.0,22,3,0,415.8999939,25.25366592,73.93099976,48.72999954,29.72999954,2.0,0
2021-09-23 22:35:00+00:00,0,0.0,0.0,0.0,22,3,0,417.3333435,25.43600082,78.54933167,50.20000076,30.60000038,2.0,0
2021-09-23 22:40:00+00:00,0,0.0,0.0,0.0,22,3,0,423.5333252,25.24633408,75.58733368,49.09999847,24.38333321,2.0,0
2021-09-23 22:45:00+00:00,0,0.0,0.0,0.0,22,3,0,419.3666687,25.12666702,74.38366699,49.07333374,23.94000053,2.0,0
2021-09-23 22:50:00+00:00,0,0.0,0.0,0.0,22,3,0,420.6333313,25.57333374,77.55466461,48.78666687,23.0233326,2.0,0
2021-09-23 22:55:00+00:00,0,0.0,0.0,0.0,22,3,0,423.5517273,25.33724213,76.78930664,48.89655304,18.74137878,2.0,0
2021-09-23 23:00:00+00:00,0,0.0,0.0,0.0,23,3,0,419.1333313,25.37466621,76.83866882,48.93000031,16.31666756,2.0,0
2021-09-23 23:05:00+00:00,0,0.0,0.0,0.0,23,3,0,417.0,25.60750008,79.19857025,48.81428528,14.5714283,2.0,0
2021-09-23 23:10:00+00:00,0,0.0,0.0,0.0,23,3,0,419.2999878,25.4343338,75.48867035,49.13666534,15.26000023,2.0,0
2021-09-23 23:15:00+00:00,0,0.0,0.0,0.0,23,3,0,415.7999878,25.2543335,75.71199799,48.95333481,16.20666695,2.0,0
2021-09-23 23:20:00+00:00,0,0.0,0.0,0.0,23,3,0,416.6000061,25.44466591,79.76999664,48.86000061,16.70000076,2.0,0
2021-09-23 23:25:00+00:00,0,0.0,0.0,0.0,23,3,0,418.5666809,25.49966621,76.94766998,49.36999893,17.49333382,2.0,0
2021-09-23 23:30:00+00:00,0,0.0,0.0,0.0,23,3,0,420.1000061000001,25.26066589,73.53266907,48.89666748,18.64333344,2.0,0
2021-09-23 23:35:00+00:00,0,0.0,0.0,0.0,23,3,0,416.5333252,25.3579998,74.43800354,49.29666519,19.79999924,2.0,0
2021-09-23 23:40:00+00:00,0,0.0,0.0,0.0,23,3,0,419.5333252,25.69766617,78.66400146,49.36000061,18.53333282,2.0,0
2021-09-23 23:45:00+00:00,0,0.0,0.0,0.0,23,3,0,416.2069092,25.58172417,75.67931366,48.97930908,20.93793106,2.0,0
2021-09-23 23:50:00+00:00,0,0.0,0.0,0.0,23,3,0,418.5666809,25.26466751,74.05200195,49.02000046,22.80666733,2.0,0
2021-09-23 23:55:00+00:00,0,0.0,0.0,0.0,23,3,0,414.4285583,25.5103569,76.27035522,49.02142715,21.14999962,2.0,0
2021-09-24 00:00:00+00:00,0,0.0,0.0,0.0,0,4,0,413.7000122,25.67133331,78.7583313,48.88333511,14.93666649,1.0,0
2021-09-24 00:05:00+00:00,0,0.0,0.0,0.0,0,4,0,416.6333313,25.4576664,74.78600311,49.11333466,15.47333336,1.0,0
2021-09-24 00:10:00+00:00,0,0.0,0.0,0.0,0,4,0,413.2333374,25.47166634,77.65533447,49.32666779,14.91333294,1.0,0
2021-09-24 00:15:00+00:00,0,0.0,0.0,0.0,0,4,0,411.7000122,25.64233398,77.02200317,49.27666855,13.18666649,1.0,0
2021-09-24 00:20:00+00:00,0,0.0,0.0,0.0,0,4,0,413.8999939,25.32866669,75.20266724,48.83333206,12.77333355,1.0,0
2021-09-24 00:25:00+00:00,0,0.0,0.0,0.0,0,4,0,407.9666748,25.55766678,78.16566467,48.78333282,10.66333294,1.0,0
2021-09-24 00:30:00+00:00,0,0.0,0.0,0.0,0,4,0,409.8333435,25.60766602,76.60533142,49.31000137,9.960000038,1.0,0
2021-09-24 00:35:00+00:00,0,0.0,0.0,0.0,0,4,0,410.2000122,25.27499962,73.9960022,49.24666595,10.48333359,1.0,0
2021-09-24 00:40:00+00:00,0,0.0,0.0,0.0,0,4,0,409.379303,25.37379265,76.1003418,49.57586288,9.851723671,1.0,0
2021-09-24 00:45:00+00:00,0,0.0,0.0,0.0,0,4,0,413.2857056,25.64678574,79.55892944,48.79642868,6.978571415,1.0,0
2021-09-24 00:50:00+00:00,0,0.0,0.0,0.0,0,4,0,416.4333191,25.50200081,75.76200104,49.24666595,7.626666546,1.0,0
2021-09-24 00:55:00+00:00,0,0.0,0.0,0.0,0,4,0,413.7666626,25.3010006,75.34633636,49.34666824,7.079999924,1.0,0
2021-09-24 01:00:00+00:00,0,0.0,0.0,0.0,1,4,0,413.3666687,25.64100075,78.22366333,49.63666534,6.00666666,1.0,0
2021-09-24 01:05:00+00:00,0,0.0,0.0,0.0,1,4,0,418.4666748,25.56866646,75.74299622,48.88000107,6.53000021,1.0,0
2021-09-24 01:10:00+00:00,0,0.0,0.0,0.0,1,4,0,417.9666748,25.26366615,74.54433441,49.13999939,6.103333472999999,1.0,0
2021-09-24 01:15:00+00:00,0,0.0,0.0,0.0,1,4,0,416.1333313,25.50900078,77.97566986,49.84666824,4.823333263,1.0,0
2021-09-24 01:20:00+00:00,0,0.0,0.0,0.0,1,4,0,414.5333252,25.72733307,78.73867035,49.30333328,2.75999999,1.0,0
2021-09-24 01:25:00+00:00,0,0.0,0.0,0.0,1,4,0,412.6333313,25.43400002,74.63066864,49.11666489,4.973333359,1.0,0
2021-09-24 01:30:00+00:00,0,0.0,0.0,0.0,1,4,0,414.5517273,25.36931038,76.18206787,49.18620682,4.417241573,1.0,0
2021-09-24 01:35:00+00:00,0,0.0,0.0,0.0,1,4,0,414.5333252,25.65633392,78.68066406,49.29000092,2.25666666,1.0,0
2021-09-24 01:40:00+00:00,0,0.0,0.0,0.0,1,4,0,413.4285583,25.34964371,75.27071381,49.19643021,3.24642849,1.0,0
2021-09-24 01:45:00+00:00,0,0.0,0.0,0.0,1,4,0,410.5333252,25.30066681,76.48833466,49.16666794,3.130000114,1.0,0
2021-09-24 01:50:00+00:00,0,0.0,0.0,0.0,1,4,0,412.7333374,25.56500053,78.19566345,49.10333252,2.446666718,1.0,0
2021-09-24 01:55:00+00:00,0,0.0,0.0,0.0,1,4,0,414.7000122,25.35633278,74.76100159,49.45666504,2.273333311,1.0,0
2021-09-24 02:00:00+00:00,0,0.0,0.0,0.0,2,4,0,415.5,25.32600021,77.02033234,48.80666733,1.7933332919999998,1.0,0
2021-09-24 02:05:00+00:00,0,0.0,0.0,0.0,2,4,0,417.2999878,25.57099915,78.84967041,48.94666672,1.206666708,1.0,0
2021-09-24 02:10:00+00:00,0,0.0,0.0,0.0,2,4,0,412.2666626,25.3706665,74.63033295,48.90999985,1.0299999709999998,1.0,0
2021-09-24 02:15:00+00:00,0,0.0,0.0,0.0,2,4,0,416.6333313,25.32766724,76.07700348,49.1566658,0.8533333540000001,1.0,0
2021-09-24 02:20:00+00:00,0,0.0,0.0,0.0,2,4,0,414.8333435,25.60300064,78.84200287,48.98666763,0.593333304,1.0,0
2021-09-24 02:25:00+00:00,0,0.0,0.0,0.0,2,4,0,415.4827576,25.46655083,74.61724091,49.41724014,0.403448284,1.0,0
2021-09-24 02:30:00+00:00,0,0.0,0.0,0.0,2,4,0,412.5,25.40678596,75.84107208,48.7678566,0.0642857179999999,1.0,0
2021-09-24 02:35:00+00:00,0,0.0,0.0,0.0,2,4,0,415.2666626,25.64866638,78.38033295,48.9766655,0.0,1.0,0
2021-09-24 02:40:00+00:00,0,0.0,0.0,0.0,2,4,0,418.0333252,25.36933327,75.57133484,48.91999817,0.0,1.0,0
2021-09-24 02:45:00+00:00,0,0.0,0.0,0.0,2,4,0,415.3333435,25.32600021,76.59500122,49.11000061,0.0,1.0,0
2021-09-24 02:50:00+00:00,0,0.0,0.0,0.0,2,4,0,415.8999939,25.65933418,79.8239975,48.85666656,0.0,1.0,0
2021-09-24 02:55:00+00:00,0,0.0,0.0,0.0,2,4,0,417.8666687,25.44433403,75.80400085,49.00999832,0.0,1.0,0
2021-09-24 03:00:00+00:00,0,0.0,0.0,0.0,3,4,0,414.6000061,25.26000023,76.25900269,49.09666824,0.0,1.0,0
2021-09-24 03:05:00+00:00,0,0.0,0.0,0.0,3,4,0,415.5333252,25.55266762,79.70999908,48.64333344,0.0,1.0,0
2021-09-24 03:10:00+00:00,0,0.0,0.0,0.0,3,4,0,418.6000061,25.48633385,76.12966919,48.93000031,0.0,1.0,0
2021-09-24 03:15:00+00:00,0,0.0,0.0,0.0,3,4,0,421.7241516,25.22241402,75.9262085,48.95172501,0.0,1.0,0
2021-09-24 03:20:00+00:00,0,0.0,0.0,0.0,3,4,0,424.1785583000001,25.52249908,79.3125,48.5178566,0.0,1.0,0
2021-09-24 03:25:00+00:00,0,0.0,0.0,0.0,3,4,0,427.5333252,25.61966705,77.09233093,49.04999924,0.0,1.0,0
2021-09-24 03:30:00+00:00,0,0.0,0.0,0.0,3,4,0,424.0,25.23433304,75.91566467,48.70999908,0.0,1.0,0
2021-09-24 03:35:00+00:00,0,0.0,0.0,0.0,3,4,0,425.0333252,25.46066666,79.82333374,48.77999878,0.0,1.0,0
2021-09-24 03:40:00+00:00,0,0.0,0.0,0.0,3,4,0,431.0666809,25.68400002,80.26899719,48.80666733,0.0,1.0,0
2021-09-24 03:45:00+00:00,0,0.0,0.0,0.0,3,4,0,430.0666809,25.43099976,75.54299927,49.21666718,0.0,1.0,0
2021-09-24 03:50:00+00:00,0,0.0,0.0,0.0,3,4,0,431.6333313,25.2436676,75.02266693,48.9066658,0.0,1.0,0
2021-09-24 03:55:00+00:00,0,0.0,0.0,0.0,3,4,0,436.2666626,25.44966698,79.61499786,48.51333237,0.0,1.0,0
2021-09-24 04:00:00+00:00,0,0.0,0.0,0.0,4,4,0,438.1000061000001,25.60099983,77.70600128,48.56666565,0.0,1.0,0
2021-09-24 04:05:00+00:00,0,0.0,0.0,0.0,4,4,0,436.8666687,25.237333300000003,75.47966766,48.44333267,0.0,1.0,0
2021-09-24 04:10:00+00:00,0,0.0,0.0,0.0,4,4,0,430.7930908,25.40103531,78.56241608,48.43793106,0.0,1.0,0
2021-09-24 04:15:00+00:00,0,0.0,0.0,0.0,4,4,0,424.5357056,25.58642769,78.98464203,48.29285812,0.0,1.0,0
2021-09-24 04:20:00+00:00,0,0.0,0.0,0.0,4,4,0,418.6666565,25.30699921,75.97100067,48.46333313,0.0,1.0,0
2021-09-24 04:25:00+00:00,0,0.0,0.0,0.0,4,4,0,419.5,25.31333351,79.24466705,47.96333313,0.0,1.0,0
2021-09-24 04:30:00+00:00,0,0.0,0.0,0.0,4,4,0,418.2000122,25.56533241,77.95500183,47.51333237,0.0,1.0,0
2021-09-24 04:35:00+00:00,0,0.0,0.0,0.0,4,4,0,415.5333252,25.39366722,75.49099731,47.20000076,0.0,1.0,0
2021-09-24 04:40:00+00:00,0,0.0,0.0,0.0,4,4,0,416.0333252,25.26633263,79.15266418,47.21333313,0.0,1.0,0
2021-09-24 04:45:00+00:00,0,0.0,0.0,0.0,4,4,0,414.2999878,25.54266739,79.59933472,47.50333405,0.0,1.0,0
2021-09-24 04:50:00+00:00,0,0.0,0.0,0.0,4,4,0,416.4333191,25.43600082,75.08133698,47.5933342,0.0,1.0,0
2021-09-24 04:55:00+00:00,0,0.0,0.0,0.0,4,4,0,416.4666748,25.2689991,77.64566803,47.80333328,0.0,1.0,0
2021-09-24 05:00:00+00:00,0,0.0,0.0,0.0,5,4,0,417.0689697,25.41413879,80.90930939,47.38620758,0.0,1.0,0
2021-09-24 05:05:00+00:00,0,0.0,0.0,0.0,5,4,0,419.3928528,25.53214264,76.36607361,47.72142792,0.0,1.0,0
2021-09-24 05:10:00+00:00,0,0.0,0.0,0.0,5,4,0,413.9666748,25.35000038,76.77666473,47.51333237,0.0,1.0,0
2021-09-24 05:15:00+00:00,0,0.0,0.0,0.0,5,4,0,415.1333313,25.58966637,79.89566803,47.29999924,0.0,1.0,0
2021-09-24 05:20:00+00:00,0,0.0,0.0,0.0,5,4,0,418.0333252,25.56399918,77.23466492,47.44666672,0.0,1.0,0
2021-09-24 05:25:00+00:00,0,0.0,0.0,0.0,5,4,0,420.1333313,25.26499939,77.41366577,47.25999832,0.0,1.0,0
2021-09-24 05:30:00+00:00,0,0.0,0.0,0.0,5,4,0,417.9666748,25.49900055,80.22899628,47.41999817,0.0,1.0,0
2021-09-24 05:35:00+00:00,0,0.0,0.0,0.0,5,4,0,423.5,25.75866699,84.29933167,46.97999954,0.0,1.0,0
2021-09-24 05:40:00+00:00,0,0.0,0.0,0.0,5,4,0,428.5,25.94266701,86.8216629,46.73333359,0.0,1.0,0
2021-09-24 05:45:00+00:00,0,0.0,0.0,0.0,5,4,0,434.2000122,25.98666573,87.36533356,46.47999954,0.0,1.0,0
2021-09-24 05:50:00+00:00,0,0.0,0.0,0.0,5,4,0,432.2666626,26.07933426,86.694664,46.6566658,0.0,1.0,0
2021-09-24 05:55:00+00:00,0,0.0,0.0,0.0,5,4,0,428.7037048,26.10185242,86.65036774,46.39259338,0.0,1.0,0
2021-09-24 06:00:00+00:00,0,0.0,0.0,0.0,6,4,0,432.5666809,26.03366661,86.69400024,46.83000183,0.0,1.0,0
2021-09-24 06:05:00+00:00,0,0.0,0.0,0.0,6,4,0,433.5333252,26.00866699,86.45800018,46.38666534,0.0,1.0,0
2021-09-24 06:10:00+00:00,0,0.0,0.0,0.0,6,4,0,434.6333313,26.02866745,86.12200165,46.5233345,0.0,1.0,0
2021-09-24 06:15:00+00:00,0,0.0,0.0,0.0,6,4,0,432.6000061000001,26.03633308,85.75966644,46.72999954,0.0,1.0,0
2021-09-24 06:20:00+00:00,0,0.0,0.0,0.0,6,4,0,430.0333252,26.04566574,85.26833344,46.4066658,0.0,1.0,0
2021-09-24 06:25:00+00:00,0,0.0,0.0,0.0,6,4,0,431.8333435,26.06433296,84.82066345,46.35666656,0.0,1.0,0
2021-09-24 06:30:00+00:00,0,0.0,0.0,0.0,6,4,0,431.1000061000001,26.09199905,84.42633057,46.59999847,0.0,1.0,0
2021-09-24 06:35:00+00:00,0,0.0,0.0,0.0,6,4,0,431.3666687,26.12333298,84.24533081,47.00999832,0.0,3.0,0
2021-09-24 06:40:00+00:00,0,0.0,0.0,0.0,6,4,0,429.5666809,26.16533279,84.0533371,46.53666687,0.0,1.0,0
2021-09-24 06:45:00+00:00,0,0.0,0.0,0.0,6,4,0,431.7857056,26.17678642,83.95571136,46.32857132,0.0,1.0,0
2021-09-24 06:50:00+00:00,0,0.0,0.0,0.0,6,4,0,431.5517273,26.21724129,83.62103271,46.5241394,0.0,1.0,0
2021-09-24 06:55:00+00:00,0,0.0,0.0,0.0,6,4,0,432.2666626,26.26633263,83.39733124,46.53666687,0.0,1.0,0
2021-09-24 07:00:00+00:00,0,0.0,0.0,0.0,7,4,0,428.6333313,26.33099937,83.23433685,46.89333344,0.0,1.0,0
2021-09-24 07:05:00+00:00,0,0.0,0.0,0.0,7,4,0,432.5333252,26.3813324,82.73466492,46.53333282,0.0,1.0,0
2021-09-24 07:10:00+00:00,0,0.0,0.0,0.0,7,4,0,434.5333252,26.43000031,82.57733154,46.64333344,0.0,1.0,0
2021-09-24 07:15:00+00:00,0,0.0,0.0,0.0,7,4,0,429.2333374,26.53300095,82.27566528,46.26666641,0.0,1.0,0
2021-09-24 07:20:00+00:00,0,0.0,0.0,0.0,7,4,0,432.1333313,26.59566689,82.01433563,46.53333282,0.0,1.0,0
2021-09-24 07:25:00+00:00,0,0.0,0.0,0.0,7,4,0,434.6666565,26.54466629,82.21633148,46.42333221,0.0,1.0,0
2021-09-24 07:30:00+00:00,0,0.0,0.0,0.0,7,4,0,434.8333435,26.5953331,82.11699677,46.42333221,0.0,1.0,0
2021-09-24 07:35:00+00:00,0,0.0,0.0,0.0,7,4,0,434.1333313,26.58133316,82.24666595,46.26666641,0.0,1.0,0
2021-09-24 07:40:00+00:00,0,0.0,0.0,0.0,7,4,0,434.4074097,26.52740669,82.39185333,46.78518677,0.0,1.0,0
2021-09-24 07:45:00+00:00,0,0.0,0.0,0.0,7,4,0,434.8333435,26.51133347,82.38433075,46.18333435,0.0,1.0,0
2021-09-24 07:50:00+00:00,0,0.0,0.0,0.0,7,4,0,435.8999938999999,26.49900055,82.57199859999999,46.08333206,0.0,1.0,0
2021-09-24 07:55:00+00:00,0,0.0,0.0,0.0,7,4,0,432.2333374,26.51499939,82.47433472,46.17333221,0.0,1.0,0
2021-09-24 08:00:00+00:00,0,0.0,0.0,0.0,8,4,0,429.43331910000006,26.52833366,82.46866608,46.24666595,0.0,1.0,0
2021-09-24 08:05:00+00:00,0,0.0,0.0,0.0,8,4,0,431.8666687,26.54199982,82.51733398,46.2266655,0.0,1.0,0
2021-09-24 08:10:00+00:00,0,0.0,0.0,0.0,8,4,0,431.2666626,26.57600021,82.40333557,46.14333344,0.0,1.0,0
2021-09-24 08:15:00+00:00,0,0.0,0.0,0.0,8,4,0,430.3999938999999,26.59133339,82.37966919,45.93000031,0.0,1.0,0
2021-09-24 08:20:00+00:00,0,0.0,0.0,0.0,8,4,0,429.3333435,26.6060009,82.35366821,46.08000183,0.0,1.0,0
2021-09-24 08:25:00+00:00,0,0.0,0.0,0.0,8,4,0,428.1000061000001,26.58566666,82.53133392,46.01666641,0.0,1.0,0
2021-09-24 08:30:00+00:00,0,0.0,0.0,0.0,8,4,0,428.6666565,26.61370277,82.45777893,46.08148193,0.0,1.0,0
2021-09-24 08:35:00+00:00,0,0.0,0.0,0.0,8,4,0,432.0666809,26.65366745,82.28199768,46.18999863,0.0,1.0,0
2021-09-24 08:40:00+00:00,0,0.0,0.0,0.0,8,4,0,430.2000122,26.64766693,82.40166473,46.06999969,0.0,1.0,0
2021-09-24 08:45:00+00:00,0,0.0,0.0,0.0,8,4,0,428.79998780000005,26.64133263,82.47566986,46.02999878,0.0,1.0,0
2021-09-24 08:50:00+00:00,0,0.0,0.0,0.0,8,4,0,430.6000061000001,26.67966652,82.34700012,46.03333282,0.0,1.0,0
2021-09-24 08:55:00+00:00,0,0.0,0.0,0.0,8,4,0,431.1000061000001,26.68766594,82.41333008,46.02666855,0.0,1.0,0
2021-09-24 09:00:00+00:00,0,0.0,0.0,0.0,9,4,0,430.2666626,26.69033241,82.43333435,46.11999893,0.0,1.0,0
2021-09-24 09:05:00+00:00,0,0.0,0.0,0.0,9,4,0,434.3333435,26.74099922,82.18866729999999,45.97000122,0.0,1.0,0
2021-09-24 09:10:00+00:00,0,0.0,0.0,0.0,9,4,0,434.3999938999999,26.74666595,82.1269989,45.90333176,0.0,1.0,0
2021-09-24 09:15:00+00:00,0,0.0,0.0,0.0,9,4,0,433.1000061000001,26.74766731,82.15666962,46.09666824,0.0,1.0,0
2021-09-24 09:20:00+00:00,0,0.0,0.0,0.0,9,4,0,431.6428528,26.76821518,82.0967865,45.77142715,0.0,1.0,0
2021-09-24 09:25:00+00:00,0,0.0,0.0,0.0,9,4,0,433.2069092,26.8127594,81.9696579,45.88965607,0.0,1.0,0
2021-09-24 09:30:00+00:00,0,0.0,0.0,0.0,9,4,0,433.0666809,26.81233406,82.06266785,46.05333328,0.0,1.0,0
2021-09-24 09:35:00+00:00,0,0.0,0.0,0.0,9,4,0,429.0333252,26.84233284,81.98466492,46.04999924,0.0,1.0,0
2021-09-24 09:40:00+00:00,0,0.0,0.0,0.0,9,4,0,428.79998780000005,26.83333397,82.03900146,45.99333191,0.0,1.0,0
2021-09-24 09:45:00+00:00,0,0.0,0.0,0.0,9,4,0,431.5666809,26.88966751,81.89199829,45.99666595,0.0,1.0,0
2021-09-24 09:50:00+00:00,0,0.0,0.0,0.0,9,4,0,430.7666626,26.92766762,81.76533508,46.06000137,0.0,1.0,0
2021-09-24 09:55:00+00:00,0,0.0,0.0,0.0,9,4,0,429.2000122,26.92466736,81.87733459,45.95333481,0.0,1.0,0
2021-09-24 10:00:00+00:00,0,0.0,0.0,0.0,10,4,0,430.5666809,26.94566727,81.83399963,45.99000168,0.0,1.0,0
2021-09-24 10:05:00+00:00,0,0.0,0.0,0.0,10,4,0,428.5,26.93099976,81.96099854,46.04999924,0.0,1.0,0
2021-09-24 10:10:00+00:00,0,0.0,0.0,0.0,10,4,0,430.79998780000005,26.95866585,81.91100311,45.87333298,0.0,1.0,0
2021-09-24 10:15:00+00:00,0,0.0,0.0,0.0,10,4,0,432.3333435,26.93185234,82.01592255,45.85185242,0.0,1.0,0
2021-09-24 10:20:00+00:00,0,0.0,0.0,0.0,10,4,0,430.5666809,26.921667100000004,82.11133575,45.76333237,0.0,1.0,0
2021-09-24 10:25:00+00:00,0,0.0,0.0,0.0,10,4,0,429.6666565,26.93666649,82.12000275,45.92666626,0.0,1.0,0
2021-09-24 10:30:00+00:00,0,0.0,0.0,0.0,10,4,0,431.0333252,26.96533394,82.08266449,46.0233345,0.0,1.0,0
2021-09-24 10:35:00+00:00,0,0.0,0.0,0.0,10,4,0,430.7666626,26.9556675,82.12533569,45.86999893,0.0,1.0,0
2021-09-24 10:40:00+00:00,0,0.0,0.0,0.0,10,4,0,433.0,26.951334000000003,82.20300293,45.82333374,0.0,1.0,0
2021-09-24 10:45:00+00:00,0,0.0,0.0,0.0,10,4,0,428.0666809,26.97699928,82.13433075,45.8133316,0.0,1.0,0
2021-09-24 10:50:00+00:00,0,0.0,0.0,0.0,10,4,0,428.6333313,27.00466728,82.05466461,46.15333176,0.0,1.0,0
2021-09-24 10:55:00+00:00,0,0.0,0.0,0.0,10,4,0,429.0666809,26.96733284,82.27366638,45.84000015,0.0,1.0,0
2021-09-24 11:00:00+00:00,0,0.0,0.0,0.0,11,4,0,426.8333435,26.98999977,82.25733185,45.95333481,0.0,1.0,0
2021-09-24 11:05:00+00:00,0,0.0,0.0,0.0,11,4,0,427.0,27.01964378,82.14499664,46.03214264,0.0,1.0,0
2021-09-24 11:10:00+00:00,0,0.0,0.0,0.0,11,4,0,427.4827576,27.02034569,82.24551392,45.84138107,0.0,1.0,0
2021-09-24 11:15:00+00:00,0,0.0,0.0,0.0,11,4,0,429.8666687,27.03333282,82.19966888,46.09999847,0.0,1.0,0
2021-09-24 11:20:00+00:00,0,0.0,0.0,0.0,11,4,0,429.1333313,27.0126667,82.29499817,45.93333435,0.0,1.0,0
2021-09-24 11:25:00+00:00,0,0.0,0.0,0.0,11,4,0,429.43331910000006,26.99300003,82.39167023,46.26666641,0.0,1.0,0
2021-09-24 11:30:00+00:00,0,0.0,0.0,0.0,11,4,0,429.2333374,27.01199913,82.31632996,45.83666611,0.0,1.0,0
2021-09-24 11:35:00+00:00,0,0.0,0.0,0.0,11,4,0,428.4666748,27.00666618,82.3730011,46.03333282,0.0,1.0,0
2021-09-24 11:40:00+00:00,0,0.0,0.0,0.0,11,4,0,433.0333252,27.04199982,82.28866577,45.98666763,0.0,1.0,0
2021-09-24 11:45:00+00:00,0,0.0,0.0,0.0,11,4,0,432.7000122,27.04966736,82.32866669,45.96666718,0.0,1.0,0
2021-09-24 11:50:00+00:00,0,0.0,0.0,0.0,11,4,0,430.5666809,27.02599907,82.44033051,45.87666702,0.0,1.0,0
2021-09-24 11:55:00+00:00,0,0.0,0.0,0.0,11,4,0,429.1071472,27.05500031,82.32571411,45.74285889,0.0,1.0,0
2021-09-24 12:00:00+00:00,0,0.0,0.0,0.0,12,4,0,432.5172424,27.02000046,82.49344635,45.87241364,0.0,1.0,0
2021-09-24 12:05:00+00:00,0,0.0,0.0,0.0,12,4,0,432.3999938999999,27.05066681,82.45300293,46.1566658,0.0,1.0,0
2021-09-24 12:10:00+00:00,0,0.0,0.0,0.0,12,4,0,432.1666565,27.04266739,82.47799683,45.96333313,0.0,1.0,0
2021-09-24 12:15:00+00:00,0,0.0,0.0,0.0,12,4,0,432.8666687,27.05699921,82.45333099,45.94666672,0.0,1.0,0
2021-09-24 12:20:00+00:00,0,0.0,0.0,0.0,12,4,0,431.1333313,27.07333374,82.46333313,46.04333496,0.0,1.0,0
2021-09-24 12:25:00+00:00,0,0.0,0.0,0.0,12,4,0,432.9666748,27.06266594,82.50933075,45.87333298,0.0,1.0,0
2021-09-24 12:30:00+00:00,0,0.0,0.0,0.0,12,4,0,433.2666626,27.04599953,82.5616684,46.10333252,0.0,1.0,0
2021-09-24 12:35:00+00:00,0,0.0,0.0,0.0,12,4,0,430.2000122,27.08733368,82.46833038,45.92666626,0.0,1.0,0
2021-09-24 12:40:00+00:00,0,0.0,0.0,0.0,12,4,0,429.2000122,27.05699921,82.62599945,46.00333405,0.0,1.0,0
2021-09-24 12:45:00+00:00,0,0.0,0.0,0.0,12,4,0,431.7000122,27.06699944,82.67733002,45.87666702,0.0,1.0,0
2021-09-24 12:50:00+00:00,0,0.0,0.0,0.0,12,4,0,430.1428528,27.04607201,82.73143005,45.95357132,0.0,1.0,0
2021-09-24 12:55:00+00:00,0,0.0,0.0,0.0,12,4,0,426.620697,27.07965469,82.67482758,46.15517426,0.0,1.0,0
2021-09-24 13:00:00+00:00,0,0.0,0.0,0.0,13,4,0,430.1666565,27.09733391,82.68299866,46.07666779,0.0,1.0,0
2021-09-24 13:05:00+00:00,0,0.0,0.0,0.0,13,4,0,431.79998780000005,27.09499931,82.74433136,46.41333389,0.0,1.0,0
2021-09-24 13:10:00+00:00,0,0.0,0.0,0.0,13,4,0,432.6333313,27.07466698,82.84133148,46.14666748,0.0,1.0,0
2021-09-24 13:15:00+00:00,0,0.0,0.0,0.0,13,4,0,431.3666687,27.09366608,82.77100372,46.25999832,0.0,1.0,0
2021-09-24 13:20:00+00:00,0,0.0,0.0,0.0,13,4,0,432.29998780000005,27.10499954,82.68733215,46.11000061,0.0,1.0,0
2021-09-24 13:25:00+00:00,0,0.0,0.0,0.0,13,4,0,434.0666809,27.12466621,82.69033051,46.17666626,0.0,1.0,0
2021-09-24 13:30:00+00:00,0,0.0,0.0,0.0,13,4,0,434.7666626,27.10333252,82.79166412,46.22000122,0.0,1.0,0
2021-09-24 13:35:00+00:00,0,0.0,0.0,0.0,13,4,0,430.8999938999999,27.10400009,82.83100128,46.45333481,0.0,1.0,0
2021-09-24 13:40:00+00:00,0,0.0,0.0,0.0,13,4,0,430.75,27.12249947,82.76678467,46.64642715,0.0,1.0,0
2021-09-24 13:45:00+00:00,0,0.0,0.0,0.0,13,4,0,430.1034546,27.17206955,82.63586426,46.43103409,0.0,1.0,0
2021-09-24 13:50:00+00:00,0,0.0,0.0,0.0,13,4,0,429.0333252,27.18133354,82.6186676,46.25666809,0.0,1.0,0
2021-09-24 13:55:00+00:00,0,0.0,0.0,0.0,13,4,0,427.1666565,27.07766724,83.06066895,46.74666595,0.0,1.0,0
2021-09-26 18:00:00+00:00,0,0.0,0.0,0.0,18,6,1,419.1785583,25.44571495,63.69643021,49.08571243,29.75357056,1.0,0
2021-09-26 18:05:00+00:00,0,0.0,0.0,0.0,18,6,1,416.3333435,25.42833328,63.71133423,49.00999832,31.96999931,1.0,0
2021-09-26 18:10:00+00:00,0,0.0,0.0,0.0,18,6,1,414.5517273,25.28655243,64.33792877,49.40345001,34.05172348,1.0,0
2021-09-26 18:15:00+00:00,0,0.0,0.0,0.0,18,6,1,417.0666809,25.35499954,64.22666931,49.36333466,34.13333511,1.0,0
2021-09-26 18:20:00+00:00,0,0.0,0.0,0.0,18,6,1,414.7666626,25.36733246,64.30899811,49.39333344,34.9066658,1.0,0
2021-09-26 18:25:00+00:00,0,0.0,0.0,0.0,18,6,1,412.1333313,25.3409996,64.41166687,48.89333344,33.56666565,1.0,0
2021-09-26 18:30:00+00:00,0,0.0,0.0,0.0,18,6,1,411.2333374,25.20233345,64.58133698,48.54333496,31.44333267,1.0,0
2021-09-26 18:35:00+00:00,0,0.0,0.0,0.0,18,6,1,410.9666748,25.20800018,64.37733459,48.98666763,27.50333405,1.0,0
2021-09-26 18:40:00+00:00,0,0.0,0.0,0.0,18,6,1,410.1333313,25.22599983,64.03266907,48.8433342,29.23333359,1.0,0
2021-09-26 18:45:00+00:00,0,0.0,0.0,0.0,18,6,1,412.2666626,25.20033264,64.01699829,48.65333176,28.87000084,1.0,0
2021-09-26 18:50:00+00:00,0,0.0,0.0,0.0,18,6,1,412.8214417,25.11821365,64.26393127,48.65000153,32.27142715,1.0,0
2021-09-26 18:55:00+00:00,0,0.0,0.0,0.0,18,6,1,410.5666809,25.04599953,64.38600159,48.9366684,32.29666519,1.0,0
2021-09-26 19:00:00+00:00,0,0.0,0.0,0.0,19,6,1,406.6896667,24.97551727,64.25724029999999,48.19310379,33.19655228,1.0,0
2021-09-26 19:05:00+00:00,0,0.0,0.0,0.0,19,6,1,405.3666687,25.08699989,64.05599976,48.5933342,33.39333344,1.0,0
2021-09-26 19:10:00+00:00,0,0.0,0.0,0.0,19,6,1,408.9333191,25.09733391,64.21166992,48.97000122,33.29333496,1.0,0
2021-09-26 19:15:00+00:00,0,0.0,0.0,0.0,19,6,1,406.7999878,25.0826664,64.64766693,49.18999863,29.90333366,1.0,0
2021-09-26 19:20:00+00:00,0,0.0,0.0,0.0,19,6,1,407.1666565,25.13933372,64.58567047,49.06000137,31.35000038,1.0,0
2021-09-26 19:25:00+00:00,0,0.0,0.0,0.0,19,6,1,409.3666687,25.15366745,64.26933289,48.92666626,34.56999969,1.0,0
2021-09-26 19:30:00+00:00,0,0.0,0.0,0.0,19,6,1,410.6000061,24.92300034,64.84166718,48.64333344,27.48333359,1.0,0
2021-09-26 19:35:00+00:00,0,0.0,0.0,0.0,19,6,1,407.0666809,24.93133354,64.97566986,48.23333359,27.37666702,1.0,0
2021-09-26 19:40:00+00:00,0,0.0,0.0,0.0,19,6,1,405.6333313,25.06100082,65.21900177,48.36000061,31.75,1.0,0
2021-09-26 19:45:00+00:00,0,0.0,0.0,0.0,19,6,1,408.8571472,25.0446434,65.46286011,47.91428757,29.2321434,1.0,0
2021-09-26 19:50:00+00:00,0,0.0,0.0,0.0,19,6,1,409.5862122,25.02758598,65.22275543,48.56206894,31.73448181,1.0,0
2021-09-26 19:55:00+00:00,0,0.0,0.0,0.0,19,6,1,409.8333435,25.0739994,64.79699707,49.03333282,32.97999954,1.0,0
2021-09-26 20:00:00+00:00,0,0.0,0.0,0.0,20,6,1,408.7000122,25.18933296,65.60233307,49.00333405,33.1566658,1.0,0
2021-09-26 20:05:00+00:00,0,0.0,0.0,0.0,20,6,1,408.2666626,25.45933342,69.52133179,48.42666626,33.67666626,1.0,0
2021-09-26 20:10:00+00:00,0,0.0,0.0,0.0,20,6,1,409.6000061,25.56399918,70.37466431,49.02000046,33.40333176,1.0,0
2021-09-26 20:15:00+00:00,0,0.0,0.0,0.0,20,6,1,412.0,25.47900009,69.36966705,48.21333313,29.68000031,1.0,0
2021-09-26 20:20:00+00:00,0,0.0,0.0,0.0,20,6,1,411.6000061,25.70266724,72.72066498,48.44666672,28.26333427,1.0,0
2021-09-26 20:25:00+00:00,0,0.0,0.0,0.0,20,6,1,410.5666809,25.66666603,71.52600098,48.91333389,27.81333351,1.0,0
2021-09-26 20:30:00+00:00,0,0.0,0.0,0.0,20,6,1,413.4333191,25.57533264,68.44433594,48.7733345,31.10000038,1.0,0
2021-09-26 20:35:00+00:00,0,0.0,0.0,0.0,20,6,1,412.0,25.3407135,67.68499756,49.29642868,28.60000038,1.0,0
2021-09-26 20:40:00+00:00,0,0.0,0.0,0.0,20,6,1,415.5,25.44499969,66.66999817,48.08333206,25.26666641,1.0,0
2021-09-26 20:45:00+00:00,0,0.0,0.0,0.0,20,6,1,412.9310303,25.49137878,65.98586273,48.17930984,23.08275795,1.0,0
2021-09-26 20:50:00+00:00,0,0.0,0.0,0.0,20,6,1,414.7419434,25.33709717,65.71096802,48.39677429,21.70000076,1.0,0
2021-09-26 20:55:00+00:00,0,0.0,0.0,0.0,20,6,1,411.1666565,25.25033379,66.45266724,48.31666565,21.99666595,1.0,0
2021-09-26 21:00:00+00:00,0,0.0,0.0,0.0,21,6,1,415.1333313,25.65733337,70.77366638,49.67333221,46.66333389,1.0,0
2021-09-26 21:05:00+00:00,0,0.0,0.0,0.0,21,6,1,424.5666809,26.13966751,71.6783371,51.51666641,53.70333481,1.0,0
2021-09-26 21:10:00+00:00,0,0.0,0.0,0.0,21,6,1,427.7666626,25.99433327,67.5063324,52.92666626,51.10333252,1.0,0
2021-09-26 21:15:00+00:00,0,0.0,0.0,0.0,21,6,1,435.8333435,25.82066727,65.88200378,50.4366684,49.38333511,1.0,0
2021-09-26 21:20:00+00:00,0,0.0,0.0,0.0,21,6,1,442.0,25.83033371,64.93800354,50.58333206,46.46666718,1.0,0
2021-09-26 21:25:00+00:00,0,0.0,0.0,0.0,21,6,1,449.5714416999999,25.94499969,64.17250061,56.7678566,43.0,1.0,1
2021-09-26 21:30:00+00:00,0,0.0,0.0,0.0,21,6,1,460.29998780000005,26.11333275,63.30066681,55.0233345,42.25666809,1.0,1
2021-09-26 21:35:00+00:00,0,0.0,0.0,0.0,21,6,1,467.7930908,26.16344833,62.89413834,58.4275856,40.81379318,1.0,1
2021-09-26 21:40:00+00:00,0,0.0,0.0,0.0,21,6,1,473.7000122,26.19733238,62.74033356,59.61333466,39.21333313,1.0,0
2021-09-26 21:45:00+00:00,0,0.0,0.0,0.0,21,6,1,481.2333374,26.17033386,62.83866501,57.6866684,37.61666489,1.0,0
2021-09-26 21:50:00+00:00,0,0.0,0.0,0.0,21,6,1,500.79998780000005,26.25200081,63.19133377,62.12666702,37.25,1.0,0
2021-09-26 21:55:00+00:00,0,0.0,0.0,0.0,21,6,1,535.9333496,26.31800079,64.04499817,67.18333435,37.24333191,1.0,0
2021-09-26 22:00:00+00:00,0,0.0,0.0,0.0,22,6,1,568.3666382,26.20366669,64.09633636,69.50333405,29.71999931,1.0,0
2021-09-26 22:05:00+00:00,0,0.0,0.0,0.0,22,6,1,607.8666382,25.89333344,64.52799988,71.46666718,17.82999992,1.0,0
2021-09-26 22:10:00+00:00,0,0.0,0.0,0.0,22,6,1,658.8666382,25.76333427,64.73433685,71.04000092,10.14000034,1.0,0
2021-09-26 22:15:00+00:00,0,0.0,0.0,0.0,22,6,1,692.0,25.76966667,65.00900269,66.69999695,7.730000018999999,1.0,0
2021-09-26 22:20:00+00:00,0,0.0,0.0,0.0,22,6,1,704.6071167,25.79964256,65.61392975,63.63571548,8.04642868,1.0,0
2021-09-26 22:25:00+00:00,0,0.0,0.0,0.0,22,6,1,705.833313,25.85866737,65.43866729999999,65.06999969,8.329999924,1.0,0
2021-09-26 22:30:00+00:00,0,0.0,0.0,0.0,22,6,1,689.8965454,25.84482765,65.31137848,65.94137573,7.606896400000001,1.0,0
2021-09-26 22:35:00+00:00,0,0.0,0.0,0.0,22,6,1,683.0,25.80066681,65.00733185,60.45999908,8.766666412000001,1.0,0
2021-09-26 22:40:00+00:00,0,0.0,0.0,0.0,22,6,1,675.666687,25.87366676,64.4469986,69.26999664,9.026666641,1.0,0
2021-09-26 22:45:00+00:00,0,0.0,0.0,0.0,22,6,1,695.2000122000001,25.99466705,63.56733322,67.03333282,8.946666718,1.0,0
2021-09-26 22:50:00+00:00,0,0.0,0.0,0.0,22,6,1,714.0666504,25.95033264,63.28966522,65.40000153,8.263333321000001,1.0,0
2021-09-26 22:55:00+00:00,0,0.0,0.0,0.0,22,6,1,718.3666382,25.88533401,63.28366852,66.86333466,7.436666488999999,1.0,0
2021-09-26 23:00:00+00:00,0,0.0,0.0,0.0,23,6,1,722.0333252,25.89133263,62.96500015,70.79000092,6.776666641,1.0,0
2021-09-26 23:05:00+00:00,0,0.0,0.0,0.0,23,6,1,721.4000244,25.83566666,62.93099976,66.83666992,6.400000095,1.0,0
2021-09-26 23:10:00+00:00,0,0.0,0.0,0.0,23,6,1,719.1428833,25.81071472,63.16464233,66.94285583,6.010714054,1.0,0
2021-09-26 23:15:00+00:00,0,0.0,0.0,0.0,23,6,1,711.7000122000001,25.83533287,63.49000168,68.70666504,5.906666756,1.0,0
2021-09-26 23:20:00+00:00,0,0.0,0.0,0.0,23,6,1,701.3793335,25.81793022,64.13310242,70.88275909,5.068965435,1.0,0
2021-09-26 23:25:00+00:00,1,0.0,0.0,0.0,23,6,1,700.0999756,25.89699936,64.0039978,72.9366684,4.296666622,1.0,0
2021-09-26 23:30:00+00:00,1,0.0,0.0,0.0,23,6,1,702.666687,25.94266701,63.92666626,71.31999969,0.6966666579999999,1.0,0
2021-09-26 23:35:00+00:00,1,0.0,0.0,0.0,23,6,1,710.5,25.89666748,64.00233459,68.23666382,0.6966666579999999,1.0,0
2021-09-26 23:40:00+00:00,0,0.0,0.0,0.0,23,6,1,712.2999877999999,25.82366753,64.03099823,67.87999725,0.543333352,1.0,0
2021-09-26 23:45:00+00:00,0,0.0,0.0,0.0,23,6,1,720.0999756,25.88566589,63.61133194,70.23999786,2.946666718,1.0,0
2021-09-26 23:50:00+00:00,0,0.0,0.0,0.0,23,6,1,732.0333252,25.99833298,62.99333191,70.28666687,3.546666622,1.0,0
2021-09-26 23:55:00+00:00,0,1.0,0.0,0.0,23,6,1,744.0333252,25.96133423,62.84833145,65.13999939,1.669999957,1.0,0
2021-09-27 00:00:00+00:00,0,1.0,0.0,0.0,0,0,0,730.9285888999999,25.93642807,62.88178635,66.19642639,4.192857265,1.0,0
2021-09-27 00:05:00+00:00,0,1.0,0.0,0.0,0,0,0,717.7333374,25.98966599,62.79299927,70.34999847,4.03000021,1.0,0
2021-09-27 00:10:00+00:00,0,0.0,0.0,0.0,0,0,0,710.3225708,25.92838669,63.07967758,67.74193573,4.309677601000001,1.0,0
2021-09-27 00:15:00+00:00,0,0.0,0.0,0.0,0,0,0,688.241394,25.9782753,63.57138062,66.78620911,4.400000095,1.0,0
2021-09-27 00:20:00+00:00,0,0.0,0.0,0.0,0,0,0,677.0,26.06999969,63.79166794,69.40333557,3.3166666030000003,1.0,0
2021-09-27 00:25:00+00:00,0,0.0,1.0,0.0,0,0,0,664.7333374,25.98200035,63.88399887,72.69333649,4.123333454,1.0,0
2021-09-27 00:30:00+00:00,0,0.0,1.0,0.0,0,0,0,665.5,26.03566742,63.42733383,69.12000275,4.373333454,1.0,0
2021-09-27 00:35:00+00:00,0,0.0,1.0,0.0,0,0,0,659.666687,26.04333305,63.02999878,61.97000122,4.789999962,1.0,0
2021-09-27 00:40:00+00:00,0,0.0,0.0,0.0,0,0,0,645.0333252,26.01833344,62.91866684,67.33999634,4.343333244,1.0,0
2021-09-27 00:45:00+00:00,0,0.0,0.0,0.0,0,0,0,636.5333252,26.03233337,62.67566681,66.15333557,2.036666632,1.0,0
2021-09-27 00:50:00+00:00,0,0.0,0.0,0.0,0,0,0,640.7930908,25.88206863,62.79827499,66.87241364,5.496551514,1.0,0
2021-09-27 00:55:00+00:00,0,0.0,0.0,0.0,0,0,0,630.9655151000001,25.90517235,62.67241287,68.00689697,5.506896496,1.0,0
2021-09-27 01:00:00+00:00,0,0.0,0.0,0.0,1,0,0,621.8666382,25.89100075,62.84400177,68.39666748,5.696666718,1.0,0
2021-09-27 01:05:00+00:00,0,0.0,0.0,0.0,1,0,0,618.2069092,25.90551758,62.8224144,68.57585907,5.655172348,1.0,0
2021-09-27 01:10:00+00:00,0,0.0,0.0,0.0,1,0,0,616.7333374,25.82133293,62.89566803,65.75,5.283333302,1.0,0
2021-09-27 01:15:00+00:00,0,0.0,0.0,0.0,1,0,0,609.9000244,25.96933365,62.542331700000005,68.27333069,4.266666889,1.0,0
2021-09-27 01:20:00+00:00,0,0.0,0.0,0.0,1,0,0,615.9354857999999,26.04387093,62.2545166,67.85483551,4.048387051000001,1.0,0
2021-09-27 01:25:00+00:00,0,0.0,0.0,1.0,1,0,0,620.0,25.93166733,62.4620018,68.79333496,5.269999981000001,1.0,0
2021-09-27 01:30:00+00:00,0,0.0,0.0,1.0,1,0,0,615.9666748,25.81666756,63.09500122,66.03666687,6.926666737000001,1.0,0
2021-09-27 01:35:00+00:00,0,0.0,0.0,1.0,1,0,0,599.5,25.72933388,63.56000137,64.1333313,7.613333225,1.0,0
2021-09-27 01:40:00+00:00,0,0.0,0.0,0.0,1,0,0,590.1333618,25.66866684,63.82166672,65.12999725,7.586666584,1.0,0
2021-09-27 01:45:00+00:00,0,0.0,0.0,0.0,1,0,0,588.6071167,25.65821457,63.92678452,62.7678566,7.139285564,1.0,0
2021-09-27 01:50:00+00:00,0,0.0,0.0,0.0,1,0,0,586.6333618,25.64999962,64.06766510000001,63.75,7.056666851,1.0,0
2021-09-27 01:55:00+00:00,0,0.0,0.0,0.0,1,0,0,590.2000122000001,25.73666573,63.67100143,64.29666901,6.623333454,1.0,0
2021-09-27 02:00:00+00:00,0,0.0,0.0,0.0,2,0,0,591.241394,25.76482773,63.39413834,64.71379089,6.417241572999999,1.0,0
2021-09-27 02:05:00+00:00,0,0.0,0.0,0.0,2,0,0,596.8666382,25.76366615,63.12599945,61.04333496,6.196666718,1.0,0
2021-09-27 02:10:00+00:00,0,0.0,0.0,0.0,2,0,0,585.7666626,25.6863327,62.74399948,57.68999863,5.699999809,1.0,0
2021-09-27 02:15:00+00:00,0,0.0,0.0,0.0,2,0,0,561.9000244,25.63599968,62.69366837,62.88333511,5.276666641,1.0,0
2021-09-27 02:20:00+00:00,0,0.0,0.0,0.0,2,0,0,557.833313,25.59799957,62.83399963,61.15333176,4.78666687,1.0,0
2021-09-27 02:25:00+00:00,0,0.0,0.0,0.0,2,0,0,563.0333252,25.70299911,62.85300064,57.66666794,3.876666784,1.0,0
2021-09-27 02:30:00+00:00,0,0.0,0.0,0.0,2,0,0,560.4666748,25.71866608,63.09266663,53.28333282,1.4400000569999998,1.0,0
2021-09-27 02:35:00+00:00,0,0.0,0.0,0.0,2,0,0,544.6071167,25.63928604,63.56499863,54.93571472,1.135714293,1.0,2
2021-09-27 02:40:00+00:00,0,0.0,0.0,0.0,2,0,0,526.5,25.58300018,63.74633408,55.10333252,0.876666665,1.0,0
2021-09-27 02:45:00+00:00,0,0.0,0.0,0.0,2,0,0,514.9666748,25.57600021,63.81933212,54.40999985,0.643333316,1.0,0
2021-09-27 02:50:00+00:00,0,0.0,0.0,0.0,2,0,0,515.7930908,25.64655113,63.87586212,54.24827576,0.413793117,1.0,0
2021-09-27 02:55:00+00:00,0,0.0,0.0,0.0,2,0,0,512.4333496,25.60700035,63.83766556,53.06999969,0.326666653,1.0,0
2021-09-27 03:00:00+00:00,0,0.0,0.0,0.0,3,0,0,509.3999938999999,25.63633347,63.5870018,53.68999863,0.286666662,1.0,1
2021-09-27 03:05:00+00:00,0,0.0,0.0,0.0,3,0,0,505.7000122,25.62033272,63.68199921,53.45000076,0.206666663,1.0,2
2021-09-27 03:10:00+00:00,0,0.0,0.0,0.0,3,0,0,502.5,25.56233406,64.01933289,50.58000183,0.090000004,1.0,4
2021-09-27 03:15:00+00:00,0,0.0,0.0,0.0,3,0,0,495.2666626,25.56500053,64.35266876,49.77999878,0.13666667,1.0,3
2021-09-27 03:20:00+00:00,0,0.0,0.0,0.0,3,0,0,495.5333252,25.53633308,64.67099762,52.30666733,0.2333333339999999,1.0,3
2021-09-27 03:25:00+00:00,0,0.0,0.0,0.0,3,0,0,502.7857056,25.55500031,64.68535614,50.33571243,0.3285714389999999,1.0,5
2021-09-27 03:30:00+00:00,0,0.0,0.0,0.0,3,0,0,507.2666626,25.65766716,64.49766541,50.14333344,0.25333333,1.0,2
2021-09-27 03:35:00+00:00,0,0.0,0.0,0.0,3,0,0,516.0666504,25.59366608,64.8603363,52.90999985,0.213333338,1.0,4
2021-09-27 03:40:00+00:00,0,0.0,0.0,0.0,3,0,0,515.6333618,25.56599998,64.97366333,53.63666534,0.163333327,1.0,6
2021-09-27 03:45:00+00:00,0,0.0,0.0,0.0,3,0,0,513.2758789,25.55344772,65.03276062,50.89655304,0.2206896539999999,1.0,12
2021-09-27 03:50:00+00:00,0,0.0,0.0,0.0,3,0,0,511.0645142,25.54806519,65.13871002,52.94193649,0.219354838,1.0,13
2021-09-27 03:55:00+00:00,0,0.0,0.0,0.0,3,0,0,506.3333435,25.53566742,65.1989975,52.25999832,0.209999993,1.0,13
2021-09-27 04:00:00+00:00,0,0.0,0.0,0.0,4,0,0,510.43331910000006,25.49333382,65.21099854,51.68000031,0.343333334,1.0,20
2021-09-27 04:05:00+00:00,0,0.0,0.0,0.0,4,0,0,513.4666748,25.5170002,65.0593338,51.85333252,0.289999992,1.0,22
2021-09-27 04:10:00+00:00,0,0.0,0.0,0.0,4,0,0,514.9000244,25.46033287,64.97399902,53.61999893,0.24666667,1.0,22
2021-09-27 04:15:00+00:00,0,0.0,0.0,0.0,4,0,0,518.0,25.47900009,64.85766602,50.23666763,0.313333333,1.0,21
2021-09-27 04:20:00+00:00,0,0.0,0.0,0.0,4,0,0,521.75,25.45857048,64.89892578,49.31785583,0.349999994,1.0,22
2021-09-27 04:25:00+00:00,0,0.0,0.0,0.0,4,0,0,524.666687,25.44300079,64.95200348,49.74000168,0.330000013,1.0,22
2021-09-27 04:30:00+00:00,0,0.0,0.0,0.0,4,0,0,531.5333252,25.48066711,65.10099792,50.83666611,0.300000012,1.0,22
2021-09-27 04:35:00+00:00,2,0.0,0.0,0.0,4,0,0,535.8620605000001,25.56862068,64.94551849,49.95172501,0.30344829,1.0,22
2021-09-27 04:40:00+00:00,0,0.0,0.0,0.0,4,0,0,542.0333252,25.55066681,64.76300049,50.59999847,0.25,3.0,22
2021-09-27 04:45:00+00:00,0,0.0,0.0,0.0,4,0,0,543.9333496,25.50033379,64.66899872,52.8133316,0.1833333369999999,1.0,22
2021-09-27 04:50:00+00:00,0,0.0,0.0,0.0,4,0,0,542.2999877999999,25.4406662,64.78966522,52.2733345,0.1866666669999999,1.0,22
2021-09-27 04:55:00+00:00,0,0.0,0.0,0.0,4,0,0,536.0333252,25.38666725,64.86199951,53.26666641,0.193333328,1.0,22
2021-09-27 05:00:00+00:00,1,0.0,0.0,0.0,5,0,0,535.7999878,25.44033241,64.67533112,50.25999832,0.129999995,3.0,22
2021-09-27 05:05:00+00:00,2,2.0,0.0,0.0,5,0,0,532.9000244,25.41566658,65.06133270000001,49.04000092,0.106666669,4.0,22
2021-09-27 05:10:00+00:00,4,0.0,0.0,0.0,5,0,0,526.75,25.40999985,65.49143219,49.63214111,0.157142863,5.0,22
2021-09-27 05:15:00+00:00,3,0.0,0.0,0.0,5,0,0,521.9333496,25.45066643,65.33166504,53.59999847,0.1700000019999999,7.0,22
2021-09-27 05:20:00+00:00,3,0.0,0.0,0.0,5,0,0,521.2000122,25.44300079,65.24099731,52.57666779,0.156666666,5.0,20
2021-09-27 05:25:00+00:00,5,0.0,0.0,0.0,5,0,0,523.6333618,25.46266747,65.1166687,54.08000183,0.200000003,11.0,22
2021-09-27 05:30:00+00:00,2,1.0,0.0,0.0,5,0,0,521.241394,25.44620705,65.56965637,54.25517273,0.196551725,10.0,22
2021-09-27 05:35:00+00:00,4,2.0,2.0,0.0,5,0,0,524.5666504,25.72566605,71.27366638,52.41666794,0.2266666739999999,4.0,24
2021-09-27 05:40:00+00:00,6,4.0,0.0,0.0,5,0,0,527.1333618,26.18733406,75.90100098,50.59666824,10.15999985,4.0,24
2021-09-27 05:45:00+00:00,12,3.0,0.0,0.0,5,0,0,529.9666748,26.29199982,75.40133667,46.98666763,10.84000015,5.0,24
2021-09-27 05:50:00+00:00,13,3.0,0.0,0.0,5,0,0,528.7333374,26.31066704,74.90133667,47.80666733,12.14666653,12.0,24
2021-09-27 05:55:00+00:00,13,5.0,0.0,0.0,5,0,0,533.5666504,26.43899918,74.33866882,51.2266655,52.86666489,11.0,24
2021-09-27 06:00:00+00:00,20,2.0,1.0,0.0,6,0,0,547.3214111000001,26.53535652,74.07607269,47.84642792,52.29285812,7.0,24
2021-09-27 06:05:00+00:00,22,4.0,2.0,0.0,6,0,0,562.3666382,26.60266685,73.86433411,50.85666656,52.21666718,14.0,24
2021-09-27 06:10:00+00:00,22,6.0,4.0,0.0,6,0,0,572.2666626,26.69599915,73.63500214,50.90999985,51.97000122,16.0,24
2021-09-27 06:15:00+00:00,21,12.0,3.0,0.0,6,0,0,580.7999877999999,26.79800034,73.39466858,51.03666687,51.89666748,15.0,24
2021-09-27 06:20:00+00:00,22,13.0,3.0,0.0,6,0,0,589.6206665,26.74172401,73.65447998,50.97930908,51.87586212,16.0,24
2021-09-27 06:25:00+00:00,22,13.0,5.0,0.0,6,0,0,597.6333618,26.61633301,74.22633362,49.42666626,51.8133316,16.0,24
2021-09-27 06:30:00+00:00,22,20.0,2.0,0.0,6,0,0,608.0666504,26.66066742,74.24033356,49.91999817,51.72000122,20.0,24
2021-09-27 06:35:00+00:00,22,22.0,4.0,2.0,6,0,0,612.8666382,26.74066734,74.07333374,50.99666595,51.66333389,17.0,26
2021-09-27 06:40:00+00:00,22,22.0,6.0,0.0,6,0,0,617.9333496,26.69099998,74.39366913,49.3133316,51.6866684,16.0,25
2021-09-27 06:45:00+00:00,22,21.0,12.0,0.0,6,0,0,628.7000122000001,26.69933319,74.43900299,50.52666855,51.70000076,17.0,25
2021-09-27 06:50:00+00:00,22,22.0,13.0,0.0,6,0,0,635.0666504,26.70700073,74.51366425,49.75999832,51.67666626,13.0,25
2021-09-27 06:55:00+00:00,22,22.0,13.0,0.0,6,0,0,643.75,26.75107193,74.4421463,49.375,51.69285583,18.0,25
2021-09-27 07:00:00+00:00,22,22.0,20.0,1.0,7,0,0,655.5999756,26.73200035,74.61133575,49.89666748,51.6566658,14.0,25
2021-09-27 07:05:00+00:00,22,22.0,22.0,2.0,7,0,0,664.666687,26.76633263,74.60700226,49.4766655,51.67333221,16.0,24
2021-09-27 07:10:00+00:00,22,22.0,22.0,4.0,7,0,0,672.5666504,26.84199905,74.49066925,47.45333481,51.66999817,12.0,24
2021-09-27 07:15:00+00:00,22,22.0,21.0,3.0,7,0,0,679.1724243,26.84827614,74.55620575,47.84827423,51.63793182,18.0,24
2021-09-27 07:20:00+00:00,20,22.0,22.0,3.0,7,0,0,686.2666626,26.90500069,74.46099854,47.98666763,51.6866684,19.0,24
2021-09-27 07:25:00+00:00,22,22.0,22.0,5.0,7,0,0,687.7000122000001,26.88699913,74.65933228,47.03666687,51.79333496,21.0,22
2021-09-27 07:30:00+00:00,22,22.0,22.0,2.0,7,0,0,693.9333496,27.08166695,74.21099854,47.43999863,11.88000011,21.0,23
2021-09-27 07:35:00+00:00,24,22.0,22.0,4.0,7,0,0,695.5666504,27.22200012,73.79499817,46.06999969,0.0,15.0,23
2021-09-27 07:40:00+00:00,24,22.0,22.0,6.0,7,0,0,690.8666382,27.19133377,73.92066956,46.08666611,0.0,18.0,23
2021-09-27 07:45:00+00:00,24,22.0,22.0,12.0,7,0,0,686.4285888999999,27.13642883,74.1532135,45.6607132,0.0,20.0,23
2021-09-27 07:50:00+00:00,24,20.0,22.0,13.0,7,0,0,681.9333496,26.98699951,74.79599762,45.99000168,0.0,13.0,23
2021-09-27 07:55:00+00:00,24,22.0,22.0,13.0,7,0,0,683.7999877999999,26.96666718,74.97233582,46.05666733,0.0,20.0,24
2021-09-27 08:00:00+00:00,24,22.0,22.0,20.0,8,0,0,683.5333252,26.9470005,75.11766815,45.89333344,0.0,17.0,21
2021-09-27 08:05:00+00:00,24,24.0,22.0,22.0,8,0,0,682.0344848999999,27.14931107,74.47689819,45.78620529,0.0,23.0,20
2021-09-27 08:10:00+00:00,24,24.0,22.0,22.0,8,0,0,679.0666504,27.10233307,74.61933136,45.92333221,0.0,22.0,23
2021-09-27 08:15:00+00:00,24,24.0,22.0,21.0,8,0,0,673.9666748,27.18766594,74.37666321,45.68999863,0.0,19.0,22
2021-09-27 08:20:00+00:00,24,24.0,20.0,22.0,8,0,0,674.5,27.08966637,74.77466583,45.79333496,0.0,14.0,22
2021-09-27 08:25:00+00:00,24,24.0,22.0,22.0,8,0,0,674.4333496,27.12599945,74.72200012,46.13333511,0.0,19.0,16
2021-09-27 08:30:00+00:00,24,24.0,22.0,22.0,8,0,0,667.4000244,27.1546669,74.64333344,45.77999878,0.0,18.0,16
2021-09-27 08:35:00+00:00,26,24.0,24.0,22.0,8,0,0,672.2857056,27.17714310000001,74.62071228,45.76071548,0.0,17.0,17
2021-09-27 08:40:00+00:00,25,24.0,24.0,22.0,8,0,0,669.7999877999999,27.23966599,74.45200348,46.00333405,0.0,19.0,17
2021-09-27 08:45:00+00:00,25,24.0,24.0,22.0,8,0,0,666.9000244,27.24099922,74.44499969,45.84000015,0.0,16.0,17
2021-09-27 08:50:00+00:00,25,24.0,24.0,22.0,8,0,0,665.9000244,27.28133392,74.32833099,45.81666565,0.0,16.0,17
2021-09-27 08:55:00+00:00,25,24.0,24.0,22.0,8,0,0,664.2333374,27.29199982,74.30867004,45.81666565,0.0,12.0,17
2021-09-27 09:00:00+00:00,25,24.0,24.0,22.0,9,0,0,660.3793335,27.29137993,74.35069275,45.80344772,0.0,11.0,14
2021-09-27 09:05:00+00:00,24,26.0,24.0,22.0,9,0,0,661.7000122000001,27.27000046,74.44499969,45.80333328,0.0,18.0,14
2021-09-27 09:10:00+00:00,24,25.0,24.0,22.0,9,0,0,660.2333374,27.27166748,74.47966766,45.86999893,0.0,19.0,14
2021-09-27 09:15:00+00:00,24,25.0,24.0,22.0,9,0,0,661.5,27.32866669,74.35066986,45.82333374,0.0,21.0,15
2021-09-27 09:20:00+00:00,24,25.0,24.0,20.0,9,0,0,657.7666626,27.35866737,74.30000305,45.88000107,0.0,16.0,13
2021-09-27 09:25:00+00:00,22,25.0,24.0,22.0,9,0,0,652.0,27.32172394,74.4686203,46.16206741,0.0,16.0,13
2021-09-27 09:30:00+00:00,23,25.0,24.0,22.0,9,0,0,653.1379394999999,27.278965000000003,74.61551666,45.64482879999999,0.0,17.0,13
2021-09-27 09:35:00+00:00,23,24.0,26.0,24.0,9,0,0,650.2666626,27.22599983,74.84400177,45.79666519,0.0,19.0,13
2021-09-27 09:40:00+00:00,23,24.0,25.0,24.0,9,0,0,653.4666748,27.27199936,74.81033325,45.81000137,0.0,16.0,13
2021-09-27 09:45:00+00:00,23,24.0,25.0,24.0,9,0,0,649.8666382,27.29100037,74.78633118,45.75999832,0.0,17.0,13
2021-09-27 09:50:00+00:00,23,24.0,25.0,24.0,9,0,0,647.3448486000001,27.26068878,74.94517517,45.87931061,0.0,19.0,13
2021-09-27 09:55:00+00:00,24,22.0,25.0,24.0,9,0,0,649.333313,27.2943325,74.87599945,45.78666687,0.0,18.0,13
2021-09-27 10:00:00+00:00,21,23.0,25.0,24.0,10,0,0,649.0333252,27.29800034,74.8769989,45.79000092,0.0,18.0,13
2021-09-27 10:05:00+00:00,20,23.0,24.0,24.0,10,0,0,644.333313,27.31733322,74.85233307,45.81666565,0.0,16.0,13
2021-09-27 10:10:00+00:00,23,23.0,24.0,24.0,10,0,0,646.2999877999999,27.3283329,74.83833313,45.86666489,0.0,14.0,13
2021-09-27 10:15:00+00:00,22,23.0,24.0,24.0,10,0,0,644.9000244,27.32099915,74.88933563,45.88999939,0.0,15.0,13
2021-09-27 10:20:00+00:00,22,23.0,24.0,24.0,10,0,0,641.8571167,27.3317852,74.93357086,45.625,0.0,11.0,13
2021-09-27 10:25:00+00:00,16,24.0,22.0,24.0,10,0,0,636.166687,27.30733299,75.03533173,45.84000015,0.0,18.0,13
2021-09-27 10:30:00+00:00,16,21.0,23.0,24.0,10,0,0,638.0999756,27.29266739,75.15366364,45.79333496,0.0,15.0,14
2021-09-27 10:35:00+00:00,17,20.0,23.0,26.0,10,0,0,635.9000244,27.29400063,75.15599823,45.76666641,0.0,6.0,14
2021-09-27 10:40:00+00:00,17,23.0,23.0,25.0,10,0,0,634.8666382,27.30666733,75.15733337,45.87333298,0.0,5.0,14
2021-09-27 10:45:00+00:00,17,22.0,23.0,25.0,10,0,0,635.4483032,27.30344772,75.18000031,45.85861969,0.0,6.0,14
2021-09-27 10:50:00+00:00,17,22.0,23.0,25.0,10,0,0,635.2000122000001,27.31200027,75.18766785,45.70000076,0.0,8.0,14
2021-09-27 10:55:00+00:00,17,16.0,24.0,25.0,10,0,0,633.2000122000001,27.33233261,75.20899963,46.01333237,0.0,6.0,14
2021-09-27 11:00:00+00:00,14,16.0,21.0,25.0,11,0,0,632.0999756,27.37966728,75.12400055,45.78666687,0.0,6.0,15
2021-09-27 11:05:00+00:00,14,17.0,20.0,24.0,11,0,0,629.0,27.40699959,75.10466766,45.77999878,0.0,5.0,13
2021-09-27 11:10:00+00:00,14,17.0,23.0,24.0,11,0,0,629.9642944,27.41428566,75.10928345,45.61428452,0.0,7.0,14
2021-09-27 11:15:00+00:00,15,17.0,22.0,24.0,11,0,0,626.9000244,27.37033272,75.26766968,45.86000061,0.0,7.0,14
2021-09-27 11:20:00+00:00,13,17.0,22.0,24.0,11,0,0,627.5333252,27.36466599,75.31800079,45.7733345,0.0,7.0,14
2021-09-27 11:25:00+00:00,13,17.0,16.0,22.0,11,0,0,624.0,27.36166573,75.39466858,45.83666611,0.0,5.0,14
2021-09-27 11:30:00+00:00,13,14.0,16.0,23.0,11,0,0,622.7333374,27.35366631,75.52233124,45.66666794,0.0,4.0,14
2021-09-27 11:35:00+00:00,13,14.0,17.0,23.0,11,0,0,621.5172119,27.39827538,75.54310608,45.73103333,0.0,5.0,14
2021-09-27 11:40:00+00:00,13,14.0,17.0,23.0,11,0,0,619.4666748,27.37566757,75.68333435,45.80666733,0.0,4.0,13
2021-09-27 11:45:00+00:00,13,15.0,17.0,23.0,11,0,0,616.9000244,27.35566711,75.8033371,45.77999878,0.0,5.0,6
2021-09-27 11:50:00+00:00,13,13.0,17.0,23.0,11,0,0,614.7000122000001,27.3390007,75.8646698,45.80333328,0.0,5.0,2
2021-09-27 11:55:00+00:00,13,13.0,17.0,24.0,11,0,0,617.2333374,27.36300087,75.85666656,45.81000137,0.0,6.0,2
2021-09-27 12:00:00+00:00,13,13.0,14.0,21.0,12,0,0,613.8571167,27.35321426,75.95500183,45.7857132,0.0,4.0,2
2021-09-27 12:05:00+00:00,13,13.0,14.0,20.0,12,0,0,612.666687,27.33666611,76.05166626,46.00333405,0.0,5.0,2
2021-09-27 12:10:00+00:00,13,13.0,14.0,23.0,12,0,0,611.5666504,27.36499977,76.07966614,45.89333344,0.0,3.0,2
2021-09-27 12:15:00+00:00,13,13.0,15.0,22.0,12,0,0,606.833313,27.38233376,76.06433105,46.06999969,0.0,6.0,2
2021-09-27 12:20:00+00:00,13,13.0,13.0,22.0,12,0,0,606.666687,27.36366653,76.12166595,45.89333344,0.0,4.0,2
2021-09-27 12:25:00+00:00,13,13.0,13.0,16.0,12,0,0,607.5666504,27.36400032,76.13366699,46.10333252,0.0,5.0,2
2021-09-27 12:30:00+00:00,14,13.0,13.0,16.0,12,0,0,602.6206665,27.37068939,76.14585876,45.91034317,0.0,5.0,2
2021-09-27 12:35:00+00:00,14,13.0,13.0,17.0,12,0,0,598.8666382,27.39233398,76.14533234,45.95333481,0.0,5.0,2
2021-09-27 12:40:00+00:00,14,13.0,13.0,17.0,12,0,0,600.0999756,27.44433403,76.00466919,46.01333237,0.0,5.0,2
2021-09-27 12:45:00+00:00,14,13.0,13.0,17.0,12,0,0,601.0666504,27.44233322,76.05133057,46.18999863,0.0,7.0,2
2021-09-27 12:50:00+00:00,14,13.0,13.0,17.0,12,0,0,596.7666626,27.42066574,76.16699982,45.97999954,0.0,5.0,2
2021-09-27 12:55:00+00:00,14,13.0,13.0,17.0,12,0,0,597.0714111000001,27.39071465,76.28071594,45.82857132,0.0,5.0,2
2021-09-27 13:00:00+00:00,15,14.0,13.0,14.0,13,0,0,597.5,27.36700058,76.34300232,46.03333282,0.0,6.0,2
2021-09-27 13:05:00+00:00,13,14.0,13.0,14.0,13,0,0,596.0333252,27.39266586,76.29766846,46.27666855,0.0,6.0,2
2021-09-27 13:10:00+00:00,14,14.0,13.0,14.0,13,0,0,598.2666626,27.40633392,76.34700012,46.36999893,0.0,9.0,2
2021-09-27 13:15:00+00:00,14,14.0,13.0,15.0,13,0,0,592.2000122000001,27.41866684,76.40699768,46.07333374,0.0,5.0,2
2021-09-27 13:20:00+00:00,14,14.0,13.0,13.0,13,0,0,590.3448486000001,27.40034485,76.53069305,46.10689545,0.0,4.0,2
2021-09-27 13:25:00+00:00,14,14.0,13.0,13.0,13,0,0,593.6451416,27.40225792,76.49064636,46.15483856,0.0,7.0,2
2021-09-27 13:30:00+00:00,14,15.0,14.0,13.0,13,0,0,593.4333496,27.44533348,76.36166382,46.02999878,0.0,5.0,0
2021-09-27 13:35:00+00:00,14,13.0,14.0,13.0,13,0,0,588.2333374,27.44466591,76.32800293,46.28333282,0.0,5.0,0
2021-09-27 13:40:00+00:00,13,14.0,14.0,13.0,13,0,0,589.1333618,27.46500015,76.29699707,46.40000153,0.0,10.0,0
2021-09-27 13:45:00+00:00,6,14.0,14.0,13.0,13,0,0,587.4642944,27.46892929,76.36463928,46.11785889,0.0,2.0,0
2021-09-27 13:50:00+00:00,2,14.0,14.0,13.0,13,0,0,586.0666504,27.47333336,76.31199646,46.38000107,0.0,2.0,0
2021-09-27 13:55:00+00:00,2,14.0,14.0,13.0,13,0,0,582.333313,27.46733284,76.42266846,46.47999954,0.0,1.0,0
2021-09-27 14:00:00+00:00,2,14.0,15.0,13.0,14,0,0,588.2999877999999,27.57900047,76.07233429,46.83333206,0.0,1.0,0
2021-09-27 14:05:00+00:00,2,14.0,13.0,13.0,14,0,0,580.3666382,27.64933395,75.8706665,46.66666794,0.0,1.0,0
2021-09-27 14:10:00+00:00,2,13.0,14.0,13.0,14,0,0,580.5861816,27.55827522,76.19137573,46.49655151,0.0,1.0,0
2021-09-27 14:15:00+00:00,2,6.0,14.0,13.0,14,0,0,583.0,27.42499924,76.71233368,46.70000076,0.0,1.0,0
2021-09-27 14:20:00+00:00,2,2.0,14.0,13.0,14,0,0,578.3666382,27.31066704,77.17066956,46.88333511,0.0,1.0,0
2021-09-27 14:25:00+00:00,2,2.0,14.0,13.0,14,0,0,578.2333374,27.26833344,77.37799835,46.96333313,0.0,1.0,0
2021-09-27 14:30:00+00:00,2,2.0,14.0,14.0,14,0,0,571.7333374,27.23800087,77.50933075,46.73333359,0.0,1.0,0
2021-09-27 14:35:00+00:00,2,2.0,14.0,14.0,14,0,0,569.4285888999999,27.3303566,77.26964569,46.95000076,0.0,1.0,0
2021-09-27 14:40:00+00:00,2,2.0,13.0,14.0,14,0,0,573.5,27.43966675,76.82533264,47.08666611,0.0,1.0,0
2021-09-27 14:45:00+00:00,2,2.0,6.0,14.0,14,0,0,576.5333252,27.52899933,76.50333405,47.08000183,0.0,1.0,0
2021-09-27 14:50:00+00:00,2,2.0,2.0,14.0,14,0,0,576.4666748,27.54166603,76.49099731,47.0233345,0.0,1.0,0
2021-09-27 14:55:00+00:00,2,2.0,2.0,14.0,14,0,0,573.5999756,27.53300095,76.56666565,47.37333298,0.0,1.0,0
2021-09-27 15:00:00+00:00,2,2.0,2.0,15.0,15,0,0,574.4000244,27.51633263,76.68166351,47.30666733,0.0,1.0,0
2021-09-27 15:05:00+00:00,2,2.0,2.0,13.0,15,0,0,568.1724243,27.55586243,76.62207031,47.62068939,0.0,1.0,0
2021-09-27 15:10:00+00:00,2,2.0,2.0,14.0,15,0,0,565.4000244,27.57266617,76.63933563,47.72999954,0.0,1.0,0
2021-09-27 15:15:00+00:00,2,2.0,2.0,14.0,15,0,0,570.666687,27.57366753,76.71900177,47.68999863,0.0,1.0,0
2021-09-27 15:20:00+00:00,2,2.0,2.0,14.0,15,0,0,571.833313,27.57433319,76.73400116,48.25333405,3.799999952,1.0,0
2021-09-27 15:25:00+00:00,2,2.0,2.0,14.0,15,0,0,570.0,27.74099922,76.30133057,51.27666855,56.74000168,1.0,0
2021-09-27 15:30:00+00:00,0,2.0,2.0,14.0,15,0,0,574.1379394999999,27.55896568,77.78241729999999,49.33103561,51.85861969,2.0,0
2021-09-27 15:35:00+00:00,0,2.0,2.0,14.0,15,0,0,555.9333496,27.49900055,77.76266479,48.98666763,0.949999988,2.0,0
2021-09-27 15:40:00+00:00,0,2.0,2.0,13.0,15,0,0,512.2333374,27.10466576,72.63099670000001,49.57333374,2.716666698,2.0,0
2021-09-27 15:45:00+00:00,0,2.0,2.0,6.0,15,0,0,477.8666687,26.66466713,69.08032990000001,50.13333511,5.320000172,2.0,0
2021-09-27 15:50:00+00:00,0,2.0,2.0,2.0,15,0,0,458.8666687,26.45899963,65.90866852,49.66999817,10.28666687,2.0,0
2021-09-27 15:55:00+00:00,0,2.0,2.0,2.0,15,0,0,449.1724243,26.29724121,63.04517365,49.45172501,14.45172405,2.0,0
2021-09-27 16:00:00+00:00,0,0.0,2.0,2.0,16,0,0,443.8999938999999,26.17766762,61.88266754,49.54333496,17.45999908,2.0,0
2021-09-27 16:05:00+00:00,0,0.0,2.0,2.0,16,0,0,442.0666809,25.74133301,62.62233353,48.57666779,21.55333328,2.0,0
2021-09-27 16:10:00+00:00,0,0.0,2.0,2.0,16,0,0,437.1000061000001,25.576334,63.41033173,48.94333267,25.6566658,2.0,0
2021-09-27 16:15:00+00:00,0,0.0,2.0,2.0,16,0,0,435.3999938999999,25.53833389,63.95299911,48.91333389,27.01333427,2.0,0
2021-09-27 16:20:00+00:00,0,0.0,2.0,2.0,16,0,0,434.6071472,25.4271431,64.50321198,48.84285736,27.30714226,2.0,0
2021-09-27 16:25:00+00:00,0,0.0,2.0,2.0,16,0,0,432.8666687,25.34000015,65.02532959,49.01666641,27.04000092,2.0,0
2021-09-27 16:30:00+00:00,0,0.0,0.0,2.0,16,0,0,430.6666565,25.22266579,66.69200134,49.87666702,25.32666588,2.0,0
2021-09-27 16:35:00+00:00,0,0.0,0.0,2.0,16,0,0,431.1333313,25.27933311,66.90366364,52.07666779,39.9766655,2.0,0
2021-09-27 16:40:00+00:00,0,0.0,0.0,2.0,16,0,0,426.4666748,25.44199944,65.91699982,50.77999878,26.67333412,2.0,0
2021-09-27 16:45:00+00:00,0,0.0,0.0,2.0,16,0,0,427.4666748,25.51000023,65.18299866,49.6866684,27.12000084,2.0,0
2021-09-27 16:50:00+00:00,0,0.0,0.0,2.0,16,0,0,430.5517273,25.52275848,65.03241729999999,49.75862122,26.44827652,2.0,0
2021-09-27 16:55:00+00:00,0,0.0,0.0,2.0,16,0,0,431.8333435,25.56733322,64.79599762,50.11999893,25.87333298,2.0,0
2021-09-27 17:00:00+00:00,0,0.0,0.0,2.0,17,0,0,429.43331910000006,25.56233406,63.93633270000001,50.57333374,24.85666656,2.0,0
2021-09-27 17:05:00+00:00,0,0.0,0.0,2.0,17,0,0,423.8999938999999,25.45066643,63.8116684,48.29000092,23.51666641,2.0,0
2021-09-27 17:10:00+00:00,0,0.0,0.0,2.0,17,0,0,423.5517273,25.32551765,64.19241333,48.86896515,25.98965454,2.0,0
2021-09-27 17:15:00+00:00,0,0.0,0.0,2.0,17,0,0,423.2333374,25.46033287,68.80466461,48.5233345,24.69666672,2.0,0
2021-09-27 17:20:00+00:00,0,0.0,0.0,2.0,17,0,0,427.6000061000001,25.67966652,72.07833099,49.02000046,20.63333321,2.0,0
2021-09-27 17:25:00+00:00,0,0.0,0.0,2.0,17,0,0,430.3333435,25.45366669,69.85199738,49.0,20.29333305,2.0,0
2021-09-27 17:30:00+00:00,0,0.0,0.0,0.0,17,0,0,431.79998780000005,25.29166603,68.45066833,48.87666702,18.7733326,2.0,0
2021-09-27 17:35:00+00:00,0,0.0,0.0,0.0,17,0,0,427.6666565,25.39166641,69.44433594,49.05666733,16.87333298,2.0,0
2021-09-27 17:40:00+00:00,0,0.0,0.0,0.0,17,0,0,428.758606,25.90275955,73.03723907,48.59654999,15.83103466,2.0,0
2021-09-27 17:45:00+00:00,0,0.0,0.0,0.0,17,0,0,428.0666809,26.12733269,69.28633118,48.54000092,16.34000015,2.0,0
2021-09-27 17:50:00+00:00,0,0.0,0.0,0.0,17,0,0,429.8333435,25.93766594,70.39266968,48.71333313,16.87999916,2.0,0
2021-09-27 17:55:00+00:00,0,0.0,0.0,0.0,17,0,0,428.1333313,26.06399918,72.40133667,48.88999939,15.45666695,2.0,0
2021-09-27 18:00:00+00:00,0,0.0,0.0,0.0,18,0,0,423.8275757,26.07689667,69.74414063,48.94137955,17.28275871,2.0,0
2021-09-27 18:05:00+00:00,0,0.0,0.0,0.0,18,0,0,422.6551819,25.66827583,72.75276184,48.12413788,17.29310417,2.0,0
2021-09-27 18:10:00+00:00,0,0.0,0.0,0.0,18,0,0,421.1333313,25.93733406,72.9383316,48.26666641,17.35333252,2.0,0
2021-09-27 18:15:00+00:00,0,0.0,0.0,0.0,18,0,0,419.7666626,25.75366592,70.18766785,48.14333344,17.31999969,2.0,0
2021-09-27 18:20:00+00:00,0,0.0,0.0,0.0,18,0,0,416.8999939,25.59499931,68.77133179,47.99000168,17.37333298,2.0,0
2021-09-27 18:25:00+00:00,0,0.0,0.0,0.0,18,0,0,415.4333191,25.46066666,68.05500031,47.98666763,17.45000076,2.0,0
2021-09-27 18:30:00+00:00,0,0.0,0.0,0.0,18,0,0,414.4666748,25.62800026,69.99066925,48.3133316,17.63666725,2.0,0
2021-09-27 18:35:00+00:00,0,0.0,0.0,0.0,18,0,0,416.6551819,25.88551712,71.60103607,48.04827499,17.74137878,2.0,0
2021-09-27 18:40:00+00:00,0,0.0,0.0,0.0,18,0,0,416.7666626,25.673666,69.69799805,48.29666519,18.18333244,2.0,0
2021-09-27 18:45:00+00:00,0,0.0,0.0,0.0,18,0,0,416.1666565,25.47533417,68.95233154,48.29333496,18.9766674,2.0,0
2021-09-27 18:50:00+00:00,0,0.0,0.0,0.0,18,0,0,414.9333191,25.43366623,68.62833405,48.11666489,20.12000084,2.0,0
2021-09-27 18:55:00+00:00,0,0.0,0.0,0.0,18,0,0,412.3214417,25.55571365,71.39857483,48.66428757,21.27857208,2.0,0
2021-09-27 19:00:00+00:00,0,0.0,0.0,0.0,19,0,0,413.0,25.69133377,71.84333038,48.42333221,22.82999992,2.0,0
2021-09-27 19:05:00+00:00,0,0.0,0.0,0.0,19,0,0,417.9333191,25.46166611,71.92933655,48.83000183,24.21999931,2.0,0
2021-09-27 19:10:00+00:00,0,0.0,0.0,0.0,19,0,0,413.3999939,25.74433327,73.81600189,48.39333344,25.33333397,2.0,0
2021-09-27 19:15:00+00:00,0,0.0,0.0,0.0,19,0,0,414.9666748,25.5253334,72.14933014,48.5633316,28.71333313,2.0,0
2021-09-27 19:20:00+00:00,0,0.0,0.0,0.0,19,0,0,415.7999878,25.4576664,71.51699829,48.7266655,31.48999977,2.0,0
2021-09-27 19:25:00+00:00,0,0.0,0.0,0.0,19,0,0,412.1724243000001,25.77551651,73.36172485,48.70344925,30.61724091,2.0,0
2021-09-27 19:30:00+00:00,0,0.0,0.0,0.0,19,0,0,417.8666687,25.74066734,72.10233307,48.67333221,33.46666718,2.0,0
2021-09-27 19:35:00+00:00,0,0.0,0.0,0.0,19,0,0,422.0666809,25.51566696,71.73366547,48.88999939,33.46333313,2.0,0
2021-09-27 19:40:00+00:00,0,0.0,0.0,0.0,19,0,0,419.4666748,25.69133377,73.38466644,49.04999924,33.4066658,2.0,0
2021-09-27 19:45:00+00:00,0,0.0,0.0,0.0,19,0,0,416.1428528,25.57964325,71.43964386,48.3571434,27.85000038,2.0,0
2021-09-27 19:50:00+00:00,0,0.0,0.0,0.0,19,0,0,420.5333252,25.56633377,73.5633316,48.72999954,29.38666725,2.0,0
2021-09-27 19:55:00+00:00,0,0.0,0.0,0.0,19,0,0,428.7000122,25.87033272,73.9466629,49.25999832,84.26667023,2.0,0
2021-09-27 20:00:00+00:00,0,0.0,0.0,0.0,20,0,0,430.29998780000005,25.86466599,69.94400024,48.40000153,89.20999908,2.0,0
2021-09-27 20:05:00+00:00,0,0.0,0.0,0.0,20,0,0,429.1333313,25.69633293,68.35366821,50.42666626,88.80666351,2.0,0
2021-09-27 20:10:00+00:00,0,0.0,0.0,0.0,20,0,0,432.9642944,25.77000046,68.64964294,52.92142868,89.93214417,2.0,0
2021-09-27 20:15:00+00:00,0,0.0,0.0,0.0,20,0,0,429.3999938999999,26.08499908,71.05899811,56.66999817,88.87000275,2.0,0
2021-09-27 20:20:00+00:00,0,0.0,0.0,0.0,20,0,0,424.0344849,25.83793068,68.87758636,53.82069016,85.79655457,2.0,0
2021-09-27 20:25:00+00:00,0,0.0,0.0,0.0,20,0,0,420.0,25.57166672,68.30033112,48.19666672,82.51999664,2.0,0
2021-09-27 20:30:00+00:00,0,0.0,0.0,0.0,20,0,0,421.7666626,25.80866623,72.07033539,48.11999893,83.68333435,2.0,0
2021-09-27 20:35:00+00:00,0,0.0,0.0,0.0,20,0,0,423.4642944,25.9910717,73.96178436,48.12857056,81.52857208,2.0,0
2021-09-27 20:40:00+00:00,0,0.0,0.0,0.0,20,0,0,426.3666687,25.60033417,71.11733246,48.4766655,84.60666656,2.0,0
2021-09-27 20:45:00+00:00,0,0.0,0.0,0.0,20,0,0,423.9666748,25.85000038,74.31866455,48.26333237,81.86333466,2.0,0
2021-09-27 20:50:00+00:00,0,0.0,0.0,0.0,20,0,0,426.43331910000006,25.72699928,73.21666718,49.37666702,82.77666473,2.0,0
2021-09-27 20:55:00+00:00,0,0.0,0.0,0.0,20,0,0,427.7333374,25.64900017,69.63866425,49.13000107,80.49333191,2.0,0
2021-09-27 21:00:00+00:00,0,0.0,0.0,0.0,21,0,0,424.9666748,25.6970005,67.47566986,49.00333405,79.51000214,2.0,0
2021-09-27 21:05:00+00:00,0,0.0,0.0,0.0,21,0,0,418.6333313,25.66366577,66.91033173,50.29000092,78.01333618,2.0,0
2021-09-27 21:10:00+00:00,0,0.0,0.0,0.0,21,0,0,417.4482727,25.41344833,67.14034271,51.36896515,78.0,2.0,0
2021-09-27 21:15:00+00:00,0,0.0,0.0,0.0,21,0,0,423.3666687,25.31066704,67.94933319,50.33333206,77.76000214,2.0,0
2021-09-27 21:20:00+00:00,0,0.0,0.0,0.0,21,0,0,430.6000061000001,25.78233337,72.52433014,49.96666718,78.3133316,2.0,0
2021-09-27 21:25:00+00:00,0,0.0,0.0,0.0,21,0,0,439.29998780000005,25.67266655,70.1966629,49.27999878,78.32333374,2.0,1
2021-09-27 21:30:00+00:00,0,0.0,0.0,0.0,21,0,0,450.6785583000001,25.64714241,68.02536011,50.92142868,76.79285431,2.0,1
2021-09-27 21:35:00+00:00,0,0.0,0.0,0.0,21,0,0,458.9666748,25.67266655,66.84866333,50.05333328,76.23999786,2.0,0
2021-09-27 21:40:00+00:00,0,0.0,0.0,0.0,21,0,0,459.2580566,25.78290367,66.26999664,50.80967712,76.5806427,2.0,0
2021-09-27 21:45:00+00:00,0,0.0,0.0,0.0,21,0,0,458.5666809,26.04700089,70.23033142,49.90999985,77.22333527,2.0,0
2021-09-27 21:50:00+00:00,0,0.0,0.0,0.0,21,0,0,457.2666626,25.83799934,70.07366943,48.98666763,78.98666382,2.0,0
2021-09-27 21:55:00+00:00,0,0.0,0.0,0.0,21,0,0,455.29998780000005,25.7753334,67.80833435,48.82666779,80.51667023,2.0,0
2021-09-27 22:00:00+00:00,0,0.0,0.0,0.0,22,0,0,446.0333252,25.81900024,66.54399872,48.71333313,79.59999847,2.0,0
2021-09-27 22:05:00+00:00,0,0.0,0.0,0.0,22,0,0,441.1724243,25.73862076,66.16620636,48.81724167,80.55172729,2.0,0
2021-09-27 22:10:00+00:00,0,0.0,0.0,0.0,22,0,0,436.8666687,25.57266617,66.28266907,48.69333267,82.79000092,2.0,0
2021-09-27 22:15:00+00:00,0,0.0,0.0,0.0,22,0,0,431.3999938999999,25.78033257,69.89499664,51.12666702,83.38999939,2.0,0
2021-09-27 22:20:00+00:00,0,0.0,0.0,0.0,22,0,0,422.1071472,25.84107208,70.00071716,48.96071243,83.39286041,2.0,0
2021-09-27 22:25:00+00:00,0,0.0,0.0,0.0,22,0,0,418.4333191,25.55333328,68.62166595,49.20666504,84.35333252,2.0,0
2021-09-27 22:30:00+00:00,0,0.0,0.0,0.0,22,0,0,418.8999939,25.52799988,69.67333221,48.45999908,85.68333435,2.0,0
2021-09-27 22:35:00+00:00,0,0.0,0.0,0.0,22,0,0,422.2000122,26.12800026,74.28433228,48.77000046,83.50666809,2.0,1
2021-09-27 22:40:00+00:00,0,0.0,0.0,0.0,22,0,0,423.7333374,25.88466644,71.12566376,48.95666504,83.36333466,2.0,1
2021-09-27 22:45:00+00:00,0,0.0,0.0,0.0,22,0,0,425.1333313,25.58600044,69.41100311,49.16666794,82.33333588,2.0,0
2021-09-27 22:50:00+00:00,0,0.0,0.0,0.0,22,0,0,433.0666809,25.80866623,70.21700287,48.53666687,81.42666626,2.0,1
2021-09-27 22:55:00+00:00,0,0.0,0.0,0.0,22,0,0,443.0689697,26.14103508,73.9068985,48.9275856,78.03103638,2.0,1
2021-09-27 23:00:00+00:00,0,0.0,0.0,0.0,23,0,0,448.8666687,25.84866714,70.33499908,48.84000015,79.26333618,2.0,0
2021-09-27 23:05:00+00:00,0,0.0,0.0,0.0,23,0,0,449.29998780000005,25.76466751,68.24700165,48.68000031,77.95999908,2.0,0
2021-09-27 23:10:00+00:00,0,0.0,0.0,0.0,23,0,0,451.8571472,25.97714233,70.34893036,48.4821434,76.86785889,2.0,0
2021-09-27 23:15:00+00:00,0,0.0,0.0,0.0,23,0,0,455.3333435,26.00766754,71.84833527,48.88666534,77.01667023,2.0,0
2021-09-27 23:20:00+00:00,0,0.0,0.0,0.0,23,0,0,451.1333313,25.77899933,68.83300018,48.90000153,79.62000275,2.0,0
2021-09-27 23:25:00+00:00,1,0.0,0.0,0.0,23,0,0,451.93331910000006,25.83233261,67.29733276,49.64333344,80.53666687,2.0,0
2021-09-27 23:30:00+00:00,1,0.0,0.0,0.0,23,0,0,449.3999938999999,25.875,66.18966675,49.22000122,81.65666962,2.0,0
2021-09-27 23:35:00+00:00,0,0.0,0.0,0.0,23,0,0,450.8666687,25.80500031,65.92266846,49.19666672,83.08000183,2.0,0
2021-09-27 23:40:00+00:00,0,0.0,0.0,0.0,23,0,0,449.9666748,25.84666634,65.33100128,49.91666794,83.38666534,2.0,0
2021-09-27 23:45:00+00:00,0,0.0,0.0,0.0,23,0,0,455.0666809,25.86533356,64.85900116,49.65000153,82.22333527,2.0,0
2021-09-27 23:50:00+00:00,0,0.0,0.0,0.0,23,0,0,457.620697,25.91551781,64.19517517,50.41724014,79.00689697,2.0,0
2021-09-27 23:55:00+00:00,0,1.0,0.0,0.0,23,0,0,456.8666687,25.87199974,63.90499878,49.43000031,75.62000275,1.0,0
2021-09-28 00:00:00+00:00,0,1.0,0.0,0.0,0,1,0,455.1333313,25.7076664,64.37599945,49.38333511,72.82666779,1.0,0
2021-09-28 00:05:00+00:00,0,0.0,0.0,0.0,0,1,0,454.8214416999999,25.80999947,69.37321472,49.63928604,71.01428223,1.0,0
2021-09-28 00:10:00+00:00,0,0.0,0.0,0.0,0,1,0,455.43331910000006,25.62433243,71.45933533,50.07333374,69.66000366,1.0,0
2021-09-28 00:15:00+00:00,0,0.0,0.0,0.0,0,1,0,452.9666748,25.29266739,69.77300262,49.3433342,68.14333344,1.0,0
2021-09-28 00:20:00+00:00,0,0.0,0.0,0.0,0,1,0,450.6333313,25.86033249,72.60466766,49.33333206,65.85666656,1.0,0
2021-09-28 00:25:00+00:00,0,0.0,1.0,0.0,0,1,0,456.6333313,25.63466644,72.10033417,48.98333359,64.77333069,1.0,0
2021-09-28 00:30:00+00:00,0,0.0,1.0,0.0,0,1,0,453.6333313,25.3326664,69.38600159,48.86666489,63.07333374,1.0,0
2021-09-28 00:35:00+00:00,1,0.0,0.0,0.0,0,1,0,448.3333435,25.26300049,68.40666962,48.70333481,62.18333435,1.0,0
2021-09-28 00:40:00+00:00,1,0.0,0.0,0.0,0,1,0,447.96551510000006,25.25344849,68.09275818,48.5724144,61.16896439,1.0,0
2021-09-28 00:45:00+00:00,0,0.0,0.0,0.0,0,1,0,448.2666626,25.68033409,72.1966629,49.2266655,60.05333328,1.0,0
2021-09-28 00:50:00+00:00,1,0.0,0.0,0.0,0,1,0,448.1666565,25.81166649,72.85033417,51.66999817,58.33666611,2.0,0
2021-09-28 00:55:00+00:00,1,0.0,0.0,0.0,0,1,0,444.4285583000001,25.48392868,70.15142822,50.68571472,58.04999924,2.0,0
2021-09-28 01:00:00+00:00,0,0.0,0.0,0.0,1,1,0,445.29998780000005,25.4829998,68.60466766,50.02000046,58.07333374,1.0,0
2021-09-28 01:05:00+00:00,0,1.0,0.0,0.0,1,1,0,444.7333374,25.68033409,69.05599976,49.20666504,57.89666748,1.0,0
2021-09-28 01:10:00+00:00,0,1.0,0.0,0.0,1,1,0,449.3999938999999,26.0909996,72.57099915,49.10666656,56.03333282,1.0,0
2021-09-28 01:15:00+00:00,0,0.0,0.0,0.0,1,1,0,442.1666565,25.92833328,69.5083313,50.15333176,57.85666656,1.0,0
2021-09-28 01:20:00+00:00,0,1.0,0.0,0.0,1,1,0,441.7333374,25.92266655,70.82900238,50.00333405,22.30999947,1.0,0
2021-09-28 01:25:00+00:00,0,1.0,0.0,1.0,1,1,0,442.3333435,25.99533272,74.42500305,49.66333389,42.43000031,1.0,0
2021-09-28 01:30:00+00:00,0,0.0,0.0,1.0,1,1,0,439.0333252,25.54933357,71.48666382,50.88666534,11.5666666,1.0,0
2021-09-28 01:35:00+00:00,0,0.0,1.0,0.0,1,1,0,433.6551819,25.48172379,73.15345001,50.75517273,6.444827557000001,1.0,0
2021-09-28 01:40:00+00:00,0,0.0,1.0,0.0,1,1,0,434.5666809,25.7859993,78.14900208,53.67666626,2.9200000760000004,1.0,0
2021-09-28 01:45:00+00:00,0,0.0,0.0,0.0,1,1,0,434.3571472,25.6607151,74.57714081,54.30714417,5.449999809,1.0,0
2021-09-28 01:50:00+00:00,0,0.0,1.0,0.0,1,1,0,434.29998780000005,25.4810009,71.73366547,60.29000092,5.71999979,1.0,1
2021-09-28 01:55:00+00:00,0,0.0,1.0,0.0,1,1,0,438.6000061000001,25.69333267,74.57499695,61.09999847,5.683333397,1.0,1
2021-09-28 02:00:00+00:00,0,0.0,0.0,0.0,2,1,0,437.4666748,25.64599991,74.67199707,57.0633316,5.826666832000001,1.0,1
2021-09-28 02:05:00+00:00,0,0.0,0.0,0.0,2,1,0,437.43331910000006,25.52933311,71.41266632,55.31999969,5.739999771,1.0,1
2021-09-28 02:10:00+00:00,0,0.0,0.0,0.0,2,1,0,440.8666687,25.53933334,70.18633270000001,53.97000122,5.820000172,1.0,1
2021-09-28 02:15:00+00:00,0,0.0,0.0,0.0,2,1,0,440.0666809,25.58566666,68.65333557,53.01333237,5.840000152999999,1.0,1
2021-09-28 02:20:00+00:00,0,0.0,0.0,0.0,2,1,0,441.0333252,25.57433319,67.39199829,52.78333282,6.056666851,1.0,1
2021-09-28 02:25:00+00:00,0,0.0,0.0,0.0,2,1,0,444.2069092,25.59965515,68.37275696,57.61724091,6.065517426,1.0,1
2021-09-28 02:30:00+00:00,0,0.0,0.0,0.0,2,1,0,450.6000061000001,25.8306675,73.01899719,60.95333481,6.226666451,1.0,1
2021-09-28 02:35:00+00:00,0,0.0,0.0,1.0,2,1,0,455.8275757,25.5917244,70.96758270000001,61.01724243,6.286206722,1.0,1
2021-09-28 02:40:00+00:00,0,0.0,0.0,1.0,2,1,0,459.0,25.50862122,69.30034637,61.5241394,6.124137877999999,1.0,1
2021-09-28 02:45:00+00:00,0,0.0,0.0,0.0,2,1,0,458.79998780000005,25.50066757,68.30233002,63.11333466,6.173333167999999,1.0,1
2021-09-28 02:50:00+00:00,0,0.0,0.0,1.0,2,1,0,456.8333435,25.45833397,67.71399689,62.02666855,6.063333511000001,1.0,1
2021-09-28 02:55:00+00:00,0,0.0,0.0,1.0,2,1,0,457.5666809,25.54466629,66.92866516,63.21666718,5.966666697999999,1.0,1
2021-09-28 03:00:00+00:00,0,0.0,0.0,0.0,3,1,0,464.8999938999999,25.56999969,66.45500183,62.46333313,5.900000095,1.0,1
2021-09-28 03:05:00+00:00,0,0.0,0.0,0.0,3,1,0,461.7333374,25.48466682,68.45233154,62.08333206,5.903333187,1.0,1
2021-09-28 03:10:00+00:00,0,0.0,0.0,0.0,3,1,0,470.3999938999999,25.69466591,74.50766754,61.54000092,5.900000095,1.0,1
2021-09-28 03:15:00+00:00,0,0.0,0.0,0.0,3,1,0,476.5333252,25.69000053,73.59033203,60.1866684,5.853333472999999,1.0,1
2021-09-28 03:20:00+00:00,0,0.0,0.0,0.0,3,1,0,473.5862122,25.47275925,71.77724457,60.62068939,5.8000001910000005,1.0,1
2021-09-28 03:25:00+00:00,0,0.0,0.0,0.0,3,1,0,471.7000122,25.71766663,76.09633636,60.09333420000001,5.406666756,1.0,1
2021-09-28 03:30:00+00:00,0,0.0,0.0,0.0,3,1,0,471.4285583000001,25.73535728,73.83214569,59.87857056,5.525000095,1.0,3
2021-09-28 03:35:00+00:00,0,0.0,0.0,0.0,3,1,0,469.7000122,25.56866646,73.46266937,61.25,5.933333397,1.0,2
2021-09-28 03:40:00+00:00,0,0.0,0.0,0.0,3,1,0,475.43331910000006,25.83533287,77.43299866,61.14666748,3.606666565,1.0,2
2021-09-28 03:45:00+00:00,0,0.0,0.0,0.0,3,1,0,472.5333252,25.73800087,74.64600372,61.2266655,5.146666527,1.0,2
2021-09-28 03:50:00+00:00,1,0.0,0.0,0.0,3,1,0,472.5333252,25.63599968,72.69966888,61.38999939,5.849999905,1.0,1
2021-09-28 03:55:00+00:00,1,0.0,0.0,0.0,3,1,0,472.0666809,25.90433311,75.75366974,61.36000061,4.090000153,2.0,0
2021-09-28 04:00:00+00:00,1,0.0,0.0,0.0,4,1,0,472.2333374,25.80466652,72.01999664,60.18999863,6.103333472999999,1.0,1
2021-09-28 04:05:00+00:00,1,0.0,0.0,0.0,4,1,0,471.6000061000001,25.826334,69.84133148,61.43000031,6.00666666,1.0,1
2021-09-28 04:10:00+00:00,1,0.0,0.0,0.0,4,1,0,476.2758484,25.80965424,68.83551788,60.59999847,6.044827461000001,1.0,1
2021-09-28 04:15:00+00:00,1,0.0,0.0,0.0,4,1,0,478.5,25.64233398,68.73433685,60.77000046,6.026666641,1.0,1
2021-09-28 04:20:00+00:00,1,1.0,0.0,0.0,4,1,0,473.6428528,25.64821434,68.15714264,59.9821434,5.853571415,1.0,1
2021-09-28 04:25:00+00:00,1,1.0,0.0,0.0,4,1,0,474.5333252,25.83766747,69.12466431,59.75666809,5.983333111,1.0,1
2021-09-28 04:30:00+00:00,1,1.0,0.0,0.0,4,1,0,475.79998780000005,26.12633324,73.83466339,61.13333511,2.579999924,2.0,1
2021-09-28 04:35:00+00:00,1,1.0,0.0,0.0,4,1,0,477.5333252,25.75033379,72.52566528,60.23666763,6.113333225,1.0,1
2021-09-28 04:40:00+00:00,1,1.0,0.0,0.0,4,1,0,476.3999938999999,25.6609993,71.02700043,59.47999954,6.03666687,1.0,1
2021-09-28 04:45:00+00:00,1,1.0,0.0,0.0,4,1,0,474.79998780000005,25.92700005,74.81866455,60.37333298,4.223333359,2.0,1
2021-09-28 04:50:00+00:00,1,1.0,1.0,0.0,4,1,0,471.93331910000006,25.8813324,74.84600067,60.60666656,4.20666647,2.0,3
2021-09-28 04:55:00+00:00,1,1.0,1.0,0.0,4,1,0,473.5666809,25.61000061,71.67233276,60.95333481,5.940000057000001,1.0,3
2021-09-28 05:00:00+00:00,1,1.0,1.0,0.0,5,1,0,474.1379395,25.80689621,74.45552063,59.79655075,4.786206722,1.0,4
2021-09-28 05:05:00+00:00,1,1.0,1.0,0.0,5,1,0,479.2000122,26.02733421,77.62566376,58.9766655,2.186666727,2.0,4
2021-09-28 05:10:00+00:00,1,1.0,1.0,0.0,5,1,0,478.75,25.72035789,74.7278595,58.33571243,5.574999809,2.0,4
2021-09-28 05:15:00+00:00,1,1.0,1.0,0.0,5,1,0,474.7333374,25.72999954,74.77466583,58.87666702,5.289999962,1.0,4
2021-09-28 05:20:00+00:00,1,1.0,1.0,0.0,5,1,0,472.3666687,25.91066742,77.85933685,54.37333298,1.943333387,1.0,3
2021-09-28 05:25:00+00:00,1,1.0,1.0,0.0,5,1,0,472.2000122,25.67233276,73.79333496,50.13000107,20.46333313,2.0,4
2021-09-28 05:30:00+00:00,3,1.0,1.0,0.0,5,1,0,459.7666626,25.86566734,70.78900146,47.47000122,7.373333454,4.0,5
2021-09-28 05:35:00+00:00,2,1.0,1.0,0.0,5,1,0,457.43331910000006,26.12333298,74.36733246,47.11666489,0.0,6.0,5
2021-09-28 05:40:00+00:00,2,1.0,1.0,0.0,5,1,0,454.5,26.17733383,79.14933014,46.77000046,0.0,8.0,5
2021-09-28 05:45:00+00:00,2,1.0,1.0,0.0,5,1,0,452.1000061000001,26.11433411,79.51333618,46.73666763,0.0,3.0,5
2021-09-28 05:50:00+00:00,1,1.0,1.0,1.0,5,1,0,449.7333374,26.02799988,79.69132996,46.62666702,0.0,1.0,5
2021-09-28 05:55:00+00:00,0,1.0,1.0,1.0,5,1,0,454.758606,26.03896523,79.72344971,46.74137878,0.0,2.0,5
2021-09-28 06:00:00+00:00,1,3.0,1.0,1.0,6,1,0,452.0666809,26.13400078,79.48833466,46.3133316,0.0,2.0,5
2021-09-28 06:05:00+00:00,1,2.0,1.0,1.0,6,1,0,451.7857056,26.10321426,79.58214569,46.72857285,0.0,1.0,5
2021-09-28 06:10:00+00:00,1,2.0,1.0,1.0,6,1,0,454.29998780000005,26.20999908,79.41533661,46.24666595,0.0,1.0,5
2021-09-28 06:15:00+00:00,1,2.0,1.0,1.0,6,1,0,454.83871460000006,26.22129059,79.94355011,46.69355011,0.0,1.0,5
2021-09-28 06:20:00+00:00,1,1.0,1.0,1.0,6,1,0,458.8999938999999,26.38933372,79.66933441,47.09999847,0.0,1.0,5
2021-09-28 06:25:00+00:00,1,0.0,1.0,1.0,6,1,0,461.0,26.33366585,79.97599792,46.43999863,0.0,1.0,5
2021-09-28 06:30:00+00:00,1,1.0,3.0,1.0,6,1,0,455.0666809,26.42466736,79.92166901,46.68000031,0.0,1.0,5
2021-09-28 06:35:00+00:00,1,1.0,2.0,1.0,6,1,0,457.6000061000001,26.50533295,79.84833527,46.61666489,0.0,1.0,5
2021-09-28 06:40:00+00:00,1,1.0,2.0,1.0,6,1,0,457.7666626,26.6483326,79.35700226,46.45666504,0.0,1.0,5
2021-09-28 06:45:00+00:00,1,1.0,2.0,1.0,6,1,0,458.0344849,26.59275818,79.47379303,46.22068787,0.0,2.0,3
2021-09-28 06:50:00+00:00,3,1.0,1.0,1.0,6,1,0,453.6666565,26.59166718,79.64666748,46.61333466,0.0,2.0,3
2021-09-28 06:55:00+00:00,3,1.0,0.0,1.0,6,1,0,450.9285583000001,26.62892914,79.4421463,46.38571548,0.0,3.0,2
2021-09-28 07:00:00+00:00,4,1.0,1.0,1.0,7,1,0,452.93331910000006,26.55666733,79.73766327,46.6866684,0.0,3.0,2
2021-09-28 07:05:00+00:00,4,1.0,1.0,1.0,7,1,0,456.4666748,26.64166641,79.875,46.72999954,0.0,1.0,2
2021-09-28 07:10:00+00:00,4,1.0,1.0,1.0,7,1,0,458.0333252,26.60566711,80.305336,46.52999878,0.0,1.0,2
2021-09-28 07:15:00+00:00,4,1.0,1.0,1.0,7,1,0,457.5666809,26.74399948,80.01132965,46.41999817,0.0,2.0,1
2021-09-28 07:20:00+00:00,3,3.0,1.0,1.0,7,1,0,455.5,26.67233276,80.37966919,46.35666656,0.0,2.0,0
2021-09-28 07:25:00+00:00,4,3.0,1.0,1.0,7,1,0,452.8999938999999,26.62299919,80.78800201,46.2733345,0.0,3.0,1
2021-09-28 07:30:00+00:00,5,4.0,1.0,3.0,7,1,0,451.7666626,26.74333382,80.57900238,46.32333374,0.0,1.0,1
2021-09-28 07:35:00+00:00,5,4.0,1.0,2.0,7,1,0,451.2333374,26.79533386,80.54166412,46.16999817,0.0,7.0,1
2021-09-28 07:40:00+00:00,5,4.0,1.0,2.0,7,1,0,455.2069092,26.80517197,80.68413544,47.27586365,0.0,4.0,2
2021-09-28 07:45:00+00:00,5,4.0,1.0,2.0,7,1,0,461.7142944,26.79035759,80.75964355,46.11428452,0.0,5.0,2
2021-09-28 07:50:00+00:00,5,3.0,3.0,1.0,7,1,0,459.8999938999999,26.72866631,81.01799774,45.95666504,0.0,6.0,1
2021-09-28 07:55:00+00:00,5,4.0,3.0,0.0,7,1,0,458.6333313,26.76799965,80.96266937,46.00666809,0.0,5.0,1
2021-09-28 08:00:00+00:00,5,5.0,4.0,1.0,8,1,0,457.8666687,26.75666618,81.00933075,45.97333145,0.0,3.0,1
2021-09-28 08:05:00+00:00,5,5.0,4.0,1.0,8,1,0,457.7333374,26.792333600000003,81.01166534,46.2266655,0.0,7.0,2
2021-09-28 08:10:00+00:00,5,5.0,4.0,1.0,8,1,0,455.43331910000006,26.85633278,80.93933105,46.16666794,0.0,5.0,2
2021-09-28 08:15:00+00:00,5,5.0,4.0,1.0,8,1,0,455.8666687,26.80833244,81.19000244,45.78333282,0.0,3.0,2
2021-09-28 08:20:00+00:00,5,5.0,3.0,1.0,8,1,0,456.8999938999999,26.84499931,81.14199829,45.95333481,0.0,3.0,2
2021-09-28 08:25:00+00:00,5,5.0,4.0,1.0,8,1,0,458.9666748,26.77566719,81.33866882,45.92666626,0.0,4.0,3
2021-09-28 08:30:00+00:00,5,5.0,5.0,1.0,8,1,0,458.5172424,26.75827599,81.46172333,45.87241364,0.0,5.0,3
2021-09-28 08:35:00+00:00,5,5.0,5.0,1.0,8,1,0,454.5333252,26.76433372,81.56133270000001,45.88666534,0.0,3.0,4
2021-09-28 08:40:00+00:00,5,5.0,5.0,1.0,8,1,0,459.2142944,26.78357124,81.31321716,45.71785736,0.0,5.0,4
2021-09-28 08:45:00+00:00,3,5.0,5.0,1.0,8,1,0,458.7666626,26.76166725,81.3793335,45.98333359,0.0,5.0,4
2021-09-28 08:50:00+00:00,3,5.0,5.0,3.0,8,1,0,453.29998780000005,26.81100082,81.3710022,45.9066658,0.0,5.0,4
2021-09-28 08:55:00+00:00,2,5.0,5.0,3.0,8,1,0,454.79998780000005,26.84799957,81.36833191,46.13000107,0.0,4.0,4
2021-09-28 09:00:00+00:00,2,5.0,5.0,4.0,9,1,0,454.7000122,26.83099937,81.50466919,45.91999817,0.0,4.0,4
2021-09-28 09:05:00+00:00,2,5.0,5.0,4.0,9,1,0,457.1000061000001,26.78366661,81.61933136,45.82666779,0.0,2.0,4
2021-09-28 09:10:00+00:00,2,5.0,5.0,4.0,9,1,0,456.29998780000005,26.83966637,81.6269989,46.04333496,0.0,2.0,4
2021-09-28 09:15:00+00:00,1,3.0,5.0,4.0,9,1,0,453.6000061000001,26.83600044,81.77133179,46.04999924,0.0,5.0,4
2021-09-28 09:20:00+00:00,0,3.0,5.0,3.0,9,1,0,454.79998780000005,26.85066605,81.83032990000001,45.91333389,0.0,7.0,4
2021-09-28 09:25:00+00:00,1,2.0,5.0,4.0,9,1,0,455.5862122,26.88517189,81.80827332,46.12758636,0.0,4.0,4
2021-09-28 09:30:00+00:00,1,2.0,5.0,5.0,9,1,0,453.75,26.84464264,81.931427,45.72142792,0.0,3.0,4
2021-09-28 09:35:00+00:00,1,2.0,5.0,5.0,9,1,0,453.7333374,26.86366653,81.87566376,45.92666626,0.0,1.0,4
2021-09-28 09:40:00+00:00,2,2.0,5.0,5.0,9,1,0,452.2000122,26.87766647,81.81933594,46.01333237,0.0,3.0,4
2021-09-28 09:45:00+00:00,2,1.0,3.0,5.0,9,1,0,450.8666687,26.88033295,81.93599701,45.89666748,0.0,1.0,4
2021-09-28 09:50:00+00:00,1,0.0,3.0,5.0,9,1,0,449.43331910000006,26.87333298,82.01799774,46.10666656,0.0,2.0,2
2021-09-28 09:55:00+00:00,1,1.0,2.0,5.0,9,1,0,450.1000061000001,26.90366745,81.93333435,46.00333405,0.0,3.0,4
2021-09-28 10:00:00+00:00,1,1.0,2.0,5.0,10,1,0,450.8333435,26.90699959,81.9896698,45.95000076,0.0,5.0,4
2021-09-28 10:05:00+00:00,2,1.0,2.0,5.0,10,1,0,447.5666809,26.89800072,82.17333221,45.9766655,0.0,2.0,4
2021-09-28 10:10:00+00:00,2,2.0,2.0,5.0,10,1,0,443.6000061000001,26.87466621,82.36799622,45.93333435,0.0,6.0,4
2021-09-28 10:15:00+00:00,2,2.0,1.0,5.0,10,1,0,444.96551510000006,26.90241432,82.3937912,45.91379166,0.0,3.0,4
2021-09-28 10:20:00+00:00,2,1.0,0.0,5.0,10,1,0,442.0357056,26.89178658,82.52928925,45.74285889,0.0,5.0,4
2021-09-28 10:25:00+00:00,3,1.0,1.0,5.0,10,1,0,443.4666748,26.8983326,82.6760025,45.76333237,0.0,1.0,4
2021-09-28 10:30:00+00:00,3,1.0,1.0,5.0,10,1,0,445.2333374,26.89633369,82.83733368,46.06999969,0.0,5.0,4
2021-09-28 10:35:00+00:00,4,2.0,1.0,5.0,10,1,0,447.4666748,26.91600037,82.75366974,45.75333405,0.0,4.0,4
2021-09-28 10:40:00+00:00,4,2.0,2.0,5.0,10,1,0,443.8333435,26.90066719,82.94999695,45.73333359,0.0,8.0,4
2021-09-28 10:45:00+00:00,4,2.0,2.0,3.0,10,1,0,444.1333313,26.93966675,82.92966461,45.84000015,0.0,4.0,4
2021-09-28 10:50:00+00:00,4,2.0,1.0,3.0,10,1,0,446.29998780000005,26.89699936,83.12533569,45.89666748,0.0,6.0,4
2021-09-28 10:55:00+00:00,4,3.0,1.0,2.0,10,1,0,444.2666626,26.90233421,83.16833496,45.90999985,0.0,5.0,4
2021-09-28 11:00:00+00:00,4,3.0,1.0,2.0,11,1,0,447.8999938999999,26.92433357,83.23266602,45.8133316,0.0,6.0,4
2021-09-28 11:05:00+00:00,4,4.0,2.0,2.0,11,1,0,447.79998780000005,26.95433426,83.21766663,45.8133316,0.0,5.0,4
2021-09-28 11:10:00+00:00,4,4.0,2.0,2.0,11,1,0,442.1785583000001,26.97357178,83.25392914,45.82143021,0.0,4.0,4
2021-09-28 11:15:00+00:00,4,4.0,2.0,1.0,11,1,0,443.620697,26.95379257,83.45241547,45.49310303,0.0,5.0,3
2021-09-28 11:20:00+00:00,4,4.0,2.0,0.0,11,1,0,443.3333435,26.95100021,83.52400208,45.73666763,0.0,5.0,2
2021-09-28 11:25:00+00:00,4,4.0,3.0,1.0,11,1,0,447.5666809,26.99933243,83.39233398,45.66999817,0.0,6.0,1
2021-09-28 11:30:00+00:00,4,4.0,3.0,1.0,11,1,0,445.1666565,26.9683342,83.53900146,45.74000168,0.0,6.0,0
2021-09-28 11:35:00+00:00,4,4.0,4.0,1.0,11,1,0,447.93331910000006,26.96366692,83.62033081,45.80666733,0.0,5.0,0
2021-09-28 11:40:00+00:00,4,4.0,4.0,2.0,11,1,0,444.7000122,26.96999931,83.53866577,45.78666687,0.0,8.0,0
2021-09-28 11:45:00+00:00,4,4.0,4.0,2.0,11,1,0,446.5333252,26.96899986,83.62799835,45.69666672,0.0,6.0,0
2021-09-28 11:50:00+00:00,2,4.0,4.0,1.0,11,1,0,443.93331910000006,26.98666573,83.51766968,45.74666595,0.0,5.0,0
2021-09-28 11:55:00+00:00,4,4.0,4.0,1.0,11,1,0,442.1000061000001,26.98566628,83.54000092,45.7266655,0.0,6.0,0
2021-09-28 12:00:00+00:00,4,4.0,4.0,1.0,12,1,0,440.96551510000006,26.99655151,83.58586121,45.77586365,0.0,4.0,0
2021-09-28 12:05:00+00:00,4,4.0,4.0,2.0,12,1,0,439.9642944,27.04142952,83.52749634,45.7321434,0.0,4.0,0
2021-09-28 12:10:00+00:00,4,4.0,4.0,2.0,12,1,0,444.7666626,27.04733276,83.49266815,45.79333496,0.0,4.0,0
2021-09-28 12:15:00+00:00,4,4.0,4.0,2.0,12,1,0,445.6000061000001,27.03866577,83.58966827,45.97000122,0.0,8.0,0
2021-09-28 12:20:00+00:00,4,2.0,4.0,2.0,12,1,0,442.8666687,27.05200005,83.53299713,45.86000061,0.0,4.0,0
2021-09-28 12:25:00+00:00,4,4.0,4.0,3.0,12,1,0,447.2666626,27.05033302,83.52933502,45.82666779,0.0,7.0,0
2021-09-28 12:30:00+00:00,4,4.0,4.0,3.0,12,1,0,447.7000122,27.05966759,83.51833344,45.72333145,0.0,4.0,0
2021-09-28 12:35:00+00:00,4,4.0,4.0,4.0,12,1,0,446.2666626,27.02366638,83.74833679,45.81999969,0.0,6.0,0
2021-09-28 12:40:00+00:00,4,4.0,4.0,4.0,12,1,0,446.6000061000001,27.05633354,83.67500305,46.10333252,0.0,3.0,0
2021-09-28 12:45:00+00:00,4,4.0,4.0,4.0,12,1,0,448.7000122,27.06333351,83.79233551,45.86999893,0.0,6.0,0
2021-09-28 12:50:00+00:00,4,4.0,2.0,4.0,12,1,0,446.7333374,27.02233315,83.99866486,46.04999924,0.0,5.0,0
2021-09-28 12:55:00+00:00,4,4.0,4.0,4.0,12,1,0,446.7037048,27.05370331,83.92814636,45.79999924,0.0,6.0,0
2021-09-28 13:00:00+00:00,4,4.0,4.0,4.0,13,1,0,445.2333374,27.06900024,83.91300201,45.91666794,0.0,5.0,0
2021-09-28 13:05:00+00:00,4,4.0,4.0,4.0,13,1,0,446.6666565,27.11566734,83.89266968,46.12666702,0.0,5.0,0
2021-09-28 13:10:00+00:00,4,4.0,4.0,4.0,13,1,0,444.8666687,27.13599968,83.89099884,45.92666626,0.0,4.0,0
2021-09-28 13:15:00+00:00,3,4.0,4.0,4.0,13,1,0,441.0666809,27.16266632,83.83833313,45.9066658,0.0,6.0,0
2021-09-28 13:20:00+00:00,2,4.0,4.0,4.0,13,1,0,442.1333313,27.16066742,83.77500153,46.08000183,0.0,5.0,0
2021-09-28 13:25:00+00:00,1,4.0,4.0,4.0,13,1,0,444.7333374,27.171667100000004,83.65966797,46.08000183,0.0,5.0,0
2021-09-28 13:30:00+00:00,0,4.0,4.0,4.0,13,1,0,444.0333252,27.17066574,83.70899963,46.41999817,0.0,1.0,0
2021-09-28 13:35:00+00:00,0,4.0,4.0,4.0,13,1,0,441.0322571,27.19032288,83.65032196,46.24516296,0.0,1.0,0
2021-09-28 13:40:00+00:00,0,4.0,4.0,4.0,13,1,0,440.0333252,27.22999954,83.53067017,46.26333237,0.0,1.0,0
2021-09-28 13:45:00+00:00,0,3.0,4.0,4.0,13,1,0,441.92593380000005,27.18481445,83.67370605,46.14814758,0.0,1.0,0
2021-09-28 13:50:00+00:00,0,2.0,4.0,2.0,13,1,0,441.7000122,27.18300056,83.61933136,46.30333328,0.0,1.0,0
2021-09-28 13:55:00+00:00,0,1.0,4.0,4.0,13,1,0,444.7000122,27.21866608,83.54499817,46.50999832,0.0,1.0,0
2021-09-28 14:00:00+00:00,0,0.0,4.0,4.0,14,1,0,443.3666687,27.292333600000003,83.31133270000001,46.43333435,0.0,1.0,0
2021-09-28 14:05:00+00:00,0,0.0,4.0,4.0,14,1,0,443.5333252,27.27799988,83.26000214,46.77999878,0.0,1.0,0
2021-09-28 14:10:00+00:00,0,0.0,4.0,4.0,14,1,0,444.2666626,27.25366592,83.43099976,46.66333389,0.0,1.0,0
2021-09-28 14:15:00+00:00,0,0.0,3.0,4.0,14,1,0,441.6666565,27.2456665,83.43299866,46.65999985,0.0,1.0,0
2021-09-28 14:20:00+00:00,0,0.0,2.0,4.0,14,1,0,443.7333374,27.26099968,83.38266754,46.81666565,0.0,1.0,0
2021-09-28 14:25:00+00:00,0,0.0,1.0,4.0,14,1,0,444.9666748,27.36933327,83.07099915,46.86666489,0.0,1.0,0
2021-09-28 14:30:00+00:00,0,0.0,0.0,4.0,14,1,0,444.43331910000006,27.32766724,83.08666992,47.11000061,0.0,1.0,0
2021-09-28 14:35:00+00:00,0,0.0,0.0,4.0,14,1,0,446.7666626,27.33233261,83.07566833,47.39666748,0.0,1.0,0
2021-09-28 14:40:00+00:00,0,0.0,0.0,4.0,14,1,0,447.8518372,27.31518555,83.18777466,46.99629593,0.0,1.0,0
2021-09-28 14:45:00+00:00,0,0.0,0.0,4.0,14,1,0,442.8999938999999,27.28866577,83.29366302,47.10666656,0.0,1.0,0
2021-09-28 14:50:00+00:00,0,0.0,0.0,4.0,14,1,0,445.9666748,27.3239994,83.21900177,47.38000107,0.0,1.0,0
2021-09-28 14:55:00+00:00,0,0.0,0.0,4.0,14,1,0,447.2000122,27.24866676,83.48366547,47.08333206,0.0,1.0,0
2021-09-28 15:00:00+00:00,0,0.0,0.0,4.0,15,1,0,446.8666687,27.21666718,83.61333466,47.43333435,0.0,1.0,0
2021-09-28 15:05:00+00:00,0,0.0,0.0,4.0,15,1,0,443.4666748,27.17833328,83.84233093,47.57666779,0.0,1.0,0
2021-09-28 15:10:00+00:00,0,0.0,0.0,4.0,15,1,0,443.7333374,27.23566628,83.74400329999999,47.81666565,0.0,1.0,0
2021-09-28 15:15:00+00:00,0,0.0,0.0,3.0,15,1,0,447.1666565,27.24399948,83.60266876,48.04000092,0.0,1.0,0
2021-09-28 15:20:00+00:00,0,0.0,0.0,2.0,15,1,0,450.6000061000001,27.27099991,83.56400299,48.06666565,0.0,1.0,0
2021-09-28 15:25:00+00:00,0,0.0,0.0,1.0,15,1,0,448.6333313,27.31299973,83.33266449,47.66999817,0.0,1.0,0
2021-09-28 15:30:00+00:00,0,0.0,0.0,0.0,15,1,0,451.1111144999999,27.23444366,83.68370056,47.90000153,0.0,1.0,0
2021-09-28 15:35:00+00:00,0,0.0,0.0,0.0,15,1,0,448.0333252,27.03733253,79.45433044,48.61666489,0.0500000009999999,1.0,0
2021-09-28 15:40:00+00:00,0,0.0,0.0,0.0,15,1,0,446.2333374,26.50833321,72.79166412,48.27666855,0.583333313,1.0,0
2021-09-28 15:45:00+00:00,0,0.0,0.0,0.0,15,1,0,449.6666565,26.00600052,70.37033081,48.26666641,4.71333313,1.0,0
2021-09-28 15:50:00+00:00,0,0.0,0.0,0.0,15,1,0,449.0666809,25.86366653,69.93333435,48.13666534,5.380000114,1.0,0
2021-09-28 15:55:00+00:00,0,0.0,0.0,0.0,15,1,0,448.5333252,25.74233246,70.61799622,48.30666733,7.216666697999999,1.0,0
2021-09-28 16:00:00+00:00,0,0.0,0.0,0.0,16,1,0,449.6000061000001,25.93966675,72.73799896,47.87666702,9.506667137,1.0,0
2021-09-28 16:05:00+00:00,0,0.0,0.0,0.0,16,1,0,449.9666748,25.84700012,70.6333313,48.11333466,11.78333378,1.0,0
2021-09-28 16:10:00+00:00,0,0.0,0.0,0.0,16,1,0,452.2000122,25.7033329,72.03666687,48.19666672,13.75666714,1.0,0
2021-09-28 16:15:00+00:00,0,0.0,0.0,0.0,16,1,0,452.7333374,25.95233345,73.99700165,49.31666565,13.91333294,1.0,0
2021-09-28 16:20:00+00:00,0,0.0,0.0,0.0,16,1,0,450.5714416999999,25.82250023,71.08000183,48.25357056,15.35357189,1.0,0
2021-09-28 16:25:00+00:00,0,0.0,0.0,0.0,16,1,0,446.5172424,25.74413872,73.73241425,48.83103561,17.21724129,1.0,0
2021-09-28 16:30:00+00:00,0,0.0,0.0,0.0,16,1,0,446.6000061000001,25.8326664,72.7353363,48.6566658,18.40999985,1.0,0
2021-09-28 16:35:00+00:00,0,0.0,0.0,0.0,16,1,0,443.93331910000006,25.56299973,73.1293335,48.88000107,18.75333405,1.0,0
2021-09-28 16:40:00+00:00,0,0.0,0.0,0.0,16,1,0,438.8666687,25.7816658,75.51833344,48.25666809,18.11000061,1.0,0
2021-09-28 16:45:00+00:00,0,0.0,0.0,0.0,16,1,0,439.3333435,25.76633263,72.24299622,48.22000122,17.95999908,1.0,0
2021-09-28 16:50:00+00:00,0,0.0,0.0,0.0,16,1,0,439.29998780000005,25.64766693,73.64833069,48.09999847,17.62333298,1.0,0
2021-09-28 16:55:00+00:00,0,0.0,0.0,0.0,16,1,0,440.9666748,25.81433296,75.4426651,48.40000153,15.82666683,1.0,0
2021-09-28 17:00:00+00:00,0,0.0,0.0,0.0,17,1,0,439.1666565,25.57533264,73.14700317,48.19333267,13.85000038,1.0,0
2021-09-28 17:05:00+00:00,0,0.0,0.0,0.0,17,1,0,445.1000061000001,25.63433266,76.15266418,48.51666641,13.24666691,1.0,0
2021-09-28 17:10:00+00:00,0,0.0,0.0,0.0,17,1,0,443.8666687,25.79333305,74.73633575,48.39666748,13.94999981,1.0,0
2021-09-28 17:15:00+00:00,0,0.0,0.0,0.0,17,1,0,443.7407532,25.51000023,74.35740662,47.83333206,16.92222214,1.0,0
2021-09-28 17:20:00+00:00,0,0.0,0.0,0.0,17,1,0,442.2666626,25.72833252,77.15567017,48.31000137,19.80333328,1.0,0
2021-09-28 17:25:00+00:00,0,0.0,0.0,0.0,17,1,0,440.93331910000006,25.63999939,74.07599640000001,48.43999863,22.21666718,1.0,0
2021-09-28 17:30:00+00:00,0,0.0,0.0,0.0,17,1,0,437.9666748,25.55699921,75.08233643,48.26333237,22.61000061,1.0,0
2021-09-28 17:35:00+00:00,0,0.0,0.0,0.0,17,1,0,437.8999938999999,25.82266617,76.6293335,47.96333313,23.53000069,1.0,0
2021-09-28 17:40:00+00:00,0,0.0,0.0,0.0,17,1,0,436.1666565,25.53300095,74.35733032,48.49666595,25.90333366,1.0,0
2021-09-28 17:45:00+00:00,0,0.0,0.0,0.0,17,1,0,432.9666748,25.68799973,77.33032990000001,48.33666611,24.97999954,1.0,0
2021-09-28 17:50:00+00:00,0,0.0,0.0,0.0,17,1,0,434.2333374,25.81066704,74.60832977,48.34000015,25.37666702,1.0,0
2021-09-28 17:55:00+00:00,0,0.0,0.0,0.0,17,1,0,431.9666748,25.58866692,75.84666443,48.46666718,26.82999992,1.0,0
2021-09-28 18:00:00+00:00,0,0.0,0.0,0.0,18,1,0,431.3333435,25.80633354,77.45433044,48.2733345,24.37000084,1.0,0
2021-09-28 18:05:00+00:00,0,0.0,0.0,0.0,18,1,0,432.0714416999999,25.52928543,74.50714111,48.01071548,27.79642868,1.0,0
2021-09-28 18:10:00+00:00,0,0.0,0.0,0.0,18,1,0,434.0,25.59034538,76.61483002,48.70000076,28.32413864,1.0,0
2021-09-28 18:15:00+00:00,0,0.0,0.0,0.0,18,1,0,437.5333252,25.85766602,76.6206665,47.87666702,25.4766674,1.0,0
2021-09-28 18:20:00+00:00,0,0.0,0.0,0.0,18,1,0,436.1000061000001,25.51733398,74.40200043,48.16333389,28.62666702,1.0,0
2021-09-28 18:25:00+00:00,0,0.0,0.0,0.0,18,1,0,435.7666626,25.70633316,77.08866882,47.79666519,28.93000031,1.0,0
2021-09-28 18:30:00+00:00,0,0.0,0.0,0.0,18,1,0,434.8666687,25.7329998,75.93399811,49.19666672,34.6866684,1.0,0
2021-09-28 18:35:00+00:00,0,0.0,0.0,0.0,18,1,0,437.8999938999999,25.54599953,72.53833008,50.47000122,55.95333481,1.0,0
2021-09-28 18:40:00+00:00,0,0.0,0.0,0.0,18,1,0,436.5,25.41833305,73.01633453,49.25666809,29.00666618,1.0,0
2021-09-28 18:45:00+00:00,0,0.0,0.0,0.0,18,1,0,441.6666565,25.61000061,77.38233185,54.96333313,25.23666573,1.0,0
2021-09-28 18:50:00+00:00,0,0.0,0.0,0.0,18,1,0,454.7000122,25.55833244,73.17566681,52.00333405,25.22333336,1.0,0
2021-09-28 18:55:00+00:00,0,0.0,0.0,0.0,18,1,0,480.5,25.58857155,71.0342865,53.68571472,25.6428566,1.0,0
2021-09-28 19:00:00+00:00,0,0.0,0.0,0.0,19,1,0,515.2758789,25.53896523,70.5689621,54.55862045,29.42069054,1.0,0
2021-09-28 19:05:00+00:00,0,0.0,0.0,0.0,19,1,0,548.166687,25.52933311,69.37266541,55.11999893,30.41333389,1.0,0
2021-09-28 19:10:00+00:00,0,0.0,0.0,0.0,19,1,0,556.4000244,25.56966591,68.12033081,56.87666702,30.68333244,1.0,0
2021-09-28 19:15:00+00:00,0,0.0,0.0,0.0,19,1,0,564.0666504,25.49333382,67.60832977,55.63999939,30.73333359,1.0,0
2021-09-28 19:20:00+00:00,0,0.0,0.0,0.0,19,1,0,559.9333496,25.45233345,67.17066956,55.46666718,30.90999985,1.0,0
2021-09-28 19:25:00+00:00,0,0.0,0.0,0.0,19,1,0,555.166687,25.51233292,66.59100342,55.88999939,31.36333275,1.0,0
2021-09-28 19:30:00+00:00,0,0.0,0.0,0.0,19,1,0,547.7741699,25.55838776,66.05612946,54.00322723,31.85161209,1.0,0
2021-09-28 19:35:00+00:00,0,0.0,0.0,0.0,19,1,0,544.5,25.52499962,65.91166687,56.38666534,32.06000137,1.0,0
2021-09-28 19:40:00+00:00,0,0.0,0.0,0.0,19,1,0,543.9666748,25.53100014,65.72233582,55.82666779,31.39333344,1.0,0
2021-09-28 19:45:00+00:00,0,0.0,0.0,0.0,19,1,0,544.1071167,25.57714272,65.19535828,57.36071396,31.08571434,1.0,0
2021-09-28 19:50:00+00:00,0,0.0,0.0,0.0,19,1,0,543.8666382,25.51966667,65.03333282,56.03333282,29.22333336,1.0,0
2021-09-28 19:55:00+00:00,0,0.0,0.0,0.0,19,1,0,543.0,25.54172325,64.81586456,56.91379166,31.80689621,1.0,0
2021-09-28 20:00:00+00:00,0,0.0,0.0,0.0,20,1,0,540.4333496,25.51666641,64.68933105,55.64333344,31.44000053,1.0,0
2021-09-28 20:05:00+00:00,0,0.0,0.0,0.0,20,1,0,537.5999756,25.5233326,64.53966522,55.34999847,30.12666702,1.0,0
2021-09-28 20:10:00+00:00,0,0.0,0.0,0.0,20,1,0,536.2666626,25.51066589,64.65933228,55.38999939,31.08666611,1.0,0
2021-09-28 20:15:00+00:00,0,0.0,0.0,0.0,20,1,0,534.4333496,25.53333282,64.69599915,57.41333389,29.91666603,1.0,0
2021-09-28 20:20:00+00:00,0,0.0,0.0,0.0,20,1,0,532.2258301,25.55161285,64.59645081,57.11290359,31.20967674,1.0,0
2021-09-28 20:25:00+00:00,0,0.0,0.0,0.0,20,1,0,529.5999756,25.51533318,64.57333374,57.34000015,31.32333374,1.0,0
2021-09-28 20:30:00+00:00,0,0.0,0.0,0.0,20,1,0,529.7999878,25.49399948,64.63366699,53.94666672,30.2733326,1.0,0
2021-09-28 20:35:00+00:00,0,0.0,0.0,0.0,20,1,0,530.4333496,25.52300072,64.36233521,57.07333374,29.46999931,1.0,0
2021-09-28 20:40:00+00:00,0,0.0,0.0,0.0,20,1,0,533.3214111000001,25.51321411,64.0267868,55.33214188,29.7321434,1.0,0
2021-09-28 20:45:00+00:00,0,0.0,0.0,0.0,20,1,0,533.9310303,25.50206947,63.82344818,59.34827423,31.80344772,1.0,0
2021-09-28 20:50:00+00:00,0,0.0,0.0,0.0,20,1,0,522.166687,25.57166672,63.64933395,49.52000046,32.38000107,1.0,0
2021-09-28 20:55:00+00:00,0,0.0,0.0,0.0,20,1,0,485.9666748,25.7203331,63.1883316,48.91999817,32.48666763,1.0,0
2021-09-28 21:00:00+00:00,0,0.0,0.0,0.0,21,1,0,455.9666748,25.93099976,67.10766602,48.43333435,32.90333176,1.0,0
2021-09-28 21:05:00+00:00,0,0.0,0.0,0.0,21,1,0,446.29998780000005,25.92200089,71.01766968,48.25,33.74333191,1.0,0
2021-09-28 21:10:00+00:00,0,0.0,0.0,0.0,21,1,0,433.0666809,25.70966721,67.70033264,48.47000122,34.06000137,1.0,0
2021-09-28 21:15:00+00:00,0,0.0,0.0,0.0,21,1,0,423.1000061000001,25.56966591,66.89299774,49.29000092,34.17333221,1.0,0
2021-09-28 21:20:00+00:00,0,0.0,0.0,0.0,21,1,0,418.0333252,25.87633324,69.77633667,48.59666824,31.18333244,1.0,0
2021-09-28 21:25:00+00:00,0,0.0,0.0,0.0,21,1,0,416.5333252,26.0253334,74.09366608,48.74333191,27.06333351,1.0,0
2021-09-28 21:30:00+00:00,0,0.0,0.0,0.0,21,1,0,415.4285583,25.67107201,70.49285889,47.98928452,29.6428566,1.0,0
2021-09-28 21:35:00+00:00,0,0.0,0.0,0.0,21,1,0,410.8999939,25.46933365,68.80500031,48.60666656,29.97999954,1.0,0
2021-09-28 21:40:00+00:00,0,0.0,0.0,0.0,21,1,0,406.3103333,25.75586128,72.98861694,48.15172577,29.79310417,1.0,0
2021-09-28 21:45:00+00:00,0,0.0,0.0,0.0,21,1,0,406.1666565,25.81800079,76.78399658,48.57333374,26.88999939,1.0,0
2021-09-28 21:50:00+00:00,0,0.0,0.0,0.0,21,1,0,404.6333313,25.45166588,72.74500275,48.61666489,29.48333359,1.0,0
2021-09-28 21:55:00+00:00,0,0.0,0.0,0.0,21,1,0,403.9666748,25.31833267,73.09300232,48.43000031,30.15999985,1.0,0
2021-09-28 22:00:00+00:00,0,0.0,0.0,0.0,22,1,0,402.3999939,25.71933365,75.48633575,47.73333359,31.67666626,1.0,0
2021-09-28 22:05:00+00:00,0,0.0,0.0,0.0,22,1,0,404.9333191,25.58833313,72.94633484,49.01333237,32.16999817,1.0,0
2021-09-28 22:10:00+00:00,0,0.0,0.0,0.0,22,1,0,405.6333313,25.49866676,75.19433594,48.13999939,31.56999969,1.0,0
2021-09-28 22:15:00+00:00,0,0.0,0.0,0.0,22,1,0,413.6333313,25.67900085,76.2353363,48.66666794,30.80666733,1.0,0
2021-09-28 22:20:00+00:00,0,0.0,0.0,0.0,22,1,0,415.0,25.51321411,73.24642944,47.98571396,31.20714378,1.0,0
2021-09-28 22:25:00+00:00,0,0.0,0.0,0.0,22,1,0,415.9333191,25.70899963,75.98332977,48.04000092,29.90333366,1.0,0
2021-09-28 22:30:00+00:00,0,0.0,0.0,0.0,22,1,0,417.7930908,25.68034554,74.03344727,48.03448105,32.63448334,1.0,0
2021-09-28 22:35:00+00:00,0,0.0,0.0,0.0,22,1,0,414.3333435,25.59499931,75.17700195,48.90000153,32.7733345,1.0,0
2021-09-28 22:40:00+00:00,0,0.0,0.0,0.0,22,1,0,419.0666809,25.78766632,76.63999939,47.87333298,32.38666534,1.0,0
2021-09-28 22:45:00+00:00,0,0.0,0.0,0.0,22,1,0,422.1333313,25.32866669,73.68533325,48.45666504,32.05666733,1.0,0
2021-09-28 22:50:00+00:00,0,0.0,0.0,0.0,22,1,0,418.6333313,25.13299942,73.82833099,48.35333252,33.4366684,1.0,0
2021-09-28 22:55:00+00:00,0,0.0,0.0,0.0,22,1,0,418.8666687,25.65833282,75.13066864,48.5233345,33.9766655,1.0,0
2021-09-28 23:00:00+00:00,0,0.0,0.0,0.0,23,1,0,416.4666748,25.67433357,74.18066406,48.07333374,33.64666748,1.0,0
2021-09-28 23:05:00+00:00,0,0.0,0.0,0.0,23,1,0,414.7999878,25.51666641,74.29233551,48.43000031,33.58000183,1.0,0
2021-09-28 23:10:00+00:00,0,0.0,0.0,0.0,23,1,0,417.8666687,25.90299988,76.09066772,47.87333298,30.46666718,1.0,0
2021-09-28 23:15:00+00:00,0,0.0,0.0,0.0,23,1,0,418.6785583,25.62535667,73.89071655,47.96071243,32.09285736,1.0,0
2021-09-28 23:20:00+00:00,0,0.0,0.0,0.0,23,1,0,417.5333252,25.64266586,75.65233612,48.28666687,31.86000061,1.0,0
2021-09-28 23:25:00+00:00,0,0.0,0.0,0.0,23,1,0,413.8275757,25.84896469,75.90896606,48.87586212,30.56896591,1.0,0
2021-09-28 23:30:00+00:00,0,0.0,0.0,0.0,23,1,0,410.4333191,25.55200005,73.88266754,48.08333206,33.77999878,1.0,0
2021-09-28 23:35:00+00:00,0,0.0,0.0,0.0,23,1,0,411.0,25.70599937,75.85266876,48.8133316,34.57333374,1.0,0
2021-09-28 23:40:00+00:00,0,0.0,0.0,0.0,23,1,0,413.7666626,25.86133385,76.23166656,48.22999954,32.53333282,1.0,0
2021-09-28 23:45:00+00:00,0,0.0,0.0,0.0,23,1,0,413.7000122,25.52066612,74.89800262,48.58000183,34.29333496,1.0,0
2021-09-28 23:50:00+00:00,0,0.0,0.0,0.0,23,1,0,414.5666809,25.66233253,78.17500305,48.63666534,31.93666649,1.0,0
2021-09-28 23:55:00+00:00,0,0.0,0.0,0.0,23,1,0,418.2000122,25.7670002,76.26000214,49.98666763,45.98666763,1.0,0
2021-09-29 00:00:00+00:00,0,0.0,0.0,0.0,0,2,0,421.93331910000006,25.4556675,74.24933624,52.48666763,88.08999634,1.0,0
2021-09-29 00:05:00+00:00,0,0.0,0.0,0.0,0,2,0,429.6071472,25.88464355,76.39142609,51.13214111,82.34999847,1.0,0
2021-09-29 00:10:00+00:00,0,0.0,0.0,0.0,0,2,0,433.8666687,25.65800095,74.16300201,54.40333176,84.65333557,1.0,0
2021-09-29 00:15:00+00:00,0,0.0,0.0,0.0,0,2,0,439.0689697,25.57448196,74.00379181,53.5,87.31378937,1.0,0
2021-09-29 00:20:00+00:00,0,0.0,0.0,0.0,0,2,0,439.2666626,25.83533287,75.79166412,55.54333496,85.1333313,1.0,0
2021-09-29 00:25:00+00:00,0,0.0,0.0,0.0,0,2,0,438.7000122,25.62899971,73.03966522,56.10666656,82.80666351,1.0,0
2021-09-29 00:30:00+00:00,0,0.0,0.0,0.0,0,2,0,448.43331910000006,25.99866676,74.1823349,54.76666641,74.95999908,1.0,0
2021-09-29 00:35:00+00:00,0,0.0,0.0,0.0,0,2,0,449.9666748,25.75799942,73.43466949,57.11666489,73.80666351,1.0,1
2021-09-29 00:40:00+00:00,0,0.0,0.0,0.0,0,2,0,451.1000061000001,25.53366661,72.08000183,54.85333252,75.22666931,1.0,1
2021-09-29 00:45:00+00:00,0,0.0,0.0,0.0,0,2,0,457.43331910000006,26.02066612,73.52266693,56.82333374,72.37000275,1.0,3
2021-09-29 00:50:00+00:00,0,0.0,0.0,0.0,0,2,0,460.93331910000006,25.77599907,72.91100311,55.96333313,71.91999817,1.0,9
2021-09-29 00:55:00+00:00,0,0.0,0.0,0.0,0,2,0,462.2857056,25.50749969,70.99356842,57.2321434,72.41785431,1.0,11
2021-09-29 01:00:00+00:00,0,0.0,0.0,0.0,1,2,0,462.2666626,25.4956665,70.7583313,54.97999954,74.71333313,1.0,16
2021-09-29 01:05:00+00:00,0,0.0,0.0,0.0,1,2,0,464.1666565,26.06166649,72.91999817,53.95333481,75.74666595,1.0,18
2021-09-29 01:10:00+00:00,0,0.0,0.0,0.0,1,2,0,464.8620605,25.74724197,72.12000275,54.5,77.59654999,1.0,19
2021-09-29 01:15:00+00:00,0,0.0,0.0,0.0,1,2,0,464.1666565,25.58099937,70.07933044,54.90666579999999,77.88999939,1.0,19
2021-09-29 01:20:00+00:00,0,0.0,0.0,0.0,1,2,0,464.0645142,25.7432251,71.81838989,57.22903061,77.94838715,1.0,19
2021-09-29 01:25:00+00:00,0,0.0,0.0,0.0,1,2,0,471.1333313,26.04199982,75.44233704,54.43333435,74.70999908,1.0,19
2021-09-29 01:30:00+00:00,0,0.0,0.0,0.0,1,2,0,466.93331910000006,25.74099922,72.22499847,58.92333221,77.91333008,1.0,19
2021-09-29 01:35:00+00:00,0,0.0,0.0,0.0,1,2,0,464.1666565,25.52700043,71.03366852,49.46666718,25.6566658,1.0,19
2021-09-29 01:40:00+00:00,0,0.0,0.0,0.0,1,2,0,457.1333313,25.99666595,73.45633698,48.70333481,21.2733326,1.0,19
2021-09-29 01:45:00+00:00,0,0.0,0.0,0.0,1,2,0,452.0666809,25.95666695,75.05066681,48.86333466,18.67666626,1.0,19
2021-09-29 01:50:00+00:00,0,0.0,0.0,0.0,1,2,0,443.7857056,25.51749992,72.27536011,48.04999924,15.06785679,1.0,19
2021-09-29 01:55:00+00:00,0,0.0,0.0,0.0,1,2,0,441.5333252,26.02866745,73.83100128,48.31666565,37.09999847,1.0,19
2021-09-29 02:00:00+00:00,0,0.0,0.0,0.0,2,2,0,442.1034546,26.16448212,76.50689697,48.45517349,39.49310303,1.0,19
2021-09-29 02:05:00+00:00,0,0.0,0.0,0.0,2,2,0,444.93331910000006,25.87000084,72.16366577,48.56999969,40.73333359,2.0,19
2021-09-29 02:10:00+00:00,0,0.0,0.0,0.0,2,2,0,444.0333252,25.86199951,70.60366821,49.83000183,39.58000183,2.0,18
2021-09-29 02:15:00+00:00,0,0.0,0.0,0.0,2,2,0,443.8333435,26.1693325,74.33933258,50.36333466,34.79000092,2.0,19
2021-09-29 02:20:00+00:00,0,0.0,0.0,0.0,2,2,0,445.7000122,26.02099991,75.35766602,50.70333481,33.45000076,2.0,19
2021-09-29 02:25:00+00:00,0,0.0,0.0,0.0,2,2,0,446.3333435,25.49833298,72.77466583,49.91333389,34.84666824,2.0,19
2021-09-29 02:30:00+00:00,0,0.0,0.0,0.0,2,2,0,447.6000061000001,25.5593338,76.42466736,49.33666611,33.39666748,2.0,19
2021-09-29 02:35:00+00:00,1,0.0,0.0,0.0,2,2,0,450.0333252,25.68366623,79.52466583,49.83666611,30.08666611,1.0,19
2021-09-29 02:40:00+00:00,1,0.0,0.0,0.0,2,2,0,445.0357056,25.27571487,75.58249664,49.24285889,32.16428757,1.0,19
2021-09-29 02:45:00+00:00,3,0.0,0.0,0.0,2,2,0,444.0333252,25.38233376,77.21833038,50.44666672,31.86666679,3.0,10
2021-09-29 02:50:00+00:00,9,0.0,0.0,0.0,2,2,0,445.3666687,25.55400085,78.94400024,49.65999985,30.74333382,6.0,3
2021-09-29 02:55:00+00:00,11,0.0,0.0,0.0,2,2,0,440.0,25.19861984,74.78965759,49.73103333,31.28275871,9.0,1
2021-09-29 03:00:00+00:00,16,0.0,0.0,0.0,3,2,0,440.5666809,25.24666595,76.64066315,49.46666718,31.26000023,10.0,1
2021-09-29 03:05:00+00:00,18,1.0,0.0,0.0,3,2,0,438.3333435,25.53633308,78.87566376,50.0233345,31.30666733,13.0,1
2021-09-29 03:10:00+00:00,19,1.0,0.0,0.0,3,2,0,448.1000061000001,25.25466728,75.36533356,49.43999863,31.26000023,10.0,1
2021-09-29 03:15:00+00:00,19,3.0,0.0,0.0,3,2,0,443.8666687,25.44099998,77.67166901,48.59999847,31.20666695,15.0,1
2021-09-29 03:20:00+00:00,19,9.0,0.0,0.0,3,2,0,442.0666809,25.50066757,78.60933685,49.03333282,31.06999969,11.0,0
2021-09-29 03:25:00+00:00,19,11.0,0.0,0.0,3,2,0,445.79998780000005,25.2310009,74.78600311,48.93000031,31.27000046,13.0,0
2021-09-29 03:30:00+00:00,19,16.0,0.0,0.0,3,2,0,444.0357056,25.43571472,77.31500244,48.96785736,31.12857056,10.0,0
2021-09-29 03:35:00+00:00,19,18.0,1.0,0.0,3,2,0,442.3999938999999,25.47933388,78.23500061,49.25666809,30.5933342,14.0,0
2021-09-29 03:40:00+00:00,19,19.0,1.0,0.0,3,2,0,445.4666748,25.20499992,75.37133026,48.48333359,31.29999924,8.0,0
2021-09-29 03:45:00+00:00,19,19.0,3.0,0.0,3,2,0,442.6896666999999,25.51000023,78.46310425,48.85517120000001,30.927585600000004,10.0,0
2021-09-29 03:50:00+00:00,19,19.0,9.0,0.0,3,2,0,438.7666626,25.42399979,77.38233185,48.17666626,30.71666718,9.0,0
2021-09-29 03:55:00+00:00,19,19.0,11.0,0.0,3,2,0,438.0666809,25.20299911,76.33166504,48.84999847,31.12999916,10.0,0
2021-09-29 04:00:00+00:00,19,19.0,16.0,0.0,4,2,0,438.0666809,25.57866669,79.32866669,49.08666611,29.66666603,9.0,0
2021-09-29 04:05:00+00:00,19,19.0,18.0,0.0,4,2,0,435.3666687,25.26533318,76.89833069,48.37333298,31.29333305,9.0,0
2021-09-29 04:10:00+00:00,18,19.0,19.0,0.0,4,2,0,432.5666809,25.27799988,77.22699738,47.86999893,31.25666618,11.0,0
2021-09-29 04:15:00+00:00,19,19.0,19.0,0.0,4,2,0,432.8666687,25.55433273,79.83032990000001,48.66666794,29.87000084,12.0,0
2021-09-29 04:20:00+00:00,19,19.0,19.0,0.0,4,2,0,432.0357056,25.20821381,76.5221405,48.50714111,31.1071434,9.0,0
2021-09-29 04:25:00+00:00,19,19.0,19.0,0.0,4,2,0,429.7666626,25.27099991,78.19733429,48.16333389,31.08666611,12.0,0
2021-09-29 04:30:00+00:00,19,19.0,19.0,0.0,4,2,0,427.6333313,25.53333282,79.89866638,48.63333511,30.28666687,11.0,0
2021-09-29 04:35:00+00:00,19,19.0,19.0,1.0,4,2,0,433.2758484,25.15241432,76.5689621,48.08620834,31.20689583,12.0,1
2021-09-29 04:40:00+00:00,19,18.0,19.0,1.0,4,2,0,430.7333374,25.36700058,78.91967009999999,48.63999939,31.17333412,10.0,1
2021-09-29 04:45:00+00:00,10,19.0,19.0,3.0,4,2,0,430.6333313,25.43600082,79.32333374,47.86999893,31.08666611,10.0,1
2021-09-29 04:50:00+00:00,3,19.0,19.0,9.0,4,2,0,430.5333252,25.10466576,76.00900269,47.66333389,31.296667100000004,16.0,1
2021-09-29 04:55:00+00:00,1,19.0,19.0,11.0,4,2,0,433.43331910000006,25.35000038,78.7456665,47.75333405,31.2733326,2.0,1
2021-09-29 05:00:00+00:00,1,19.0,19.0,16.0,5,2,0,438.3999938999999,25.46966743,80.43733215,48.00666809,30.97333336,2.0,1
2021-09-29 05:05:00+00:00,1,19.0,19.0,18.0,5,2,0,446.0,25.18366623,76.42633057,48.18999863,31.10333252,1.0,1
2021-09-29 05:10:00+00:00,1,19.0,18.0,19.0,5,2,0,444.8666687,25.39500046,78.65699768,48.68000031,31.11000061,1.0,1
2021-09-29 05:15:00+00:00,1,10.0,19.0,19.0,5,2,0,448.4285583000001,25.39642906,79.256073,48.18571472,30.1607151,1.0,1
2021-09-29 05:20:00+00:00,0,3.0,19.0,19.0,5,2,0,451.1333313,25.14333344,75.97533417,47.91666794,31.12000084,1.0,0
2021-09-29 05:25:00+00:00,0,1.0,19.0,19.0,5,2,0,443.8666687,25.31033325,79.34999847,47.02000046,31.25,1.0,0
2021-09-29 05:30:00+00:00,0,1.0,19.0,19.0,5,2,0,445.6896666999999,25.56172371,81.68896484,46.71724319,29.42413712,1.0,0
2021-09-29 05:35:00+00:00,0,1.0,19.0,19.0,5,2,0,445.8999938999999,25.76966667,84.17199707,46.78666687,27.37999916,1.0,0
2021-09-29 05:40:00+00:00,0,1.0,19.0,19.0,5,2,0,441.1666565,25.9489994,86.48799896,46.38000107,27.30999947,1.0,0
2021-09-29 05:45:00+00:00,0,1.0,10.0,19.0,5,2,0,438.6000061000001,25.98666573,86.05599976,46.29333496,27.13999939,1.0,1
2021-09-29 05:50:00+00:00,0,0.0,3.0,19.0,5,2,0,435.29998780000005,26.04833412,85.44000244,47.1866684,21.81666756,1.0,1
2021-09-29 05:55:00+00:00,0,0.0,1.0,19.0,5,2,0,439.6000061000001,26.10533333,84.79266357,46.64333344,22.95666695,1.0,1
2021-09-29 06:00:00+00:00,0,0.0,1.0,19.0,6,2,0,443.29998780000005,26.09633255,84.63933563,47.6866684,52.18000031,1.0,3
2021-09-29 06:05:00+00:00,0,0.0,1.0,19.0,6,2,0,445.9285583000001,26.15285683,84.3735733,46.77500153,51.82857132,1.0,1
2021-09-29 06:10:00+00:00,0,0.0,1.0,18.0,6,2,0,446.0666809,26.16233253,84.31933594,47.13333511,51.77666855,1.0,1
2021-09-29 06:15:00+00:00,0,0.0,1.0,19.0,6,2,0,448.7000122,26.24433327,84.06700134,46.95999908,51.72999954,1.0,1
2021-09-29 06:20:00+00:00,0,0.0,0.0,19.0,6,2,0,448.3793030000001,26.33172417,83.84103394,48.08965683,51.62413788,1.0,2
2021-09-29 06:25:00+00:00,0,0.0,0.0,19.0,6,2,0,450.8666687,26.39500046,83.71233368,48.03666687,51.65000153,1.0,3
2021-09-29 06:30:00+00:00,0,0.0,0.0,19.0,6,2,0,458.0333252,26.41399956,83.81632996,48.41333389,51.63666534,1.0,3
2021-09-29 06:35:00+00:00,1,0.0,0.0,19.0,6,2,0,459.3666687,26.43466759,83.85900116,48.62333298,51.56666565,2.0,3
2021-09-29 06:40:00+00:00,1,0.0,0.0,19.0,6,2,0,462.2000122,26.48233414,83.81466675,47.97000122,51.40000153,2.0,3
2021-09-29 06:45:00+00:00,1,0.0,0.0,10.0,6,2,0,465.8666687,26.4936676,84.06866455,47.51333237,34.38000107,1.0,4
2021-09-29 06:50:00+00:00,1,0.0,0.0,3.0,6,2,0,466.4666748,26.47233391,84.21900177,46.37666702,0.0,2.0,4
2021-09-29 06:55:00+00:00,1,0.0,0.0,1.0,6,2,0,467.1071472,26.44285774,84.36535645,45.90357208,0.0,1.0,4
2021-09-29 07:00:00+00:00,1,0.0,0.0,1.0,7,2,0,464.1666565,26.43266678,84.49099731,46.67666626,0.0,1.0,4
2021-09-29 07:05:00+00:00,1,1.0,0.0,1.0,7,2,0,465.2000122,26.40966606,84.6103363,46.43333435,0.0,1.0,4
2021-09-29 07:10:00+00:00,1,1.0,0.0,1.0,7,2,0,464.7000122,26.40933418,84.62799835,46.4066658,0.0,2.0,4
2021-09-29 07:15:00+00:00,1,1.0,0.0,1.0,7,2,0,462.5517273,26.40275955,84.66586304,45.95517349,0.0,1.0,4
2021-09-29 07:20:00+00:00,0,1.0,0.0,0.0,7,2,0,460.1333313,26.576334000000003,83.99233246,47.31000137,0.0,2.0,4
2021-09-29 07:25:00+00:00,0,1.0,0.0,0.0,7,2,0,459.29998780000005,26.57600021,84.1293335,46.11999893,0.0,2.0,4
2021-09-29 07:30:00+00:00,0,1.0,0.0,0.0,7,2,0,459.0333252,26.55699921,84.22933197,46.15999985,0.0,1.0,4
2021-09-29 07:35:00+00:00,0,1.0,1.0,0.0,7,2,0,456.3999938999999,26.57799911,84.20633698,46.08666611,0.0,1.0,0
2021-09-29 07:40:00+00:00,0,1.0,1.0,0.0,7,2,0,452.93331910000006,26.57866669,84.21733093,46.29000092,0.0,1.0,1
2021-09-29 07:45:00+00:00,1,1.0,1.0,0.0,7,2,0,449.3333435,26.52733421,84.47933197,46.1566658,0.0,2.0,1
2021-09-29 07:50:00+00:00,1,0.0,1.0,0.0,7,2,0,452.0714416999999,26.59107208,84.26678467,45.6428566,0.0,1.0,1
2021-09-29 07:55:00+00:00,1,0.0,1.0,0.0,7,2,0,450.8333435,26.64666748,84.09500122,45.9066658,0.0,1.0,1
2021-09-29 08:00:00+00:00,3,0.0,1.0,0.0,8,2,0,449.2333374,26.77166748,83.54566956,45.95333481,0.0,4.0,1
2021-09-29 08:05:00+00:00,1,0.0,1.0,0.0,8,2,0,449.5517273,26.85068893,83.27172089,45.80689621,0.0,3.0,1
2021-09-29 08:10:00+00:00,1,0.0,1.0,0.0,8,2,0,450.29998780000005,26.82433319,83.54966736,46.22999954,0.0,5.0,1
2021-09-29 08:15:00+00:00,1,1.0,1.0,0.0,8,2,0,446.9666748,26.90533257,83.194664,45.86999893,0.0,4.0,1
2021-09-29 08:20:00+00:00,2,1.0,0.0,0.0,8,2,0,446.6333313,26.97999954,82.98366547,45.89333344,0.0,2.0,1
2021-09-29 08:25:00+00:00,3,1.0,0.0,0.0,8,2,0,452.8999938999999,26.95233345,83.16999817,46.05666733,0.0,3.0,1
2021-09-29 08:30:00+00:00,3,3.0,0.0,0.0,8,2,0,447.1935425,26.97548294,83.11967468,45.83548355,0.0,4.0,1
2021-09-29 08:35:00+00:00,3,1.0,0.0,1.0,8,2,0,442.1333313,26.9936676,83.0676651,46.12666702,0.0,3.0,1
2021-09-29 08:40:00+00:00,3,1.0,0.0,1.0,8,2,0,438.75,26.96500015,83.24893188,45.81071472,0.0,3.0,1
2021-09-29 08:45:00+00:00,4,1.0,1.0,1.0,8,2,0,439.3666687,27.02066612,83.31400299,45.95666504,0.0,3.0,1
2021-09-29 08:50:00+00:00,4,2.0,1.0,1.0,8,2,0,440.5666809,27.07966614,83.02466583,45.88999939,0.0,2.0,1
2021-09-29 08:55:00+00:00,4,3.0,1.0,1.0,8,2,0,437.1000061000001,27.16699982,82.68266296,45.80666733,0.0,4.0,1
2021-09-29 09:00:00+00:00,4,3.0,3.0,1.0,9,2,0,441.1034546,27.05896568,83.2124176,46.09654999,0.0,1.0,1
2021-09-29 09:05:00+00:00,4,3.0,1.0,1.0,9,2,0,438.8333435,27.05966759,83.19100189,45.9066658,0.0,1.0,1
2021-09-29 09:10:00+00:00,4,3.0,1.0,1.0,9,2,0,438.7666626,27.0720005,83.22833252,46.13666534,0.0,4.0,1
2021-09-29 09:15:00+00:00,4,4.0,1.0,1.0,9,2,0,435.7666626,27.08366585,83.36166382,45.89333344,0.0,3.0,1
2021-09-29 09:20:00+00:00,4,4.0,2.0,0.0,9,2,0,436.1333313,27.08133316,83.40333557,45.88000107,0.0,3.0,1
2021-09-29 09:25:00+00:00,4,4.0,3.0,0.0,9,2,0,434.7666626,27.11666679,83.31700134,45.93999863,0.0,5.0,1
2021-09-29 09:30:00+00:00,4,4.0,3.0,0.0,9,2,0,434.7857056,27.10857201,83.34928894,45.66785812,0.0,3.0,1
2021-09-29 09:35:00+00:00,0,4.0,3.0,0.0,9,2,0,432.5333252,27.10566711,83.49099731,45.85666656,0.0,5.0,1
2021-09-29 09:40:00+00:00,1,4.0,3.0,0.0,9,2,0,432.0666809,27.14666748,83.25033569,45.86333466,0.0,1.0,1
2021-09-29 09:45:00+00:00,1,4.0,4.0,1.0,9,2,0,431.7666626,27.1609993,83.38632965,45.83666611,0.0,1.0,1
2021-09-29 09:50:00+00:00,1,4.0,4.0,1.0,9,2,0,430.1724243,27.17034531,83.24586487,46.05172348,0.0,1.0,1
2021-09-29 09:55:00+00:00,1,4.0,4.0,1.0,9,2,0,428.5666809,27.2266674,83.15933228,45.87666702,0.0,1.0,1
2021-09-29 10:00:00+00:00,1,4.0,4.0,3.0,10,2,0,430.5333252,27.22333336,83.27566528,46.05333328,0.0,1.0,1
2021-09-29 10:05:00+00:00,1,0.0,4.0,1.0,10,2,0,430.2666626,27.22400093,83.24466705,45.93000031,0.0,1.0,1
2021-09-29 10:10:00+00:00,1,1.0,4.0,1.0,10,2,0,432.6333313,27.24133301,83.19599915,45.98333359,0.0,2.0,1
2021-09-29 10:15:00+00:00,1,1.0,4.0,1.0,10,2,0,432.8333435,27.21800041,83.34733582,45.79666519,0.0,2.0,1
2021-09-29 10:20:00+00:00,1,1.0,4.0,2.0,10,2,0,432.5,27.22200012,83.45500183,45.90000153,0.0,1.0,1
2021-09-29 10:25:00+00:00,1,1.0,4.0,3.0,10,2,0,428.5714416999999,27.27750015,83.23428345,45.63214111,0.0,1.0,1
2021-09-29 10:30:00+00:00,1,1.0,4.0,3.0,10,2,0,426.8999938999999,27.23600006,83.37200165,45.92666626,0.0,1.0,1
2021-09-29 10:35:00+00:00,1,1.0,0.0,3.0,10,2,0,430.5666809,27.23366737,83.45400238,45.88666534,0.0,1.0,1
2021-09-29 10:40:00+00:00,1,1.0,1.0,3.0,10,2,0,429.6333313,27.34866714,83.11766815,45.91999817,0.0,1.0,1
2021-09-29 10:45:00+00:00,1,1.0,1.0,4.0,10,2,0,431.758606,27.31448364,83.24482727,45.9758606,0.0,2.0,1
2021-09-29 10:50:00+00:00,1,1.0,1.0,4.0,10,2,0,428.0333252,27.29400063,83.39900208,45.80333328,0.0,3.0,1
2021-09-29 10:55:00+00:00,1,1.0,1.0,4.0,10,2,0,430.0,27.30400085,83.45433044,45.84000015,0.0,1.0,1
2021-09-29 11:00:00+00:00,1,1.0,1.0,4.0,11,2,0,432.0666809,27.33099937,83.35033417,46.04000092,0.0,1.0,1
2021-09-29 11:05:00+00:00,1,1.0,1.0,4.0,11,2,0,432.43331910000006,27.37199974,83.29166412,46.06666565,0.0,1.0,1
2021-09-29 11:10:00+00:00,1,1.0,1.0,4.0,11,2,0,431.6333313,27.31466675,83.68099976,46.1566658,0.0,1.0,1
2021-09-29 11:15:00+00:00,1,1.0,1.0,4.0,11,2,0,428.9642944,27.35214233,83.50285339,45.76428604,0.0,1.0,1
2021-09-29 11:20:00+00:00,1,1.0,1.0,4.0,11,2,0,428.3333435,27.35266685,83.52833557,45.86666489,0.0,1.0,1
2021-09-29 11:25:00+00:00,1,1.0,1.0,4.0,11,2,0,424.7000122,27.31266594,83.82199859999999,46.15333176,0.0,1.0,0
2021-09-29 11:30:00+00:00,1,1.0,1.0,4.0,11,2,0,426.2333374,27.32966614,83.96333313,46.20666504,0.0,1.0,0
2021-09-29 11:35:00+00:00,1,1.0,1.0,0.0,11,2,0,427.3103333000001,27.30482674,84.10103607,46.09999847,0.0,1.0,0
2021-09-29 11:40:00+00:00,1,1.0,1.0,1.0,11,2,0,427.1666565,27.22500038,84.53500366,46.14333344,0.0,1.0,0
2021-09-29 11:45:00+00:00,1,1.0,1.0,1.0,11,2,0,424.7000122,27.27499962,84.38866425,46.55333328,0.0,1.0,0
2021-09-29 11:50:00+00:00,1,1.0,1.0,1.0,11,2,0,426.1666565,27.27700043,84.48400116,47.86666489,0.0,1.0,1
2021-09-29 11:55:00+00:00,1,1.0,1.0,1.0,11,2,0,426.7666626,27.315666200000003,84.3686676,47.02000046,0.0,1.0,1
2021-09-29 12:00:00+00:00,1,1.0,1.0,1.0,12,2,0,427.5333252,27.32500076,84.25866699,46.28666687,0.0,1.0,1
2021-09-29 12:05:00+00:00,1,1.0,1.0,1.0,12,2,0,428.2857056,27.31571388,84.38285828,46.13214111,0.0,1.0,1
2021-09-29 12:10:00+00:00,1,1.0,1.0,1.0,12,2,0,427.5333252,27.31900024,84.34233093,46.02000046,0.0,1.0,1
2021-09-29 12:15:00+00:00,1,1.0,1.0,1.0,12,2,0,428.1333313,27.28466606,84.48166656,46.16333389,0.0,1.0,1
2021-09-29 12:20:00+00:00,1,1.0,1.0,1.0,12,2,0,427.2333374,27.25966644,84.61066437,46.04999924,0.0,1.0,1
2021-09-29 12:25:00+00:00,1,1.0,1.0,1.0,12,2,0,429.1333313,27.27199936,84.57266998,46.3133316,0.0,1.0,1
2021-09-29 12:30:00+00:00,1,1.0,1.0,1.0,12,2,0,426.0344849,27.31103516,84.63861847,46.58275986,0.0,1.0,1
2021-09-29 12:35:00+00:00,1,1.0,1.0,1.0,12,2,0,427.7333374,27.3306675,84.81266785,46.40000153,0.0,1.0,1
2021-09-29 12:40:00+00:00,1,1.0,1.0,1.0,12,2,0,425.8333435,27.31633377,85.11633301,47.31000137,0.0,1.0,1
2021-09-29 12:45:00+00:00,1,1.0,1.0,1.0,12,2,0,425.3999938999999,27.35466576,85.35233307,47.51333237,0.0,1.0,1
2021-09-29 12:50:00+00:00,1,1.0,1.0,1.0,12,2,0,430.0333252,27.38366699,85.47533417,49.3433342,0.0,1.0,0
2021-09-29 12:55:00+00:00,1,1.0,1.0,1.0,12,2,0,432.8965454,27.41206932,85.62999725,50.06896591,0.0,1.0,0
2021-09-29 13:00:00+00:00,1,1.0,1.0,1.0,13,2,0,430.3103333000001,27.43068886,85.6244812,48.49655151,0.0,1.0,0
2021-09-29 13:05:00+00:00,1,1.0,1.0,1.0,13,2,0,426.6000061000001,27.34499931,85.99966431,48.7266655,0.0,1.0,0
2021-09-29 13:10:00+00:00,1,1.0,1.0,1.0,13,2,0,429.1666565,27.32500076,86.12366486,47.54666519,0.0,1.0,0
2021-09-29 13:15:00+00:00,1,1.0,1.0,1.0,13,2,0,430.7666626,27.417333600000003,85.99199677,47.75666809,0.0,1.0,0
2021-09-29 13:20:00+00:00,1,1.0,1.0,1.0,13,2,0,431.2758484,27.3272419,86.39896393,48.24827576,0.0,1.0,0
2021-09-29 13:25:00+00:00,0,1.0,1.0,1.0,13,2,0,435.3999938999999,27.34566689,86.48166656,46.9766655,0.0,1.0,0
2021-09-29 13:30:00+00:00,0,1.0,1.0,1.0,13,2,0,433.4666748,27.37433243,86.4343338,46.88666534,0.0,1.0,0
2021-09-29 13:35:00+00:00,0,1.0,1.0,1.0,13,2,0,431.79998780000005,27.34633255,86.68599701,47.23333359,0.0,1.0,0
2021-09-29 13:40:00+00:00,0,1.0,1.0,1.0,13,2,0,435.2333374,27.33433342,86.73000336,46.92333221,0.0,1.0,0
2021-09-29 13:45:00+00:00,0,1.0,1.0,1.0,13,2,0,430.4666748,27.34833336,86.67933655,46.96666718,0.0,1.0,0
2021-09-29 13:50:00+00:00,1,1.0,1.0,1.0,13,2,0,432.0714416999999,27.33107185,86.64107513,46.80356979,0.0,1.0,0
2021-09-29 13:55:00+00:00,1,0.0,1.0,1.0,13,2,0,431.43331910000006,27.38533401,86.40433502,46.84000015,0.0,1.0,0
2021-09-29 14:00:00+00:00,1,0.0,1.0,1.0,14,2,0,428.1000061000001,27.38999939,86.16633606,47.14666748,0.0,1.0,0
2021-09-29 14:05:00+00:00,1,0.0,1.0,1.0,14,2,0,426.5,27.30800056,86.32766724,47.13666534,0.0,1.0,0
2021-09-29 14:10:00+00:00,1,0.0,1.0,1.0,14,2,0,429.7666626,27.30666733,86.29799652,47.1866684,0.0,1.0,0
2021-09-29 14:15:00+00:00,1,0.0,1.0,1.0,14,2,0,429.4137878,27.37896538,85.98965454,47.17241287,0.0,1.0,0
2021-09-29 14:20:00+00:00,1,1.0,1.0,1.0,14,2,0,425.8666687,27.31399918,86.08300018,47.2266655,0.0,1.0,0
2021-09-29 14:25:00+00:00,1,1.0,0.0,1.0,14,2,0,426.93331910000006,27.31433296,85.95099640000001,47.81000137,0.0,1.0,0
2021-09-29 14:30:00+00:00,1,1.0,0.0,1.0,14,2,0,426.6000061000001,27.32566643,85.73166656,47.63333511,0.0,1.0,0
2021-09-29 14:35:00+00:00,1,1.0,0.0,1.0,14,2,0,423.0333252,27.34499931,85.48066711,47.66666794,0.0,1.0,0
2021-09-29 14:40:00+00:00,1,1.0,0.0,1.0,14,2,0,422.0714416999999,27.30964279,85.506073,47.63571548,0.0,2.0,0
2021-09-29 14:45:00+00:00,1,1.0,0.0,1.0,14,2,0,419.3999939,27.30433273,85.430336,47.81666565,0.0,1.0,0
2021-09-29 14:50:00+00:00,0,1.0,1.0,1.0,14,2,0,423.7333374,27.39466667,84.88166809,47.95333481,0.0,1.0,0
2021-09-29 14:55:00+00:00,0,1.0,1.0,1.0,14,2,0,423.43331910000006,27.32866669,84.94966888,47.77999878,0.0,1.0,0
2021-09-29 15:00:00+00:00,0,1.0,1.0,1.0,15,2,0,422.3666687,27.38199997,84.65266418,48.0633316,0.0,1.0,0
2021-09-29 15:05:00+00:00,0,1.0,1.0,1.0,15,2,0,421.8275757,27.32965469,84.59172058,49.00344849,0.0,1.0,0
2021-09-29 15:10:00+00:00,0,1.0,1.0,1.0,15,2,0,424.2666626,27.32766724,84.62999725,47.88000107,0.0,1.0,0
2021-09-29 15:15:00+00:00,0,1.0,1.0,1.0,15,2,0,426.8999938999999,27.30800056,84.66666412,49.02666855,0.0,1.0,0
2021-09-29 15:20:00+00:00,0,0.0,1.0,1.0,15,2,0,424.5666809,27.35066605,84.46900177,49.2733345,0.0,1.0,0
2021-09-29 15:25:00+00:00,0,0.0,1.0,0.0,15,2,0,422.0,27.36733246,84.35399628,47.93333435,0.0,1.0,0
2021-09-29 15:30:00+00:00,0,0.0,1.0,0.0,15,2,0,425.9642944,27.37714195,84.31321716,48.19643021,0.0,1.0,0
2021-09-29 15:35:00+00:00,0,0.0,1.0,0.0,15,2,0,431.7000122,27.24666595,79.16967009999999,48.52000046,0.0,1.0,0
2021-09-29 15:40:00+00:00,0,0.0,1.0,0.0,15,2,0,432.4666748,26.59499931,72.31400299,49.06999969,0.0,1.0,0
2021-09-29 15:45:00+00:00,0,0.0,1.0,0.0,15,2,0,435.9666748,26.07099915,68.71533203,48.84999847,0.0,1.0,0
2021-09-29 15:50:00+00:00,0,0.0,0.0,1.0,15,2,0,436.2000122,25.74699974,69.00466919,48.66666794,0.0,1.0,0
2021-09-29 15:55:00+00:00,0,0.0,0.0,1.0,15,2,0,435.2666626,25.87833405,69.11633301,48.78333282,0.0633333329999999,1.0,0
2021-09-29 16:00:00+00:00,0,0.0,0.0,1.0,16,2,0,438.5517273,25.81413841,68.98690033,48.79999924,0.282758623,1.0,0
2021-09-29 16:05:00+00:00,0,0.0,0.0,1.0,16,2,0,444.3333435,25.88466644,72.60399628,48.85333252,0.200000003,1.0,0
2021-09-29 16:10:00+00:00,0,0.0,0.0,1.0,16,2,0,447.5666809,25.97100067,72.41933441,48.77000046,0.300000012,1.0,0
2021-09-29 16:15:00+00:00,0,0.0,0.0,1.0,16,2,0,451.0,25.66966629,70.79799652,48.36333466,0.4433333279999999,1.0,0
2021-09-29 16:20:00+00:00,0,0.0,0.0,1.0,16,2,0,451.7333374,25.70266724,72.86066437,48.47333145,1.120000005,1.0,0
2021-09-29 16:25:00+00:00,0,0.0,0.0,1.0,16,2,0,456.6071472,25.90357208,73.79964447,48.3928566,1.453571439,1.0,0
2021-09-29 16:30:00+00:00,0,0.0,0.0,1.0,16,2,0,453.29998780000005,25.68600082,71.20766449,49.05666733,2.086666584,1.0,0
2021-09-29 16:35:00+00:00,0,0.0,0.0,1.0,16,2,0,449.1000061000001,25.45299911,70.95766449,49.50333405,3.0166666510000004,1.0,0
2021-09-29 16:40:00+00:00,0,0.0,0.0,1.0,16,2,0,451.3333435,25.46100044,69.59967041,49.56666565,3.559999943,1.0,0
2021-09-29 16:45:00+00:00,0,0.0,0.0,1.0,16,2,0,448.7000122,25.50366592,72.31533051,49.12666702,3.283333302,1.0,0
2021-09-29 16:50:00+00:00,0,0.0,0.0,0.0,16,2,0,443.0344849,25.70517159,75.0182724,49.62068939,3.46896553,1.0,0
2021-09-29 16:55:00+00:00,0,0.0,0.0,0.0,16,2,0,445.2000122,25.48933411,71.92233276,49.58333206,5.003333569,1.0,0
2021-09-29 17:00:00+00:00,0,0.0,0.0,0.0,17,2,0,443.7000122,25.45199966,73.55633545,49.09666824,5.510000229,1.0,0
2021-09-29 17:05:00+00:00,0,0.0,0.0,0.0,17,2,0,450.0,25.74066734,76.86533356,49.11000061,4.130000114,1.0,0
2021-09-29 17:10:00+00:00,0,0.0,0.0,0.0,17,2,0,450.93331910000006,25.66699982,73.09833527,49.55333328,5.090000153,1.0,0
2021-09-29 17:15:00+00:00,0,0.0,0.0,0.0,17,2,0,447.2857056,25.45928574,73.58571625,48.6071434,5.407142639,1.0,0
2021-09-29 17:20:00+00:00,0,0.0,0.0,0.0,17,2,0,443.79998780000005,25.66466713,77.12000275,49.39666748,4.24333334,1.0,0
2021-09-29 17:25:00+00:00,0,0.0,0.0,0.0,17,2,0,442.2333374,25.64233398,74.28133392,49.29999924,5.106666565,1.0,0
2021-09-29 17:30:00+00:00,0,0.0,0.0,0.0,17,2,0,439.6000061000001,25.35333252,73.09100342,49.18999863,5.763333321,1.0,0
2021-09-29 17:35:00+00:00,0,0.0,0.0,0.0,17,2,0,442.0,25.45899963,75.30666351,48.85666656,6.199999809,1.0,0
2021-09-29 17:40:00+00:00,0,0.0,0.0,0.0,17,2,0,439.8965454,25.74206924,77.19654846,49.40345001,5.344827652,1.0,0
2021-09-29 17:45:00+00:00,0,0.0,0.0,0.0,17,2,0,440.2000122,25.50399971,73.03733063,49.57666779,6.570000172,1.0,0
2021-09-29 17:50:00+00:00,0,0.0,0.0,0.0,17,2,0,438.6000061000001,25.34933281,74.48666382,49.80666733,6.420000076,1.0,0
2021-09-29 17:55:00+00:00,0,0.0,0.0,0.0,17,2,0,434.8333435,25.66266632,77.85600281,49.48666763,5.753333569,1.0,0
2021-09-29 18:00:00+00:00,0,0.0,0.0,0.0,18,2,0,433.0666809,25.51833344,74.25066376,49.64666748,6.946666718,1.0,0
2021-09-29 18:05:00+00:00,0,0.0,0.0,0.0,18,2,0,430.3928528,25.46464348,76.13536072,48.54999924,7.053571224,1.0,0
2021-09-29 18:10:00+00:00,0,0.0,0.0,0.0,18,2,0,426.7333374,25.65366745,78.03099823,48.52999878,6.789999962,1.0,0
2021-09-29 18:15:00+00:00,0,0.0,0.0,0.0,18,2,0,427.2000122,25.47866631,74.78833008,48.47333145,7.103333472999999,1.0,0
2021-09-29 18:20:00+00:00,0,0.0,0.0,0.0,18,2,0,425.5,25.47933388,77.81500244,48.70333481,7.143333435,1.0,0
2021-09-29 18:25:00+00:00,0,0.0,0.0,0.0,18,2,0,426.5333252,25.67233276,77.34600067,48.81000137,6.773333549,1.0,0
2021-09-29 18:30:00+00:00,0,0.0,0.0,0.0,18,2,0,422.5,25.39766693,75.35033417,49.15999985,7.516666889,1.0,0
2021-09-29 18:35:00+00:00,0,0.0,0.0,0.0,18,2,0,422.3103333000001,25.52344894,78.43792725,48.80689621,7.503448486,1.0,0
2021-09-29 18:40:00+00:00,0,0.0,0.0,0.0,18,2,0,423.0,25.60833359,76.76633453,49.0233345,6.8000001910000005,1.0,0
2021-09-29 18:45:00+00:00,0,0.0,0.0,0.0,18,2,0,424.2000122,25.36000061,76.09466553,48.5933342,7.426666737000001,1.0,0
2021-09-29 18:50:00+00:00,0,0.0,0.0,0.0,18,2,0,423.9666748,25.60066605,78.1783371,48.52999878,7.210000037999999,1.0,0
2021-09-29 18:55:00+00:00,0,0.0,0.0,0.0,18,2,0,423.7333374,25.78666687,78.28800201,48.11999893,5.933333397,1.0,0
2021-09-29 19:00:00+00:00,0,0.0,0.0,0.0,19,2,0,422.6428528,25.41035652,75.8078537,48.2321434,9.074999809,1.0,0
2021-09-29 19:05:00+00:00,0,0.0,0.0,0.0,19,2,0,421.7666626,25.56699944,78.55033112,48.41666794,9.593333244,1.0,0
2021-09-29 19:10:00+00:00,0,0.0,0.0,0.0,19,2,0,420.79998780000005,25.71299934,79.50033569,48.19666672,8.126667023,1.0,0
2021-09-29 19:15:00+00:00,0,0.0,0.0,0.0,19,2,0,421.0333252,25.4470005,75.84866333,48.01666641,11.13333321,1.0,0
2021-09-29 19:20:00+00:00,0,0.0,0.0,0.0,19,2,0,419.0666809,25.44466591,77.94132996,48.47333145,12.08333302,1.0,0
2021-09-29 19:25:00+00:00,0,0.0,0.0,0.0,19,2,0,423.1724243,25.67206955,80.36862183,48.77931213,10.55862045,1.0,0
2021-09-29 19:30:00+00:00,0,0.0,0.0,0.0,19,2,0,427.29998780000005,25.59199905,76.37466431,48.1866684,13.63000011,1.0,0
2021-09-29 19:35:00+00:00,0,0.0,0.0,0.0,19,2,0,425.7666626,25.42266655,77.37166595,48.38666534,14.89999962,1.0,0
2021-09-29 19:40:00+00:00,0,0.0,0.0,0.0,19,2,0,429.0333252,25.59466743,80.31199646,48.80333328,13.65666676,1.0,0
2021-09-29 19:45:00+00:00,0,0.0,0.0,0.0,19,2,0,429.79998780000005,25.61933327,77.28866577,49.06666565,14.52666664,1.0,0
2021-09-29 19:50:00+00:00,0,0.0,0.0,0.0,19,2,0,425.1785583000001,25.48392868,76.77107239,48.58571243,15.56785679,1.0,0
2021-09-29 19:55:00+00:00,0,0.0,0.0,0.0,19,2,0,426.79998780000005,25.58766747,79.52733612,48.83333206,14.74666691,1.0,0
2021-09-29 20:00:00+00:00,0,0.0,0.0,0.0,20,2,0,424.6000061000001,25.5890007,77.72733307,49.43999863,14.05333328,1.0,0
2021-09-29 20:05:00+00:00,0,0.0,0.0,0.0,20,2,0,420.6333313,25.37733269,77.19499969,48.61999893,14.73666668,1.0,0
2021-09-29 20:10:00+00:00,0,0.0,0.0,0.0,20,2,0,420.9666748,25.60199928,80.46833038,48.52666855,11.79333305,1.0,0
2021-09-29 20:15:00+00:00,0,0.0,0.0,0.0,20,2,0,420.9666748,25.34933281,77.73266602,47.81000137,13.02000046,1.0,0
2021-09-29 20:20:00+00:00,0,0.0,0.0,0.0,20,2,0,418.8275757,25.25862122,75.94758606,48.52758789,12.213792800000002,1.0,0
2021-09-29 20:25:00+00:00,0,0.0,0.0,0.0,20,2,0,417.5666809,25.48066711,79.45066833,48.45999908,10.99333286,1.0,0
2021-09-29 20:30:00+00:00,0,0.0,0.0,0.0,20,2,0,422.1666565,25.59866714,82.75533295,47.92666626,7.096666813,1.0,0
2021-09-29 20:35:00+00:00,0,0.0,0.0,0.0,20,2,0,421.0666809,25.62566757,80.02833557,48.70333481,8.979999542,1.0,0
2021-09-29 20:40:00+00:00,0,0.0,0.0,0.0,20,2,0,420.6428528,25.40107155,76.03821564,48.40714264,11.82499981,1.0,0
2021-09-29 20:45:00+00:00,0,0.0,0.0,0.0,20,2,0,420.3333435,25.45433426,78.60299683,48.40999985,12.18000031,1.0,0
2021-09-29 20:50:00+00:00,0,0.0,0.0,0.0,20,2,0,421.3999938999999,25.71100044,79.31900024,48.36000061,10.10000038,1.0,0
2021-09-29 20:55:00+00:00,0,0.0,0.0,0.0,20,2,0,421.6333313,25.42833328,75.89566803,48.61333466,11.78999996,1.0,0
2021-09-29 21:00:00+00:00,0,0.0,0.0,0.0,21,2,0,423.2333374,25.47900009,77.70766449,48.54000092,11.26000023,1.0,0
2021-09-29 21:05:00+00:00,0,0.0,0.0,0.0,21,2,0,422.1333313,25.73666573,79.55133057,48.46333313,7.553333282,1.0,0
2021-09-29 21:10:00+00:00,0,0.0,0.0,0.0,21,2,0,419.241394,25.58172417,75.97689819,48.62413788,9.648276329,1.0,0
2021-09-29 21:15:00+00:00,0,0.0,0.0,0.0,21,2,0,418.5333252,25.34033394,77.54000092,48.45000076,10.11666679,1.0,0
2021-09-29 21:20:00+00:00,0,0.0,0.0,0.0,21,2,0,420.0,25.67099953,78.80300140000001,48.90999985,8.119999886,1.0,0
2021-09-29 21:25:00+00:00,0,0.0,0.0,0.0,21,2,0,421.2666626,25.65299988,77.93800354,48.79333496,8.556666374,1.0,0
2021-09-29 21:30:00+00:00,0,0.0,0.0,0.0,21,2,0,421.5517273,25.36482811,75.93621063,48.70344925,9.496551514,1.0,0
2021-09-29 21:35:00+00:00,0,0.0,0.0,0.0,21,2,0,422.3103333000001,25.47275925,79.68172455,49.07931137,35.90000153,1.0,0
2021-09-29 21:40:00+00:00,0,0.0,0.0,0.0,21,2,0,424.7000122,25.58333397,80.21033478,49.37666702,65.98999786,1.0,0
2021-09-29 21:45:00+00:00,0,0.0,0.0,0.0,21,2,0,429.0666809,25.5170002,76.38500214,53.5633316,41.13666534,1.0,0
2021-09-29 21:50:00+00:00,0,0.0,0.0,0.0,21,2,0,436.93331910000006,25.51866722,79.77899933,49.50999832,12.3866663,1.0,0
2021-09-29 21:55:00+00:00,0,0.0,0.0,0.0,21,2,0,437.7333374,25.5253334,79.44233704,50.92333221,11.22666645,1.0,0
2021-09-29 22:00:00+00:00,0,0.0,0.0,0.0,22,2,0,445.9666748,25.41366577,75.05400085,54.03666687,6.666666508,1.0,0
2021-09-29 22:05:00+00:00,0,0.0,0.0,0.0,22,2,0,461.8275757,25.39827538,72.79827881,55.41034317,3.620689631,1.0,0
2021-09-29 22:10:00+00:00,0,0.0,0.0,0.0,22,2,0,473.2333374,25.40166664,72.78099823,56.95333481,3.063333273,1.0,0
2021-09-29 22:15:00+00:00,0,0.0,0.0,0.0,22,2,0,483.8999938999999,25.60666656,77.54266357,58.56999969,2.463333368,1.0,0
2021-09-29 22:20:00+00:00,0,0.0,0.0,0.0,22,2,0,489.2333374,25.6546669,76.34200287,57.86666489,1.973333359,1.0,0
2021-09-29 22:25:00+00:00,0,0.0,0.0,0.0,22,2,0,493.9642944,25.51857185,73.71464539,56.90714264,1.885714293,1.0,0
2021-09-29 22:30:00+00:00,0,0.0,0.0,0.0,22,2,0,491.1333313,25.66799927,76.94100189,57.47000122,1.876666665,1.0,0
2021-09-29 22:35:00+00:00,0,0.0,0.0,0.0,22,2,0,490.0,25.78000069,79.45400238,57.12666702,0.2266666739999999,1.0,0
2021-09-29 22:40:00+00:00,0,0.0,0.0,0.0,22,2,0,484.43331910000006,25.51199913,74.94433594,56.77666855,2.293333292,1.0,0
2021-09-29 22:45:00+00:00,0,0.0,0.0,0.0,22,2,0,481.79998780000005,25.45066643,74.99732971,56.29999924,2.386666775,1.0,0
2021-09-29 22:50:00+00:00,0,0.0,0.0,0.0,22,2,0,482.3333435,25.66600037,78.56999969,55.76666641,1.716666698,1.0,0
2021-09-29 22:55:00+00:00,0,0.0,0.0,0.0,22,2,0,480.3793030000001,25.58758545,75.65483093,55.39655304,2.620689631,1.0,0
2021-09-29 23:00:00+00:00,0,0.0,0.0,0.0,23,2,0,488.4666748,25.51133347,72.46800232,55.61999893,2.690000057,1.0,0
2021-09-29 23:05:00+00:00,0,0.0,0.0,0.0,23,2,0,491.7000122,25.44599915,71.17166901,57.34000015,2.75999999,1.0,0
2021-09-29 23:10:00+00:00,0,0.0,0.0,0.0,23,2,0,491.2666626,25.40833282,69.87033081,55.97000122,2.839999914,1.0,0
2021-09-29 23:15:00+00:00,0,0.0,0.0,0.0,23,2,0,487.6428528,25.42964363,70.84035492,56.22857285,2.760714293,1.0,0
2021-09-29 23:20:00+00:00,0,0.0,0.0,0.0,23,2,0,486.1000061000001,25.57600021,76.1866684,53.71333313,2.703333378,1.0,0
2021-09-29 23:25:00+00:00,0,0.0,0.0,0.0,23,2,0,493.0,25.6313324,75.87767029,55.82666779,2.650000095,1.0,0
2021-09-29 23:30:00+00:00,0,0.0,0.0,0.0,23,2,0,495.2333374,25.49966621,72.39766693,53.90999985,2.663333416,1.0,0
2021-09-29 23:35:00+00:00,0,0.0,0.0,0.0,23,2,0,496.4666748,25.55233383,75.72799683,56.46333313,2.793333292,1.0,0
2021-09-29 23:40:00+00:00,0,0.0,0.0,0.0,23,2,0,502.1000061000001,25.67200089,77.17566681,56.49333191,2.456666708,1.0,0
2021-09-29 23:45:00+00:00,0,0.0,0.0,0.0,23,2,0,507.2666626,25.51766586,73.39099884,57.25999832,3.349999905,1.0,0
2021-09-29 23:50:00+00:00,0,0.0,0.0,0.0,23,2,0,509.3448181,25.57517242,75.1062088,56.40000153,3.779310226,1.0,0
2021-09-29 23:55:00+00:00,0,0.0,0.0,0.0,23,2,0,513.5,25.77099991,79.18766785,56.73333359,0.606666684,1.0,0
2021-09-30 00:00:00+00:00,0,0.0,0.0,0.0,0,3,0,510.3333435,25.62033272,76.47766876,55.99000168,3.0266666410000003,1.0,0
2021-09-30 00:05:00+00:00,0,0.0,0.0,0.0,0,3,0,503.8214416999999,25.40250015,73.68321228,54.94285583,3.70357132,1.0,0
2021-09-30 00:10:00+00:00,0,0.0,0.0,0.0,0,3,0,499.3333435,25.62766647,77.56800079,52.18333435,3.0733332630000003,1.0,0
2021-09-30 00:15:00+00:00,0,0.0,0.0,0.0,0,3,0,500.8999938999999,25.69000053,77.44566345,53.26666641,2.049999952,1.0,0
2021-09-30 00:20:00+00:00,0,0.0,0.0,0.0,0,3,0,501.6000061000001,25.54166603,73.42233276,54.22000122,3.1199998860000004,1.0,0
2021-09-30 00:25:00+00:00,0,0.0,0.0,0.0,0,3,0,495.7333374,25.51000023,76.35266876,53.73666763,2.74333334,1.0,0
2021-09-30 00:30:00+00:00,0,0.0,0.0,0.0,0,3,0,496.6000061000001,25.63333321,78.45400238,52.20999908,1.850000024,1.0,0
2021-09-30 00:35:00+00:00,0,0.0,0.0,0.0,0,3,0,496.0333252,25.52300072,74.02700043,52.2733345,2.306666613,1.0,0
2021-09-30 00:40:00+00:00,0,0.0,0.0,0.0,0,3,0,489.7930908,25.58655167,74.97586059999999,51.59654999,2.065517187,1.0,0
2021-09-30 00:45:00+00:00,0,0.0,0.0,0.0,0,3,0,485.0333252,25.737333300000003,78.45266724,51.70000076,0.910000026,1.0,0
2021-09-30 00:50:00+00:00,0,0.0,0.0,0.0,0,3,0,485.5666809,25.58166695,74.97033691,52.56000137,1.656666636,1.0,0
2021-09-30 00:55:00+00:00,0,0.0,0.0,0.0,0,3,0,480.1333313,25.46899986,72.27733612,52.3433342,1.50666666,1.0,0
2021-09-30 01:00:00+00:00,0,0.0,0.0,0.0,1,3,0,481.9285583000001,25.52428627,74.44464111,51.66785812,1.33214283,1.0,0
2021-09-30 01:05:00+00:00,0,0.0,0.0,0.0,1,3,0,485.3333435,25.67066574,78.65333557,52.53666687,0.75333333,1.0,0
2021-09-30 01:10:00+00:00,0,0.0,0.0,0.0,1,3,0,485.5333252,25.48266602,74.98899841,52.70666504,1.00666666,1.0,0
2021-09-30 01:15:00+00:00,0,0.0,0.0,0.0,1,3,0,488.0333252,25.45000076,74.68199921,52.99333191,0.8433333040000001,1.0,0
2021-09-30 01:20:00+00:00,0,0.0,0.0,0.0,1,3,0,490.0666809,25.66966629,78.71966553,51.46666718,0.360000014,1.0,0
2021-09-30 01:25:00+00:00,0,0.0,0.0,0.0,1,3,0,478.8999938999999,25.59866714,76.34700012,52.10333252,0.363333344,1.0,0
2021-09-30 01:30:00+00:00,0,0.0,0.0,0.0,1,3,0,481.3333435,25.4533329,74.10466766,52.27999878,0.1733333319999999,1.0,0
2021-09-30 01:35:00+00:00,0,0.0,0.0,0.0,1,3,0,485.6896666999999,25.59827614,78.25585938,53.03448105,0.048275862,1.0,0
2021-09-30 01:40:00+00:00,0,0.0,0.0,0.0,1,3,0,490.93331910000006,25.63533401,77.54100037,52.13000107,0.0,1.0,0
2021-09-30 01:45:00+00:00,0,0.0,0.0,0.0,1,3,0,488.8999938999999,25.4533329,73.70733643,51.68333435,0.0,1.0,0
2021-09-30 01:50:00+00:00,0,0.0,0.0,0.0,1,3,0,488.8214416999999,25.54214287,77.04785919,50.41428757,0.0,1.0,0
2021-09-30 01:55:00+00:00,0,0.0,0.0,0.0,1,3,0,486.9666748,25.65099907,78.17066956,52.78666687,0.0,1.0,0
2021-09-30 02:00:00+00:00,0,0.0,0.0,0.0,2,3,0,489.6333313,25.48666573,73.60800171,53.83666611,0.0,1.0,0
2021-09-30 02:05:00+00:00,0,0.0,0.0,0.0,2,3,0,488.8666687,25.44099998,73.76399994,54.25999832,0.0,1.0,0
2021-09-30 02:10:00+00:00,0,0.0,0.0,0.0,2,3,0,492.2666626,25.63833427,78.41333008,54.06999969,0.0,1.0,0
2021-09-30 02:15:00+00:00,0,0.0,0.0,0.0,2,3,0,490.9666748,25.53100014,75.98933411,56.80666733,0.0,1.0,0
2021-09-30 02:20:00+00:00,0,0.0,0.0,0.0,2,3,0,482.9354858,25.39258003,73.63258362,51.66451645,0.0,1.0,0
2021-09-30 02:25:00+00:00,0,0.0,0.0,0.0,2,3,0,464.7241516,25.51103401,77.79000092,52.38275909,0.0,1.0,0
2021-09-30 02:30:00+00:00,0,0.0,0.0,0.0,2,3,0,451.43331910000006,25.67200089,79.85333252,52.68999863,0.0,1.0,0
2021-09-30 02:35:00+00:00,0,0.0,0.0,0.0,2,3,0,444.0,25.40225792,75.64580536,53.34516144,0.0,1.0,0
2021-09-30 02:40:00+00:00,0,0.0,0.0,0.0,2,3,0,434.3928528,25.40857124,77.69714355,52.98571396,0.0,1.0,0
2021-09-30 02:45:00+00:00,0,0.0,0.0,0.0,2,3,0,431.8666687,25.58833313,81.63600159,54.47333145,0.0,1.0,0
2021-09-30 02:50:00+00:00,0,0.0,0.0,0.0,2,3,0,430.5666809,25.60133362,79.10299683,53.81999969,0.150000006,1.0,0
2021-09-30 02:55:00+00:00,0,0.0,0.0,0.0,2,3,0,426.6666565,25.42266655,76.73033142,49.81666565,0.046666667,1.0,0
2021-09-30 03:00:00+00:00,0,0.0,0.0,0.0,3,3,0,421.9666748,25.89033318,79.97433472,48.38666534,0.0,1.0,0
2021-09-30 03:05:00+00:00,0,0.0,0.0,0.0,3,3,0,423.0666809,25.62800026,80.0633316,49.02999878,0.0,1.0,0
2021-09-30 03:10:00+00:00,0,0.0,0.0,0.0,3,3,0,420.7333374,25.24966621,76.62266541,53.5633316,33.04000092,1.0,0
2021-09-30 03:15:00+00:00,0,0.0,0.0,0.0,3,3,0,422.43331910000006,25.77033424,78.74866486,53.49000168,55.09999847,1.0,0
2021-09-30 03:20:00+00:00,0,0.0,0.0,0.0,3,3,0,432.5172424,25.69517326,78.12482452,51.06896591,54.61379242,1.0,0
2021-09-30 03:25:00+00:00,0,0.0,0.0,0.0,3,3,0,434.3666687,25.37833405,75.12266541,51.10333252,56.13000107,1.0,0
2021-09-30 03:30:00+00:00,0,0.0,0.0,0.0,3,3,0,434.6000061000001,25.39800072,76.10099792,53.0233345,56.00999832,1.0,0
2021-09-30 03:35:00+00:00,0,0.0,0.0,0.0,3,3,0,436.6071472,25.79000092,78.99964142,51.56428528,53.48928452,1.0,1
2021-09-30 03:40:00+00:00,0,0.0,0.0,0.0,3,3,0,440.8666687,25.52033424,76.94699859999999,51.59000015,55.35333252,1.0,1
2021-09-30 03:45:00+00:00,0,0.0,0.0,0.0,3,3,0,442.8666687,25.39133263,75.05433655,51.45666504,55.77999878,1.0,2
2021-09-30 03:50:00+00:00,0,0.0,0.0,0.0,3,3,0,443.6666565,25.89266586,76.54000092,49.16333389,53.59999847,3.0,2
2021-09-30 03:55:00+00:00,0,0.0,0.0,0.0,3,3,0,443.3333435,25.85066605,78.6866684,50.74666595,52.65000153,3.0,3
2021-09-30 04:00:00+00:00,0,0.0,0.0,0.0,4,3,0,439.8666687,25.49233246,75.37466431,50.96666718,55.53333282,3.0,7
2021-09-30 04:05:00+00:00,0,0.0,0.0,0.0,4,3,0,438.3666687,25.48699951,75.61833191,51.04666519,55.65666579999999,3.0,8
2021-09-30 04:10:00+00:00,0,0.0,0.0,0.0,4,3,0,439.1379395,25.70827675,78.49689484,50.61034393,54.06896591,3.0,8
2021-09-30 04:15:00+00:00,0,0.0,0.0,0.0,4,3,0,434.3999938999999,25.98133278,80.61699677,50.9366684,51.86000061,3.0,8
2021-09-30 04:20:00+00:00,0,0.0,0.0,0.0,4,3,0,435.7333374,25.92499924,75.58000183,53.20000076,53.68333435,3.0,8
2021-09-30 04:25:00+00:00,0,0.0,0.0,0.0,4,3,0,434.3571472,25.53535652,74.47285461,51.73571396,55.77142715,3.0,8
2021-09-30 04:30:00+00:00,0,0.0,0.0,0.0,4,3,0,434.0333252,25.87133408,76.96099854,47.88000107,53.77000046,3.0,8
2021-09-30 04:35:00+00:00,0,0.0,0.0,0.0,4,3,0,431.0,25.98800087,78.4426651,48.36000061,52.59333420000001,3.0,8
2021-09-30 04:40:00+00:00,0,0.0,0.0,0.0,4,3,0,429.0333252,25.47299957,75.39666748,47.46666718,55.88999939,3.0,8
2021-09-30 04:45:00+00:00,0,0.0,0.0,0.0,4,3,0,425.7666626,25.49433327,75.91300201,47.99000168,55.74000168,1.0,8
2021-09-30 04:50:00+00:00,0,0.0,0.0,0.0,4,3,0,426.8666687,25.90800095,78.23400116,47.79666519,52.3133316,1.0,7
2021-09-30 04:55:00+00:00,0,0.0,0.0,0.0,4,3,0,429.8999938999999,25.78533363,76.95166779,47.52999878,54.11666489,1.0,8
2021-09-30 05:00:00+00:00,0,0.0,0.0,0.0,5,3,0,428.4666748,25.6439991,75.33466339,48.06999969,55.86000061,1.0,8
2021-09-30 05:05:00+00:00,0,0.0,0.0,0.0,5,3,0,429.8620605,25.73586273,78.26689911,47.67930984,54.12068939,1.0,8
2021-09-30 05:10:00+00:00,0,0.0,0.0,0.0,5,3,0,431.93331910000006,25.87299919,81.35233307,47.25999832,51.99333191,2.0,8
2021-09-30 05:15:00+00:00,0,0.0,0.0,0.0,5,3,0,431.3928528,25.88071442,77.52999878,47.2857132,53.24285889,1.0,8
2021-09-30 05:20:00+00:00,0,0.0,0.0,0.0,5,3,0,427.3333435,25.50266647,74.50966644,47.4766655,55.75999832,1.0,8
2021-09-30 05:25:00+00:00,0,0.0,0.0,0.0,5,3,0,422.7000122,25.53266716,77.59733582,47.25666809,55.63999939,1.0,7
2021-09-30 05:30:00+00:00,0,0.0,0.0,0.0,5,3,0,424.1333313,25.76233292,80.47799683,47.25999832,52.22999954,1.0,7
2021-09-30 05:35:00+00:00,1,0.0,0.0,0.0,5,3,0,427.3999938999999,25.91233253,82.95700073,47.34000015,51.74333191,1.0,8
2021-09-30 05:40:00+00:00,1,0.0,0.0,0.0,5,3,0,425.8999938999999,26.11199951,85.48566437,47.67666626,51.74666595,1.0,8
2021-09-30 05:45:00+00:00,2,0.0,0.0,0.0,5,3,0,428.5666809,26.375,83.42233276,47.06000137,51.76333237,3.0,8
2021-09-30 05:50:00+00:00,2,0.0,0.0,0.0,5,3,0,430.1333313,26.40066719,83.1843338,47.20999908,51.75666809,3.0,8
2021-09-30 05:55:00+00:00,3,0.0,0.0,0.0,5,3,0,436.5517273,26.44551659,83.04930878,47.2379303,51.79310226,4.0,8
2021-09-30 06:00:00+00:00,7,0.0,0.0,0.0,6,3,0,435.0,26.54333305,82.60333252,47.29333496,51.7733345,8.0,8
2021-09-30 06:05:00+00:00,8,1.0,0.0,0.0,6,3,0,437.241394,26.55517197,82.49689484,47.68620682,51.73448181,9.0,8
2021-09-30 06:10:00+00:00,8,1.0,0.0,0.0,6,3,0,440.9310303,26.75310326,81.91413879,51.16206741,43.01724243,8.0,8
2021-09-30 06:15:00+00:00,8,2.0,0.0,0.0,6,3,0,446.6000061000001,26.97699928,80.85199738,47.2733345,0.0,8.0,7
2021-09-30 06:20:00+00:00,8,2.0,0.0,0.0,6,3,0,445.3666687,26.98166656,80.76433563,47.15999985,0.0,5.0,7
2021-09-30 06:25:00+00:00,8,3.0,0.0,0.0,6,3,0,448.79998780000005,26.99399948,80.69233704,47.22000122,0.0,6.0,8
2021-09-30 06:30:00+00:00,8,7.0,0.0,0.0,6,3,0,445.7666626,26.98133278,80.8176651,47.04333496,0.0,9.0,8
2021-09-30 06:35:00+00:00,8,8.0,1.0,0.0,6,3,0,441.29998780000005,26.8306675,81.56866455,47.35666656,0.0,4.0,6
2021-09-30 06:40:00+00:00,8,8.0,1.0,0.0,6,3,0,436.8333435,26.89900017,81.47467041,47.38000107,0.0,5.0,7
2021-09-30 06:45:00+00:00,8,8.0,2.0,0.0,6,3,0,436.8333435,26.53533363,82.77566528,46.79666519,0.0,4.0,7
2021-09-30 06:50:00+00:00,7,8.0,2.0,0.0,6,3,0,435.7000122,26.51866722,83.03399658,46.7733345,0.0,5.0,7
2021-09-30 06:55:00+00:00,8,8.0,3.0,0.0,6,3,0,440.3999938999999,26.55433273,82.98233032,46.64333344,0.0,5.0,6
2021-09-30 07:00:00+00:00,8,8.0,7.0,0.0,7,3,0,437.5714416999999,26.49321365,83.41178894,46.87142944,0.0,4.0,7
2021-09-30 07:05:00+00:00,8,8.0,8.0,0.0,7,3,0,440.1333313,26.5340004,83.47433472,46.93333435,0.0,7.0,7
2021-09-30 07:10:00+00:00,8,8.0,8.0,0.0,7,3,0,438.1000061000001,26.68733406,83.19333649,46.74333191,0.0,5.0,7
2021-09-30 07:15:00+00:00,8,8.0,8.0,0.0,7,3,0,432.3999938999999,26.61066628,83.47733307,46.90999985,0.0,5.0,5
2021-09-30 07:20:00+00:00,8,7.0,8.0,0.0,7,3,0,432.0666809,26.67200089,83.43266296,46.91999817,0.0,6.0,5
2021-09-30 07:25:00+00:00,7,8.0,8.0,0.0,7,3,0,431.2000122,26.64866638,83.4960022,46.5233345,0.0,6.0,7
2021-09-30 07:30:00+00:00,7,8.0,8.0,0.0,7,3,0,429.6666565,26.62866592,83.72266388,47.13000107,0.0,9.0,7
2021-09-30 07:35:00+00:00,8,8.0,8.0,1.0,7,3,0,432.6333313,26.55066681,84.01433563,46.45999908,0.0,8.0,7
2021-09-30 07:40:00+00:00,8,8.0,8.0,1.0,7,3,0,432.5172424,26.47448349,84.28448486,46.71034622,0.0,7.0,7
2021-09-30 07:45:00+00:00,8,8.0,8.0,2.0,7,3,0,427.9666748,26.3939991,84.57866669,46.5,0.0,1.0,7
2021-09-30 07:50:00+00:00,8,8.0,7.0,2.0,7,3,0,427.0357056,26.35785675,84.74107361,46.20000076,0.0,6.0,6
2021-09-30 07:55:00+00:00,8,7.0,8.0,3.0,7,3,0,425.93331910000006,26.41233253,84.57466888,46.30333328,0.0,4.0,6
2021-09-30 08:00:00+00:00,8,7.0,8.0,7.0,8,3,0,427.79998780000005,26.44766617,84.47699738,46.52999878,0.0,6.0,6
2021-09-30 08:05:00+00:00,8,8.0,8.0,8.0,8,3,0,426.6000061000001,26.42233276,84.57299805,46.36666489,0.0,5.0,7
2021-09-30 08:10:00+00:00,8,8.0,8.0,8.0,8,3,0,423.0333252,26.51233292,84.26599884,46.39333344,0.0,6.0,7
2021-09-30 08:15:00+00:00,7,8.0,8.0,8.0,8,3,0,426.8999938999999,26.52666664,84.18266296,46.30333328,0.0,6.0,7
2021-09-30 08:20:00+00:00,7,8.0,8.0,8.0,8,3,0,427.8666687,26.53800011,84.23400116,46.45666504,0.0,5.0,2
2021-09-30 08:25:00+00:00,8,8.0,7.0,8.0,8,3,0,430.1333313,26.61633301,83.97233582,46.36666489,0.0,4.0,2
2021-09-30 08:30:00+00:00,8,8.0,7.0,8.0,8,3,0,430.4137878,26.64620781,83.95379639,46.29999924,0.0,5.0,2
2021-09-30 08:35:00+00:00,6,8.0,8.0,8.0,8,3,0,426.3666687,26.63233376,84.07966614,46.61666489,0.0,6.0,2
2021-09-30 08:40:00+00:00,7,8.0,8.0,8.0,8,3,0,426.7857056,26.72071457,83.93785858,46.16428757,0.0,4.0,2
2021-09-30 08:45:00+00:00,7,7.0,8.0,8.0,8,3,0,426.7666626,26.74766731,83.80500031,46.43000031,0.0,4.0,2
2021-09-30 08:50:00+00:00,7,7.0,8.0,7.0,8,3,0,424.5666809,26.75933266,83.84300232,46.38999939,0.0,4.0,2
2021-09-30 08:55:00+00:00,6,8.0,8.0,8.0,8,3,0,427.7666626,26.78033257,83.88700104,46.4766655,0.0,5.0,0
2021-09-30 09:00:00+00:00,7,8.0,8.0,8.0,9,3,0,427.0666809,26.72333336,84.16500092,46.69333267,0.0,7.0,0
2021-09-30 09:05:00+00:00,7,6.0,8.0,8.0,9,3,0,422.2666626,26.72400093,84.24866486,46.58666611,0.0,4.0,0
2021-09-30 09:10:00+00:00,7,7.0,8.0,8.0,9,3,0,427.3999938999999,26.78199959,84.18966675,46.29999924,0.0,4.0,0
2021-09-30 09:15:00+00:00,5,7.0,7.0,8.0,9,3,0,423.4666748,26.79400063,84.13033295,46.47333145,0.0,7.0,3
2021-09-30 09:20:00+00:00,5,7.0,7.0,8.0,9,3,0,426.5333252,26.81299973,84.19166565,46.25333405,0.0,2.0,3
2021-09-30 09:25:00+00:00,7,6.0,8.0,7.0,9,3,0,425.5517273,26.80655098,84.21551514,46.5724144,0.0,5.0,3
2021-09-30 09:30:00+00:00,7,7.0,8.0,7.0,9,3,0,427.6333313,26.84499931,84.11733246,46.55666733,0.0,5.0,3
2021-09-30 09:35:00+00:00,7,7.0,6.0,8.0,9,3,0,427.5357056,26.88750076,84.02392578,46.2857132,0.0,3.0,4
2021-09-30 09:40:00+00:00,7,7.0,7.0,8.0,9,3,0,429.1666565,26.91633415,83.92633057,46.49333191,0.0,3.0,4
2021-09-30 09:45:00+00:00,7,5.0,7.0,8.0,9,3,0,429.3666687,26.88933372,83.94766998,46.39333344,0.0,6.0,3
2021-09-30 09:50:00+00:00,6,5.0,7.0,8.0,9,3,0,428.7333374,26.90733337,83.98633575,46.42666626,0.0,8.0,3
2021-09-30 09:55:00+00:00,6,7.0,6.0,8.0,9,3,0,426.5,26.99133301,83.61133575,46.22333145,0.0,6.0,3
2021-09-30 10:00:00+00:00,6,7.0,7.0,8.0,10,3,0,428.0333252,27.07466698,83.30266571,46.66999817,0.0,6.0,3
2021-09-30 10:05:00+00:00,7,7.0,7.0,8.0,10,3,0,428.6333313,27.05166626,83.38999939,46.54999924,0.0,5.0,3
2021-09-30 10:10:00+00:00,7,7.0,7.0,8.0,10,3,0,423.8333435,27.05966759,83.35766602,46.59999847,0.0,5.0,3
2021-09-30 10:15:00+00:00,7,7.0,5.0,7.0,10,3,0,426.3448181,27.07482719,83.30275726,46.35517120000001,0.0,4.0,3
2021-09-30 10:20:00+00:00,2,6.0,5.0,7.0,10,3,0,424.8666687,27.05466652,83.3813324,46.38000107,0.0,7.0,3
2021-09-30 10:25:00+00:00,2,6.0,7.0,8.0,10,3,0,418.7857056,27.08785629,83.26321411,46.01428604,0.0,7.0,1
2021-09-30 10:30:00+00:00,2,6.0,7.0,8.0,10,3,0,420.5333252,27.05800056,83.33799744,46.14333344,0.0,1.0,0
2021-09-30 10:35:00+00:00,2,7.0,7.0,6.0,10,3,0,425.0,26.98766708,83.6289978,46.07333374,0.0,1.0,1
2021-09-30 10:40:00+00:00,2,7.0,7.0,7.0,10,3,0,423.93331910000006,27.02566719,83.50166321,46.08666611,0.0,2.0,1
2021-09-30 10:45:00+00:00,2,7.0,7.0,7.0,10,3,0,426.0322571,27.09580612,83.20064545,46.23548508,0.0,2.0,1
2021-09-30 10:50:00+00:00,2,2.0,6.0,7.0,10,3,0,427.7333374,27.07033348,83.29066467,46.06999969,0.0,2.0,1
2021-09-30 10:55:00+00:00,0,2.0,6.0,6.0,10,3,0,425.5,27.06599998,83.29533386,46.2733345,0.0,2.0,1
2021-09-30 11:00:00+00:00,0,2.0,6.0,7.0,11,3,0,420.8999938999999,27.01633263,83.44866943,46.32333374,0.0,1.0,1
2021-09-30 11:05:00+00:00,0,2.0,7.0,7.0,11,3,0,421.2666626,27.11933327,82.99833679,46.1866684,0.0,1.0,1
2021-09-30 11:10:00+00:00,0,2.0,7.0,7.0,11,3,0,422.5172424,27.12999916,82.93310547,46.20000076,0.0,1.0,1
2021-09-30 11:15:00+00:00,3,2.0,7.0,5.0,11,3,0,421.75,27.1160717,82.89678192,46.13571548,0.0,6.0,1
2021-09-30 11:20:00+00:00,3,2.0,2.0,5.0,11,3,0,419.2000122,27.0170002,83.17933655,46.21333313,0.0,6.0,1
2021-09-30 11:25:00+00:00,3,0.0,2.0,7.0,11,3,0,422.1000061000001,27.09300041,82.85199738,46.09666824,0.0,3.0,1
2021-09-30 11:30:00+00:00,3,0.0,2.0,7.0,11,3,0,421.2666626,27.12199974,82.66466522,46.29999924,0.0,3.0,1
2021-09-30 11:35:00+00:00,4,0.0,2.0,7.0,11,3,0,423.9666748,27.07733345,82.77766418,46.19666672,0.0,4.0,1
2021-09-30 11:40:00+00:00,4,0.0,2.0,7.0,11,3,0,424.2000122,26.99600029,82.93766785,46.3133316,0.0,2.0,1
2021-09-30 11:45:00+00:00,3,3.0,2.0,7.0,11,3,0,423.8666687,27.0636673,82.57933044,46.21333313,0.0,3.0,1
2021-09-30 11:50:00+00:00,3,3.0,2.0,6.0,11,3,0,425.2000122,26.99799919,82.78399658,46.20333481,0.0,3.0,1
2021-09-30 11:55:00+00:00,3,3.0,0.0,6.0,11,3,0,424.43331910000006,26.96299934,82.819664,46.19666672,0.0,4.0,1
2021-09-30 12:00:00+00:00,3,3.0,0.0,6.0,12,3,0,423.8965454,26.92310333,82.87275696,46.34138107,0.0,2.0,1
2021-09-30 12:05:00+00:00,3,4.0,0.0,7.0,12,3,0,424.1000061000001,26.9576664,82.61566925,46.08666611,0.0,2.0,1
2021-09-30 12:10:00+00:00,3,4.0,0.0,7.0,12,3,0,422.4285583000001,26.95249939,82.60356903,46.02142715,0.0,4.0,1
2021-09-30 12:15:00+00:00,3,3.0,3.0,7.0,12,3,0,420.2666626,26.94866753,82.52833557,46.09999847,0.0,2.0,0
2021-09-30 12:20:00+00:00,3,3.0,3.0,2.0,12,3,0,421.0666809,26.92766762,82.49466705,46.20000076,0.0,2.0,0
2021-09-30 12:25:00+00:00,1,3.0,3.0,2.0,12,3,0,421.9666748,26.95833397,82.41866302,46.14333344,0.0,3.0,0
2021-09-30 12:30:00+00:00,0,3.0,3.0,2.0,12,3,0,418.7333374,26.93000031,82.47599792,46.18333435,0.0,2.0,0
2021-09-30 12:35:00+00:00,1,3.0,4.0,2.0,12,3,0,423.6666565,26.9556675,82.40200043,46.13666534,0.0,1.0,0
2021-09-30 12:40:00+00:00,1,3.0,4.0,2.0,12,3,0,420.8999938999999,26.99300003,82.24333191,46.27666855,0.0,1.0,0
2021-09-30 12:45:00+00:00,1,3.0,3.0,2.0,12,3,0,424.43331910000006,26.98033333,82.3073349,46.29999924,0.0,2.0,0
2021-09-30 12:50:00+00:00,1,3.0,3.0,2.0,12,3,0,423.6333313,27.03800011,82.09366608,46.39333344,0.0,1.0,0
2021-09-30 12:55:00+00:00,1,1.0,3.0,0.0,12,3,0,422.4827576,27.07793045,81.96655273,46.50344849,0.0,1.0,0
2021-09-30 13:00:00+00:00,1,0.0,3.0,0.0,13,3,0,425.5357056,27.15214348,81.69071198,46.32857132,0.0,2.0,0
2021-09-30 13:05:00+00:00,1,1.0,3.0,0.0,13,3,0,424.3666687,27.13333321,81.79299927,46.4366684,0.0,1.0,0
2021-09-30 13:10:00+00:00,1,1.0,3.0,0.0,13,3,0,424.0,27.06766701,82.10832977,46.36999893,0.0,1.0,0
2021-09-30 13:15:00+00:00,1,1.0,3.0,3.0,13,3,0,423.1666565,27.19799995,81.68199921,46.67333221,0.0,1.0,0
2021-09-30 13:20:00+00:00,1,1.0,3.0,3.0,13,3,0,424.29998780000005,27.18333244,81.74466705,46.40999985,0.0,1.0,0
2021-09-30 13:25:00+00:00,1,1.0,1.0,3.0,13,3,0,423.6000061000001,27.19033241,81.81600189,46.6566658,0.0,1.0,0
2021-09-30 13:30:00+00:00,1,1.0,0.0,3.0,13,3,0,421.5333252,27.20433426,81.73867035,46.47000122,0.0,1.0,0
2021-09-30 13:35:00+00:00,1,1.0,1.0,4.0,13,3,0,423.2666626,27.1693325,81.96299744,46.65000153,0.0,1.0,0
2021-09-30 13:40:00+00:00,1,1.0,1.0,4.0,13,3,0,424.0,27.16600037,82.04199982,46.62333298,0.0,1.0,0
2021-09-30 13:45:00+00:00,1,1.0,1.0,3.0,13,3,0,425.5172424,27.17517281,82.05758667,47.15861893,0.0,1.0,0
2021-09-30 13:50:00+00:00,1,1.0,1.0,3.0,13,3,0,426.1724243,27.28551674,81.72586059999999,46.49655151,0.0,1.0,0
2021-09-30 13:55:00+00:00,1,1.0,1.0,3.0,13,3,0,426.29998780000005,27.1970005,82.15032959,47.31000137,0.0,1.0,0
2021-09-30 14:00:00+00:00,1,1.0,1.0,3.0,14,3,0,425.8666687,27.24033356,82.10866547,47.00999832,0.0,1.0,0
2021-09-30 14:05:00+00:00,1,1.0,1.0,3.0,14,3,0,426.1666565,27.17000008,82.44866943,47.20000076,0.0,1.0,0
2021-09-30 14:10:00+00:00,1,1.0,1.0,3.0,14,3,0,422.43331910000006,27.1313324,82.65833282,46.71666718,0.0,1.0,0
2021-09-30 14:15:00+00:00,0,1.0,1.0,3.0,14,3,0,424.6333313,27.11766624,82.79733276,47.00666809,0.0,1.0,0
2021-09-30 14:20:00+00:00,0,1.0,1.0,3.0,14,3,0,425.29998780000005,27.14766693,82.7460022,47.08666611,0.0,1.0,0
2021-09-30 14:25:00+00:00,0,1.0,1.0,1.0,14,3,0,425.7000122,27.13800049,82.79599762,47.30666733,0.0,1.0,0
2021-09-30 14:30:00+00:00,0,1.0,1.0,0.0,14,3,0,424.9666748,27.11933327,82.9283371,47.31999969,0.0,1.0,0
2021-09-30 14:35:00+00:00,0,1.0,1.0,1.0,14,3,0,425.3999938999999,27.076334000000003,83.07466888,47.28666687,0.0,1.0,0
2021-09-30 14:40:00+00:00,0,1.0,1.0,1.0,14,3,0,425.4642944,27.20249939,82.67964172,47.34642792,0.0,1.0,0
2021-09-30 14:45:00+00:00,0,0.0,1.0,1.0,14,3,0,427.1724243,27.14620781,82.84965515,47.56896591,0.0,1.0,0
2021-09-30 14:50:00+00:00,0,0.0,1.0,1.0,14,3,0,427.2666626,27.22999954,82.59366608,47.72000122,0.0,1.0,0
2021-09-30 14:55:00+00:00,0,0.0,1.0,1.0,14,3,0,425.1333313,27.1760006,82.89633179,47.56000137,0.0,1.0,0
2021-09-30 15:00:00+00:00,0,0.0,1.0,1.0,15,3,0,424.7000122,27.17000008,83.08733368,48.02999878,0.0,1.0,0
2021-09-30 15:05:00+00:00,0,0.0,1.0,1.0,15,3,0,424.0,27.16566658,83.33466339,47.8133316,0.0,1.0,0
2021-09-30 15:10:00+00:00,0,0.0,1.0,1.0,15,3,0,425.4666748,27.13633347,83.57466888,47.78333282,0.0,1.0,0
2021-09-30 15:15:00+00:00,0,0.0,0.0,1.0,15,3,0,423.2000122,27.12533379,83.62232971,48.16333389,0.0,1.0,0
2021-09-30 15:20:00+00:00,0,0.0,0.0,1.0,15,3,0,422.9354858,27.11967659,83.6732254,48.02903366,0.0,1.0,0
2021-09-30 15:25:00+00:00,0,0.0,0.0,1.0,15,3,0,425.6000061000001,27.23433304,83.27600098,47.91999817,0.0,1.0,0
2021-09-30 15:30:00+00:00,0,0.0,0.0,1.0,15,3,0,424.1724243,27.25758553,83.25862122,48.38620758,0.0,1.0,0
2021-09-30 15:35:00+00:00,0,0.0,0.0,1.0,15,3,0,425.6428528,27.15892792,79.03857422,48.13214111,0.0,1.0,0
2021-09-30 15:40:00+00:00,0,0.0,0.0,1.0,15,3,0,423.43331910000006,26.57866669,72.90567017,48.61666489,0.003333333,1.0,0
2021-09-30 15:45:00+00:00,0,0.0,0.0,1.0,15,3,0,417.3333435,26.0233326,69.76499939,48.52999878,3.843333244,1.0,0
2021-09-30 15:50:00+00:00,0,0.0,0.0,1.0,15,3,0,416.2666626,25.625,69.99333191,48.25,5.436666488999999,1.0,0
2021-09-30 15:55:00+00:00,0,0.0,0.0,1.0,15,3,0,414.3666687,25.86100006,73.33399963,48.66666794,5.79333353,1.0,0
2021-09-30 16:00:00+00:00,0,0.0,0.0,1.0,16,3,0,414.3666687,26.09633255,72.68199921,48.61999893,5.296666622,1.0,0
2021-09-30 16:05:00+00:00,0,0.0,0.0,1.0,16,3,0,414.1000061,25.82033348,70.93699646,48.04333496,8.726666451,1.0,0
2021-09-30 16:10:00+00:00,0,0.0,0.0,1.0,16,3,0,410.0333252,25.72133255,73.72833252,48.92333221,9.833333015,1.0,0
2021-09-30 16:15:00+00:00,0,0.0,0.0,0.0,16,3,0,412.4333191,25.91333389,74.23899841,48.52999878,9.656666756,1.0,0
2021-09-30 16:20:00+00:00,0,0.0,0.0,0.0,16,3,0,413.2000122,25.75166702,71.5063324,48.80666733,11.6366663,1.0,0
2021-09-30 16:25:00+00:00,0,0.0,0.0,0.0,16,3,0,412.0740662,25.75074005,73.83481598,48.02222061,13.25555515,1.0,0
2021-09-30 16:30:00+00:00,0,0.0,0.0,0.0,16,3,0,410.4666748,25.93833351,75.98899841,48.88999939,14.03666687,1.0,0
2021-09-30 16:35:00+00:00,0,0.0,0.0,0.0,16,3,0,404.6333313,25.78033257,72.56600189,49.4066658,18.72999954,1.0,0
2021-09-30 16:40:00+00:00,0,0.0,0.0,0.0,16,3,0,401.3666687,25.62133408,74.52999878,49.50999832,20.96333313,1.0,0
2021-09-30 16:45:00+00:00,0,0.0,0.0,0.0,16,3,0,405.1000061,25.83866692,76.92333221,48.6866684,20.76000023,1.0,0
2021-09-30 16:50:00+00:00,0,0.0,0.0,0.0,16,3,0,408.8333435,25.76633263,73.65866852,48.43333435,24.36666679,1.0,0
2021-09-30 16:55:00+00:00,0,0.0,0.0,0.0,16,3,0,410.8333435,25.5613327,73.61233521,48.44333267,25.37999916,1.0,0
2021-09-30 17:00:00+00:00,0,0.0,0.0,0.0,17,3,0,410.7999878,25.84433365,76.97866821,48.32333374,20.5233326,1.0,0
2021-09-30 17:05:00+00:00,0,0.0,0.0,0.0,17,3,0,408.1666565,25.84766579,74.2543335,48.42666626,18.15333366,1.0,0
2021-09-30 17:10:00+00:00,0,0.0,0.0,0.0,17,3,0,409.1333313,25.48866653,73.31400299,48.27999878,20.86666679,1.0,0
2021-09-30 17:15:00+00:00,0,0.0,0.0,0.0,17,3,0,408.444458,25.59851837,76.39518738,48.27037048,21.94814873,1.0,0
2021-09-30 17:20:00+00:00,0,0.0,0.0,0.0,17,3,0,407.5666809,25.73366737,75.83000183,48.71333313,23.00333405,1.0,0
2021-09-30 17:25:00+00:00,0,0.0,0.0,0.0,17,3,0,408.8999939,25.451334,74.62799835,48.65333176,25.04999924,1.0,0
2021-09-30 17:30:00+00:00,0,0.0,0.0,0.0,17,3,0,410.0666809,25.67000008,78.02033234,48.0933342,25.83333397,1.0,0
2021-09-30 17:35:00+00:00,0,0.0,0.0,0.0,17,3,0,412.4333191,25.77633286,74.98600006,48.36666489,26.72999954,1.0,0
2021-09-30 17:40:00+00:00,0,0.0,0.0,0.0,17,3,0,406.8333435,25.51733398,75.30300140000001,49.28666687,24.75666618,1.0,0
2021-09-30 17:45:00+00:00,0,0.0,0.0,0.0,17,3,0,408.9333191,25.77300072,77.49966431,48.58666611,22.49333382,1.0,0
2021-09-30 17:50:00+00:00,0,0.0,0.0,0.0,17,3,0,409.9333191,25.72933388,74.39066315,48.36333466,24.57999992,1.0,0
2021-09-30 17:55:00+00:00,0,0.0,0.0,0.0,17,3,0,409.8999939,25.4640007,76.18299866,48.91333389,26.34000015,1.0,0
2021-09-30 18:00:00+00:00,0,0.0,0.0,0.0,18,3,0,408.5,25.70000076,78.28800201,48.11333466,26.71999931,1.0,0
2021-09-30 18:05:00+00:00,0,0.0,0.0,0.0,18,3,0,410.3999939,25.52300072,74.5656662,48.52666855,28.23333359,1.0,0
2021-09-30 18:10:00+00:00,0,0.0,0.0,0.0,18,3,0,411.4814758,25.462963100000003,76.87555695,48.00370407,28.26296234,1.0,0
2021-09-30 18:15:00+00:00,0,0.0,0.0,0.0,18,3,0,412.4666748,25.76166725,79.09500122,47.92666626,26.39333344,1.0,0
2021-09-30 18:20:00+00:00,0,0.0,0.0,0.0,18,3,0,409.2999878,25.64999962,75.20999908,48.70666504,29.75666618,1.0,0
2021-09-30 18:25:00+00:00,0,0.0,0.0,0.0,18,3,0,406.4666748,25.50066757,76.20766449,47.83333206,31.9066658,1.0,0
2021-09-30 18:30:00+00:00,0,0.0,0.0,0.0,18,3,0,407.3333435,25.78066635,78.52366638,48.10666656,29.19000053,1.0,0
2021-09-30 18:35:00+00:00,0,0.0,0.0,0.0,18,3,0,405.5666809,25.67900085,75.25933075,48.25333405,29.31333351,1.0,0
2021-09-30 18:40:00+00:00,0,0.0,0.0,0.0,18,3,0,405.3999939,25.45400047,76.24766541,48.08666611,30.72999954,1.0,0
2021-09-30 18:45:00+00:00,0,0.0,0.0,0.0,18,3,0,407.1333313,25.72733307,77.90399933,48.10333252,29.62666702,1.0,0
2021-09-30 18:50:00+00:00,0,0.0,0.0,0.0,18,3,0,408.1333313,25.56466675,74.60399628,48.45000076,32.06999969,1.0,0
2021-09-30 18:55:00+00:00,0,0.0,0.0,0.0,18,3,0,411.0333252,25.47933388,76.5676651,48.33000183,30.94000053,1.0,0
2021-09-30 19:00:00+00:00,0,0.0,0.0,0.0,19,3,0,409.7037048,25.77444458,77.20703888,47.82222366,29.27037048,1.0,0
2021-09-30 19:05:00+00:00,0,0.0,0.0,0.0,19,3,0,412.4333191,25.50699997,74.50800323,48.34000015,29.82666588,1.0,0
2021-09-30 19:10:00+00:00,0,0.0,0.0,0.0,19,3,0,415.0333252,25.54366684,77.40000153,49.27666855,28.82999992,1.0,0
2021-09-30 19:15:00+00:00,0,0.0,0.0,0.0,19,3,0,411.0333252,25.76033401,77.12566376,48.6566658,25.85000038,1.0,0
2021-09-30 19:20:00+00:00,0,0.0,0.0,0.0,19,3,0,414.4666748,25.44133377,74.90733337,48.56666565,28.046667100000004,1.0,0
2021-09-30 19:25:00+00:00,0,0.0,0.0,0.0,19,3,0,412.3333435,25.57366753,77.29499817,48.72999954,28.45000076,1.0,0
2021-09-30 19:30:00+00:00,0,0.0,0.0,0.0,19,3,0,412.0666809,25.71066666,76.14299774,48.42666626,26.67666626,1.0,0
2021-09-30 19:35:00+00:00,0,0.0,0.0,0.0,19,3,0,412.5333252,25.43199921,75.37166595,48.88666534,27.06666756,1.0,0
2021-09-30 19:40:00+00:00,0,0.0,0.0,0.0,19,3,0,414.2666626,25.63166618,78.64466858,49.28666687,25.54000092,1.0,0
2021-09-30 19:45:00+00:00,0,0.0,0.0,0.0,19,3,0,415.0333252,25.52166748,75.72933197,48.42666626,28.91333389,1.0,0
2021-09-30 19:50:00+00:00,0,0.0,0.0,0.0,19,3,0,411.3571472,25.32678604,72.86499786,48.27142715,30.12142944,1.0,0
2021-09-30 19:55:00+00:00,0,0.0,0.0,0.0,19,3,0,413.8620605,25.47896576,75.84896851,48.9275856,28.82413864,1.0,0
2021-09-30 20:00:00+00:00,0,0.0,0.0,0.0,20,3,0,413.1000061,25.55866623,78.45999908,48.31000137,27.48333359,1.0,0
2021-09-30 20:05:00+00:00,0,0.0,0.0,0.0,20,3,0,412.5333252,25.38633347,74.70166779,48.20333481,27.32666588,1.0,0
2021-09-30 20:10:00+00:00,0,0.0,0.0,0.0,20,3,0,408.0666809,25.42433357,77.59366608,48.70333481,29.31999969,1.0,0
2021-09-30 20:15:00+00:00,0,0.0,0.0,0.0,20,3,0,412.387085,25.713871,80.45838928,47.96774292,26.94838715,1.0,0
2021-09-30 20:20:00+00:00,0,0.0,0.0,0.0,20,3,0,412.9666748,25.76733398,76.81400299,48.65999985,29.78333282,1.0,0
2021-09-30 20:25:00+00:00,0,0.0,0.0,0.0,20,3,0,415.2666626,25.36966705,74.33066559,48.5933342,33.08000183,1.0,0
2021-09-30 20:30:00+00:00,0,0.0,0.0,0.0,20,3,0,410.6333313,25.49900055,77.34700012,48.41999817,32.1866684,1.0,0
2021-09-30 20:35:00+00:00,0,0.0,0.0,0.0,20,3,0,410.0,25.75096703,78.63871002,48.28709793,26.55483818,1.0,0
2021-09-30 20:40:00+00:00,0,0.0,0.0,0.0,20,3,0,410.3666687,25.51399994,74.56066895,48.72999954,25.98333359,1.0,0
2021-09-30 20:45:00+00:00,0,0.0,0.0,0.0,20,3,0,412.6785583,25.50392914,76.49035645,47.79285812,26.18571472,1.0,0
2021-09-30 20:50:00+00:00,0,0.0,0.0,0.0,20,3,0,413.0322571,25.76838684,79.24709320000001,48.39677429,22.54838753,1.0,0
2021-09-30 20:55:00+00:00,0,0.0,0.0,0.0,20,3,0,410.3999939,25.57033348,75.28966522,49.09666824,23.58666611,1.0,0
2021-09-30 21:00:00+00:00,0,0.0,0.0,0.0,21,3,0,408.6333313,25.44333267,76.11266327,48.31000137,23.25,1.0,0
2021-09-30 21:05:00+00:00,0,0.0,0.0,0.0,21,3,0,412.2000122,25.69566727,78.95333099,48.43000031,22.56999969,1.0,0
2021-09-30 21:10:00+00:00,0,0.0,0.0,0.0,21,3,0,410.7666626,25.68833351,75.41400146,49.28666687,24.90999985,1.0,0
2021-09-30 21:15:00+00:00,0,0.0,0.0,0.0,21,3,0,411.2666626,25.63366699,75.91833496,48.93999863,25.90999985,1.0,0
2021-09-30 21:20:00+00:00,0,0.0,0.0,0.0,21,3,0,415.3333435,25.93166733,78.45566559,47.75,21.88999939,1.0,0
2021-09-30 21:25:00+00:00,0,0.0,0.0,0.0,21,3,0,417.9333191,25.65566635,75.08166504,49.08666611,24.9533329,1.0,0
2021-09-30 21:30:00+00:00,0,0.0,0.0,0.0,21,3,0,412.5666809,25.71266747,73.25900269,48.40333176,25.45999908,1.0,0
2021-09-30 21:35:00+00:00,0,0.0,0.0,0.0,21,3,0,413.5714417,26.04678535,76.98606873,47.7142868,20.10357094,1.0,0
2021-09-30 21:40:00+00:00,0,0.0,0.0,0.0,21,3,0,418.0689697,25.97999954,78.05827332,49.21379471,17.75172424,1.0,0
2021-09-30 21:45:00+00:00,0,0.0,0.0,0.0,21,3,0,415.3666687,25.64166641,73.79566956,48.61000061,19.85666656,1.0,0
2021-09-30 21:50:00+00:00,0,0.0,0.0,0.0,21,3,0,412.9666748,25.45899963,74.8896637,48.90999985,19.42000008,1.0,0
2021-09-30 21:55:00+00:00,0,0.0,0.0,0.0,21,3,0,414.6666565,25.6439991,78.33799744,48.65000153,19.01666641,1.0,0
2021-09-30 22:00:00+00:00,0,0.0,0.0,0.0,22,3,0,413.5666809,25.71500015,76.32800293,48.20333481,19.19666672,1.0,0
2021-09-30 22:05:00+00:00,0,0.0,0.0,0.0,22,3,0,411.7999878,25.41066742,75.4426651,48.41333389,23.46666718,1.0,0
2021-09-30 22:10:00+00:00,0,0.0,0.0,0.0,22,3,0,409.5333252,25.63500023,78.42900085,48.45999908,22.4066658,1.0,0
2021-09-30 22:15:00+00:00,0,0.0,0.0,0.0,22,3,0,409.1000061,25.77000046,77.69566345,48.53333282,19.37000084,1.0,0
2021-09-30 22:20:00+00:00,0,0.0,0.0,0.0,22,3,0,411.1000061,25.45666695,74.9383316,48.49666595,22.77666664,1.0,0
2021-09-30 22:25:00+00:00,0,0.0,0.0,0.0,22,3,0,407.5357056,25.51607132,78.02285767,47.8571434,21.5357151,1.0,0
2021-09-30 22:30:00+00:00,0,0.0,0.0,0.0,22,3,0,408.34481810000005,25.677585600000004,79.07621002,47.81379318,17.96551704,1.0,0
2021-09-30 22:35:00+00:00,0,0.0,0.0,0.0,22,3,0,412.6666565,25.43533325,75.30566406,48.36666489,20.26000023,1.0,0
2021-09-30 22:40:00+00:00,0,0.0,0.0,0.0,22,3,0,411.5333252,25.42766762,77.17800140000001,48.52666855,22.70666695,1.0,0
2021-09-30 22:45:00+00:00,0,0.0,0.0,0.0,22,3,0,411.4666748,25.68766594,79.62166595,48.73333359,22.10666656,1.0,0
2021-09-30 22:50:00+00:00,0,0.0,0.0,0.0,22,3,0,413.1333313,25.52866745,75.17666626,48.51333237,22.23333359,1.0,0
2021-09-30 22:55:00+00:00,0,0.0,0.0,0.0,22,3,0,412.2000122,25.45533371,76.49700165,48.33333206,21.64666748,1.0,0
2021-09-30 23:00:00+00:00,0,0.0,0.0,0.0,23,3,0,409.2000122,25.67533302,79.52133179,47.79000092,18.76666641,1.0,0
2021-09-30 23:05:00+00:00,0,0.0,0.0,0.0,23,3,0,412.3666687,25.60099983,75.85266876,48.77999878,20.33333397,1.0,0
2021-09-30 23:10:00+00:00,0,0.0,0.0,0.0,23,3,0,411.2000122,25.4406662,75.67400359999999,47.90999985,20.80333328,1.0,0
2021-09-30 23:15:00+00:00,0,0.0,0.0,0.0,23,3,0,415.1724243000001,25.65689659,79.10069275,48.0241394,18.25172424,1.0,0
2021-09-30 23:20:00+00:00,0,0.0,0.0,0.0,23,3,0,415.8965454,25.74965477,76.38241577,47.71379471,18.95172501,1.0,0
2021-09-30 23:25:00+00:00,0,0.0,0.0,0.0,23,3,0,410.2069092,25.45137978,75.22413635,50.88965607,43.23103333,1.0,0
2021-09-30 23:30:00+00:00,0,0.0,0.0,0.0,23,3,0,417.7666626,25.78866577,78.61299896,52.75999832,76.39666748,1.0,0
2021-09-30 23:35:00+00:00,0,0.0,0.0,0.0,23,3,0,429.5333252,25.92533302,77.53166962,55.66999817,76.09333038,1.0,0
2021-09-30 23:40:00+00:00,0,0.0,0.0,0.0,23,3,0,435.7333374,25.75466728,72.59300232,53.56999969,80.00333405,1.0,0
2021-09-30 23:45:00+00:00,0,0.0,0.0,0.0,23,3,0,440.1000061000001,25.77400017,70.76933289,51.95999908,78.5533371,1.0,0
2021-09-30 23:50:00+00:00,0,0.0,0.0,0.0,23,3,0,441.5,25.99166679,74.98500061,50.27999878,72.95333099,1.0,0
2021-09-30 23:55:00+00:00,0,0.0,0.0,0.0,23,3,0,441.8666687,25.91433334,76.32266998,48.90000153,68.79000092,1.0,0
2021-10-01 00:00:00+00:00,0,0.0,0.0,0.0,0,4,0,443.7000122,25.76000023,71.79866791,48.21666718,64.76000214,1.0,0
2021-10-01 00:05:00+00:00,0,0.0,0.0,0.0,0,4,0,443.6333313,25.79833412,72.14167023,49.84666824,59.72999954,1.0,0
2021-10-01 00:10:00+00:00,0,0.0,0.0,0.0,0,4,0,443.6785583000001,25.97142792,76.77428436,48.77857208,55.03928757,1.0,0
2021-10-01 00:15:00+00:00,0,0.0,0.0,0.0,0,4,0,444.620697,25.54448318,74.95896912,50.08620834,56.78620529,1.0,0
2021-10-01 00:20:00+00:00,0,0.0,0.0,0.0,0,4,0,442.6333313,25.58600044,74.40567017,51.01333237,56.40333176,1.0,0
2021-10-01 00:25:00+00:00,0,0.0,0.0,0.0,0,4,0,439.0666809,25.72533417,78.17333221,50.50999832,55.27000046,1.0,0
2021-10-01 00:30:00+00:00,0,0.0,0.0,0.0,0,4,0,439.6333313,25.78066635,76.93566895,49.66666794,54.75333405,1.0,0
2021-10-01 00:35:00+00:00,0,0.0,0.0,0.0,0,4,0,439.1000061000001,25.53133392,73.07233429,48.86000061,56.27666855,1.0,0
2021-10-01 00:40:00+00:00,0,0.0,0.0,0.0,0,4,0,437.7333374,25.43833351,71.27066803,49.12666702,56.09000015,1.0,0
2021-10-01 00:45:00+00:00,0,0.0,0.0,0.0,0,4,0,438.1333313,25.49133301,69.95999908,50.17666626,56.04999924,1.0,0
2021-10-01 00:50:00+00:00,0,0.0,0.0,0.0,0,4,0,435.2333374,25.26833344,69.71299744,50.27999878,56.18000031,1.0,0
2021-10-01 00:55:00+00:00,0,0.0,0.0,0.0,0,4,0,431.1666565,25.38999939,72.79366302,56.55333328,55.66333389,1.0,0
2021-10-01 01:00:00+00:00,0,0.0,0.0,0.0,1,4,0,433.2857056,25.81892776,76.73428345,58.75357056,54.30714417,1.0,0
2021-10-01 01:05:00+00:00,0,0.0,0.0,0.0,1,4,0,436.2666626,25.78466606,74.46533203,61.74666595,55.43999863,1.0,0
2021-10-01 01:10:00+00:00,0,0.0,0.0,0.0,1,4,0,436.3103333000001,25.62137985,71.23620605,54.28620529,56.50344849,1.0,0
2021-10-01 01:15:00+00:00,0,0.0,0.0,0.0,1,4,0,439.7000122,25.82466698,72.73033142,55.0233345,56.77000046,1.0,0
2021-10-01 01:20:00+00:00,0,0.0,0.0,0.0,1,4,0,443.7742004,26.0135479,77.51967621,54.8290329,53.22580719,1.0,0
2021-10-01 01:25:00+00:00,0,0.0,0.0,0.0,1,4,0,440.84375,25.98374939,81.07968903,52.61562347,52.953125,1.0,0
2021-10-01 01:30:00+00:00,0,0.0,0.0,0.0,1,4,0,440.79998780000005,26.09766579,82.17900085,51.1866684,52.80666733,1.0,0
2021-10-01 01:35:00+00:00,0,0.0,0.0,0.0,1,4,0,441.29998780000005,26.27799988,82.09533691,52.4766655,52.57333374,1.0,0
2021-10-01 01:40:00+00:00,0,0.0,0.0,0.0,1,4,0,438.8333435,26.36166573,82.29100037,53.09333420000001,52.55666733,1.0,0
2021-10-01 01:45:00+00:00,0,0.0,0.0,0.0,1,4,0,433.1666565,26.39100075,82.68900299,51.39666748,52.40333176,1.0,0
2021-10-01 01:50:00+00:00,0,0.0,0.0,0.0,1,4,0,433.9642944,26.3392849,82.86250305,51.13214111,52.15000153,1.0,0
2021-10-01 01:55:00+00:00,0,0.0,0.0,0.0,1,4,0,433.3333435,26.27599907,82.83699799,50.99666595,51.97333145,1.0,0
2021-10-01 02:00:00+00:00,0,0.0,0.0,0.0,2,4,0,431.9285583000001,26.32321358,82.32214355,53.5892868,51.90357208,1.0,0
2021-10-01 02:05:00+00:00,0,0.0,0.0,0.0,2,4,0,432.5333252,26.42000008,82.18499756,55.30333328,51.89666748,1.0,0
2021-10-01 02:10:00+00:00,0,0.0,0.0,0.0,2,4,0,435.3999938999999,26.49766731,82.42033386,50.02666855,51.83333206,1.0,0
2021-10-01 02:15:00+00:00,0,0.0,0.0,0.0,2,4,0,438.8666687,26.63033295,82.38466644,48.89666748,51.79666519,1.0,0
2021-10-01 02:20:00+00:00,0,0.0,0.0,0.0,2,4,0,442.6000061000001,26.51066589,82.74533081,51.58666611,51.75666809,1.0,0
2021-10-01 02:25:00+00:00,0,0.0,0.0,0.0,2,4,0,448.7666626,26.51666641,82.59933472,51.41999817,51.73333359,1.0,0
2021-10-01 02:30:00+00:00,0,0.0,0.0,0.0,2,4,0,448.2666626,26.50466728,82.75267029,54.45000076,51.71666718,1.0,0
2021-10-01 02:35:00+00:00,0,0.0,0.0,0.0,2,4,0,451.3333435,26.48900032,82.85099792,53.58666611,51.69666672,1.0,0
2021-10-01 02:40:00+00:00,0,0.0,0.0,0.0,2,4,0,447.8666687,26.49266624,82.85533142,53.33666611,51.70333481,1.0,0
2021-10-01 02:45:00+00:00,0,0.0,0.0,0.0,2,4,0,443.5,26.45964241,82.92428589,53.18214417,51.68214417,1.0,0
2021-10-01 02:50:00+00:00,0,0.0,0.0,0.0,2,4,0,439.1333313,26.28199959,83.52133179,54.11999893,51.68000031,1.0,0
2021-10-01 02:55:00+00:00,0,0.0,0.0,0.0,2,4,0,437.6896666999999,26.16344833,83.90172577,53.77931213,51.62068939,2.0,0
2021-10-01 03:00:00+00:00,0,0.0,0.0,0.0,3,4,0,441.8333435,26.32266617,83.68099976,55.4766655,51.70000076,2.0,0
2021-10-01 03:05:00+00:00,0,0.0,0.0,0.0,3,4,0,446.93331910000006,26.46666718,83.54833221,55.88333511,51.78666687,2.0,0
2021-10-01 03:10:00+00:00,0,0.0,0.0,0.0,3,4,0,452.1333313,26.26433372,84.26999664,54.31999969,32.80333328,2.0,0
2021-10-01 03:15:00+00:00,0,0.0,0.0,0.0,3,4,0,449.7000122,26.49833298,83.9853363,48.39666748,0.0,2.0,0
2021-10-01 03:20:00+00:00,0,0.0,0.0,0.0,3,4,0,448.6000061000001,26.57766724,83.72566986,48.55333328,8.813333511,2.0,0
2021-10-01 03:25:00+00:00,0,0.0,0.0,0.0,3,4,0,454.8999938999999,26.53566742,83.64433289,48.71666718,0.0,2.0,0
2021-10-01 03:30:00+00:00,0,0.0,0.0,0.0,3,4,0,452.7000122,26.50133324,83.6396637,48.43333435,0.0,2.0,0
2021-10-01 03:35:00+00:00,0,0.0,0.0,0.0,3,4,0,447.1428528,26.49464226,83.84714508,47.72142792,0.0,2.0,0
2021-10-01 03:40:00+00:00,0,0.0,0.0,0.0,3,4,0,441.7666626,26.51733398,84.23766327,47.76666641,0.0,2.0,0
2021-10-01 03:45:00+00:00,0,0.0,0.0,0.0,3,4,0,440.4137878,26.64103508,84.02655029,47.91034317,0.0,2.0,0
2021-10-01 03:50:00+00:00,0,0.0,0.0,0.0,3,4,0,441.3333435,26.55233383,84.43533325,48.20000076,0.0,1.0,0
2021-10-01 03:55:00+00:00,0,0.0,0.0,0.0,3,4,0,440.5333252,26.33233261,85.12033081,47.49000168,0.0,1.0,0
2021-10-01 04:00:00+00:00,0,0.0,0.0,0.0,4,4,0,436.2000122,26.29299927,84.90933228,47.52000046,0.0,1.0,0
2021-10-01 04:05:00+00:00,0,0.0,0.0,0.0,4,4,0,435.2666626,26.27233315,84.48433685,47.61999893,0.0,1.0,0
2021-10-01 04:10:00+00:00,0,0.0,0.0,0.0,4,4,0,435.7000122,26.24300003,84.40533447,47.38333511,0.0,1.0,0
2021-10-01 04:15:00+00:00,0,0.0,0.0,0.0,4,4,0,436.1333313,26.18199921,84.91766357,47.54333496,0.0,1.0,0
2021-10-01 04:20:00+00:00,0,0.0,0.0,0.0,4,4,0,436.2000122,26.20033264,85.00033569,47.44333267,0.0,1.0,0
2021-10-01 04:25:00+00:00,0,0.0,0.0,0.0,4,4,0,436.2758484,26.24896622,84.94172668,47.62413788,13.89999962,1.0,0
2021-10-01 04:30:00+00:00,0,0.0,0.0,0.0,4,4,0,441.5,26.39033318,83.83100128,51.65000153,54.0,1.0,0
2021-10-01 04:35:00+00:00,0,0.0,0.0,0.0,4,4,0,443.0666809,26.3813324,83.52700043,53.52000046,52.61666489,1.0,0
2021-10-01 04:40:00+00:00,0,0.0,0.0,0.0,4,4,0,446.96551510000006,26.32586288,83.90965271,54.09310532,52.33103561,1.0,0
2021-10-01 04:45:00+00:00,0,0.0,0.0,0.0,4,4,0,449.7000122,26.340999600000004,84.25233459,48.52000046,52.31000137,1.0,0
2021-10-01 04:50:00+00:00,0,0.0,0.0,0.0,4,4,0,450.5666809,26.349666600000003,84.42166901,47.28666687,52.22333145,1.0,0
2021-10-01 04:55:00+00:00,0,0.0,0.0,0.0,4,4,0,449.2666626,26.34733391,84.63566589,51.2733345,52.05333328,1.0,0
2021-10-01 05:00:00+00:00,0,0.0,0.0,0.0,5,4,0,450.1333313,26.36499977,84.61799622,53.75,52.21666718,1.0,0
2021-10-01 05:05:00+00:00,0,0.0,0.0,0.0,5,4,0,448.5,26.36499977,84.54199982,50.85666656,52.20666504,1.0,0
2021-10-01 05:10:00+00:00,0,0.0,0.0,0.0,5,4,0,449.5333252,26.43799973,84.25666809,51.09666824,52.16999817,1.0,0
2021-10-01 05:15:00+00:00,0,0.0,0.0,0.0,5,4,0,449.2666626,26.32066727,84.76100159,49.1566658,52.06999969,1.0,0
2021-10-01 05:20:00+00:00,0,0.0,0.0,0.0,5,4,0,448.5714416999999,26.32999992,84.7514267,48.79285812,51.93571472,1.0,0
2021-10-01 05:25:00+00:00,0,0.0,0.0,0.0,5,4,0,447.0333252,26.28366661,84.83933258,48.37333298,51.93999863,1.0,0
2021-10-01 05:30:00+00:00,0,0.0,0.0,0.0,5,4,0,448.2069092,26.11068916,85.82103729,48.77931213,51.84482574,1.0,4
2021-10-01 05:35:00+00:00,0,0.0,0.0,0.0,5,4,0,449.0666809,26.19733238,86.55166626,48.77000046,51.87333298,1.0,4
2021-10-01 05:40:00+00:00,0,0.0,0.0,0.0,5,4,0,454.5333252,26.25300026,87.01699829,49.02999878,51.79999924,2.0,4
2021-10-01 05:45:00+00:00,0,0.0,0.0,0.0,5,4,0,458.8333435,26.18499947,87.25033569,48.74000168,51.85666656,1.0,4
2021-10-01 05:50:00+00:00,0,0.0,0.0,0.0,5,4,0,459.1333313,26.19000053,87.04233551,48.59000015,51.77000046,1.0,4
2021-10-01 05:55:00+00:00,0,0.0,0.0,0.0,5,4,0,466.2058716,26.26411819,86.61794281,48.34411621,51.89706039,1.0,4
2021-10-01 06:00:00+00:00,0,0.0,0.0,0.0,6,4,0,467.0666809,26.35866737,86.08699799,47.63666534,6.923333167999999,1.0,4
2021-10-01 06:05:00+00:00,0,0.0,0.0,0.0,6,4,0,467.9666748,26.3560009,85.97966766,47.59666824,0.0,1.0,4
2021-10-01 06:10:00+00:00,0,0.0,0.0,0.0,6,4,0,471.3571472,26.32642937,86.03713989,46.55714417,0.0,1.0,4
2021-10-01 06:15:00+00:00,0,0.0,0.0,0.0,6,4,0,473.93331910000006,26.32666588,85.98600006,47.29666519,0.0,1.0,4
2021-10-01 06:20:00+00:00,0,0.0,0.0,0.0,6,4,0,477.3793030000001,26.33586121,85.88137817,47.04482651,0.0,1.0,4
2021-10-01 06:25:00+00:00,0,0.0,0.0,0.0,6,4,0,481.8333435,26.32266617,85.93466949,47.0,0.0,1.0,4
2021-10-01 06:30:00+00:00,0,0.0,0.0,0.0,6,4,0,482.0333252,26.4640007,85.42366791,47.04333496,0.0,1.0,4
2021-10-01 06:35:00+00:00,0,0.0,0.0,0.0,6,4,0,480.93331910000006,26.66833305,84.55400085,47.34666824,0.0,1.0,4
2021-10-01 06:40:00+00:00,0,0.0,0.0,0.0,6,4,0,480.6333313,26.69799995,84.44866943,46.74666595,0.0,1.0,4
2021-10-01 06:45:00+00:00,0,0.0,0.0,0.0,6,4,0,481.0333252,26.83633423,83.86166382,46.30666733,0.0,1.0,4
2021-10-01 06:50:00+00:00,0,0.0,0.0,0.0,6,4,0,480.93331910000006,26.80066681,83.99299622,46.78666687,0.0,1.0,4
2021-10-01 06:55:00+00:00,0,0.0,0.0,0.0,6,4,0,482.79998780000005,26.76399994,84.07199859999999,46.52999878,0.0,1.0,4
2021-10-01 07:00:00+00:00,0,0.0,0.0,0.0,7,4,0,490.2857056,26.69892883,84.324646,46.72499847,0.0,1.0,4
2021-10-01 07:05:00+00:00,0,0.0,0.0,0.0,7,4,0,494.5,26.72133255,84.22433472,46.54000092,0.0,1.0,4
2021-10-01 07:10:00+00:00,0,0.0,0.0,0.0,7,4,0,491.3666687,26.72900009,84.14266968,46.63000107,0.0,1.0,2
2021-10-01 07:15:00+00:00,0,0.0,0.0,0.0,7,4,0,492.241394,26.6413784,84.45827484,46.79999924,0.0,1.0,2
2021-10-01 07:20:00+00:00,0,0.0,0.0,0.0,7,4,0,492.93331910000006,26.65766716,84.40066528,46.47333145,0.0,3.0,2
2021-10-01 07:25:00+00:00,0,0.0,0.0,0.0,7,4,0,493.1333313,26.78266716,83.94499969,46.78333282,0.0,3.0,2
2021-10-01 07:30:00+00:00,4,0.0,0.0,0.0,7,4,0,494.2000122,26.80133247,83.86699677,46.44333267,0.0,5.0,2
2021-10-01 07:35:00+00:00,4,0.0,0.0,0.0,7,4,0,497.7575684,26.79909134,83.82939148,46.56060791,0.0,4.0,2
2021-10-01 07:40:00+00:00,4,0.0,0.0,0.0,7,4,0,493.5333252,26.7563324,83.94633484,46.6566658,0.0,1.0,2
2021-10-01 07:45:00+00:00,4,0.0,0.0,0.0,7,4,0,488.5666809,26.78933334,83.67366791,46.58666611,0.0,1.0,2
2021-10-01 07:50:00+00:00,4,0.0,0.0,0.0,7,4,0,485.8275757,26.7548275,83.73137665,46.43448257,0.0,1.0,2
2021-10-01 07:55:00+00:00,4,0.0,0.0,0.0,7,4,0,481.241394,26.79482841,83.47138214,46.34827423,0.0,1.0,2
2021-10-01 08:00:00+00:00,4,4.0,0.0,0.0,8,4,0,481.3333435,26.77000046,83.57299805,46.42333221,0.0,2.0,2
2021-10-01 08:05:00+00:00,4,4.0,0.0,0.0,8,4,0,481.0,26.81551743,83.31414032,46.29999924,0.0,1.0,2
2021-10-01 08:10:00+00:00,4,4.0,0.0,0.0,8,4,0,482.43331910000006,26.75499916,83.47733307,46.46333313,0.0,1.0,2
2021-10-01 08:15:00+00:00,4,4.0,0.0,0.0,8,4,0,484.29998780000005,26.81233406,83.26366425,46.16333389,0.0,2.0,2
2021-10-01 08:20:00+00:00,4,4.0,0.0,0.0,8,4,0,480.0,26.74600029,83.45500183,46.29666519,0.0,2.0,2
2021-10-01 08:25:00+00:00,4,4.0,0.0,0.0,8,4,0,474.79998780000005,26.75133324,83.45566559,46.15000153,0.0,2.0,2
2021-10-01 08:30:00+00:00,4,4.0,4.0,0.0,8,4,0,470.3333435,26.74233246,83.45200348,46.89333344,0.0,2.0,2
2021-10-01 08:35:00+00:00,4,4.0,4.0,0.0,8,4,0,471.7666626,26.72100067,83.47733307,47.01666641,0.0,1.0,2
2021-10-01 08:40:00+00:00,4,4.0,4.0,0.0,8,4,0,470.9666748,26.72233391,83.45200348,46.74000168,0.0,1.0,2
2021-10-01 08:45:00+00:00,4,4.0,4.0,0.0,8,4,0,471.6071472,26.72357178,83.43678284,46.49642944,0.0,2.0,2
2021-10-01 08:50:00+00:00,4,4.0,4.0,0.0,8,4,0,471.7000122,26.73366737,83.36799622,46.55333328,0.0,1.0,2
2021-10-01 08:55:00+00:00,4,4.0,4.0,0.0,8,4,0,465.8666687,26.74033356,83.33000183,46.57333374,0.0,2.0,2
2021-10-01 09:00:00+00:00,4,4.0,4.0,0.0,9,4,0,464.7241516,26.75344849,83.26931,46.35172272,0.0,1.0,2
2021-10-01 09:05:00+00:00,4,4.0,4.0,0.0,9,4,0,467.5666809,26.7626667,83.20733643,46.18000031,0.0,2.0,2
2021-10-01 09:10:00+00:00,2,4.0,4.0,0.0,9,4,0,465.29998780000005,26.79366684,83.05400085,46.25999832,0.0,3.0,2
2021-10-01 09:15:00+00:00,2,4.0,4.0,0.0,9,4,0,466.3666687,26.75966644,83.13733673,46.57333374,0.0,3.0,0
2021-10-01 09:20:00+00:00,2,4.0,4.0,0.0,9,4,0,466.6333313,26.75200081,83.19433594,46.43000031,0.0,1.0,0
2021-10-01 09:25:00+00:00,2,4.0,4.0,0.0,9,4,0,463.7000122,26.77499962,83.08366394,46.34000015,0.0,1.0,0
2021-10-01 09:30:00+00:00,2,4.0,4.0,4.0,9,4,0,466.3666687,26.78133392,83.03866577,46.47999954,0.0,1.0,0
2021-10-01 09:35:00+00:00,2,4.0,4.0,4.0,9,4,0,461.5,26.75857162,83.08071136,46.32857132,0.0,1.0,0
2021-10-01 09:40:00+00:00,2,2.0,4.0,4.0,9,4,0,464.0666809,26.71299934,83.25099945,46.52666855,0.0,1.0,0
2021-10-01 09:45:00+00:00,2,2.0,4.0,4.0,9,4,0,461.3999938999999,26.74300003,83.13899994,46.20999908,0.0,1.0,0
2021-10-01 09:50:00+00:00,2,2.0,4.0,4.0,9,4,0,462.0689697,26.730690000000003,83.18448639,46.15517426,0.0,1.0,0
2021-10-01 09:55:00+00:00,2,2.0,4.0,4.0,9,4,0,461.5666809,26.69166756,83.31533051,46.33666611,0.0,1.0,0
2021-10-01 10:00:00+00:00,2,2.0,4.0,4.0,10,4,0,462.93331910000006,26.69599915,83.28266907,46.22999954,0.0,1.0,0
2021-10-01 10:05:00+00:00,2,2.0,4.0,4.0,10,4,0,458.6333313,26.71066666,83.21133423,46.34999847,0.0,1.0,0
2021-10-01 10:10:00+00:00,2,2.0,2.0,4.0,10,4,0,460.0666809,26.70233345,83.24299622,46.09666824,0.0,1.0,0
2021-10-01 10:15:00+00:00,2,2.0,2.0,4.0,10,4,0,460.6333313,26.74066734,83.07966614,46.27999878,0.0,1.0,0
2021-10-01 10:20:00+00:00,2,2.0,2.0,4.0,10,4,0,462.3333435,26.75133324,83.02233124,46.18000031,0.0,1.0,0
2021-10-01 10:25:00+00:00,2,2.0,2.0,4.0,10,4,0,459.3928528,26.75928497,82.96857452,46.08571243,0.0,1.0,0
2021-10-01 10:30:00+00:00,2,2.0,2.0,4.0,10,4,0,458.8333435,26.76199913,82.95266724,46.18333435,0.0,1.0,1
2021-10-01 10:35:00+00:00,2,2.0,2.0,4.0,10,4,0,456.3333435,26.71166611,83.12133026,46.20999908,0.0,1.0,1
2021-10-01 10:40:00+00:00,2,2.0,2.0,4.0,10,4,0,458.7742004,26.70225716,83.15838623,46.30967712,0.0,1.0,1
2021-10-01 10:45:00+00:00,2,2.0,2.0,4.0,10,4,0,459.4827576,26.72206879,83.06034851,46.37931061,0.0,1.0,0
2021-10-01 10:50:00+00:00,2,2.0,2.0,4.0,10,4,0,459.1666565,26.73800087,82.98100281,46.40999985,0.0,1.0,0
2021-10-01 10:55:00+00:00,2,2.0,2.0,4.0,10,4,0,459.0666809,26.75933266,82.88266754,46.54999924,0.0,1.0,1
2021-10-01 11:00:00+00:00,2,2.0,2.0,4.0,11,4,0,451.2666626,26.77266693,82.84866333,46.4366684,0.0,2.0,1
2021-10-01 11:05:00+00:00,2,2.0,2.0,4.0,11,4,0,450.43331910000006,26.7733326,82.80200195,46.44666672,0.0,2.0,1
2021-10-01 11:10:00+00:00,2,2.0,2.0,2.0,11,4,0,453.5333252,26.77599907,82.76799774,46.60666656,0.0,1.0,1
2021-10-01 11:15:00+00:00,0,2.0,2.0,2.0,11,4,0,454.2333374,26.80699921,82.66533661,46.45999908,0.0,4.0,1
2021-10-01 11:20:00+00:00,0,2.0,2.0,2.0,11,4,0,455.8214416999999,26.80035782,82.66392517,46.38571548,0.0,4.0,1
2021-10-01 11:25:00+00:00,0,2.0,2.0,2.0,11,4,0,453.4666748,26.80566597,82.63166809,46.63000107,0.0,4.0,1
2021-10-01 11:30:00+00:00,0,2.0,2.0,2.0,11,4,0,452.6666565,26.78899956,82.694664,46.49666595,0.0,4.0,1
2021-10-01 11:35:00+00:00,0,2.0,2.0,2.0,11,4,0,453.1724243,26.82482719,82.57103729,46.40345001,0.0,4.0,1
2021-10-01 11:40:00+00:00,0,2.0,2.0,2.0,11,4,0,451.3333435,26.80599976,82.61966705,46.47000122,0.0,4.0,1
2021-10-01 11:45:00+00:00,0,0.0,2.0,2.0,11,4,0,452.93331910000006,26.7943325,82.66600037,46.5633316,0.0,4.0,1
2021-10-01 11:50:00+00:00,0,0.0,2.0,2.0,11,4,0,455.0666809,26.81966591,82.58599854,46.63000107,0.0,4.0,1
2021-10-01 11:55:00+00:00,0,0.0,2.0,2.0,11,4,0,452.4666748,26.83166695,82.53733063,46.59666824,0.0,4.0,1
2021-10-01 12:00:00+00:00,0,0.0,2.0,2.0,12,4,0,451.3999938999999,26.80266762,82.62033081,46.65999985,0.0,4.0,0
2021-10-01 12:05:00+00:00,0,0.0,2.0,2.0,12,4,0,451.1333313,26.83699989,82.53366852,46.68000031,0.0,4.0,0
2021-10-01 12:10:00+00:00,0,0.0,2.0,2.0,12,4,0,451.1071472,26.82892799,82.53535461,46.44643021,0.0,4.0,0
2021-10-01 12:15:00+00:00,0,0.0,0.0,2.0,12,4,0,447.1333313,26.7943325,82.66166687,46.79000092,0.0,4.0,0
2021-10-01 12:20:00+00:00,0,0.0,0.0,2.0,12,4,0,448.79998780000005,26.82866669,82.56500244,46.34999847,0.0,4.0,0
2021-10-01 12:25:00+00:00,0,0.0,0.0,2.0,12,4,0,450.29998780000005,26.86333275,82.42266846,46.47333145,0.0,4.0,0
2021-10-01 12:30:00+00:00,1,0.0,0.0,2.0,12,4,0,452.620697,26.83482742,82.53620911,46.57931137,0.0,1.0,0
2021-10-01 12:35:00+00:00,1,0.0,0.0,2.0,12,4,0,452.1666565,26.84000015,82.51566315,46.57333374,0.0,1.0,0
2021-10-01 12:40:00+00:00,1,0.0,0.0,2.0,12,4,0,448.0333252,26.86833382,82.38733673,46.75666809,0.0,1.0,0
2021-10-01 12:45:00+00:00,0,0.0,0.0,2.0,12,4,0,449.0,26.85533333,82.42299652,46.49666595,0.0,1.0,0
2021-10-01 12:50:00+00:00,0,0.0,0.0,2.0,12,4,0,450.5666809,26.87133408,82.36733246,46.59000015,0.0,1.0,0
2021-10-01 12:55:00+00:00,1,0.0,0.0,2.0,12,4,0,451.8666687,26.85866737,82.40333557,46.9066658,0.0,1.0,0
2021-10-01 13:00:00+00:00,1,1.0,0.0,2.0,13,4,0,450.0344849,26.84413719,82.4575882,46.61724091,0.0,1.0,0
2021-10-01 13:05:00+00:00,1,1.0,0.0,2.0,13,4,0,449.9032288,26.84870911,82.43386841,46.87741852,0.0,1.0,0
2021-10-01 13:10:00+00:00,1,1.0,0.0,2.0,13,4,0,448.9666748,26.85833359,82.38800049,46.94666672,0.0,1.0,0
2021-10-01 13:15:00+00:00,1,0.0,0.0,0.0,13,4,0,449.4666748,26.91900063,82.15133667,46.85666656,0.0,1.0,0
2021-10-01 13:20:00+00:00,1,0.0,0.0,0.0,13,4,0,445.8620605,26.93620682,82.07310486,46.77241516,0.0,1.0,0
2021-10-01 13:25:00+00:00,1,1.0,0.0,0.0,13,4,0,446.2666626,26.95199966,82.00033569,46.88999939,0.0,1.0,0
2021-10-01 13:30:00+00:00,1,1.0,1.0,0.0,13,4,0,449.1666565,26.92566681,82.0616684,47.30333328,0.0,1.0,0
2021-10-01 13:35:00+00:00,1,1.0,1.0,0.0,13,4,0,447.79998780000005,26.73133278,82.77799988,46.52999878,0.0,1.0,0
2021-10-01 13:40:00+00:00,1,1.0,1.0,0.0,13,4,0,446.4666748,26.61733246,83.20133209,46.6866684,0.0,1.0,0
2021-10-01 13:45:00+00:00,1,1.0,0.0,0.0,13,4,0,449.1000061000001,26.57099915,83.39900208,46.58666611,0.0,1.0,0
2021-10-01 13:50:00+00:00,1,1.0,0.0,0.0,13,4,0,443.3999938999999,26.53933334,83.54399872,46.43333435,0.0,1.0,0
2021-10-01 13:55:00+00:00,1,1.0,1.0,0.0,13,4,0,445.8571472,26.52607155,83.56785583,46.20000076,0.0,1.0,0
2021-12-08 18:00:00+00:00,0,0.0,0.0,0.0,18,2,0,425.5714416503906,25.593929290771484,72.45606994628906,52.44643020629883,30.38571357727051,0.0,0
2021-12-08 18:05:00+00:00,0,0.0,0.0,0.0,18,2,0,419.9666748046875,25.520666122436523,72.59333038330078,52.31666564941406,31.36666679382324,0.0,0
2021-12-08 18:10:00+00:00,0,0.0,0.0,0.0,18,2,0,422.8999938964844,25.726667404174805,75.42533111572266,52.34999847412109,29.98666572570801,0.0,0
2021-12-08 18:15:00+00:00,0,0.0,0.0,0.0,18,2,0,422.8666687011719,25.915000915527344,74.80033111572266,53.2933349609375,31.61000061035156,0.0,0
2021-12-08 18:20:00+00:00,0,0.0,0.0,0.0,18,2,0,419.9333190917969,25.66699981689453,71.8393325805664,52.45000076293945,35.62333297729492,0.0,0
2021-12-08 18:25:00+00:00,0,0.0,0.0,0.0,18,2,0,422.2000122070313,25.62066650390625,73.61799621582031,52.08000183105469,34.97999954223633,0.0,0
2021-12-08 18:30:00+00:00,0,0.0,0.0,0.0,18,2,0,425.5666809082031,25.81833267211914,75.06400299072266,52.8033332824707,35.81666564941406,0.0,0
2021-12-08 18:35:00+00:00,0,0.0,0.0,0.0,18,2,0,423.0,25.64666748046875,72.02266693115234,52.91333389282226,36.62333297729492,0.0,0
2021-12-08 18:40:00+00:00,0,0.0,0.0,0.0,18,2,0,422.7930908203125,25.769309997558597,74.25655364990234,49.40689468383789,32.265518188476555,0.0,0
2021-12-08 18:45:00+00:00,0,0.0,0.0,0.0,18,2,0,423.3333435058594,25.99233245849609,77.74566650390625,48.75333404541016,30.22333335876465,0.0,0
2021-12-08 18:50:00+00:00,0,0.0,0.0,0.0,18,2,0,422.75,25.754642486572266,75.39607238769531,49.58928680419922,33.424999237060554,0.0,0
2021-12-08 18:55:00+00:00,0,0.0,0.0,0.0,18,2,0,420.76666259765625,25.465999603271484,73.81566619873047,48.6866683959961,36.42333221435547,0.0,0
2021-12-08 19:00:00+00:00,0,0.0,0.0,0.0,19,2,0,421.73333740234375,25.652666091918945,77.3219985961914,49.209999084472656,31.1299991607666,0.0,0
2021-12-08 19:05:00+00:00,0,0.0,0.0,0.0,19,2,0,425.5333251953125,25.7723331451416,78.52766418457031,50.12666702270508,32.169998168945305,0.0,0
2021-12-08 19:10:00+00:00,0,0.0,0.0,0.0,19,2,0,431.6333312988281,25.30299949645996,73.74700164794922,48.96333312988281,37.61000061035156,0.0,0
2021-12-08 19:15:00+00:00,0,0.0,0.0,0.0,19,2,0,431.8333435058594,25.07033348083496,73.65166473388672,49.04666519165039,38.0433349609375,0.0,0
2021-12-08 19:20:00+00:00,0,0.0,0.0,0.0,19,2,0,434.5,25.14900016784668,77.55933380126953,49.65999984741211,34.233333587646484,0.0,0
2021-12-08 19:25:00+00:00,0,0.0,0.0,0.0,19,2,0,435.5333251953125,25.121999740600582,77.29266357421875,49.7599983215332,33.299999237060554,0.0,0
2021-12-08 19:30:00+00:00,0,0.0,0.0,0.0,19,2,0,433.2000122070313,24.85666656494141,74.22366333007812,48.9000015258789,35.3466682434082,0.0,0
2021-12-08 19:35:00+00:00,0,0.0,0.0,0.0,19,2,0,430.0344848632813,24.96827507019043,76.20552062988281,49.21034622192383,37.865516662597656,0.0,0
2021-12-08 19:40:00+00:00,0,0.0,0.0,0.0,19,2,0,430.6000061035156,25.20666694641113,77.29266357421875,49.31666564941406,38.7400016784668,0.0,0
2021-12-08 19:45:00+00:00,0,0.0,0.0,0.0,19,2,0,430.4285583496094,24.937143325805664,73.16321563720703,48.60714340209961,38.6678581237793,0.0,0
2021-12-08 19:50:00+00:00,0,0.0,0.0,0.0,19,2,0,428.7000122070313,24.73066711425781,72.30533599853516,49.49333190917969,38.88666534423828,0.0,0
2021-12-08 19:55:00+00:00,0,0.0,0.0,0.0,19,2,0,424.0333251953125,24.83333396911621,74.81366729736328,49.01333236694336,38.13000106811523,0.0,0
2021-12-08 20:00:00+00:00,0,0.0,0.0,0.0,20,2,0,426.9333190917969,25.257999420166016,79.15899658203125,49.09999847412109,35.2933349609375,0.0,0
2021-12-08 20:05:00+00:00,0,0.0,0.0,0.0,20,2,0,427.1666564941406,25.17600059509277,73.43499755859375,49.37666702270508,31.670000076293945,0.0,0
2021-12-08 20:10:00+00:00,0,0.0,0.0,0.0,20,2,0,423.23333740234375,24.92733383178711,71.80799865722656,53.04666519165039,47.32333374023438,0.0,0
2021-12-08 20:15:00+00:00,0,0.0,0.0,0.0,20,2,0,428.0333251953125,25.57866668701172,72.81400299072266,52.93999862670898,68.75333404541016,0.0,0
2021-12-08 20:20:00+00:00,0,0.0,0.0,0.0,20,2,0,436.6333312988281,25.79966735839844,76.01599884033203,52.72333145141602,61.6966667175293,0.0,0
2021-12-08 20:25:00+00:00,0,0.0,0.0,0.0,20,2,0,438.5517272949219,25.78482818603516,72.22413635253906,53.1137924194336,64.03103637695311,0.0,0
2021-12-08 20:30:00+00:00,0,0.0,0.0,0.0,20,2,0,443.6666564941406,25.71999931335449,71.96466827392578,54.47333145141602,61.34333419799805,0.0,0
2021-12-08 20:35:00+00:00,0,0.0,0.0,0.0,20,2,0,447.6785583496094,25.91928482055664,74.83964538574219,53.98571395874024,57.39285659790039,0.0,0
2021-12-08 20:40:00+00:00,0,0.0,0.0,0.0,20,2,0,442.5666809082031,25.29433250427246,74.37266540527344,56.86999893188477,58.21333312988281,0.0,0
2021-12-08 20:45:00+00:00,0,0.0,0.0,0.0,20,2,0,440.0,24.823871612548828,72.42742156982422,57.93548202514648,58.83225631713867,0.0,0
2021-12-08 20:50:00+00:00,0,0.0,0.0,0.0,20,2,0,443.26666259765625,25.04033279418945,75.1050033569336,57.00666809082031,59.79999923706055,0.0,0
2021-12-08 20:55:00+00:00,0,0.0,0.0,0.0,20,2,0,445.0,25.248666763305664,77.34400177001953,57.8033332824707,61.92333221435547,0.0,0
2021-12-08 21:00:00+00:00,0,0.0,0.0,0.0,21,2,0,443.6000061035156,24.89900016784668,72.52633666992188,57.66333389282226,63.42333221435547,0.0,0
2021-12-08 21:05:00+00:00,0,0.0,0.0,0.0,21,2,0,445.8333435058594,24.808332443237305,71.34866333007812,57.62333297729492,62.12666702270508,0.0,0
2021-12-08 21:10:00+00:00,0,0.0,0.0,0.0,21,2,0,446.6333312988281,25.28066635131836,73.79933166503906,57.08333206176758,62.05666732788086,0.0,0
2021-12-08 21:15:00+00:00,0,0.0,0.0,0.0,21,2,0,446.9666748046875,25.74833297729492,75.22000122070312,58.59999847412109,61.84999847412109,0.0,0
2021-12-08 21:20:00+00:00,0,0.0,0.0,0.0,21,2,0,446.4482727050781,25.359310150146484,72.31551361083984,59.027587890625,64.11724090576172,0.0,0
2021-12-08 21:25:00+00:00,0,0.0,0.0,0.0,21,2,0,445.5,25.492143630981445,73.55785369873047,59.32143020629883,65.20357513427734,0.0,0
2021-12-08 21:30:00+00:00,0,0.0,0.0,0.0,21,2,0,447.76666259765625,25.87033271789551,76.22633361816406,57.83000183105469,61.86000061035156,0.0,0
2021-12-08 21:35:00+00:00,0,0.0,0.0,0.0,21,2,0,442.5,25.687000274658203,72.35800170898438,58.43333435058594,64.55999755859375,0.0,0
2021-12-08 21:40:00+00:00,0,0.0,0.0,0.0,21,2,0,440.7000122070313,25.58699989318848,72.64299774169922,59.5099983215332,64.90666961669922,0.0,0
2021-12-08 21:45:00+00:00,0,0.0,0.0,0.0,21,2,0,446.1000061035156,25.97500038146973,75.57166290283203,60.18999862670898,63.13666534423828,0.0,0
2021-12-08 21:50:00+00:00,0,0.0,0.0,0.0,21,2,0,447.2000122070313,25.904333114624023,72.62899780273438,56.88999938964844,64.65666961669922,0.0,0
2021-12-08 21:55:00+00:00,0,0.0,0.0,0.0,21,2,0,446.6333312988281,25.881999969482425,69.77799987792969,61.12666702270508,65.30999755859375,0.0,0
2021-12-08 22:00:00+00:00,0,0.0,0.0,0.0,22,2,0,448.3333435058594,25.95366668701172,70.26533508300781,63.1966667175293,63.2066650390625,0.0,0
2021-12-08 22:05:00+00:00,0,0.0,0.0,0.0,22,2,0,448.5333251953125,26.05266761779785,75.04266357421875,58.709999084472656,53.09000015258789,0.0,0
2021-12-08 22:10:00+00:00,0,0.0,0.0,0.0,22,2,0,442.7586059570313,25.99413871765137,72.60758972167969,56.6793098449707,53.24827575683594,0.0,0
2021-12-08 22:15:00+00:00,0,0.0,0.0,0.0,22,2,0,437.3999938964844,26.04800033569336,70.89933013916016,56.07666778564453,51.20333480834961,0.0,0
2021-12-08 22:20:00+00:00,0,0.0,0.0,0.0,22,2,0,445.6071472167969,26.2117862701416,74.04928588867188,54.39642715454102,45.76785659790039,0.0,0
2021-12-08 22:25:00+00:00,0,0.0,0.0,0.0,22,2,0,447.8333435058594,26.00966644287109,71.44466400146484,57.61333465576172,46.356666564941406,0.0,0
2021-12-08 22:30:00+00:00,0,0.0,0.0,0.0,22,2,0,449.6666564941406,26.10300064086914,69.5086669921875,57.61999893188477,44.31666564941406,0.0,0
2021-12-08 22:35:00+00:00,0,0.0,0.0,0.0,22,2,0,447.4666748046875,26.1733341217041,73.22933197021484,49.18333435058594,40.99666595458984,0.0,0
2021-12-08 22:40:00+00:00,0,0.0,0.0,0.0,22,2,0,437.73333740234375,25.83066749572754,72.55400085449219,49.86000061035156,41.81333160400391,0.0,0
2021-12-08 22:45:00+00:00,0,0.0,0.0,0.0,22,2,0,430.6000061035156,25.41633415222168,72.37799835205078,48.74666595458984,46.81666564941406,0.0,0
2021-12-08 22:50:00+00:00,0,0.0,0.0,0.0,22,2,0,423.1333312988281,25.618667602539062,76.21900177001953,49.27999877929688,46.49666595458984,0.0,0
2021-12-08 22:55:00+00:00,0,0.0,0.0,0.0,22,2,0,426.5,25.678667068481445,74.96966552734375,49.36999893188477,42.63000106811523,0.0,0
2021-12-08 23:00:00+00:00,0,0.0,0.0,0.0,23,2,0,420.6333312988281,25.43233299255371,71.67433166503906,49.37666702270508,42.72666549682617,0.0,0
2021-12-08 23:05:00+00:00,0,0.0,0.0,0.0,23,2,0,417.5172424316406,25.41413879394531,71.32689666748047,53.08620834350586,42.55172348022461,0.0,1
2021-12-08 23:10:00+00:00,0,0.0,0.0,0.0,23,2,0,417.3214416503906,25.85714340209961,75.44571685791016,55.84285736083984,34.24285888671875,0.0,0
2021-12-08 23:15:00+00:00,0,0.0,0.0,0.0,23,2,0,427.9666748046875,25.81800079345703,74.97933197021484,49.47666549682617,7.449999809265138,0.0,0
2021-12-08 23:20:00+00:00,0,0.0,0.0,0.0,23,2,0,425.4333190917969,25.738666534423828,73.6546630859375,48.893333435058594,7.7133331298828125,0.0,0
2021-12-08 23:25:00+00:00,0,0.0,0.0,0.0,23,2,0,421.0333251953125,25.93633270263672,77.49800109863281,48.89666748046875,2.736666679382324,0.0,0
2021-12-08 23:30:00+00:00,0,0.0,0.0,0.0,23,2,0,420.0333251953125,25.80299949645996,77.12966918945312,48.82333374023438,2.6466667652130127,0.0,0
2021-12-08 23:35:00+00:00,0,0.0,0.0,0.0,23,2,0,416.8999938964844,25.51300048828125,73.26667022705078,49.40666580200195,4.046666622161865,0.0,0
2021-12-08 23:40:00+00:00,0,0.0,0.0,0.0,23,2,0,417.3999938964844,25.68899917602539,75.53299713134766,49.4466667175293,2.9200000762939453,0.0,0
2021-12-08 23:45:00+00:00,0,0.0,0.0,0.0,23,2,0,416.1290283203125,25.81387138366699,78.06838989257812,48.7129020690918,0.5774193406105042,0.0,0
2021-12-08 23:50:00+00:00,0,0.0,0.0,0.0,23,2,0,418.5,25.56833267211914,74.92266845703125,48.92333221435547,0.9566666483879088,0.0,0
2021-12-08 23:55:00+00:00,0,0.0,0.0,0.0,23,2,0,417.82757568359375,25.170000076293945,72.9641342163086,48.99655151367188,0.2172413766384124,0.0,0
2021-12-09 00:00:00+00:00,0,0.0,0.0,0.0,0,3,0,418.9285583496094,25.191429138183597,75.66999816894531,48.28571319580078,0.0,0.0,0
2021-12-09 00:05:00+00:00,0,0.0,0.0,0.0,0,3,0,422.8666687011719,25.458999633789062,78.55066680908203,49.24333190917969,0.0,0.0,0
2021-12-09 00:10:00+00:00,0,0.0,0.0,0.0,0,3,0,424.0666809082031,25.33566665649414,73.81999969482422,48.7066650390625,0.0,0.0,0
2021-12-09 00:15:00+00:00,0,0.0,0.0,0.0,0,3,0,425.0333251953125,25.06966590881348,72.2933349609375,49.50333404541016,0.0,0.0,0
2021-12-09 00:20:00+00:00,0,0.0,0.0,0.0,0,3,0,427.6000061035156,25.145666122436523,75.64666748046875,49.60333251953125,0.0,0.0,0
2021-12-09 00:25:00+00:00,0,0.0,0.0,0.0,0,3,0,433.5333251953125,25.46500015258789,78.6643295288086,49.4900016784668,0.0,0.0,0
2021-12-09 00:30:00+00:00,0,0.0,0.0,0.0,0,3,0,438.5666809082031,25.19933319091797,74.4383316040039,48.83333206176758,0.0,0.0,0
2021-12-09 00:35:00+00:00,0,0.0,0.0,0.0,0,3,0,447.3999938964844,25.029333114624023,73.98633575439453,49.10333251953125,0.0,0.0,0
2021-12-09 00:40:00+00:00,0,0.0,0.0,0.0,0,3,0,451.2999877929688,25.25933265686035,79.25499725341797,48.61000061035156,0.0,0.0,0
2021-12-09 00:45:00+00:00,0,0.0,0.0,0.0,0,3,0,453.3333435058594,25.44266700744629,77.32833099365234,48.96333312988281,0.0,0.0,0
2021-12-09 00:50:00+00:00,0,0.0,0.0,0.0,0,3,0,455.3214416503906,25.11964225769043,73.8471450805664,48.71785736083984,0.0,0.0,0
2021-12-09 00:55:00+00:00,0,0.0,0.0,0.0,0,3,0,458.9655151367188,25.21827507019043,77.51103210449219,48.74482727050781,0.0655172392725944,0.0,0
2021-12-09 01:00:00+00:00,0,0.0,0.0,0.0,1,3,0,466.7999877929688,25.434667587280277,78.09967041015625,49.55666732788086,0.3000000119209289,0.0,0
2021-12-09 01:05:00+00:00,1,0.0,0.0,0.0,1,3,0,462.3999938964844,25.28400039672852,74.33866882324219,49.07333374023438,0.3966666758060455,0.0,0
2021-12-09 01:10:00+00:00,0,0.0,0.0,0.0,1,3,0,460.1000061035156,25.22400093078613,77.08233642578125,49.03666687011719,0.5266666412353516,0.0,0
2021-12-09 01:15:00+00:00,0,0.0,0.0,0.0,1,3,0,466.73333740234375,25.46466636657715,79.99732971191406,48.88999938964844,0.5533333420753479,0.0,0
2021-12-09 01:20:00+00:00,0,0.0,0.0,0.0,1,3,0,468.6333312988281,25.3526668548584,74.99566650390625,49.040000915527344,0.8966666460037231,0.0,0
2021-12-09 01:25:00+00:00,0,0.0,0.0,0.0,1,3,0,468.8999938964844,25.16600036621093,76.03866577148438,49.28333282470703,1.6100000143051147,0.0,0
2021-12-09 01:30:00+00:00,0,0.0,0.0,0.0,1,3,0,470.8333435058594,25.39166641235352,80.56866455078125,49.209999084472656,3.4766666889190674,0.0,0
2021-12-09 01:35:00+00:00,0,1.0,0.0,0.0,1,3,0,468.5,25.40999984741211,75.86466979980469,48.92666625976562,3.9566667079925537,0.0,0
2021-12-09 01:40:00+00:00,0,0.0,0.0,0.0,1,3,0,456.6896667480469,25.14344787597656,74.63379669189453,49.76206970214844,3.80344820022583,0.0,0
2021-12-09 01:45:00+00:00,0,0.0,0.0,0.0,1,3,0,448.3571472167969,25.26357078552246,79.17821502685547,49.02142715454102,4.221428394317627,0.0,0
2021-12-09 01:50:00+00:00,0,0.0,0.0,0.0,1,3,0,441.3666687011719,25.53066635131836,79.66100311279297,49.47999954223633,3.049999952316284,0.0,0
2021-12-09 01:55:00+00:00,0,0.0,0.0,0.0,1,3,0,432.6333312988281,25.319000244140625,74.60633087158203,49.0099983215332,3.213333368301392,0.0,0
2021-12-09 02:00:00+00:00,0,0.0,0.0,0.0,2,3,0,425.6333312988281,25.046667098999023,74.42533111572266,49.36000061035156,2.933333396911621,0.0,0
2021-12-09 02:05:00+00:00,0,0.0,1.0,0.0,2,3,0,426.5333251953125,25.32299995422364,77.62133026123047,48.50666809082031,2.4733333587646484,0.0,0
2021-12-09 02:10:00+00:00,0,0.0,0.0,0.0,2,3,0,423.8999938964844,25.39666748046875,79.44499969482422,48.97000122070313,1.9133332967758176,0.0,3
2021-12-09 02:15:00+00:00,0,0.0,0.0,0.0,2,3,0,425.1000061035156,25.232666015625,74.4260025024414,48.7400016784668,1.5800000429153442,0.0,3
2021-12-09 02:20:00+00:00,0,0.0,0.0,0.0,2,3,0,425.1666564941406,25.094667434692383,75.66799926757812,48.56000137329102,0.9966666698455808,0.0,3
2021-12-09 02:25:00+00:00,0,0.0,0.0,0.0,2,3,0,425.9666748046875,25.321332931518555,80.12300109863281,48.7933349609375,0.4600000083446503,0.0,3
2021-12-09 02:30:00+00:00,0,0.0,0.0,0.0,2,3,0,429.0,25.44799995422364,76.56600189208984,48.96666717529297,0.0433333329856395,0.0,3
2021-12-09 02:35:00+00:00,0,0.0,0.0,0.0,2,3,0,421.9259338378906,25.185556411743164,73.38444519042969,48.80740737915039,0.0,0.0,3
2021-12-09 02:40:00+00:00,0,0.0,0.0,0.0,2,3,0,422.2000122070313,24.96166610717773,75.2699966430664,48.856666564941406,0.0,0.0,3
2021-12-09 02:45:00+00:00,0,0.0,0.0,0.0,2,3,0,423.7096862792969,25.32258033752441,78.92548370361328,49.1225814819336,0.0,0.0,3
2021-12-09 02:50:00+00:00,0,0.0,0.0,0.0,2,3,0,426.5666809082031,25.35099983215332,76.74600219726562,48.76666641235352,0.0,0.0,3
2021-12-09 02:55:00+00:00,0,0.0,0.0,0.0,2,3,0,423.0666809082031,25.082332611083984,73.92666625976562,48.66333389282226,0.0,0.0,3
2021-12-09 03:00:00+00:00,0,0.0,0.0,0.0,3,3,0,420.6333312988281,25.18433380126953,76.59967041015625,49.52333450317383,0.0,0.0,3
2021-12-09 03:05:00+00:00,0,0.0,0.0,1.0,3,3,0,421.2000122070313,25.373666763305664,79.36066436767578,48.35333251953125,0.0,0.0,3
2021-12-09 03:10:00+00:00,0,0.0,0.0,0.0,3,3,0,419.5,25.27833366394043,74.52733612060547,48.47999954223633,0.0,0.0,3
2021-12-09 03:15:00+00:00,0,0.0,0.0,0.0,3,3,0,419.6333312988281,25.090999603271484,74.57833099365234,48.58333206176758,0.0,0.0,3
2021-12-09 03:20:00+00:00,0,0.0,0.0,0.0,3,3,0,419.1000061035156,25.34199905395508,78.09432983398438,48.4000015258789,0.0,0.0,3
2021-12-09 03:25:00+00:00,0,0.0,0.0,0.0,3,3,0,421.4814758300781,25.50666618347168,78.33184814453125,48.170372009277344,0.0,0.0,3
2021-12-09 03:30:00+00:00,0,0.0,0.0,0.0,3,3,0,425.9333190917969,25.29333305358887,73.46366882324219,48.7400016784668,0.0,0.0,3
2021-12-09 03:35:00+00:00,0,0.0,0.0,0.0,3,3,0,420.5,25.11166572570801,73.66166687011719,49.33333206176758,0.0,0.0,3
2021-12-09 03:40:00+00:00,0,0.0,0.0,0.0,3,3,0,421.73333740234375,25.38433265686035,76.53533172607422,48.43000030517578,0.0,0.0,3
2021-12-09 03:45:00+00:00,0,0.0,0.0,0.0,3,3,0,427.7000122070313,25.42733383178711,80.27100372314453,48.67666625976562,0.0,0.0,3
2021-12-09 03:50:00+00:00,0,0.0,0.0,0.0,3,3,0,424.9666748046875,25.367000579833984,74.64399719238281,48.1966667175293,0.0,0.0,3
2021-12-09 03:55:00+00:00,0,0.0,0.0,0.0,3,3,0,425.5,25.14533424377441,74.12300109863281,48.38666534423828,0.0,0.0,3
2021-12-09 04:00:00+00:00,0,0.0,0.0,0.0,4,3,0,432.0666809082031,25.327667236328125,77.54833221435547,48.07666778564453,0.0,0.0,3
2021-12-09 04:05:00+00:00,0,0.0,0.0,0.0,4,3,0,428.7999877929688,25.38599967956543,81.77433013916016,47.89666748046875,0.0,0.0,3
2021-12-09 04:10:00+00:00,3,0.0,0.0,0.0,4,3,0,432.73333740234375,25.57399940490723,82.01266479492188,48.143333435058594,0.0,0.0,3
2021-12-09 04:15:00+00:00,3,0.0,0.0,0.0,4,3,0,428.6000061035156,25.76566696166992,81.46133422851562,46.98333358764648,0.0,0.0,3
2021-12-09 04:20:00+00:00,3,0.0,0.0,0.0,4,3,0,427.1481628417969,25.76814842224121,81.50666809082031,47.31111145019531,0.0,0.0,3
2021-12-09 04:25:00+00:00,3,0.0,0.0,0.0,4,3,0,429.3666687011719,25.851999282836918,80.73332977294922,47.2933349609375,0.0,0.0,3
2021-12-09 04:30:00+00:00,3,0.0,0.0,0.0,4,3,0,430.5666809082031,25.90399932861328,80.27532958984375,47.71666717529297,0.0,0.0,2
2021-12-09 04:35:00+00:00,3,0.0,0.0,0.0,4,3,0,425.8666687011719,25.95133399963379,79.90567016601562,47.86000061035156,0.0,0.0,0
2021-12-09 04:40:00+00:00,3,3.0,0.0,0.0,4,3,0,429.23333740234375,25.97933387756348,79.72766876220703,47.50333404541016,0.0,0.0,0
2021-12-09 04:45:00+00:00,3,3.0,0.0,0.0,4,3,0,431.5333251953125,26.014667510986328,79.59600067138672,47.2933349609375,0.0,0.0,0
2021-12-09 04:50:00+00:00,3,3.0,0.0,0.0,4,3,0,433.8333435058594,26.051666259765625,79.50133514404297,47.4000015258789,0.0,0.0,0
2021-12-09 04:55:00+00:00,3,3.0,0.0,0.0,4,3,0,432.2000122070313,26.07600021362305,79.43533325195312,47.61000061035156,0.0,0.0,0
2021-12-09 05:00:00+00:00,3,3.0,0.0,0.0,5,3,0,430.0666809082031,26.08566665649414,79.38300323486328,47.87333297729492,0.0,0.0,0
2021-12-09 05:05:00+00:00,3,3.0,0.0,0.0,5,3,0,436.23333740234375,26.08766746520996,79.48766326904297,47.68000030517578,0.0,0.0,0
2021-12-09 05:10:00+00:00,3,3.0,3.0,0.0,5,3,0,431.77777099609375,26.10888862609864,79.445556640625,47.29999923706055,0.0,0.0,0
2021-12-09 05:15:00+00:00,3,3.0,3.0,0.0,5,3,0,432.1666564941406,26.08099937438965,79.732666015625,46.93000030517578,0.0,0.0,0
2021-12-09 05:20:00+00:00,3,3.0,3.0,0.0,5,3,0,431.9333190917969,26.08733367919922,79.65899658203125,47.856666564941406,0.0,0.0,0
2021-12-09 05:25:00+00:00,3,3.0,3.0,0.0,5,3,0,434.1000061035156,26.10033416748047,79.71299743652344,47.43999862670898,0.0,0.0,0
2021-12-09 05:30:00+00:00,3,3.0,3.0,0.0,5,3,0,432.0333251953125,26.138999938964844,79.572998046875,47.356666564941406,0.0,0.0,0
2021-12-09 05:35:00+00:00,3,3.0,3.0,0.0,5,3,0,431.0,26.1473331451416,79.6943359375,47.58000183105469,0.0,0.0,0
2021-12-09 05:40:00+00:00,3,3.0,3.0,0.0,5,3,0,434.7000122070313,26.19499969482422,79.4923324584961,47.47000122070313,0.0,0.0,0
2021-12-09 05:45:00+00:00,3,3.0,3.0,0.0,5,3,0,432.9666748046875,26.21066665649414,79.50133514404297,47.31333160400391,0.0,0.0,0
2021-12-09 05:50:00+00:00,3,3.0,3.0,0.0,5,3,0,428.3333435058594,26.25166702270508,79.39366912841797,47.31999969482422,0.0,0.0,0
2021-12-09 05:55:00+00:00,3,3.0,3.0,0.0,5,3,0,430.4666748046875,26.263999938964844,79.35900115966797,47.58000183105469,0.0,0.0,0
2021-12-09 06:00:00+00:00,3,3.0,3.0,0.0,6,3,0,430.8928527832031,26.31142807006836,79.17571258544922,47.61785888671875,0.0,0.0,0
2021-12-09 06:05:00+00:00,3,3.0,3.0,0.0,6,3,0,430.5862121582031,26.29275894165039,79.31551361083984,47.6655158996582,0.0,0.0,0
2021-12-09 06:10:00+00:00,3,3.0,3.0,3.0,6,3,0,431.8666687011719,26.347665786743164,79.14666748046875,47.23333358764648,0.0,0.0,0
2021-12-09 06:15:00+00:00,3,3.0,3.0,3.0,6,3,0,430.7000122070313,26.36199951171875,79.16400146484375,47.7933349609375,0.0,0.0,0
2021-12-09 06:20:00+00:00,3,3.0,3.0,3.0,6,3,0,431.7999877929688,26.36233329772949,79.24700164794922,47.5533332824707,0.0,0.0,0
2021-12-09 06:25:00+00:00,3,3.0,3.0,3.0,6,3,0,432.1290283203125,26.3935489654541,79.30999755859375,47.22903060913086,0.0,0.0,0
2021-12-09 06:30:00+00:00,2,3.0,3.0,3.0,6,3,0,434.3333435058594,26.42566680908203,79.3326644897461,47.20333480834961,0.0,0.0,0
2021-12-09 06:35:00+00:00,0,3.0,3.0,3.0,6,3,0,430.26666259765625,26.461334228515625,79.197998046875,47.61999893188477,0.0,0.0,0
2021-12-09 06:40:00+00:00,0,3.0,3.0,3.0,6,3,0,430.0,26.45666694641113,79.15433502197266,47.26333236694336,0.0,0.0,0
2021-12-09 06:45:00+00:00,0,3.0,3.0,3.0,6,3,0,427.76666259765625,26.47800064086914,78.9469985961914,47.47000122070313,0.0,0.0,0
2021-12-09 06:50:00+00:00,0,3.0,3.0,3.0,6,3,0,429.0666809082031,26.46633338928223,79.28266906738281,47.44333267211914,0.0,0.0,0
2021-12-09 06:55:00+00:00,0,3.0,3.0,3.0,6,3,0,425.5555419921875,26.49777793884277,79.2388916015625,46.79629516601562,0.0,0.0,0
2021-12-09 07:00:00+00:00,0,2.0,3.0,3.0,7,3,0,429.2999877929688,26.51266670227051,78.98666381835938,47.18999862670898,0.0,0.0,0
2021-12-09 07:05:00+00:00,0,0.0,3.0,3.0,7,3,0,434.0333251953125,26.524333953857425,79.03900146484375,47.0533332824707,0.0,0.0,0
2021-12-09 07:10:00+00:00,0,0.0,3.0,3.0,7,3,0,432.6333312988281,26.55599975585937,79.09400177001953,47.08000183105469,0.0,0.0,0
2021-12-09 07:15:00+00:00,0,0.0,3.0,3.0,7,3,0,432.8999938964844,26.6113338470459,78.69300079345703,47.22666549682617,0.0,0.0,0
2021-12-09 07:20:00+00:00,0,0.0,3.0,3.0,7,3,0,433.2999877929688,26.60666656494141,78.84500122070312,47.4566650390625,0.0,0.0,0
2021-12-09 07:25:00+00:00,0,0.0,3.0,3.0,7,3,0,431.5333251953125,26.599666595458984,78.80799865722656,47.209999084472656,0.0,0.0,0
2021-12-09 07:30:00+00:00,0,0.0,2.0,3.0,7,3,0,432.8999938964844,26.63133239746093,78.96966552734375,46.90999984741211,0.0,0.0,0
2021-12-09 07:35:00+00:00,0,0.0,0.0,3.0,7,3,0,431.8333435058594,26.621999740600582,78.91799926757812,47.25,0.0,0.0,0
2021-12-09 07:40:00+00:00,0,0.0,0.0,3.0,7,3,0,433.1000061035156,26.64066696166992,78.8280029296875,47.17333221435547,0.0,0.0,0
2021-12-09 07:45:00+00:00,0,0.0,0.0,3.0,7,3,0,434.75,26.693214416503903,78.57286071777344,46.97857284545898,0.0,0.0,0
2021-12-09 07:50:00+00:00,0,0.0,0.0,3.0,7,3,0,434.7586059570313,26.69172477722168,78.4000015258789,47.06551742553711,0.0,0.0,0
2021-12-09 07:55:00+00:00,0,0.0,0.0,3.0,7,3,0,434.5,26.73200035095215,78.22100067138672,47.06333160400391,0.0,0.0,0
2021-12-09 08:00:00+00:00,0,0.0,0.0,3.0,8,3,0,430.3999938964844,26.74600028991699,78.37266540527344,47.040000915527344,0.0,0.0,0
2021-12-09 08:05:00+00:00,0,0.0,0.0,3.0,8,3,0,431.7999877929688,26.738666534423828,78.52166748046875,46.91999816894531,0.0,0.0,0
2021-12-09 08:10:00+00:00,0,0.0,0.0,3.0,8,3,0,433.0333251953125,26.74900054931641,78.51066589355469,46.75333404541016,0.0,0.0,0
2021-12-09 08:15:00+00:00,0,0.0,0.0,3.0,8,3,0,436.6000061035156,26.80699920654297,78.20133209228516,46.71666717529297,0.0,0.0,0
2021-12-09 08:20:00+00:00,0,0.0,0.0,3.0,8,3,0,434.6333312988281,26.779333114624023,78.69100189208984,46.81999969482422,0.0,0.0,0
2021-12-09 08:25:00+00:00,0,0.0,0.0,3.0,8,3,0,431.5333251953125,26.779333114624023,78.43367004394531,46.81999969482422,0.0,0.0,0
2021-12-09 08:30:00+00:00,0,0.0,0.0,2.0,8,3,0,433.1666564941406,26.84333419799805,78.31966400146484,46.9466667175293,0.0,0.0,0
2021-12-09 08:35:00+00:00,0,0.0,0.0,0.0,8,3,0,432.46429443359375,26.857500076293945,78.33000183105469,46.71071243286133,0.0,0.0,0
2021-12-09 08:40:00+00:00,0,0.0,0.0,0.0,8,3,0,437.3793029785156,26.82793045043945,78.47447967529297,46.84138107299805,0.0,0.0,0
2021-12-09 08:45:00+00:00,0,0.0,0.0,0.0,8,3,0,436.73333740234375,26.84700012207031,78.48600006103516,47.0966682434082,0.0,0.0,0
2021-12-09 08:50:00+00:00,0,0.0,0.0,0.0,8,3,0,435.1666564941406,26.82966613769531,78.61299896240234,46.7599983215332,0.0,0.0,0
2021-12-09 08:55:00+00:00,0,0.0,0.0,0.0,8,3,0,435.1000061035156,26.864665985107425,78.64933013916016,46.82666778564453,0.0,0.0,0
2021-12-09 09:00:00+00:00,0,0.0,0.0,0.0,9,3,0,435.7999877929688,26.85000038146973,78.697998046875,46.66333389282226,0.0,0.0,0
2021-12-09 09:05:00+00:00,0,0.0,0.0,0.0,9,3,0,436.76666259765625,26.84233283996582,78.93866729736328,46.72000122070313,0.0,0.0,0
2021-12-09 09:10:00+00:00,0,0.0,0.0,0.0,9,3,0,435.7000122070313,26.857999801635746,78.83133697509766,46.77000045776367,0.0,0.0,0
2021-12-09 09:15:00+00:00,0,0.0,0.0,0.0,9,3,0,435.1666564941406,26.87933349609375,78.7586669921875,46.6533317565918,0.0,0.0,0
2021-12-09 09:20:00+00:00,0,0.0,0.0,0.0,9,3,0,433.23333740234375,26.888999938964844,78.77233123779297,46.63999938964844,0.0,0.0,0
2021-12-09 09:25:00+00:00,0,0.0,0.0,0.0,9,3,0,432.46429443359375,26.88607215881348,78.80571746826172,46.94643020629883,0.0,0.0,0
2021-12-09 09:30:00+00:00,0,0.0,0.0,0.0,9,3,0,432.26666259765625,26.89266586303711,78.81632995605469,46.643333435058594,0.0,0.0,0
2021-12-09 09:35:00+00:00,0,0.0,0.0,0.0,9,3,0,431.7930908203125,26.91965484619141,78.80413818359375,46.92413711547852,0.0,0.0,0
2021-12-09 09:40:00+00:00,0,0.0,0.0,0.0,9,3,0,435.7000122070313,26.90733337402344,79.02899932861328,46.66333389282226,0.0,0.0,0
2021-12-09 09:45:00+00:00,0,0.0,0.0,0.0,9,3,0,434.3999938964844,26.91266632080078,78.96566772460938,46.9000015258789,0.0,0.0,0
2021-12-09 09:50:00+00:00,0,0.0,0.0,0.0,9,3,0,433.23333740234375,26.922332763671875,78.96766662597656,46.61333465576172,0.0,0.0,0
2021-12-09 09:55:00+00:00,0,0.0,0.0,0.0,9,3,0,435.0,26.926666259765625,78.99966430664062,46.72999954223633,0.0,0.0,0
2021-12-09 10:00:00+00:00,0,0.0,0.0,0.0,10,3,0,435.0333251953125,26.91433334350586,79.06400299072266,46.83333206176758,0.0,0.0,0
2021-12-09 10:05:00+00:00,0,0.0,0.0,0.0,10,3,0,434.4333190917969,26.93833351135254,79.01667022705078,46.6533317565918,0.0,0.0,0
2021-12-09 10:10:00+00:00,0,0.0,0.0,0.0,10,3,0,433.9666748046875,26.92366600036621,79.08032989501953,46.72666549682617,0.0,0.0,0
2021-12-09 10:15:00+00:00,0,0.0,0.0,0.0,10,3,0,436.8333435058594,26.9146671295166,79.10333251953125,46.78333282470703,0.0,0.0,0
2021-12-09 10:20:00+00:00,0,0.0,0.0,0.0,10,3,0,436.6071472167969,26.91928482055664,79.2300033569336,46.53214263916016,0.0,0.0,0
2021-12-09 10:25:00+00:00,0,0.0,0.0,0.0,10,3,0,435.9310302734375,26.93241310119629,79.1748275756836,46.77586364746094,0.0,0.0,0
2021-12-09 10:30:00+00:00,0,0.0,0.0,0.0,10,3,0,436.73333740234375,26.93400001525879,79.18533325195312,47.13999938964844,0.0,0.0,0
2021-12-09 10:35:00+00:00,0,0.0,0.0,0.0,10,3,0,435.0333251953125,26.93633270263672,79.11666870117188,47.18999862670898,0.0,0.0,0
2021-12-09 10:40:00+00:00,0,0.0,0.0,0.0,10,3,0,436.0666809082031,26.919666290283203,79.2076644897461,46.72000122070313,0.0,0.0,0
2021-12-09 10:45:00+00:00,0,0.0,0.0,0.0,10,3,0,437.6000061035156,26.968000411987305,79.07333374023438,46.709999084472656,0.0,0.0,0
2021-12-09 10:50:00+00:00,0,0.0,0.0,0.0,10,3,0,438.6666564941406,26.930334091186523,79.2413330078125,46.7599983215332,0.0,0.0,0
2021-12-09 10:55:00+00:00,0,0.0,0.0,0.0,10,3,0,436.6333312988281,26.94333267211914,79.25566864013672,46.77000045776367,0.0,0.0,0
2021-12-09 11:00:00+00:00,0,0.0,0.0,0.0,11,3,0,435.2000122070313,26.95366668701172,79.20833587646484,46.77000045776367,0.0,0.0,0
2021-12-09 11:05:00+00:00,0,0.0,0.0,0.0,11,3,0,432.6333312988281,26.94899940490723,79.20433044433594,46.58000183105469,0.0,0.0,0
2021-12-09 11:10:00+00:00,0,0.0,0.0,0.0,11,3,0,429.9310302734375,26.953447341918945,79.20344543457031,46.472412109375,0.0,0.0,0
2021-12-09 11:15:00+00:00,0,0.0,0.0,0.0,11,3,0,430.3333435058594,26.9379997253418,79.27433013916016,46.72999954223633,0.0,0.0,0
2021-12-09 11:20:00+00:00,0,0.0,0.0,0.0,11,3,0,432.6896667480469,26.92758560180664,79.36792755126953,46.78275680541992,0.0,0.0,0
2021-12-09 11:25:00+00:00,0,0.0,0.0,0.0,11,3,0,432.3999938964844,26.959333419799805,79.30833435058594,46.68000030517578,0.0,0.0,0
2021-12-09 11:30:00+00:00,0,0.0,0.0,0.0,11,3,0,437.9333190917969,26.952999114990234,79.36399841308594,46.76666641235352,0.0,0.0,0
2021-12-09 11:35:00+00:00,0,0.0,0.0,0.0,11,3,0,436.3999938964844,26.98699951171875,79.2163314819336,46.91999816894531,0.0,0.0,0
2021-12-09 11:40:00+00:00,0,0.0,0.0,0.0,11,3,0,439.2000122070313,26.99766731262207,79.23200225830078,46.6866683959961,0.0,0.0,0
2021-12-09 11:45:00+00:00,0,0.0,0.0,0.0,11,3,0,439.3548278808594,26.98645210266113,79.33290100097656,46.75483703613281,0.0,0.0,0
2021-12-09 11:50:00+00:00,0,0.0,0.0,0.0,11,3,0,436.7000122070313,26.96833419799805,79.37200164794922,46.7599983215332,0.0,0.0,0
2021-12-09 11:55:00+00:00,0,0.0,0.0,0.0,11,3,0,434.7999877929688,26.91633415222168,79.5856704711914,46.82666778564453,0.0,0.0,0
2021-12-09 12:00:00+00:00,0,0.0,0.0,0.0,12,3,0,436.0357055664063,26.93178558349609,79.54000091552734,46.45000076293945,0.0,0.0,0
2021-12-09 12:05:00+00:00,0,0.0,0.0,0.0,12,3,0,438.2000122070313,26.95800018310547,79.49266815185547,46.74333190917969,0.0,0.0,0
2021-12-09 12:10:00+00:00,0,0.0,0.0,0.0,12,3,0,435.9310302734375,26.960344314575195,79.4472427368164,46.81034469604492,0.0,0.0,0
2021-12-09 12:15:00+00:00,0,0.0,0.0,0.0,12,3,0,435.6774291992188,26.98290252685547,79.43354797363281,46.7129020690918,0.0,0.0,0
2021-12-09 12:20:00+00:00,0,0.0,0.0,0.0,12,3,0,435.3333435058594,26.992000579833984,79.44000244140625,46.7599983215332,0.0,0.0,0
2021-12-09 12:25:00+00:00,0,0.0,0.0,0.0,12,3,0,434.6333312988281,26.94966697692871,79.6259994506836,46.83000183105469,0.0,0.0,0
2021-12-09 12:30:00+00:00,0,0.0,0.0,0.0,12,3,0,438.0333251953125,26.950666427612305,79.63666534423828,46.81333160400391,0.0,0.0,0
2021-12-09 12:35:00+00:00,0,0.0,0.0,0.0,12,3,0,433.73333740234375,26.97166633605957,79.55699920654297,46.82666778564453,0.0,0.0,0
2021-12-09 12:40:00+00:00,0,0.0,0.0,0.0,12,3,0,429.76666259765625,26.989665985107425,79.46399688720703,46.97999954223633,0.0,0.0,0
2021-12-09 12:45:00+00:00,0,0.0,0.0,0.0,12,3,0,431.1000061035156,26.97900009155273,79.5606689453125,46.856666564941406,0.0,0.0,0
2021-12-09 12:50:00+00:00,0,0.0,0.0,0.0,12,3,0,435.6000061035156,26.95499992370605,79.67266845703125,47.16333389282226,0.0,0.0,0
2021-12-09 12:55:00+00:00,0,0.0,0.0,0.0,12,3,0,437.0357055664063,26.97249984741211,79.64607238769531,46.53571319580078,0.0,0.0,0
2021-12-09 13:00:00+00:00,0,0.0,0.0,0.0,13,3,0,432.5333251953125,26.994667053222656,79.59166717529297,47.03333282470703,0.0,0.0,0
2021-12-09 13:05:00+00:00,0,0.0,0.0,0.0,13,3,0,431.2413940429688,26.98379325866699,79.63275909423828,47.06206893920898,0.0,0.0,0
2021-12-09 13:10:00+00:00,0,0.0,0.0,0.0,13,3,0,433.8999938964844,26.988000869750977,79.64900207519531,47.15999984741211,0.0,0.0,0
2021-12-09 13:15:00+00:00,0,0.0,0.0,0.0,13,3,0,436.0,26.98600006103516,79.6796646118164,46.80666732788086,0.0,0.0,0
2021-12-09 13:20:00+00:00,0,0.0,0.0,0.0,13,3,0,437.8999938964844,27.00399971008301,79.64766693115234,47.00333404541016,0.0,0.0,0
2021-12-09 13:25:00+00:00,0,0.0,0.0,0.0,13,3,0,435.5,27.006999969482425,79.62366485595703,47.27666854858398,0.0,0.0,0
2021-12-09 13:30:00+00:00,0,0.0,0.0,0.0,13,3,0,435.5666809082031,27.03066635131836,79.62033081054688,47.28666687011719,0.0,0.0,0
2021-12-09 13:35:00+00:00,0,0.0,0.0,0.0,13,3,0,433.5666809082031,27.018333435058597,79.66300201416016,47.23333358764648,0.0,0.0,0
2021-12-09 13:40:00+00:00,0,0.0,0.0,0.0,13,3,0,433.6000061035156,26.983333587646484,79.73799896240234,47.06333160400391,0.0,0.0,0
2021-12-09 13:45:00+00:00,0,0.0,0.0,0.0,13,3,0,435.3214416503906,27.02107048034668,79.65071105957031,46.94285583496094,0.0,0.0,0
2021-12-09 13:50:00+00:00,0,0.0,0.0,0.0,13,3,0,436.8999938964844,27.02566719055176,79.69233703613281,47.34999847412109,0.0,0.0,0
2021-12-09 13:55:00+00:00,0,0.0,0.0,0.0,13,3,0,438.89654541015625,27.00586128234864,79.76724243164062,47.16206741333008,0.0,0.0,0
2021-12-09 14:00:00+00:00,0,0.0,0.0,0.0,14,3,0,441.8333435058594,26.98833274841309,79.78033447265625,47.67666625976562,0.0,0.0,0
2021-12-09 14:05:00+00:00,0,0.0,0.0,0.0,14,3,0,436.1000061035156,26.988000869750977,79.82133483886719,47.53333282470703,0.0,0.0,0
2021-12-09 14:10:00+00:00,0,0.0,0.0,0.0,14,3,0,433.3333435058594,27.003665924072266,79.8046646118164,47.7933349609375,0.0,0.0,0
2021-12-09 14:15:00+00:00,0,0.0,0.0,0.0,14,3,0,434.6000061035156,27.00466728210449,79.80899810791016,47.88666534423828,0.0,0.0,0
2021-12-09 14:20:00+00:00,0,0.0,0.0,0.0,14,3,0,434.2000122070313,27.00900077819824,79.84333038330078,47.91999816894531,0.0,0.0,0
2021-12-09 14:25:00+00:00,0,0.0,0.0,0.0,14,3,0,434.73333740234375,27.031665802001957,79.8030014038086,47.77666854858398,0.0,0.0,0
2021-12-09 14:30:00+00:00,0,0.0,0.0,0.0,14,3,0,434.1333312988281,27.04633331298828,79.76533508300781,47.83333206176758,0.0,0.0,0
2021-12-09 14:35:00+00:00,0,0.0,0.0,0.0,14,3,0,433.46429443359375,27.02571487426757,79.88214111328125,47.71785736083984,0.0,0.0,0
2021-12-09 14:40:00+00:00,0,0.0,0.0,0.0,14,3,0,430.5,26.98733329772949,80.04566955566406,47.94333267211914,0.0,0.0,0
2021-12-09 14:45:00+00:00,0,0.0,0.0,0.0,14,3,0,429.6333312988281,26.98733329772949,80.13066864013672,48.49333190917969,0.0,0.0,0
2021-12-09 14:50:00+00:00,0,0.0,0.0,0.0,14,3,0,430.7586059570313,27.02241325378418,80.00068664550781,48.80344772338867,0.0,0.0,0
2021-12-09 14:55:00+00:00,0,0.0,0.0,0.0,14,3,0,435.26666259765625,27.03866577148437,79.9316635131836,48.1866683959961,0.0,0.0,0
2021-12-09 15:00:00+00:00,0,0.0,0.0,0.0,15,3,0,438.5666809082031,27.03266716003418,80.0076675415039,48.61000061035156,0.0,0.0,0
2021-12-09 15:05:00+00:00,0,0.0,0.0,0.0,15,3,0,442.9666748046875,27.042667388916016,80.0616683959961,48.74666595458984,0.0,0.0,0
2021-12-09 15:10:00+00:00,0,0.0,0.0,0.0,15,3,0,442.1333312988281,27.07600021362305,80.01766967773438,48.39666748046875,0.0,0.0,0
2021-12-09 15:15:00+00:00,0,0.0,0.0,0.0,15,3,0,438.2000122070313,27.053667068481445,80.11766815185547,48.52000045776367,0.0,0.0,0
2021-12-09 15:20:00+00:00,0,0.0,0.0,0.0,15,3,0,437.5,27.02599906921387,80.25633239746094,48.38333511352539,0.0,0.0,0
2021-12-09 15:25:00+00:00,0,0.0,0.0,0.0,15,3,0,435.9333190917969,27.04599952697754,80.16566467285156,48.56666564941406,0.1133333370089531,0.0,0
2021-12-09 15:30:00+00:00,0,0.0,0.0,0.0,15,3,0,436.5357055664063,27.03642845153809,80.20714569091797,48.72857284545898,1.2607142925262451,0.0,0
2021-12-09 15:35:00+00:00,0,0.0,0.0,0.0,15,3,0,435.1000061035156,27.051332473754886,80.18900299072266,48.89666748046875,3.1533334255218506,0.0,0
2021-12-09 15:40:00+00:00,0,0.0,0.0,0.0,15,3,0,438.0689697265625,27.0117244720459,80.33551788330078,49.13448333740234,5.306896686553955,0.0,0
2021-12-09 15:45:00+00:00,0,0.0,0.0,0.0,15,3,0,434.8333435058594,27.00466728210449,80.49066925048828,49.37666702270508,6.929999828338622,0.0,0
2021-12-09 15:50:00+00:00,0,0.0,0.0,0.0,15,3,0,440.8333435058594,26.720666885375977,76.59733581542969,49.77666854858398,8.363333702087402,0.0,0
2021-12-09 15:55:00+00:00,0,0.0,0.0,0.0,15,3,0,444.73333740234375,25.79100036621093,71.5806655883789,50.96333312988281,12.706666946411133,0.0,0
2021-12-09 16:00:00+00:00,0,0.0,0.0,0.0,16,3,0,442.73333740234375,25.203332901000977,69.84733581542969,49.87333297729492,14.886666297912598,0.0,0
2021-12-09 16:05:00+00:00,0,0.0,0.0,0.0,16,3,0,445.0,24.93766593933105,69.43399810791016,49.70000076293945,15.556666374206545,0.0,0
2021-12-09 16:10:00+00:00,0,0.0,0.0,0.0,16,3,0,445.2999877929688,24.78899955749512,69.1546630859375,50.06333160400391,18.32999992370605,0.0,0
2021-12-09 16:15:00+00:00,0,0.0,0.0,0.0,16,3,0,447.6333312988281,24.663333892822266,69.43599700927734,49.35333251953125,20.540000915527344,0.0,0
2021-12-09 16:20:00+00:00,0,0.0,0.0,0.0,16,3,0,452.7857055664063,24.591785430908203,70.06214141845703,48.88571548461914,21.77142906188965,0.0,0
2021-12-09 16:25:00+00:00,0,0.0,0.0,0.0,16,3,0,452.2999877929688,24.601667404174805,70.84833526611328,49.34000015258789,22.69333267211914,0.0,0
2021-12-09 16:30:00+00:00,0,0.0,0.0,0.0,16,3,0,452.5666809082031,25.14266586303711,72.79499816894531,49.68000030517578,23.149999618530277,0.0,0
2021-12-09 16:35:00+00:00,0,0.0,0.0,0.0,16,3,0,452.4666748046875,24.93766593933105,72.3550033569336,49.0966682434082,24.25333404541016,0.0,0
2021-12-09 16:40:00+00:00,0,0.0,0.0,0.0,16,3,0,448.6000061035156,24.6733341217041,71.3499984741211,50.03333282470703,25.38999938964844,0.0,0
2021-12-09 16:45:00+00:00,0,0.0,0.0,0.0,16,3,0,441.1666564941406,24.814666748046875,71.94499969482422,49.2933349609375,25.420000076293945,0.0,0
2021-12-09 16:50:00+00:00,0,0.0,0.0,0.0,16,3,0,443.8666687011719,25.514667510986328,74.76366424560547,49.74333190917969,27.23666572570801,0.0,0
2021-12-09 16:55:00+00:00,0,0.0,0.0,0.0,16,3,0,440.73333740234375,25.06066703796387,73.836669921875,48.86999893188477,29.0766658782959,0.0,0
2021-12-09 17:00:00+00:00,0,0.0,0.0,0.0,17,3,0,435.9333190917969,24.72400093078613,72.9489974975586,49.52666854858398,30.496665954589844,0.0,0
2021-12-09 17:05:00+00:00,0,0.0,0.0,0.0,17,3,0,436.0666809082031,25.03733253479004,74.49866485595703,49.28666687011719,30.546667098999023,0.0,0
2021-12-09 17:10:00+00:00,0,0.0,0.0,0.0,17,3,0,436.5714416503906,25.277143478393555,76.77357482910156,49.43214416503906,31.14642906188965,0.0,0
2021-12-09 17:15:00+00:00,0,0.0,0.0,0.0,17,3,0,431.4333190917969,24.801666259765625,74.02033233642578,49.20333480834961,32.7599983215332,0.0,0
2021-12-09 17:20:00+00:00,0,0.0,0.0,0.0,17,3,0,427.7999877929688,24.6733341217041,74.8290023803711,49.54999923706055,31.75,0.0,0
2021-12-09 17:25:00+00:00,0,0.0,0.0,0.0,17,3,0,426.7586059570313,25.05931091308593,77.67448425292969,48.93103408813477,29.72758674621582,0.0,0
2021-12-09 17:30:00+00:00,0,0.0,0.0,0.0,17,3,0,427.7000122070313,25.37266731262207,76.85832977294922,49.21666717529297,29.32999992370605,0.0,0
2021-12-09 17:35:00+00:00,0,0.0,0.0,0.0,17,3,0,423.4333190917969,25.23699951171875,73.15233612060547,49.1500015258789,26.37666702270508,0.0,0
2021-12-09 17:40:00+00:00,0,0.0,0.0,0.0,17,3,0,425.73333740234375,24.805334091186523,74.8193359375,49.02000045776367,26.33333396911621,0.0,0
2021-12-09 17:45:00+00:00,0,0.0,0.0,0.0,17,3,0,424.2000122070313,25.05733299255371,77.38666534423828,49.52000045776367,27.08333396911621,0.0,0
2021-12-09 17:50:00+00:00,0,0.0,0.0,0.0,17,3,0,422.3999938964844,25.51933288574219,78.52400207519531,49.56333160400391,29.75333404541016,0.0,0
2021-12-09 17:55:00+00:00,0,0.0,0.0,0.0,17,3,0,420.8999938964844,24.876333236694336,75.29366302490234,49.69333267211914,32.08333206176758,0.0,0
2021-12-09 18:00:00+00:00,0,0.0,0.0,0.0,18,3,0,423.5714416503906,24.64214324951172,74.66035461425781,49.22142791748047,32.503570556640625,0.0,0
2021-12-09 18:05:00+00:00,0,0.0,0.0,0.0,18,3,0,421.6666564941406,25.215665817260746,76.14666748046875,49.0099983215332,28.79999923706055,0.0,0
2021-12-09 18:10:00+00:00,0,0.0,0.0,0.0,18,3,0,419.6666564941406,25.39466667175293,78.875,49.38000106811523,27.06666755676269,0.0,0
2021-12-09 18:15:00+00:00,0,0.0,0.0,0.0,18,3,0,424.7930908203125,24.836896896362305,74.92414093017578,49.31034469604492,30.31724166870117,0.0,0
2021-12-09 18:20:00+00:00,0,0.0,0.0,0.0,18,3,0,420.5333251953125,25.07333374023437,74.92766571044922,49.27000045776367,32.709999084472656,0.0,0
2021-12-09 18:25:00+00:00,0,0.0,0.0,0.0,18,3,0,423.1333312988281,25.553667068481445,78.2586669921875,49.26666641235352,33.3466682434082,0.0,0
2021-12-09 18:30:00+00:00,0,0.0,0.0,0.0,18,3,0,422.26666259765625,25.66900062561035,77.03199768066406,49.13333511352539,31.446666717529297,0.0,0
2021-12-09 18:35:00+00:00,0,0.0,0.0,0.0,18,3,0,418.0666809082031,25.5629997253418,74.21033477783203,48.86999893188477,34.150001525878906,0.0,0
2021-12-09 18:40:00+00:00,0,0.0,0.0,0.0,18,3,0,421.0,25.77033424377441,77.66633605957031,49.38999938964844,32.87666702270508,0.0,0
2021-12-09 18:45:00+00:00,0,0.0,0.0,0.0,18,3,0,425.4333190917969,25.858333587646484,76.94000244140625,49.16999816894531,30.5766658782959,0.0,0
2021-12-09 18:50:00+00:00,0,0.0,0.0,0.0,18,3,0,424.7999877929688,25.788333892822266,73.3393325805664,50.93999862670898,80.97333526611328,0.0,0
2021-12-09 18:55:00+00:00,0,0.0,0.0,0.0,18,3,0,432.1071472167969,26.19285774230957,75.08142852783203,48.9000015258789,86.95357513427734,0.0,0
2021-12-09 19:00:00+00:00,0,0.0,0.0,0.0,19,3,0,434.3666687011719,26.336334228515625,77.5199966430664,49.48333358764648,85.28333282470703,0.0,0
2021-12-09 19:05:00+00:00,0,0.0,0.0,0.0,19,3,0,437.2999877929688,25.84366607666016,74.51799774169922,50.11000061035156,89.18333435058594,0.0,0
2021-12-09 19:10:00+00:00,0,0.0,0.0,0.0,19,3,0,433.4482727050781,26.04172325134277,72.8920669555664,50.01724243164063,87.64482879638672,0.0,0
2021-12-09 19:15:00+00:00,0,0.0,0.0,0.0,19,3,0,434.26666259765625,26.31999969482422,75.89800262451172,49.7400016784668,85.41666412353516,0.0,0
2021-12-09 19:20:00+00:00,0,0.0,0.0,0.0,19,3,0,428.2999877929688,25.89900016784668,75.63666534423828,49.60333251953125,87.43000030517578,0.0,0
2021-12-09 19:25:00+00:00,0,0.0,0.0,0.0,19,3,0,424.5333251953125,25.347665786743164,73.55366516113281,49.57666778564453,89.2300033569336,0.0,0
2021-12-09 19:30:00+00:00,0,0.0,0.0,0.0,19,3,0,424.3666687011719,25.44700050354004,75.49466705322266,49.43999862670898,85.26667022705078,0.0,0
2021-12-09 19:35:00+00:00,0,0.0,0.0,0.0,19,3,0,423.5,25.89266586303711,77.02233123779297,49.01666641235352,84.86000061035156,0.0,0
2021-12-09 19:40:00+00:00,0,0.0,0.0,0.0,19,3,0,421.0,25.446666717529297,74.69833374023438,49.79999923706055,85.38666534423828,0.0,0
2021-12-09 19:45:00+00:00,0,0.0,0.0,0.0,19,3,0,422.5714416503906,25.48392868041992,72.62785339355469,49.26071548461914,86.52143096923828,0.0,0
2021-12-09 19:50:00+00:00,0,0.0,0.0,0.0,19,3,0,422.2000122070313,25.505332946777344,76.07166290283203,49.59999847412109,86.24666595458984,0.0,0
2021-12-09 19:55:00+00:00,0,0.0,0.0,0.0,19,3,0,424.0666809082031,25.57999992370605,75.57499694824219,49.606666564941406,85.40333557128906,0.0,0
2021-12-09 20:00:00+00:00,0,0.0,0.0,0.0,20,3,0,420.0344848632813,25.37413787841797,72.60137939453125,49.05517196655274,86.05172729492188,0.0,0
2021-12-09 20:05:00+00:00,0,0.0,0.0,0.0,20,3,0,423.7999877929688,25.40999984741211,74.6153335571289,49.47999954223633,88.09333038330078,0.0,0
2021-12-09 20:10:00+00:00,0,0.0,0.0,0.0,20,3,0,428.0,25.67900085449219,75.52266693115234,49.209999084472656,86.413330078125,0.0,0
2021-12-09 20:15:00+00:00,0,0.0,0.0,0.0,20,3,0,426.3999938964844,25.227333068847656,73.07333374023438,49.88999938964844,85.1500015258789,0.0,0
2021-12-09 20:20:00+00:00,0,0.0,0.0,0.0,20,3,0,424.0333251953125,25.636999130249023,71.28700256347656,49.03333282470703,84.28333282470703,0.0,0
2021-12-09 20:25:00+00:00,0,0.0,0.0,0.0,20,3,0,425.7000122070313,26.19933319091797,73.50466918945312,49.52666854858398,78.01667022705078,0.0,0
2021-12-09 20:30:00+00:00,0,0.0,0.0,0.0,20,3,0,423.8333435058594,26.191333770751957,75.61333465576172,50.28666687011719,80.37999725341797,0.0,0
2021-12-09 20:35:00+00:00,0,0.0,0.0,0.0,20,3,0,421.5357055664063,25.75749969482422,72.8517837524414,50.34285736083984,80.48928833007812,0.0,0
2021-12-09 20:40:00+00:00,0,0.0,0.0,0.0,20,3,0,421.7000122070313,25.81966590881348,76.07366943359375,50.03666687011719,76.9800033569336,0.0,0
2021-12-09 20:45:00+00:00,0,0.0,0.0,0.0,20,3,0,420.6000061035156,25.80666732788086,77.18966674804688,49.45333480834961,74.74333190917969,0.0,0
2021-12-09 20:50:00+00:00,0,0.0,0.0,0.0,20,3,0,421.8333435058594,25.59166717529297,72.90066528320312,49.5099983215332,75.69666290283203,0.0,0
2021-12-09 20:55:00+00:00,0,0.0,0.0,0.0,20,3,0,422.82757568359375,25.70241355895996,74.5472412109375,49.72758483886719,73.37586212158203,0.0,0
2021-12-09 21:00:00+00:00,0,0.0,0.0,0.0,21,3,0,427.3333435058594,25.81399917602539,78.39833068847656,49.91666793823242,73.28666687011719,0.0,0
2021-12-09 21:05:00+00:00,0,0.0,0.0,0.0,21,3,0,426.4333190917969,25.34600067138672,77.43367004394531,49.606666564941406,78.1066665649414,0.0,0
2021-12-09 21:10:00+00:00,0,0.0,0.0,0.0,21,3,0,427.3999938964844,25.551666259765625,74.57933044433594,49.50333404541016,81.33000183105469,0.0,0
2021-12-09 21:15:00+00:00,0,0.0,0.0,0.0,21,3,0,426.0333251953125,25.742000579833984,76.33866882324219,49.4466667175293,80.08000183105469,0.0,0
2021-12-09 21:20:00+00:00,0,0.0,0.0,0.0,21,3,0,423.5333251953125,25.756999969482425,77.61299896240234,49.32666778564453,84.4800033569336,0.0,0
2021-12-09 21:25:00+00:00,0,0.0,0.0,0.0,21,3,0,423.7000122070313,25.77666664123535,72.83333587646484,49.50666809082031,86.66999816894531,0.0,0
2021-12-09 21:30:00+00:00,0,0.0,0.0,0.0,21,3,0,423.9285583496094,25.9278564453125,72.09571075439453,48.87857055664063,81.27857208251953,0.0,0
2021-12-09 21:35:00+00:00,0,0.0,0.0,0.0,21,3,0,424.1666564941406,26.007333755493164,76.27766418457031,49.54999923706055,73.23332977294922,0.0,0
2021-12-09 21:40:00+00:00,0,0.0,0.0,0.0,21,3,0,423.2999877929688,25.7363338470459,74.29133605957031,50.22000122070313,78.37333679199219,0.0,0
2021-12-09 21:45:00+00:00,0,0.0,0.0,0.0,21,3,0,418.2758483886719,25.84137916564941,75.47103118896484,49.42758560180664,80.06896209716797,0.0,0
2021-12-09 21:50:00+00:00,0,0.0,0.0,0.0,21,3,0,418.4333190917969,25.98233413696289,78.86699676513672,49.81000137329102,76.77999877929688,0.0,0
2021-12-09 21:55:00+00:00,0,0.0,0.0,0.0,21,3,0,423.7999877929688,26.16600036621093,78.96666717529297,49.43999862670898,69.73000335693361,0.0,0
2021-12-09 22:00:00+00:00,0,0.0,0.0,0.0,22,3,0,421.6000061035156,26.244667053222656,78.72866821289062,49.73333358764648,36.573333740234375,0.0,0
2021-12-09 22:05:00+00:00,0,0.0,0.0,0.0,22,3,0,423.2000122070313,26.29400062561035,78.68599700927734,49.13666534423828,47.47999954223633,0.0,0
2021-12-09 22:10:00+00:00,0,0.0,0.0,0.0,22,3,0,430.1333312988281,26.44499969482422,78.29467010498047,49.98666763305664,25.15333366394043,0.0,0
2021-12-09 22:15:00+00:00,0,0.0,0.0,0.0,22,3,0,430.9666748046875,26.500333786010746,78.26899719238281,50.0,11.396666526794435,0.0,0
2021-12-09 22:20:00+00:00,0,0.0,0.0,0.0,22,3,0,438.8928527832031,26.64821434020996,77.92500305175781,49.47142791748047,13.939285278320312,0.0,0
2021-12-09 22:25:00+00:00,0,0.0,0.0,0.0,22,3,0,440.5666809082031,26.73233413696289,77.78800201416016,49.6500015258789,11.539999961853027,0.0,0
2021-12-09 22:30:00+00:00,0,0.0,0.0,0.0,22,3,0,444.2999877929688,26.50900077819824,78.91533660888672,49.88666534423828,49.61333465576172,0.0,0
2021-12-09 22:35:00+00:00,0,0.0,0.0,0.0,22,3,0,447.3333435058594,26.575666427612305,79.15499877929688,49.23333358764648,49.09333419799805,0.0,0
2021-12-09 22:40:00+00:00,0,0.0,0.0,0.0,22,3,0,450.5517272949219,26.591724395751957,79.51068878173828,50.30344772338867,29.989654541015625,0.0,0
2021-12-09 22:45:00+00:00,0,0.0,0.0,0.0,22,3,0,459.5,26.60333251953125,79.74400329589844,50.81999969482422,30.399999618530277,0.0,0
2021-12-09 22:50:00+00:00,0,0.0,0.0,0.0,22,3,0,460.6000061035156,26.62700080871582,79.91633605957031,50.83666610717773,31.32333374023437,0.0,0
2021-12-09 22:55:00+00:00,0,0.0,0.0,0.0,22,3,0,461.9333190917969,26.62033271789551,80.0423355102539,50.49666595458984,29.68666648864746,0.0,0
2021-12-09 23:00:00+00:00,0,0.0,0.0,0.0,23,3,0,461.73333740234375,26.64200019836425,80.0606689453125,49.41333389282226,25.26000022888184,0.0,0
2021-12-09 23:05:00+00:00,0,0.0,0.0,0.0,23,3,0,466.8666687011719,26.77033424377441,79.62633514404297,50.23333358764648,24.739999771118164,0.0,0
2021-12-09 23:10:00+00:00,0,0.0,0.0,0.0,23,3,0,468.4285583496094,26.82500076293945,79.63249969482422,48.94643020629883,24.589284896850582,0.0,0
2021-12-09 23:15:00+00:00,0,0.0,0.0,0.0,23,3,0,473.1666564941406,26.875667572021484,79.39167022705078,51.07333374023438,21.053333282470703,0.0,0
2021-12-09 23:20:00+00:00,0,0.0,0.0,0.0,23,3,0,477.6333312988281,26.804332733154297,79.75833129882812,49.606666564941406,0.036666665226221,0.0,0
2021-12-09 23:25:00+00:00,0,0.0,0.0,0.0,23,3,0,477.9333190917969,26.74166679382324,80.06300354003906,50.68000030517578,0.0,0.0,0
2021-12-09 23:30:00+00:00,0,0.0,0.0,0.0,23,3,0,478.9310302734375,26.719655990600582,80.26758575439453,49.46896362304688,0.0,0.0,0
2021-12-09 23:35:00+00:00,0,0.0,0.0,0.0,23,3,0,478.8666687011719,26.68099975585937,80.44300079345703,50.22000122070313,0.0,0.0,0
2021-12-09 23:40:00+00:00,0,0.0,0.0,0.0,23,3,0,483.8666687011719,26.69099998474121,80.65399932861328,50.36000061035156,0.0,0.0,0
2021-12-09 23:45:00+00:00,0,0.0,0.0,0.0,23,3,0,505.2999877929688,26.66233253479004,81.24533081054688,50.02000045776367,0.0,0.0,0
2021-12-09 23:50:00+00:00,0,0.0,0.0,0.0,23,3,0,531.0333251953125,26.645000457763672,82.14633178710938,49.31333160400391,0.0,0.0,0
2021-12-09 23:55:00+00:00,0,0.0,0.0,0.0,23,3,0,546.1666870117189,26.6336669921875,82.53633117675781,49.62666702270508,0.0,0.0,0
2021-12-10 00:00:00+00:00,0,0.0,0.0,0.0,0,4,0,549.8666381835939,26.663000106811523,82.83699798583984,49.8033332824707,0.0,0.0,0
2021-12-10 00:05:00+00:00,0,0.0,0.0,0.0,0,4,0,549.25,26.75535774230957,82.80999755859375,49.58928680419922,0.0,0.0,0
2021-12-10 00:10:00+00:00,0,0.0,0.0,0.0,0,4,0,546.1666870117189,26.84333419799805,82.67933654785156,48.98333358764648,0.0,0.0,0
2021-12-10 00:15:00+00:00,0,0.0,0.0,0.0,0,4,0,540.4000244140625,26.89800071716309,82.71199798583984,49.06000137329102,0.0,0.0,0
2021-12-10 00:20:00+00:00,0,0.0,0.0,0.0,0,4,0,538.0,26.987667083740234,82.60533142089844,52.66999816894531,0.0,0.0,0
2021-12-10 00:25:00+00:00,0,0.0,0.0,0.0,0,4,0,525.8275756835939,27.10172462463379,82.38310241699219,52.53103637695313,0.0,0.0,0
2021-12-10 00:30:00+00:00,0,0.0,0.0,0.0,0,4,0,526.6666870117189,27.054332733154297,82.42433166503906,52.77999877929688,0.0,0.0,0
2021-12-10 00:35:00+00:00,0,0.0,0.0,0.0,0,4,0,526.4666748046875,26.9913330078125,82.69999694824219,53.2066650390625,0.0,0.0,0
2021-12-10 00:40:00+00:00,0,0.0,0.0,0.0,0,4,0,524.2333374023439,26.952999114990234,82.59366607666016,53.22000122070313,0.0,0.0,0
2021-12-10 00:45:00+00:00,0,0.0,0.0,0.0,0,4,0,524.7000122070311,26.895666122436523,82.65799713134766,51.0533332824707,0.0,0.0,0
2021-12-10 00:50:00+00:00,0,0.0,0.0,0.0,0,4,0,525.7666625976561,26.910667419433597,82.57666778564453,51.09999847412109,0.0,0.0,1
2021-12-10 00:55:00+00:00,0,0.0,0.0,0.0,0,4,0,519.0357055664061,26.90464210510254,82.54214477539062,50.16071319580078,0.0,0.0,1
2021-12-10 01:00:00+00:00,0,0.0,0.0,0.0,1,4,0,515.5,26.88466644287109,82.43733215332031,52.34333419799805,0.0,0.0,1
2021-12-10 01:05:00+00:00,0,0.0,0.0,0.0,1,4,0,514.3666381835939,26.84900093078613,82.5979995727539,51.22999954223633,0.0,0.0,1
2021-12-10 01:10:00+00:00,0,0.0,0.0,0.0,1,4,0,515.7333374023439,26.83833312988281,82.63600158691406,50.34000015258789,0.0,0.0,1
2021-12-10 01:15:00+00:00,0,0.0,0.0,0.0,1,4,0,514.0344848632811,26.88724136352539,82.47930908203125,51.82413864135742,0.0,0.0,1
2021-12-10 01:20:00+00:00,0,0.0,0.0,0.0,1,4,0,508.1666564941406,26.928333282470703,82.33100128173828,52.57333374023438,0.0,0.0,1
2021-12-10 01:25:00+00:00,0,0.0,0.0,0.0,1,4,0,502.3999938964844,26.971332550048828,82.28067016601562,51.5099983215332,0.0,0.0,1
2021-12-10 01:30:00+00:00,0,0.0,0.0,0.0,1,4,0,503.6333312988281,27.04100036621093,81.99732971191406,50.76333236694336,0.0,0.0,1
2021-12-10 01:35:00+00:00,0,0.0,0.0,0.0,1,4,0,502.5666809082031,27.029333114624023,81.96700286865234,49.77666854858398,0.0,0.0,1
2021-12-10 01:40:00+00:00,0,0.0,0.0,0.0,1,4,0,502.8333435058594,27.0483341217041,81.9219970703125,50.58666610717773,0.0,0.0,1
2021-12-10 01:45:00+00:00,0,0.0,0.0,0.0,1,4,0,503.8571472167969,27.03107070922852,81.91893005371094,50.5428581237793,0.0,0.0,1
2021-12-10 01:50:00+00:00,0,0.0,0.0,0.0,1,4,0,501.3999938964844,27.030332565307614,81.90299987792969,51.52333450317383,0.0,0.0,1
2021-12-10 01:55:00+00:00,0,0.0,0.0,0.0,1,4,0,502.9666748046875,26.989999771118164,82.02899932861328,51.36333465576172,0.0,0.0,1
2021-12-10 02:00:00+00:00,0,0.0,0.0,0.0,2,4,0,501.26666259765625,26.961000442504886,82.1856689453125,51.2599983215332,0.0,0.0,1
2021-12-10 02:05:00+00:00,0,0.0,0.0,0.0,2,4,0,499.6000061035156,27.000667572021484,82.07833099365234,52.2400016784668,0.0,0.0,1
2021-12-10 02:10:00+00:00,0,0.0,0.0,0.0,2,4,0,498.6206970214844,26.99413871765137,82.1558609008789,52.29655075073242,0.0,0.0,1
2021-12-10 02:15:00+00:00,0,0.0,0.0,0.0,2,4,0,498.5,26.9776668548584,82.1806640625,51.53666687011719,0.0,0.0,1
2021-12-10 02:20:00+00:00,0,0.0,0.0,0.0,2,4,0,494.8999938964844,26.92033386230469,82.49400329589844,52.32333374023438,0.0,0.0,0
2021-12-10 02:25:00+00:00,0,0.0,0.0,0.0,2,4,0,496.76666259765625,26.96500015258789,82.34400177001953,51.56999969482422,0.0,0.0,0
2021-12-10 02:30:00+00:00,0,0.0,0.0,0.0,2,4,0,496.2000122070313,26.928667068481445,82.46900177001953,51.31000137329102,0.0,0.0,0
2021-12-10 02:35:00+00:00,0,0.0,0.0,0.0,2,4,0,492.7241516113281,26.948619842529297,82.43413543701172,51.45517349243164,0.0,0.0,0
2021-12-10 02:40:00+00:00,0,0.0,0.0,0.0,2,4,0,493.3448181152344,26.91241455078125,82.54241180419922,50.73103332519531,0.0,0.0,1
2021-12-10 02:45:00+00:00,0,0.0,0.0,0.0,2,4,0,491.6666564941406,26.957332611083984,82.4346694946289,50.78666687011719,0.0,0.0,1
2021-12-10 02:50:00+00:00,1,0.0,0.0,0.0,2,4,0,487.7999877929688,26.92799949645996,82.51566314697266,50.17333221435547,0.0,0.0,1
2021-12-10 02:55:00+00:00,1,0.0,0.0,0.0,2,4,0,487.6000061035156,26.922332763671875,82.56366729736328,50.29999923706055,0.0,0.0,1
2021-12-10 03:00:00+00:00,1,0.0,0.0,0.0,3,4,0,485.82757568359375,26.931379318237305,82.58275604248047,50.72413635253906,0.0,0.0,1
2021-12-10 03:05:00+00:00,1,0.0,0.0,0.0,3,4,0,482.7999877929688,26.93566703796387,82.60800170898438,50.4900016784668,0.0,0.0,1
2021-12-10 03:10:00+00:00,1,0.0,0.0,0.0,3,4,0,480.6666564941406,26.88433265686035,82.85133361816406,50.4000015258789,0.0,0.0,1
2021-12-10 03:15:00+00:00,1,0.0,0.0,0.0,3,4,0,482.0666809082031,26.89666748046875,82.76699829101562,49.9466667175293,0.0,0.0,1
2021-12-10 03:20:00+00:00,1,1.0,0.0,0.0,3,4,0,480.0666809082031,26.91833305358887,82.69966888427734,50.1866683959961,0.0,0.0,1
2021-12-10 03:25:00+00:00,1,1.0,0.0,0.0,3,4,0,480.3333435058594,26.90933418273925,82.71866607666016,50.11333465576172,0.0,0.0,1
2021-12-10 03:30:00+00:00,1,1.0,0.0,0.0,3,4,0,482.0434875488281,26.914783477783203,82.6704330444336,49.8521728515625,0.0,0.0,1
2021-12-10 03:35:00+00:00,1,1.0,0.0,0.0,3,4,0,484.8666687011719,26.882667541503903,82.80333709716797,50.45333480834961,0.0,0.0,1
2021-12-10 03:40:00+00:00,1,1.0,0.0,0.0,3,4,0,483.8333435058594,26.90766716003418,82.70033264160156,49.9000015258789,0.0,0.0,1
2021-12-10 03:45:00+00:00,1,1.0,0.0,0.0,3,4,0,483.9666748046875,26.92366600036621,82.66266632080078,49.28333282470703,0.0,0.0,0
2021-12-10 03:50:00+00:00,1,1.0,1.0,0.0,3,4,0,483.2999877929688,26.90933418273925,82.70433044433594,50.00666809082031,0.0,0.0,0
2021-12-10 03:55:00+00:00,1,1.0,1.0,0.0,3,4,0,480.5517272949219,26.92137908935547,82.70413970947266,49.32758712768555,0.0,0.0,0
2021-12-10 04:00:00+00:00,1,1.0,1.0,0.0,4,4,0,481.3666687011719,26.8886661529541,82.84233093261719,49.1533317565918,0.0,0.0,1
2021-12-10 04:05:00+00:00,1,1.0,1.0,0.0,4,4,0,478.8333435058594,26.86733245849609,83.10633087158203,49.1966667175293,0.0,0.0,1
2021-12-10 04:10:00+00:00,1,1.0,1.0,0.0,4,4,0,480.8333435058594,26.84499931335449,83.48933410644531,48.91999816894531,0.0,0.0,1
2021-12-10 04:15:00+00:00,1,1.0,1.0,0.0,4,4,0,476.4333190917969,26.81766700744629,83.43133544921875,48.80666732788086,0.0,0.0,1
2021-12-10 04:20:00+00:00,0,1.0,1.0,0.0,4,4,0,477.3571472167969,26.81928634643555,83.5721435546875,48.54999923706055,0.0,0.0,1
2021-12-10 04:25:00+00:00,0,1.0,1.0,0.0,4,4,0,474.4333190917969,26.801332473754886,83.84266662597656,48.56999969482422,0.0,0.0,1
2021-12-10 04:30:00+00:00,0,1.0,1.0,0.0,4,4,0,476.76666259765625,26.854999542236328,83.34666442871094,49.04999923706055,0.0,0.0,1
2021-12-10 04:35:00+00:00,0,1.0,1.0,0.0,4,4,0,475.8999938964844,26.89900016784668,83.2750015258789,48.87666702270508,0.0,0.0,1
2021-12-10 04:40:00+00:00,1,1.0,1.0,0.0,4,4,0,472.0333251953125,26.919666290283203,83.14800262451172,48.80666732788086,0.0,0.0,1
2021-12-10 04:45:00+00:00,1,1.0,1.0,0.0,4,4,0,472.89654541015625,26.92344856262207,82.81344604492188,49.25172424316406,0.0,0.0,1
2021-12-10 04:50:00+00:00,1,0.0,1.0,1.0,4,4,0,477.2000122070313,26.934999465942383,82.8183364868164,48.24333190917969,0.0,0.0,0
2021-12-10 04:55:00+00:00,1,0.0,1.0,1.0,4,4,0,474.8999938964844,26.91433334350586,82.97433471679688,48.106666564941406,0.0,0.0,1
2021-12-10 05:00:00+00:00,1,0.0,1.0,1.0,5,4,0,477.1666564941406,26.92566680908203,82.9306640625,48.08666610717773,0.0,0.0,1
2021-12-10 05:05:00+00:00,1,0.0,1.0,1.0,5,4,0,474.6000061035156,26.91633415222168,82.96600341796875,48.29666519165039,0.0,0.0,1
2021-12-10 05:10:00+00:00,1,1.0,1.0,1.0,5,4,0,475.5,26.957143783569336,83.09571075439453,48.08571243286133,0.0,0.0,1
2021-12-10 05:15:00+00:00,1,1.0,1.0,1.0,5,4,0,476.23333740234375,26.92600059509277,83.00267028808594,47.46666717529297,0.0,0.0,1
2021-12-10 05:20:00+00:00,1,1.0,0.0,1.0,5,4,0,474.7999877929688,26.94599914550781,82.85733032226562,48.33333206176758,0.0,0.0,0
2021-12-10 05:25:00+00:00,1,1.0,0.0,1.0,5,4,0,469.4333190917969,26.94466590881348,82.83032989501953,47.65666580200195,0.0,0.0,0
2021-12-10 05:30:00+00:00,1,1.0,0.0,1.0,5,4,0,471.8333435058594,26.961334228515625,82.8143310546875,47.91666793823242,0.0,0.0,0
2021-12-10 05:35:00+00:00,1,1.0,0.0,1.0,5,4,0,473.8064575195313,26.94193458557129,82.8619384765625,48.57096862792969,0.0,0.0,0
2021-12-10 05:40:00+00:00,1,1.0,1.0,1.0,5,4,0,471.4482727050781,26.94034576416016,82.92137908935547,47.81034469604492,0.0,0.0,0
2021-12-10 05:45:00+00:00,0,1.0,1.0,1.0,5,4,0,472.1000061035156,26.963666915893555,82.86900329589844,47.49333190917969,0.0,0.0,0
2021-12-10 05:50:00+00:00,0,1.0,1.0,1.0,5,4,0,468.23333740234375,26.97166633605957,82.84967041015625,47.37333297729492,0.0,0.0,0
2021-12-10 05:55:00+00:00,0,1.0,1.0,1.0,5,4,0,468.9666748046875,26.98666572570801,82.81900024414062,47.78333282470703,0.0,0.0,0
2021-12-10 06:00:00+00:00,1,1.0,1.0,1.0,6,4,0,464.7000122070313,26.96299934387207,82.93000030517578,48.19333267211914,0.0,0.0,0
2021-12-10 06:05:00+00:00,1,1.0,1.0,1.0,6,4,0,467.7857055664063,26.97142791748047,82.92035675048828,47.22857284545898,0.0,0.0,0
2021-12-10 06:10:00+00:00,1,1.0,1.0,1.0,6,4,0,469.4666748046875,26.977333068847656,82.89366912841797,48.393333435058594,0.0,0.0,0
2021-12-10 06:15:00+00:00,1,0.0,1.0,1.0,6,4,0,471.26666259765625,26.9379997253418,82.99533081054688,47.95333480834961,0.0,0.0,0
2021-12-10 06:20:00+00:00,1,0.0,1.0,0.0,6,4,0,474.7999877929688,26.91933250427246,83.163330078125,48.63333511352539,0.0,0.0,0
2021-12-10 06:25:00+00:00,1,0.0,1.0,0.0,6,4,0,475.4333190917969,26.93833351135254,83.13766479492188,48.4366683959961,0.0,0.0,0
2021-12-10 06:30:00+00:00,1,1.0,1.0,0.0,6,4,0,471.6206970214844,26.965517044067383,83.08345031738281,48.02413940429688,0.0,0.0,0
2021-12-10 06:35:00+00:00,1,1.0,1.0,0.0,6,4,0,471.5333251953125,26.9516658782959,83.13500213623047,48.36000061035156,0.0,0.0,0
2021-12-10 06:40:00+00:00,1,1.0,1.0,1.0,6,4,0,467.23333740234375,26.95866584777832,83.13566589355469,47.81000137329102,0.0,0.0,0
2021-12-10 06:45:00+00:00,1,1.0,0.0,1.0,6,4,0,466.6000061035156,26.970333099365234,83.0856704711914,47.84000015258789,0.0,0.0,0
2021-12-10 06:50:00+00:00,0,1.0,0.0,1.0,6,4,0,468.1333312988281,26.97566604614257,83.08399963378906,47.87333297729492,0.0,0.0,0
2021-12-10 06:55:00+00:00,1,1.0,0.0,1.0,6,4,0,467.8214416503906,26.98714256286621,83.06999969482422,47.25357055664063,0.0,0.0,0
2021-12-10 07:00:00+00:00,1,1.0,1.0,1.0,7,4,0,466.3999938964844,26.98200035095215,83.0780029296875,48.03333282470703,0.0,0.0,0
2021-12-10 07:05:00+00:00,1,1.0,1.0,1.0,7,4,0,465.0666809082031,27.02366638183593,82.96733093261719,47.459999084472656,0.0,0.0,0
2021-12-10 07:10:00+00:00,1,1.0,1.0,1.0,7,4,0,466.8333435058594,27.01233291625977,83.01667022705078,47.34333419799805,0.0,0.0,0
2021-12-10 07:15:00+00:00,1,1.0,1.0,1.0,7,4,0,466.0,26.98600006103516,83.13566589355469,47.9033317565918,0.0,0.0,0
2021-12-10 07:20:00+00:00,0,0.0,1.0,1.0,7,4,0,465.3333435058594,26.97933387756348,83.13099670410156,47.86999893188477,0.0,0.0,0
2021-12-10 07:25:00+00:00,0,1.0,1.0,1.0,7,4,0,466.2069091796875,27.00620651245117,83.00138092041016,47.386207580566406,0.0,0.0,0
2021-12-10 07:30:00+00:00,0,1.0,1.0,1.0,7,4,0,467.1333312988281,26.98900032043457,82.97899627685547,47.11666488647461,0.0,0.0,0
2021-12-10 07:35:00+00:00,0,1.0,1.0,1.0,7,4,0,470.5333251953125,26.97333335876465,83.04499816894531,47.4566650390625,0.0,0.0,0
2021-12-10 07:40:00+00:00,0,1.0,1.0,1.0,7,4,0,467.6666564941406,26.95366668701172,83.28966522216797,47.34333419799805,0.0,0.0,0
2021-12-10 07:45:00+00:00,0,1.0,1.0,0.0,7,4,0,468.21429443359375,26.978214263916016,83.05928802490234,47.15357208251953,0.0,0.0,0
2021-12-10 07:50:00+00:00,0,0.0,0.0,0.0,7,4,0,467.8999938964844,26.97533416748047,83.01066589355469,47.24333190917969,0.0,0.0,0
2021-12-10 07:55:00+00:00,0,0.0,1.0,0.0,7,4,0,466.0,26.93233299255371,83.43766784667969,47.06666564941406,0.0,0.0,0
2021-12-10 08:00:00+00:00,0,0.0,1.0,1.0,8,4,0,463.73333740234375,26.93566703796387,83.29499816894531,47.17666625976562,0.0,0.0,0
2021-12-10 08:05:00+00:00,0,0.0,1.0,1.0,8,4,0,467.8333435058594,26.96299934387207,83.14633178710938,47.42666625976562,0.0,0.0,0
2021-12-10 08:10:00+00:00,0,0.0,1.0,1.0,8,4,0,469.9666748046875,26.95599937438965,83.37666320800781,47.02333450317383,0.0,0.0,0
2021-12-10 08:15:00+00:00,0,0.0,1.0,1.0,8,4,0,464.3793029785156,26.9172420501709,83.5468978881836,47.03448104858398,0.0,0.0,0
2021-12-10 08:20:00+00:00,0,0.0,0.0,1.0,8,4,0,464.4666748046875,26.939666748046875,83.31233215332031,47.08000183105469,0.0,0.0,0
2021-12-10 08:25:00+00:00,0,0.0,0.0,1.0,8,4,0,466.2000122070313,26.95499992370605,83.0856704711914,47.08666610717773,0.0,0.0,0
2021-12-10 08:30:00+00:00,0,0.0,0.0,1.0,8,4,0,460.8999938964844,26.97333335876465,83.02166748046875,46.9033317565918,0.0,0.0,0
2021-12-10 08:35:00+00:00,0,0.0,0.0,1.0,8,4,0,461.7999877929688,26.989999771118164,82.99266815185547,47.35333251953125,0.0,0.0,0
2021-12-10 08:40:00+00:00,0,0.0,0.0,1.0,8,4,0,462.1785583496094,26.99892807006836,82.97714233398438,46.88214111328125,0.0,0.0,0
2021-12-10 08:45:00+00:00,0,0.0,0.0,1.0,8,4,0,459.4333190917969,26.97866630554199,83.10166931152344,46.7933349609375,0.0,0.0,0
2021-12-10 08:50:00+00:00,0,0.0,0.0,0.0,8,4,0,455.9333190917969,26.97599983215332,83.14299774169922,46.85333251953125,0.0,0.0,0
2021-12-10 08:55:00+00:00,0,0.0,0.0,1.0,8,4,0,461.7000122070313,26.97933387756348,83.13533020019531,46.9366683959961,0.0,0.0,0
2021-12-10 09:00:00+00:00,0,0.0,0.0,1.0,9,4,0,461.73333740234375,26.96266746520996,83.2066650390625,46.9366683959961,0.0,0.0,0
2021-12-10 09:05:00+00:00,0,0.0,0.0,1.0,9,4,0,461.0333251953125,26.952667236328125,83.22233581542969,46.88666534423828,0.0,0.0,0
2021-12-10 09:10:00+00:00,0,0.0,0.0,1.0,9,4,0,458.7586059570313,26.985862731933597,83.15034484863281,47.01724243164063,0.0,0.0,0
2021-12-10 09:15:00+00:00,0,0.0,0.0,1.0,9,4,0,458.3333435058594,26.99799919128418,83.086669921875,46.87666702270508,0.0,0.0,0
2021-12-10 09:20:00+00:00,0,0.0,0.0,0.0,9,4,0,457.7000122070313,26.99933242797852,83.11833190917969,46.99666595458984,0.0,0.0,0
2021-12-10 09:25:00+00:00,0,0.0,0.0,0.0,9,4,0,453.9333190917969,26.970333099365234,83.21533203125,46.97999954223633,0.0,0.0,0
2021-12-10 09:30:00+00:00,0,0.0,0.0,0.0,9,4,0,459.1785583496094,26.96321487426757,83.27714538574219,47.14285659790039,0.0,0.0,0
2021-12-10 09:35:00+00:00,0,0.0,0.0,0.0,9,4,0,464.7999877929688,26.9689998626709,83.357666015625,46.77000045776367,0.0,0.0,0
2021-12-10 09:40:00+00:00,0,0.0,0.0,0.0,9,4,0,460.1666564941406,26.987667083740234,83.31466674804688,46.77000045776367,0.0,0.0,0
2021-12-10 09:45:00+00:00,0,0.0,0.0,0.0,9,4,0,458.8666687011719,27.007667541503903,83.25399780273438,46.84333419799805,0.0,0.0,0
2021-12-10 09:50:00+00:00,0,0.0,0.0,0.0,9,4,0,460.5666809082031,27.007999420166016,83.2106704711914,46.84999847412109,0.0,0.0,0
2021-12-10 09:55:00+00:00,0,0.0,0.0,0.0,9,4,0,459.6333312988281,27.01499938964844,83.16300201416016,46.92666625976562,0.0,0.0,0
2021-12-10 10:00:00+00:00,0,0.0,0.0,0.0,10,4,0,460.4827575683594,27.0020694732666,83.17448425292969,46.92413711547852,0.0,0.0,0
2021-12-10 10:05:00+00:00,0,0.0,0.0,0.0,10,4,0,458.3999938964844,27.020666122436523,83.09666442871094,46.86333465576172,0.0,0.0,0
2021-12-10 10:10:00+00:00,0,0.0,0.0,0.0,10,4,0,457.5333251953125,26.99399948120117,83.2300033569336,46.81000137329102,0.0,0.0,0
2021-12-10 10:15:00+00:00,0,0.0,0.0,0.0,10,4,0,457.3666687011719,26.99966621398925,83.267333984375,46.7400016784668,0.0,0.0,0
2021-12-10 10:20:00+00:00,0,0.0,0.0,0.0,10,4,0,457.0,27.008928298950195,83.23892974853516,46.53928756713867,0.0,0.0,0
2021-12-10 10:25:00+00:00,0,0.0,0.0,0.0,10,4,0,458.3666687011719,27.00633239746093,83.2683334350586,46.83666610717773,0.0,0.0,0
2021-12-10 10:30:00+00:00,0,0.0,0.0,0.0,10,4,0,458.4666748046875,27.017333984375,83.16133117675781,46.86333465576172,0.0,0.0,0
2021-12-10 10:35:00+00:00,0,0.0,0.0,0.0,10,4,0,453.9666748046875,27.03066635131836,83.00599670410156,46.91333389282226,0.0,0.0,0
2021-12-10 10:40:00+00:00,0,0.0,0.0,0.0,10,4,0,456.8333435058594,27.02700042724609,83.04766845703125,46.8466682434082,0.0,0.0,0
2021-12-10 10:45:00+00:00,0,0.0,0.0,0.0,10,4,0,458.0333251953125,27.05633354187012,82.97733306884766,46.78666687011719,0.0,0.0,0
2021-12-10 10:50:00+00:00,0,0.0,0.0,0.0,10,4,0,456.6000061035156,27.07699966430664,82.85900115966797,46.86000061035156,0.0,0.0,0
2021-12-10 10:55:00+00:00,0,0.0,0.0,0.0,10,4,0,457.2069091796875,27.09965515136719,82.74103546142578,46.86896514892578,0.0,0.0,0
2021-12-10 11:00:00+00:00,0,0.0,0.0,0.0,11,4,0,453.73333740234375,27.06766700744629,82.88566589355469,46.86333465576172,0.0,0.0,0
2021-12-10 11:05:00+00:00,0,0.0,0.0,0.0,11,4,0,451.8333435058594,27.10400009155273,82.7413330078125,46.91333389282226,0.0,0.0,0
2021-12-10 11:10:00+00:00,0,0.0,0.0,0.0,11,4,0,454.5172424316406,27.082414627075195,82.84172058105469,46.89655303955078,0.0,0.0,0
2021-12-10 11:15:00+00:00,0,0.0,0.0,0.0,11,4,0,455.2413940429688,27.10275840759277,82.72138214111328,46.65861892700195,0.0,0.0,0
2021-12-10 11:20:00+00:00,0,0.0,0.0,0.0,11,4,0,454.3666687011719,27.06266593933105,82.82833099365234,46.96333312988281,0.0,0.0,0
2021-12-10 11:25:00+00:00,0,0.0,0.0,0.0,11,4,0,456.8666687011719,27.089000701904297,82.75033569335938,46.79666519165039,0.0,0.0,0
2021-12-10 11:30:00+00:00,0,0.0,0.0,0.0,11,4,0,455.0333251953125,27.08699989318848,82.75233459472656,46.81000137329102,0.0,0.0,0
2021-12-10 11:35:00+00:00,0,0.0,0.0,0.0,11,4,0,451.2000122070313,27.104999542236328,82.64633178710938,46.78333282470703,0.0,0.0,0
2021-12-10 11:40:00+00:00,0,0.0,0.0,0.0,11,4,0,452.8666687011719,27.077999114990234,82.6856689453125,46.70000076293945,0.0,0.0,0
2021-12-10 11:45:00+00:00,0,0.0,0.0,0.0,11,4,0,453.7586059570313,27.04241371154785,82.86344909667969,47.106895446777344,0.0,0.0,0
2021-12-10 11:50:00+00:00,0,0.0,0.0,0.0,11,4,0,455.1333312988281,27.03466606140137,82.93000030517578,46.8466682434082,0.0,0.0,0
2021-12-10 11:55:00+00:00,0,0.0,0.0,0.0,11,4,0,456.0333251953125,27.05900001525879,83.01100158691406,46.87666702270508,0.0,0.0,0
2021-12-10 12:00:00+00:00,0,0.0,0.0,0.0,12,4,0,455.7999877929688,27.04100036621093,83.0076675415039,46.76666641235352,0.0,0.0,0
2021-12-10 12:05:00+00:00,0,0.0,0.0,0.0,12,4,0,454.8214416503906,27.06071472167969,82.98500061035156,46.69643020629883,0.0,0.0,0
2021-12-10 12:10:00+00:00,0,0.0,0.0,0.0,12,4,0,454.5666809082031,27.07633399963379,82.93333435058594,46.8466682434082,0.0,0.0,0
2021-12-10 12:15:00+00:00,0,0.0,0.0,0.0,12,4,0,455.2000122070313,27.070667266845703,82.8740005493164,46.9033317565918,0.0,0.0,0
2021-12-10 12:20:00+00:00,0,0.0,0.0,0.0,12,4,0,457.26666259765625,27.10566711425781,82.8316650390625,46.63666534423828,0.0,0.0,0
2021-12-10 12:25:00+00:00,0,0.0,0.0,0.0,12,4,0,455.7999877929688,27.08833312988281,82.83833312988281,46.97333145141602,0.0,0.0,0
2021-12-10 12:30:00+00:00,0,0.0,0.0,0.0,12,4,0,453.3666687011719,27.04166603088379,82.94999694824219,46.77333450317383,0.0,0.0,0
2021-12-10 12:35:00+00:00,0,0.0,0.0,0.0,12,4,0,456.7586059570313,27.05517196655273,82.95448303222656,46.84138107299805,0.0,0.0,0
2021-12-10 12:40:00+00:00,0,0.0,0.0,0.0,12,4,0,456.4333190917969,27.07200050354004,83.04066467285156,46.7933349609375,0.0,0.0,0
2021-12-10 12:45:00+00:00,0,0.0,0.0,0.0,12,4,0,455.76666259765625,27.09233283996582,82.93599700927734,46.89666748046875,0.0,0.0,0
2021-12-10 12:50:00+00:00,0,0.0,0.0,0.0,12,4,0,455.8999938964844,27.086000442504886,82.9566650390625,47.08666610717773,0.0,0.0,0
2021-12-10 12:55:00+00:00,0,0.0,0.0,0.0,12,4,0,454.8214416503906,27.092857360839844,82.83642578125,46.56071472167969,0.0,0.0,0
2021-12-10 13:00:00+00:00,0,0.0,0.0,0.0,13,4,0,454.76666259765625,27.066999435424805,82.96900177001953,46.88999938964844,0.0,0.0,0
2021-12-10 13:05:00+00:00,0,0.0,0.0,0.0,13,4,0,451.8666687011719,27.06433296203613,82.9903335571289,47.1533317565918,0.0,0.0,0
2021-12-10 13:10:00+00:00,0,0.0,0.0,0.0,13,4,0,450.5666809082031,27.11400032043457,82.78900146484375,47.0099983215332,0.0,0.0,0
2021-12-10 13:15:00+00:00,0,0.0,0.0,0.0,13,4,0,447.8333435058594,27.11400032043457,82.8030014038086,47.08333206176758,0.0,0.0,0
2021-12-10 13:20:00+00:00,0,0.0,0.0,0.0,13,4,0,449.8666687011719,27.09900093078613,82.8836669921875,47.13000106811523,0.0,0.0,0
2021-12-10 13:25:00+00:00,0,0.0,0.0,0.0,13,4,0,452.3666687011719,27.107999801635746,82.875,47.29666519165039,0.0,0.0,0
2021-12-10 13:30:00+00:00,0,0.0,0.0,0.0,13,4,0,450.137939453125,27.11068916320801,82.88207244873047,47.22068786621094,0.0,0.0,0
2021-12-10 13:35:00+00:00,0,0.0,0.0,0.0,13,4,0,451.4333190917969,27.13733291625977,82.79533386230469,47.34999847412109,0.0,0.0,0
2021-12-10 13:40:00+00:00,0,0.0,0.0,0.0,13,4,0,449.9666748046875,27.11800003051757,83.12033081054688,47.17333221435547,0.0,0.0,0
2021-12-10 13:45:00+00:00,0,0.0,0.0,0.0,13,4,0,450.25,27.1200008392334,83.15499877929688,47.34285736083984,0.0,0.0,0
2021-12-10 13:50:00+00:00,0,0.0,0.0,0.0,13,4,0,455.2000122070313,27.11899948120117,83.00833129882812,47.356666564941406,0.0,0.0,0
2021-12-10 13:55:00+00:00,0,0.0,0.0,0.0,13,4,0,456.5666809082031,27.09600067138672,83.05733489990234,47.49666595458984,0.0,0.0,0
2021-12-12 18:00:00+00:00,0,0.0,0.0,0.0,18,6,1,426.26666259765625,25.178667068481445,69.23100280761719,49.80666732788086,18.196666717529297,0.0,0
2021-12-12 18:05:00+00:00,0,0.0,0.0,0.0,18,6,1,423.3666687011719,25.25333404541016,69.30633544921875,49.27000045776367,16.673334121704098,0.0,0
2021-12-12 18:10:00+00:00,0,0.0,0.0,0.0,18,6,1,425.3214416503906,25.26607131958008,69.53821563720703,48.59285736083984,14.932143211364744,0.0,0
2021-12-12 18:15:00+00:00,0,0.0,0.0,0.0,18,6,1,425.5666809082031,25.160999298095703,68.88733673095703,48.58333206176758,14.050000190734863,0.0,0
2021-12-12 18:20:00+00:00,0,0.0,0.0,0.0,18,6,1,425.3999938964844,25.19899940490723,67.43766784667969,49.06666564941406,13.800000190734863,0.0,0
2021-12-12 18:25:00+00:00,0,0.0,0.0,0.0,18,6,1,423.6666564941406,25.08733367919922,67.35333251953125,49.790000915527344,13.453332901000977,0.0,0
2021-12-12 18:30:00+00:00,0,0.0,0.0,0.0,18,6,1,425.9333190917969,25.05633354187012,67.57900238037111,49.36000061035156,16.883333206176758,0.0,0
2021-12-12 18:35:00+00:00,0,0.0,0.0,0.0,18,6,1,427.1333312988281,25.14266586303711,67.72966766357422,49.16666793823242,16.703332901000973,0.0,0
2021-12-12 18:40:00+00:00,0,0.0,0.0,0.0,18,6,1,423.1000061035156,25.16633415222168,67.63533020019531,49.54999923706055,16.953332901000973,0.0,0
2021-12-12 18:45:00+00:00,0,0.0,0.0,0.0,18,6,1,422.5862121582031,25.062759399414062,67.90724182128906,49.02413940429688,21.31724166870117,0.0,0
2021-12-12 18:50:00+00:00,0,0.0,0.0,0.0,18,6,1,421.26666259765625,25.04199981689453,67.60033416748047,49.88000106811523,25.81999969482422,0.0,0
2021-12-12 18:55:00+00:00,0,0.0,0.0,0.0,18,6,1,421.0333251953125,25.10433387756348,67.48166656494139,48.7066650390625,23.69333267211914,0.0,0
2021-12-12 19:00:00+00:00,0,0.0,0.0,0.0,19,6,1,422.71429443359375,25.01250076293945,67.29393005371094,49.05714416503906,23.24642944335937,0.0,0
2021-12-12 19:05:00+00:00,0,0.0,0.0,0.0,19,6,1,419.8333435058594,24.99566650390625,67.58399963378906,49.0099983215332,23.959999084472656,0.0,0
2021-12-12 19:10:00+00:00,0,0.0,0.0,0.0,19,6,1,420.2000122070313,24.97866630554199,68.76866912841797,49.11666488647461,25.70666694641113,0.0,0
2021-12-12 19:15:00+00:00,0,0.0,0.0,0.0,19,6,1,426.8666687011719,25.06733322143555,73.34600067138672,48.790000915527344,31.78333282470703,0.0,0
2021-12-12 19:20:00+00:00,0,0.0,0.0,0.0,19,6,1,429.9666748046875,25.2586669921875,75.46099853515625,49.74666595458984,35.24333190917969,0.0,0
2021-12-12 19:25:00+00:00,0,0.0,0.0,0.0,19,6,1,425.9333190917969,25.15566635131836,72.12100219726562,48.53333282470703,38.810001373291016,0.0,0
2021-12-12 19:30:00+00:00,0,0.0,0.0,0.0,19,6,1,422.6000061035156,25.122333526611328,70.95166778564453,49.22000122070313,37.33000183105469,0.0,0
2021-12-12 19:35:00+00:00,0,0.0,0.0,0.0,19,6,1,421.3793029785156,25.168621063232425,69.95310211181639,49.20344924926758,30.28620719909668,0.0,0
2021-12-12 19:40:00+00:00,0,0.0,0.0,0.0,19,6,1,419.8999938964844,25.113000869750977,69.48566436767578,49.31000137329102,24.203332901000977,0.0,0
2021-12-12 19:45:00+00:00,0,0.0,0.0,0.0,19,6,1,419.6666564941406,25.04533386230469,69.02566528320311,49.0533332824707,28.90999984741211,0.0,0
2021-12-12 19:50:00+00:00,0,0.0,0.0,0.0,19,6,1,420.8928527832031,25.09357070922852,68.56356811523439,48.79642868041992,25.05714225769043,0.0,0
2021-12-12 19:55:00+00:00,0,0.0,0.0,0.0,19,6,1,417.1333312988281,24.96833419799805,70.31866455078125,49.01333236694336,27.399999618530277,0.0,0
2021-12-12 20:00:00+00:00,0,0.0,0.0,0.0,20,6,1,419.76666259765625,25.068666458129886,74.96366882324219,48.9566650390625,24.60666656494141,0.0,0
2021-12-12 20:05:00+00:00,0,0.0,0.0,0.0,20,6,1,417.3666687011719,25.17566680908203,73.00533294677734,49.12666702270508,25.11333274841309,0.0,0
2021-12-12 20:10:00+00:00,0,0.0,0.0,0.0,20,6,1,419.6000061035156,25.121999740600582,71.95899963378906,49.18999862670898,28.296667098999023,0.0,0
2021-12-12 20:15:00+00:00,0,0.0,0.0,0.0,20,6,1,415.1000061035156,25.104999542236328,70.40733337402344,48.63000106811523,30.03000068664551,0.0,0
2021-12-12 20:20:00+00:00,0,0.0,0.0,0.0,20,6,1,414.1333312988281,25.06166648864746,69.11599731445311,49.36999893188477,31.37666702270508,0.0,0
2021-12-12 20:25:00+00:00,0,0.0,0.0,0.0,20,6,1,414.4333190917969,25.10300064086914,69.14133453369139,49.4900016784668,30.183332443237305,0.0,0
2021-12-12 20:30:00+00:00,0,0.0,0.0,0.0,20,6,1,414.4827575683594,25.03172492980957,73.39551544189453,48.87241363525391,31.60344886779785,0.0,0
2021-12-12 20:35:00+00:00,0,0.0,0.0,0.0,20,6,1,418.2999877929688,25.15566635131836,74.98833465576172,48.72999954223633,32.889999389648445,0.0,0
2021-12-12 20:40:00+00:00,0,0.0,0.0,0.0,20,6,1,415.8999938964844,24.996665954589844,72.35399627685547,49.12666702270508,32.02333450317383,0.0,0
2021-12-12 20:45:00+00:00,0,0.0,0.0,0.0,20,6,1,420.46429443359375,25.07785797119141,71.07749938964844,48.22857284545898,30.41428565979004,0.0,0
2021-12-12 20:50:00+00:00,0,0.0,0.0,0.0,20,6,1,415.7999877929688,25.095333099365234,70.77233123779297,49.16666793823242,32.209999084472656,0.0,0
2021-12-12 20:55:00+00:00,0,0.0,0.0,0.0,20,6,1,414.1666564941406,25.02833366394043,74.52466583251953,48.67666625976562,34.580001831054695,0.0,0
2021-12-12 21:00:00+00:00,0,0.0,0.0,0.0,21,6,1,415.8333435058594,25.221332550048828,76.9626693725586,48.76666641235352,33.21666717529297,0.0,0
2021-12-12 21:05:00+00:00,0,0.0,0.0,0.0,21,6,1,414.9333190917969,25.15933418273925,72.63533020019531,48.49333190917969,32.12333297729492,0.0,0
2021-12-12 21:10:00+00:00,0,0.0,0.0,0.0,21,6,1,410.8333435058594,25.1113338470459,71.16200256347656,49.09333419799805,32.093334197998054,0.0,0
2021-12-12 21:15:00+00:00,0,0.0,0.0,0.0,21,6,1,408.8999938964844,25.059667587280277,70.26300048828125,49.31333160400391,28.36666679382324,0.0,0
2021-12-12 21:20:00+00:00,0,0.0,0.0,0.0,21,6,1,409.4827575683594,25.04344749450684,69.75206756591797,48.6655158996582,31.0137939453125,0.0,0
2021-12-12 21:25:00+00:00,0,0.0,0.0,0.0,21,6,1,408.8999938964844,25.02566719055176,70.43099975585938,49.41333389282226,31.21333312988281,0.0,0
2021-12-12 21:30:00+00:00,0,0.0,0.0,0.0,21,6,1,412.3999938964844,25.02733421325684,74.92066955566406,49.12666702270508,31.683332443237305,0.0,0
2021-12-12 21:35:00+00:00,0,0.0,0.0,0.0,21,6,1,414.6428527832031,25.19285774230957,76.28713989257812,48.18214416503906,31.27142906188965,0.0,0
2021-12-12 21:40:00+00:00,0,0.0,0.0,0.0,21,6,1,409.5333251953125,25.10000038146973,72.59466552734375,49.22999954223633,32.57666778564453,0.0,0
2021-12-12 21:45:00+00:00,0,0.0,0.0,0.0,21,6,1,412.5,25.03300094604492,70.90567016601562,49.29666519165039,28.690000534057614,0.0,0
2021-12-12 21:50:00+00:00,0,0.0,0.0,0.0,21,6,1,408.3999938964844,25.05699920654297,69.90699768066406,49.19333267211914,31.09333419799805,0.0,0
2021-12-12 21:55:00+00:00,0,0.0,0.0,0.0,21,6,1,407.6333312988281,24.987667083740234,70.84166717529297,49.15999984741211,33.733333587646484,0.0,0
2021-12-12 22:00:00+00:00,0,0.0,0.0,0.0,22,6,1,410.4333190917969,25.03333282470703,74.92833709716797,48.959999084472656,32.723331451416016,0.0,0
2021-12-12 22:05:00+00:00,0,0.0,0.0,0.0,22,6,1,409.4666748046875,25.226333618164062,76.47666931152344,49.47666549682617,31.663333892822266,0.0,0
2021-12-12 22:10:00+00:00,0,0.0,0.0,0.0,22,6,1,409.8666687011719,25.13800048828125,72.49700164794922,48.9466667175293,27.61333274841309,0.0,0
2021-12-12 22:15:00+00:00,0,0.0,0.0,0.0,22,6,1,409.3448181152344,25.23344802856445,70.38448333740234,49.23103332519531,29.231035232543945,0.0,0
2021-12-12 22:20:00+00:00,0,0.0,0.0,0.0,22,6,1,407.3999938964844,25.178333282470703,69.66566467285156,49.9566650390625,27.226667404174805,0.0,0
2021-12-12 22:25:00+00:00,0,0.0,0.0,0.0,22,6,1,405.6785583496094,25.10392951965332,70.27785491943361,48.82857131958008,25.19285774230957,0.0,0
2021-12-12 22:30:00+00:00,0,0.0,0.0,0.0,22,6,1,408.8999938964844,25.06533241271973,74.74199676513672,48.71666717529297,31.85333251953125,0.0,0
2021-12-12 22:35:00+00:00,0,0.0,0.0,0.0,22,6,1,409.73333740234375,25.16233253479004,76.08999633789062,49.13000106811523,29.3700008392334,0.0,0
2021-12-12 22:40:00+00:00,0,0.0,0.0,0.0,22,6,1,403.0666809082031,25.017333984375,72.17733001708984,48.91999816894531,26.75,0.0,0
2021-12-12 22:45:00+00:00,0,0.0,0.0,0.0,22,6,1,403.0666809082031,25.1646671295166,70.31300354003906,49.49333190917969,27.46666717529297,0.0,0
2021-12-12 22:50:00+00:00,0,0.0,0.0,0.0,22,6,1,403.9666748046875,25.208999633789062,70.02266693115234,48.82666778564453,27.933332443237305,0.0,0
2021-12-12 22:55:00+00:00,0,0.0,0.0,0.0,22,6,1,403.4333190917969,25.26499938964844,69.20133209228516,49.06999969482422,31.546667098999023,0.0,0
2021-12-12 23:00:00+00:00,0,0.0,0.0,0.0,23,6,1,402.23333740234375,25.005332946777344,70.80166625976562,49.08333206176758,34.053333282470696,0.0,0
2021-12-12 23:05:00+00:00,0,0.0,0.0,0.0,23,6,1,402.137939453125,25.061378479003903,75.50965881347656,49.02413940429688,34.606895446777344,0.0,0
2021-12-12 23:10:00+00:00,0,0.0,0.0,0.0,23,6,1,407.5,25.13400077819824,74.87733459472656,48.95000076293945,34.56999969482422,0.0,0
2021-12-12 23:15:00+00:00,0,0.0,0.0,0.0,23,6,1,406.3103332519531,25.02241325378418,71.94862365722656,49.08275985717773,32.827587127685554,0.0,0
2021-12-12 23:20:00+00:00,0,0.0,0.0,0.0,23,6,1,402.862060546875,24.99965476989746,70.5472412109375,48.55862045288086,32.158618927001946,0.0,0
2021-12-12 23:25:00+00:00,0,0.0,0.0,0.0,23,6,1,404.3333435058594,24.99300003051757,71.5979995727539,50.21333312988281,31.4233341217041,0.0,0
2021-12-12 23:30:00+00:00,0,0.0,0.0,0.0,23,6,1,405.8999938964844,25.06566619873047,76.29566955566406,49.94333267211914,32.709999084472656,0.0,0
2021-12-12 23:35:00+00:00,0,0.0,0.0,0.0,23,6,1,413.6333312988281,25.35966682434082,79.08000183105469,49.02666854858398,33.776668548583984,0.0,0
2021-12-12 23:40:00+00:00,0,0.0,0.0,0.0,23,6,1,412.2000122070313,25.665000915527344,77.83032989501953,49.106666564941406,33.779998779296875,0.0,0
2021-12-12 23:45:00+00:00,0,0.0,0.0,0.0,23,6,1,410.6333312988281,25.865333557128903,77.09200286865234,49.36000061035156,31.479999542236328,0.0,0
2021-12-12 23:50:00+00:00,0,0.0,0.0,0.0,23,6,1,409.8333435058594,25.976999282836918,76.68966674804688,49.40666580200195,30.52666664123535,0.0,0
2021-12-12 23:55:00+00:00,0,0.0,0.0,0.0,23,6,1,412.0,26.12899971008301,76.50333404541016,48.93000030517578,31.06333351135254,0.0,0
2021-12-13 00:00:00+00:00,0,0.0,0.0,0.0,0,0,0,410.2069091796875,26.2027587890625,76.34379577636719,49.23103332519531,30.77241325378418,0.0,0
2021-12-13 00:05:00+00:00,0,0.0,0.0,0.0,0,0,0,408.8333435058594,26.22866630554199,76.39399719238281,49.43999862670898,30.4233341217041,0.0,0
2021-12-13 00:10:00+00:00,0,0.0,0.0,0.0,0,0,0,406.5357055664063,26.320714950561523,76.18392944335938,48.94643020629883,30.917856216430664,0.0,0
2021-12-13 00:15:00+00:00,0,0.0,0.0,0.0,0,0,0,411.76666259765625,26.329334259033203,76.27266693115234,49.54666519165039,31.23666572570801,0.0,0
2021-12-13 00:20:00+00:00,0,0.0,0.0,0.0,0,0,0,410.26666259765625,26.356332778930664,76.30533599853516,48.87333297729492,30.60666656494141,0.0,0
2021-12-13 00:25:00+00:00,0,0.0,0.0,0.0,0,0,0,408.8666687011719,26.393999099731445,76.27733612060547,48.7933349609375,30.57999992370605,0.0,0
2021-12-13 00:30:00+00:00,0,0.0,0.0,0.0,0,0,0,413.5333251953125,26.492000579833984,76.1969985961914,49.21333312988281,31.059999465942383,0.0,0
2021-12-13 00:35:00+00:00,0,0.0,0.0,0.0,0,0,0,414.0666809082031,26.57266616821289,75.98500061035156,49.92333221435547,30.95000076293945,0.0,0
2021-12-13 00:40:00+00:00,0,0.0,0.0,0.0,0,0,0,413.0,26.66200065612793,75.97733306884766,49.57333374023438,30.453332901000977,1.0,0
2021-12-13 00:45:00+00:00,0,0.0,0.0,0.0,0,0,0,412.8333435058594,26.80066680908203,75.58032989501953,49.41666793823242,30.46999931335449,1.0,0
2021-12-13 00:50:00+00:00,0,0.0,0.0,0.0,0,0,0,413.3793029785156,26.68517303466797,75.94758605957031,49.67586135864258,29.17586135864257,1.0,0
2021-12-13 00:55:00+00:00,0,0.0,0.0,0.0,0,0,0,411.8999938964844,26.72100067138672,76.14099884033203,49.28333282470703,29.68666648864746,1.0,0
2021-12-13 01:00:00+00:00,0,0.0,0.0,0.0,1,0,0,414.7857055664063,26.75321388244629,76.05428314208984,49.03571319580078,27.88571357727051,1.0,0
2021-12-13 01:05:00+00:00,0,0.0,0.0,0.0,1,0,0,416.3333435058594,26.757333755493164,76.1536636352539,49.46666717529297,24.84000015258789,1.0,0
2021-12-13 01:10:00+00:00,0,0.0,0.0,0.0,1,0,0,414.76666259765625,26.82966613769531,76.19100189208984,49.47000122070313,19.950000762939453,1.0,0
2021-12-13 01:15:00+00:00,0,0.0,0.0,0.0,1,0,0,415.76666259765625,26.85933303833008,76.21299743652344,49.606666564941406,13.239999771118164,1.0,0
2021-12-13 01:20:00+00:00,0,0.0,0.0,0.0,1,0,0,412.73333740234375,26.844667434692383,76.37833404541016,49.7400016784668,16.329999923706055,1.0,0
2021-12-13 01:25:00+00:00,0,0.0,0.0,0.0,1,0,0,412.3333435058594,26.86766624450684,76.46900177001953,49.61333465576172,12.226666450500488,1.0,0
2021-12-13 01:30:00+00:00,0,0.0,0.0,0.0,1,0,0,412.76666259765625,26.882333755493164,76.59500122070312,49.22333145141602,12.133333206176758,1.0,0
2021-12-13 01:35:00+00:00,0,0.0,0.0,0.0,1,0,0,413.1666564941406,26.84033393859864,76.82633209228516,48.83000183105469,10.136666297912598,1.0,0
2021-12-13 01:40:00+00:00,0,0.0,0.0,0.0,1,0,0,411.1333312988281,26.92433357238769,76.70899963378906,50.02333450317383,8.943333625793457,1.0,0
2021-12-13 01:45:00+00:00,0,0.0,0.0,0.0,1,0,0,411.7241516113281,26.94586181640625,76.7913818359375,49.1137924194336,17.88965606689453,1.0,0
2021-12-13 01:50:00+00:00,0,0.0,0.0,0.0,1,0,0,414.1071472167969,26.998571395874023,76.72428894042969,49.28214263916016,22.542856216430664,1.0,0
2021-12-13 01:55:00+00:00,0,0.0,0.0,0.0,1,0,0,410.5333251953125,26.92366600036621,77.0556640625,49.57333374023438,23.90333366394043,2.0,0
2021-12-13 02:00:00+00:00,0,0.0,0.0,0.0,2,0,0,410.6000061035156,26.89066696166992,77.2979965209961,49.43000030517578,22.953332901000977,1.0,0
2021-12-13 02:05:00+00:00,0,0.0,0.0,0.0,2,0,0,409.4333190917969,26.90999984741211,77.1883316040039,48.97999954223633,18.38999938964844,1.0,0
2021-12-13 02:10:00+00:00,0,0.0,0.0,0.0,2,0,0,412.2000122070313,26.928667068481445,77.1346664428711,49.80666732788086,10.966666221618652,1.0,0
2021-12-13 02:15:00+00:00,0,0.0,0.0,0.0,2,0,0,415.6666564941406,26.977333068847656,77.08399963378906,49.06666564941406,7.823333263397218,1.0,0
2021-12-13 02:20:00+00:00,0,0.0,0.0,0.0,2,0,0,416.6000061035156,26.95566749572754,77.1729965209961,48.81999969482422,8.123332977294924,1.0,0
2021-12-13 02:25:00+00:00,0,0.0,0.0,0.0,2,0,0,416.8999938964844,27.01033401489257,76.94933319091797,49.22999954223633,7.37666654586792,1.0,0
2021-12-13 02:30:00+00:00,0,0.0,0.0,0.0,2,0,0,413.2000122070313,26.99099922180176,77.0250015258789,49.27999877929688,6.576666831970215,1.0,0
2021-12-13 02:35:00+00:00,0,0.0,0.0,0.0,2,0,0,414.6896667480469,26.98379325866699,77.11827850341797,48.39655303955078,3.313793182373047,1.0,0
2021-12-13 02:40:00+00:00,0,0.0,0.0,0.0,2,0,0,414.23333740234375,27.007667541503903,77.13833618164062,48.81333160400391,0.9100000262260436,1.0,0
2021-12-13 02:45:00+00:00,0,0.0,0.0,0.0,2,0,0,416.4285583496094,27.042856216430664,76.99178314208984,48.99642944335938,0.0,1.0,0
2021-12-13 02:50:00+00:00,0,0.0,0.0,0.0,2,0,0,415.9666748046875,27.02833366394043,77.03533172607422,49.58666610717773,0.0,1.0,0
2021-12-13 02:55:00+00:00,0,0.0,0.0,0.0,2,0,0,414.6000061035156,27.042333602905277,76.98966979980469,49.24333190917969,0.0,1.0,0
2021-12-13 03:00:00+00:00,0,0.0,0.0,0.0,3,0,0,411.5333251953125,27.040666580200195,76.99866485595703,49.15666580200195,0.0,1.0,0
2021-12-13 03:05:00+00:00,0,0.0,0.0,0.0,3,0,0,415.1666564941406,27.059667587280277,76.9520034790039,48.51666641235352,0.0,1.0,0
2021-12-13 03:10:00+00:00,0,0.0,0.0,0.0,3,0,0,416.2999877929688,27.07866668701172,77.01599884033203,49.40666580200195,0.0,1.0,0
2021-12-13 03:15:00+00:00,0,0.0,0.0,0.0,3,0,0,415.1000061035156,27.08933258056641,77.04000091552734,48.89666748046875,0.0,1.0,0
2021-12-13 03:20:00+00:00,0,0.0,0.0,0.0,3,0,0,417.5,27.1706657409668,76.73733520507812,49.31999969482422,0.0,1.0,0
2021-12-13 03:25:00+00:00,0,0.0,0.0,0.0,3,0,0,414.4666748046875,27.13500022888184,76.83200073242188,48.40999984741211,0.0,1.0,0
2021-12-13 03:30:00+00:00,0,0.0,0.0,0.0,3,0,0,415.9655151367188,27.14724159240723,76.81620788574219,49.13793182373047,0.0,1.0,0
2021-12-13 03:35:00+00:00,0,0.0,0.0,0.0,3,0,0,416.1428527832031,27.12142944335937,76.8892822265625,48.57857131958008,0.0,1.0,0
2021-12-13 03:40:00+00:00,0,0.0,0.0,0.0,3,0,0,417.8666687011719,27.139667510986328,76.9123306274414,48.95000076293945,0.0,1.0,0
2021-12-13 03:45:00+00:00,0,0.0,0.0,0.0,3,0,0,417.1000061035156,27.17799949645996,76.8239974975586,48.33666610717773,0.0,1.0,0
2021-12-13 03:50:00+00:00,0,0.0,0.0,0.0,3,0,0,418.6666564941406,27.172332763671875,76.8463363647461,48.91999816894531,0.0,1.0,0
2021-12-13 03:55:00+00:00,0,0.0,0.0,0.0,3,0,0,417.6333312988281,27.20766639709473,76.8030014038086,48.75333404541016,0.0,1.0,0
2021-12-13 04:00:00+00:00,0,0.0,0.0,0.0,4,0,0,419.0333251953125,27.215999603271484,76.76766967773438,48.90999984741211,0.0,1.0,0
2021-12-13 04:05:00+00:00,0,0.0,0.0,0.0,4,0,0,417.23333740234375,27.21533393859864,76.78500366210938,48.77333450317383,0.0,1.0,0
2021-12-13 04:10:00+00:00,0,0.0,0.0,0.0,4,0,0,416.3999938964844,27.229665756225582,76.74766540527344,48.70000076293945,0.0,1.0,0
2021-12-13 04:15:00+00:00,0,0.0,0.0,0.0,4,0,0,414.1000061035156,27.202999114990234,76.8933334350586,47.93999862670898,0.0,1.0,0
2021-12-13 04:20:00+00:00,0,0.0,0.0,0.0,4,0,0,421.7241516113281,27.21482849121093,76.85482788085938,47.7068977355957,0.0,1.0,0
2021-12-13 04:25:00+00:00,0,0.0,0.0,0.0,4,0,0,417.2857055664063,27.225357055664062,76.92071533203125,47.62857055664063,0.0,1.0,0
2021-12-13 04:30:00+00:00,0,0.0,0.0,0.0,4,0,0,414.5333251953125,27.22500038146973,76.92933654785156,48.11333465576172,0.0,1.0,0
2021-12-13 04:35:00+00:00,0,0.0,0.0,0.0,4,0,0,419.2999877929688,27.26633262634277,76.79966735839844,48.17666625976562,0.0,1.0,0
2021-12-13 04:40:00+00:00,0,0.0,0.0,0.0,4,0,0,423.0,27.238666534423828,76.93866729736328,47.91333389282226,0.0,1.0,0
2021-12-13 04:45:00+00:00,0,0.0,0.0,0.0,4,0,0,423.23333740234375,27.286333084106445,76.83399963378906,48.7066650390625,0.0,1.0,0
2021-12-13 04:50:00+00:00,0,0.0,0.0,0.0,4,0,0,422.5333251953125,27.28366661071777,76.92666625976562,47.72999954223633,0.0,1.0,0
2021-12-13 04:55:00+00:00,0,0.0,0.0,0.0,4,0,0,423.3333435058594,27.27833366394043,76.98999786376953,48.23333358764648,0.0,1.0,0
2021-12-13 05:00:00+00:00,0,0.0,0.0,0.0,5,0,0,422.2999877929688,27.27799987792969,77.02400207519531,48.5533332824707,0.0,1.0,0
2021-12-13 05:05:00+00:00,0,0.0,0.0,0.0,5,0,0,422.7999877929688,27.31800079345703,76.90666961669922,48.06999969482422,0.0,1.0,0
2021-12-13 05:10:00+00:00,0,0.0,0.0,0.0,5,0,0,420.2758483886719,27.29034423828125,77.0472412109375,48.02069091796875,0.0,1.0,0
2021-12-13 05:15:00+00:00,0,0.0,0.0,0.0,5,0,0,421.6000061035156,27.35866737365723,76.87999725341797,47.99333190917969,0.0,1.0,0
2021-12-13 05:20:00+00:00,0,0.0,0.0,0.0,5,0,0,420.5714416503906,27.375713348388672,76.86357116699219,47.84642791748047,0.0,1.0,0
2021-12-13 05:25:00+00:00,0,0.0,0.0,0.0,5,0,0,420.4666748046875,27.33766746520996,77.0260009765625,47.48333358764648,0.0,1.0,0
2021-12-13 05:30:00+00:00,0,0.0,0.0,0.0,5,0,0,422.1000061035156,27.40800094604492,76.85066986083984,47.9366683959961,0.0,1.0,0
2021-12-13 05:35:00+00:00,0,0.0,0.0,0.0,5,0,0,419.5666809082031,27.389667510986328,76.95066833496094,47.9000015258789,0.0,1.0,0
2021-12-13 05:40:00+00:00,0,0.0,0.0,0.0,5,0,0,424.5,27.40099906921387,76.94266510009766,48.13000106811523,0.0,1.0,0
2021-12-13 05:45:00+00:00,0,0.0,0.0,0.0,5,0,0,424.7999877929688,27.430334091186523,76.875,47.47999954223633,0.0,1.0,0
2021-12-13 05:50:00+00:00,0,0.0,0.0,0.0,5,0,0,429.5,27.422332763671875,76.9046630859375,47.6500015258789,0.0,1.0,0
2021-12-13 05:55:00+00:00,0,0.0,0.0,0.0,5,0,0,426.6333312988281,27.44966697692871,76.89366912841797,48.17333221435547,0.0,1.0,0
2021-12-13 06:00:00+00:00,0,0.0,0.0,0.0,6,0,0,425.26666259765625,27.426332473754886,77.00299835205078,47.99333190917969,0.0,1.0,0
2021-12-13 06:05:00+00:00,0,0.0,0.0,0.0,6,0,0,421.7241516113281,27.467241287231445,76.94999694824219,47.84827423095703,0.0,1.0,0
2021-12-13 06:10:00+00:00,0,0.0,0.0,0.0,6,0,0,421.4285583496094,27.41821479797364,77.13285827636719,47.25357055664063,0.0,1.0,0
2021-12-13 06:15:00+00:00,0,0.0,0.0,0.0,6,0,0,426.1000061035156,27.40466690063477,77.25366973876953,47.3466682434082,0.0,1.0,0
2021-12-13 06:20:00+00:00,0,0.0,0.0,0.0,6,0,0,426.3999938964844,27.42900085449219,77.19599914550781,47.83000183105469,0.0,1.0,0
2021-12-13 06:25:00+00:00,0,0.0,0.0,0.0,6,0,0,423.2999877929688,27.41399955749512,77.26000213623047,47.24333190917969,0.0,1.0,0
2021-12-13 06:30:00+00:00,0,0.0,0.0,0.0,6,0,0,424.5,27.47333335876465,77.05266571044922,47.9366683959961,0.0,1.0,0
2021-12-13 06:35:00+00:00,0,0.0,0.0,0.0,6,0,0,427.1000061035156,27.494667053222656,77.01300048828125,47.56000137329102,0.0,1.0,0
2021-12-13 06:40:00+00:00,0,0.0,0.0,0.0,6,0,0,425.2000122070313,27.500333786010746,77.02999877929688,47.69333267211914,0.0,1.0,0
2021-12-13 06:45:00+00:00,0,0.0,0.0,0.0,6,0,0,424.9333190917969,27.47533416748047,77.1693344116211,47.58000183105469,0.0,1.0,0
2021-12-13 06:50:00+00:00,0,0.0,0.0,0.0,6,0,0,422.8999938964844,27.57366752624512,76.84300231933594,47.75666809082031,0.0,1.0,0
2021-12-13 06:55:00+00:00,0,0.0,0.0,0.0,6,0,0,426.4137878417969,27.485862731933597,77.14827728271484,47.34138107299805,0.0,1.0,0
2021-12-13 07:00:00+00:00,0,0.0,0.0,0.0,7,0,0,425.3214416503906,27.45035743713379,77.34928894042969,47.78571319580078,0.0,1.0,0
2021-12-13 07:05:00+00:00,0,0.0,0.0,0.0,7,0,0,423.5,27.53433418273925,77.08733367919922,47.58000183105469,0.0,1.0,0
2021-12-13 07:10:00+00:00,0,0.0,0.0,0.0,7,0,0,424.1666564941406,27.53400039672852,77.11499786376953,47.53666687011719,0.0,1.0,0
2021-12-13 07:15:00+00:00,0,0.0,0.0,0.0,7,0,0,423.1666564941406,27.47233390808105,77.38133239746094,47.36999893188477,0.0,1.0,0
2021-12-13 07:20:00+00:00,0,0.0,0.0,0.0,7,0,0,423.3666687011719,27.472999572753903,77.38333129882812,47.606666564941406,0.0,1.0,0
2021-12-13 07:25:00+00:00,0,0.0,0.0,0.0,7,0,0,423.0,27.470333099365234,77.4000015258789,47.25,0.0,1.0,0
2021-12-13 07:30:00+00:00,0,0.0,0.0,0.0,7,0,0,423.5,27.482999801635746,77.3826675415039,47.35333251953125,0.0,1.0,0
2021-12-13 07:35:00+00:00,0,0.0,0.0,0.0,7,0,0,421.4333190917969,27.47566604614257,77.42500305175781,47.25666809082031,0.0,1.0,0
2021-12-13 07:40:00+00:00,0,0.0,0.0,0.0,7,0,0,425.1000061035156,27.476999282836918,77.44766998291016,47.540000915527344,0.0,1.0,0
2021-12-13 07:45:00+00:00,0,0.0,0.0,0.0,7,0,0,426.9666748046875,27.46066665649414,77.57366943359375,47.16666793823242,0.0,1.0,0
2021-12-13 07:50:00+00:00,0,0.0,0.0,0.0,7,0,0,427.3214416503906,27.44392776489257,77.62821197509766,47.0428581237793,0.0,1.0,0
2021-12-13 07:55:00+00:00,0,0.0,0.0,0.0,7,0,0,426.5172424316406,27.50551795959473,77.38689422607422,47.18620681762695,0.0,1.0,0
2021-12-13 08:00:00+00:00,0,0.0,0.0,0.0,8,0,0,426.4333190917969,27.57999992370605,77.15599822998047,47.02999877929688,0.0,1.0,0
2021-12-13 08:05:00+00:00,0,0.0,0.0,0.0,8,0,0,425.5666809082031,27.58699989318848,77.19766998291016,47.19333267211914,0.0,1.0,0
2021-12-13 08:10:00+00:00,0,0.0,0.0,0.0,8,0,0,428.4666748046875,27.56133270263672,77.35933685302734,47.18000030517578,0.0,1.0,0
2021-12-13 08:15:00+00:00,0,0.0,0.0,0.0,8,0,0,423.4333190917969,27.54800033569336,77.41033172607422,47.2400016784668,0.0,1.0,0
2021-12-13 08:20:00+00:00,0,0.0,0.0,0.0,8,0,0,425.9333190917969,27.50633239746093,77.55066680908203,47.09333419799805,0.0,1.0,0
2021-12-13 08:25:00+00:00,0,0.0,0.0,0.0,8,0,0,425.0666809082031,27.51033401489257,77.55233001708984,47.38333511352539,0.0,1.0,0
2021-12-13 08:30:00+00:00,0,0.0,0.0,0.0,8,0,0,424.2000122070313,27.547332763671875,77.44499969482422,47.00666809082031,0.0,1.0,0
2021-12-13 08:35:00+00:00,0,0.0,0.0,0.0,8,0,0,427.1000061035156,27.55933380126953,77.47066497802734,47.1966667175293,0.0,1.0,0
2021-12-13 08:40:00+00:00,0,0.0,0.0,0.0,8,0,0,427.10345458984375,27.54620742797852,77.54344940185547,47.01034545898438,0.0,1.0,0
2021-12-13 08:45:00+00:00,0,0.0,0.0,0.0,8,0,0,426.2857055664063,27.54321479797364,77.57749938964844,46.70000076293945,0.0,1.0,0
2021-12-13 08:50:00+00:00,0,0.0,0.0,0.0,8,0,0,425.73333740234375,27.52633285522461,77.663330078125,46.9366683959961,0.0,1.0,0
2021-12-13 08:55:00+00:00,0,0.0,0.0,0.0,8,0,0,425.5666809082031,27.50833320617676,77.82099914550781,46.86000061035156,0.0,1.0,0
2021-12-13 09:00:00+00:00,0,0.0,0.0,0.0,9,0,0,427.3333435058594,27.518999099731445,77.82633209228516,47.0433349609375,0.0,1.0,0
2021-12-13 09:05:00+00:00,0,0.0,0.0,0.0,9,0,0,424.9333190917969,27.59133338928223,77.63133239746094,47.05666732788086,0.0,1.0,0
2021-12-13 09:10:00+00:00,0,0.0,0.0,0.0,9,0,0,422.1666564941406,27.60066604614257,77.63166809082031,47.12666702270508,0.0,1.0,0
2021-12-13 09:15:00+00:00,0,0.0,0.0,0.0,9,0,0,425.3666687011719,27.54333305358887,77.85800170898438,47.143333435058594,0.0,1.0,0
2021-12-13 09:20:00+00:00,0,0.0,0.0,0.0,9,0,0,424.76666259765625,27.60400009155273,77.65966796875,46.91333389282226,0.0,1.0,0
2021-12-13 09:25:00+00:00,0,0.0,0.0,0.0,9,0,0,424.0333251953125,27.58166694641113,77.69866943359375,46.88999938964844,0.0,1.0,0
2021-12-13 09:30:00+00:00,0,0.0,0.0,0.0,9,0,0,426.8333435058594,27.588666915893555,77.70233154296875,46.893333435058594,0.0,1.0,0
2021-12-13 09:35:00+00:00,0,0.0,0.0,0.0,9,0,0,426.629638671875,27.55851936340332,77.804443359375,46.77407455444336,0.0,1.0,0
2021-12-13 09:40:00+00:00,0,0.0,0.0,0.0,9,0,0,426.1333312988281,27.562000274658203,77.88999938964844,46.95333480834961,0.0,1.0,0
2021-12-13 09:45:00+00:00,0,0.0,0.0,0.0,9,0,0,425.4333190917969,27.619333267211918,77.70532989501953,46.99333190917969,0.0,1.0,0
2021-12-13 09:50:00+00:00,0,0.0,0.0,0.0,9,0,0,423.26666259765625,27.62700080871582,77.67633056640625,47.02333450317383,0.0,1.0,0
2021-12-13 09:55:00+00:00,0,0.0,0.0,0.0,9,0,0,423.0333251953125,27.56766700744629,77.89033508300781,46.95333480834961,0.0,1.0,0
2021-12-13 10:00:00+00:00,0,0.0,0.0,0.0,10,0,0,421.7000122070313,27.613000869750977,77.7873306274414,46.97000122070313,0.0,1.0,0
2021-12-13 10:05:00+00:00,0,0.0,0.0,0.0,10,0,0,426.5333251953125,27.6163330078125,77.74433135986328,46.86666488647461,0.0,1.0,0
2021-12-13 10:10:00+00:00,0,0.0,0.0,0.0,10,0,0,426.7000122070313,27.71666717529297,77.44866943359375,47.143333435058594,0.0,1.0,0
2021-12-13 10:15:00+00:00,0,0.0,0.0,0.0,10,0,0,425.5,27.64266586303711,77.66699981689453,46.97333145141602,0.0,1.0,0
2021-12-13 10:20:00+00:00,0,0.0,0.0,0.0,10,0,0,425.26666259765625,27.65466690063477,77.67866516113281,46.97333145141602,0.0,1.0,0
2021-12-13 10:25:00+00:00,0,0.0,0.0,0.0,10,0,0,425.77777099609375,27.652591705322266,77.71073913574219,46.68518447875977,0.0,1.0,0
2021-12-13 10:30:00+00:00,0,0.0,0.0,0.0,10,0,0,428.0666809082031,27.59233283996582,77.92433166503906,46.81999969482422,0.0,1.0,0
2021-12-13 10:35:00+00:00,0,0.0,0.0,0.0,10,0,0,424.9666748046875,27.57200050354004,78.0270004272461,46.83666610717773,0.0,1.0,0
2021-12-13 10:40:00+00:00,0,0.0,0.0,0.0,10,0,0,424.5333251953125,27.60933303833008,77.93033599853516,46.84333419799805,0.0,1.0,0
2021-12-13 10:45:00+00:00,0,0.0,0.0,0.0,10,0,0,427.3666687011719,27.57366752624512,78.07733154296875,46.97666549682617,0.0,1.0,0
2021-12-13 10:50:00+00:00,0,0.0,0.0,0.0,10,0,0,429.1000061035156,27.54933357238769,78.12166595458984,46.96666717529297,0.0,1.0,0
2021-12-13 10:55:00+00:00,0,0.0,0.0,0.0,10,0,0,428.3999938964844,27.544666290283203,78.16466522216797,46.90999984741211,0.0,1.0,0
2021-12-13 11:00:00+00:00,0,0.0,0.0,0.0,11,0,0,426.8666687011719,27.548999786376957,78.15133666992188,46.84999847412109,0.0,1.0,0
2021-12-13 11:05:00+00:00,0,0.0,0.0,0.0,11,0,0,425.73333740234375,27.54800033569336,78.20700073242188,47.0099983215332,0.0,1.0,0
2021-12-13 11:10:00+00:00,0,0.0,0.0,0.0,11,0,0,426.6000061035156,27.582000732421875,78.0876693725586,47.00333404541016,0.0,1.0,0
2021-12-13 11:15:00+00:00,0,0.0,0.0,0.0,11,0,0,425.5333251953125,27.594667434692383,78.02233123779297,46.91666793823242,0.0,1.0,0
2021-12-13 11:20:00+00:00,0,0.0,0.0,0.0,11,0,0,425.77777099609375,27.56296348571777,78.13999938964844,46.74814987182617,0.0,1.0,0
2021-12-13 11:25:00+00:00,0,0.0,0.0,0.0,11,0,0,424.5,27.52966690063477,78.24633026123047,46.77999877929688,0.0,1.0,0
2021-12-13 11:30:00+00:00,0,0.0,0.0,0.0,11,0,0,426.9333190917969,27.53333282470703,78.34166717529297,46.83000183105469,0.0,1.0,0
2021-12-13 11:35:00+00:00,0,0.0,0.0,0.0,11,0,0,427.7000122070313,27.55633354187012,78.18633270263672,47.01666641235352,0.0,1.0,0
2021-12-13 11:40:00+00:00,0,0.0,0.0,0.0,11,0,0,426.9333190917969,27.531665802001957,78.2596664428711,46.91999816894531,0.0,1.0,0
2021-12-13 11:45:00+00:00,0,0.0,0.0,0.0,11,0,0,427.0666809082031,27.53366661071777,78.25833129882812,46.97999954223633,0.0,1.0,0
2021-12-13 11:50:00+00:00,0,0.0,0.0,0.0,11,0,0,429.7999877929688,27.570667266845703,78.10700225830078,47.17666625976562,0.0,1.0,0
2021-12-13 11:55:00+00:00,0,0.0,0.0,0.0,11,0,0,426.7999877929688,27.52166748046875,78.27266693115234,46.94333267211914,0.0,1.0,0
2021-12-13 12:00:00+00:00,0,0.0,0.0,0.0,12,0,0,426.1000061035156,27.487667083740234,78.4123306274414,46.86333465576172,0.0,1.0,0
2021-12-13 12:05:00+00:00,0,0.0,0.0,0.0,12,0,0,427.9333190917969,27.54033279418945,78.26200103759766,46.98666763305664,0.0,1.0,0
2021-12-13 12:10:00+00:00,0,0.0,0.0,0.0,12,0,0,425.370361328125,27.51074028015137,78.30148315429688,46.670372009277344,0.0,1.0,0
2021-12-13 12:15:00+00:00,0,0.0,0.0,0.0,12,0,0,423.0,27.50333404541016,78.37100219726562,47.11666488647461,0.0,1.0,0
2021-12-13 12:20:00+00:00,0,0.0,0.0,0.0,12,0,0,421.6333312988281,27.50233268737793,78.4010009765625,46.88000106811523,0.0,1.0,0
2021-12-13 12:25:00+00:00,0,0.0,0.0,0.0,12,0,0,425.6000061035156,27.48066711425781,78.48200225830078,47.38666534423828,0.0,1.0,0
2021-12-13 12:30:00+00:00,0,0.0,0.0,0.0,12,0,0,424.5,27.479665756225582,78.50499725341797,46.97999954223633,0.0,1.0,0
2021-12-13 12:35:00+00:00,0,0.0,0.0,0.0,12,0,0,425.1666564941406,27.485332489013672,78.52566528320312,47.36333465576172,0.0,1.0,0
2021-12-13 12:40:00+00:00,0,0.0,0.0,0.0,12,0,0,427.5333251953125,27.496665954589844,78.50633239746094,47.38000106811523,0.0,1.0,0
2021-12-13 12:45:00+00:00,0,0.0,0.0,0.0,12,0,0,425.73333740234375,27.52466583251953,78.42500305175781,47.5533332824707,0.0,1.0,0
2021-12-13 12:50:00+00:00,0,0.0,0.0,0.0,12,0,0,429.2000122070313,27.49066734313965,78.5336685180664,47.06333160400391,0.0,1.0,0
2021-12-13 12:55:00+00:00,0,0.0,0.0,0.0,12,0,0,426.4333190917969,27.452333450317383,78.72200012207031,47.27999877929688,0.0,1.0,0
2021-12-13 13:00:00+00:00,0,0.0,0.0,0.0,13,0,0,422.9285583496094,27.449642181396484,78.74107360839844,47.06785583496094,0.0,1.0,0
2021-12-13 13:05:00+00:00,0,0.0,0.0,0.0,13,0,0,424.137939453125,27.520000457763672,78.47379302978516,47.17241287231445,0.0,1.0,0
2021-12-13 13:10:00+00:00,0,0.0,0.0,0.0,13,0,0,425.1333312988281,27.47599983215332,78.66033172607422,47.22333145141602,0.0,1.0,0
2021-12-13 13:15:00+00:00,0,0.0,0.0,0.0,13,0,0,427.7999877929688,27.49300003051757,78.63600158691406,47.29999923706055,0.0,1.0,0
2021-12-13 13:20:00+00:00,0,0.0,0.0,0.0,13,0,0,427.4333190917969,27.52300071716309,78.55366516113281,47.18333435058594,0.0,1.0,0
2021-12-13 13:25:00+00:00,0,0.0,0.0,0.0,13,0,0,424.76666259765625,27.51633262634277,78.59833526611328,47.13999938964844,0.0,1.0,0
2021-12-13 13:30:00+00:00,0,0.0,0.0,0.0,13,0,0,429.3999938964844,27.538000106811523,78.57166290283203,47.54999923706055,0.0,1.0,0
2021-12-13 13:35:00+00:00,0,0.0,0.0,0.0,13,0,0,428.73333740234375,27.511999130249023,78.73233032226562,47.62666702270508,0.0,1.0,0
2021-12-13 13:40:00+00:00,0,0.0,0.0,0.0,13,0,0,427.9333190917969,27.56933403015137,78.55833435058594,47.37333297729492,0.0,1.0,0
2021-12-13 13:45:00+00:00,0,0.0,0.0,0.0,13,0,0,425.3666687011719,27.55699920654297,78.5643310546875,47.52000045776367,0.0,1.0,0
2021-12-13 13:50:00+00:00,0,0.0,0.0,0.0,13,0,0,423.2069091796875,27.50586128234864,78.80379486083984,47.365516662597656,0.0,1.0,0
2021-12-13 13:55:00+00:00,0,0.0,0.0,0.0,13,0,0,426.25,27.48428535461425,78.83214569091797,47.26428604125977,0.0,1.0,0
2021-12-13 14:00:00+00:00,0,0.0,0.0,0.0,14,0,0,427.1000061035156,27.45366668701172,78.94466400146484,47.45000076293945,0.0,1.0,0
2021-12-13 14:05:00+00:00,0,0.0,0.0,0.0,14,0,0,427.6000061035156,27.49300003051757,78.86900329589844,47.92333221435547,0.0,1.0,0
2021-12-13 14:10:00+00:00,0,0.0,0.0,0.0,14,0,0,429.0666809082031,27.52599906921387,78.78266906738281,47.86000061035156,0.0,1.0,0
2021-12-13 14:15:00+00:00,0,0.0,0.0,0.0,14,0,0,430.73333740234375,27.5223331451416,78.85266876220703,48.04999923706055,0.0,1.0,0
2021-12-13 14:20:00+00:00,0,0.0,0.0,0.0,14,0,0,429.5333251953125,27.51633262634277,78.86933135986328,47.89666748046875,0.0,1.0,0
2021-12-13 14:25:00+00:00,0,0.0,0.0,0.0,14,0,0,428.2000122070313,27.494333267211918,78.93266296386719,47.72666549682617,0.0,1.0,0
2021-12-13 14:30:00+00:00,0,0.0,0.0,0.0,14,0,0,428.9666748046875,27.506000518798828,78.91000366210938,47.90666580200195,0.0,1.0,0
2021-12-13 14:35:00+00:00,0,0.0,0.0,0.0,14,0,0,429.5666809082031,27.502666473388672,78.91200256347656,48.26666641235352,0.0,1.0,0
2021-12-13 14:40:00+00:00,0,0.0,0.0,0.0,14,0,0,428.6333312988281,27.503665924072266,78.98466491699219,48.15999984741211,0.0,1.0,0
2021-12-13 14:45:00+00:00,0,0.0,0.0,0.0,14,0,0,427.8214416503906,27.499643325805664,78.956787109375,48.06428527832031,0.0,1.0,0
2021-12-13 14:50:00+00:00,0,0.0,0.0,0.0,14,0,0,426.82757568359375,27.48137855529785,79.02379608154297,48.11724090576172,0.0,1.0,0
2021-12-13 14:55:00+00:00,0,0.0,0.0,0.0,14,0,0,427.5,27.43866729736328,79.20166778564453,48.290000915527344,0.0,1.0,0
2021-12-13 15:00:00+00:00,0,0.0,0.0,0.0,15,0,0,427.9333190917969,27.52400016784668,78.96466827392578,48.4900016784668,0.0,1.0,0
2021-12-13 15:05:00+00:00,0,0.0,0.0,0.0,15,0,0,428.1666564941406,27.494333267211918,79.04066467285156,48.7400016784668,0.0,1.0,0
2021-12-13 15:10:00+00:00,0,0.0,0.0,0.0,15,0,0,424.9333190917969,27.459999084472656,79.1363296508789,48.67333221435547,0.0,1.0,0
2021-12-13 15:15:00+00:00,0,0.0,0.0,0.0,15,0,0,425.23333740234375,27.46766662597656,79.11799621582031,51.13666534423828,0.0466666668653488,1.0,0
2021-12-13 15:20:00+00:00,0,0.0,0.0,0.0,15,0,0,429.6333312988281,27.46766662597656,79.0876693725586,49.49666595458984,1.830000042915344,1.0,0
2021-12-13 15:25:00+00:00,0,0.0,0.0,0.0,15,0,0,432.8333435058594,27.524999618530277,78.92766571044922,49.13333511352539,3.883333444595337,1.0,0
2021-12-13 15:30:00+00:00,0,0.0,0.0,0.0,15,0,0,428.4666748046875,27.47800064086914,79.09466552734375,49.27333450317383,6.4666666984558105,1.0,0
2021-12-13 15:35:00+00:00,0,0.0,0.0,0.0,15,0,0,430.5357055664063,27.43571472167969,79.2414321899414,49.10714340209961,6.2750000953674325,1.0,0
2021-12-13 15:40:00+00:00,0,0.0,0.0,0.0,15,0,0,433.0344848632813,27.479310989379886,79.15310668945312,49.08965682983398,5.6344828605651855,1.0,0
2021-12-13 15:45:00+00:00,0,0.0,0.0,0.0,15,0,0,434.2999877929688,27.465665817260746,79.2423324584961,49.34333419799805,5.506666660308838,1.0,0
2021-12-13 15:50:00+00:00,0,0.0,0.0,0.0,15,0,0,432.4666748046875,27.444000244140625,79.32266998291016,49.06333160400391,6.436666488647461,1.0,0
2021-12-13 15:55:00+00:00,0,0.0,0.0,0.0,15,0,0,430.6000061035156,27.49900054931641,79.15766906738281,50.28666687011719,8.173333168029785,1.0,0
2021-12-13 16:00:00+00:00,0,0.0,0.0,0.0,16,0,0,431.4666748046875,27.50300025939941,79.15299987792969,51.03666687011719,10.146666526794434,1.0,0
2021-12-13 16:05:00+00:00,0,0.0,0.0,0.0,16,0,0,434.3333435058594,27.489665985107425,79.19366455078125,52.20000076293945,11.123332977294922,1.0,0
2021-12-13 16:10:00+00:00,0,0.0,0.0,0.0,16,0,0,430.1666564941406,27.53499984741211,79.06766510009766,51.30666732788086,12.010000228881836,1.0,0
2021-12-13 16:15:00+00:00,0,0.0,0.0,0.0,16,0,0,433.7000122070313,27.63500022888184,78.7893295288086,50.0533332824707,13.65999984741211,1.0,0
2021-12-13 16:20:00+00:00,0,0.0,0.0,0.0,16,0,0,434.1333312988281,27.578332901000977,78.98666381835938,49.72333145141602,14.266666412353516,1.0,0
2021-12-13 16:25:00+00:00,0,0.0,0.0,0.0,16,0,0,434.9285583496094,27.54035758972168,79.15036010742188,49.16071319580078,15.089285850524902,1.0,0
2021-12-13 16:30:00+00:00,0,0.0,0.0,0.0,16,0,0,431.1666564941406,27.45866584777832,79.4433364868164,49.71333312988281,16.863332748413086,1.0,0
2021-12-13 16:35:00+00:00,0,0.0,0.0,0.0,16,0,0,430.6206970214844,27.46931076049805,79.43103790283203,49.12413787841797,19.49310302734375,1.0,0
2021-12-13 16:40:00+00:00,0,0.0,0.0,0.0,16,0,0,432.4333190917969,27.48699951171875,79.3740005493164,49.67666625976562,25.37333297729492,1.0,0
2021-12-13 16:45:00+00:00,0,0.0,0.0,0.0,16,0,0,430.73333740234375,27.562000274658203,79.14600372314453,49.22333145141602,25.60666656494141,1.0,0
2021-12-13 16:50:00+00:00,0,0.0,0.0,0.0,16,0,0,432.5333251953125,27.52966690063477,79.25700378417969,49.60333251953125,27.71999931335449,1.0,0
2021-12-13 16:55:00+00:00,0,0.0,0.0,0.0,16,0,0,428.3333435058594,27.566333770751957,79.10199737548828,49.209999084472656,31.11666679382324,1.0,0
2021-12-13 17:00:00+00:00,0,0.0,0.0,0.0,17,0,0,429.76666259765625,27.622333526611328,78.92900085449219,49.53666687011719,30.96999931335449,1.0,0
2021-12-13 17:05:00+00:00,0,0.0,0.0,0.0,17,0,0,430.7000122070313,27.64166641235352,78.85066986083984,49.0,31.08333396911621,1.0,0
2021-12-13 17:10:00+00:00,0,0.0,0.0,0.0,17,0,0,432.2999877929688,27.66666603088379,78.73733520507812,49.43000030517578,31.040000915527344,1.0,0
2021-12-13 17:15:00+00:00,0,0.0,0.0,0.0,17,0,0,432.2000122070313,27.61000061035156,78.95500183105469,49.0099983215332,31.1299991607666,1.0,0
2021-12-13 17:20:00+00:00,0,0.0,0.0,0.0,17,0,0,432.3214416503906,27.591785430908203,79.00785827636719,49.10714340209961,31.32857131958008,1.0,0
2021-12-13 17:25:00+00:00,0,0.0,0.0,0.0,17,0,0,431.82757568359375,27.58172416687012,79.0413818359375,49.23448181152344,31.64827537536621,1.0,0
2021-12-13 17:30:00+00:00,0,0.0,0.0,0.0,17,0,0,429.1666564941406,27.59733390808105,78.96733093261719,50.47333145141602,32.13333511352539,1.0,0
2021-12-13 17:35:00+00:00,0,0.0,0.0,0.0,17,0,0,433.4666748046875,27.66633415222168,78.73733520507812,49.26666641235352,31.926666259765625,1.0,0
2021-12-13 17:40:00+00:00,0,0.0,0.0,0.0,17,0,0,432.73333740234375,27.63800048828125,78.82966613769531,49.96666717529297,32.37333297729492,1.0,0
2021-12-13 17:45:00+00:00,0,0.0,0.0,0.0,17,0,0,431.4666748046875,27.623666763305664,78.89633178710938,49.18000030517578,33.37333297729492,1.0,0
2021-12-13 17:50:00+00:00,0,0.0,0.0,0.0,17,0,0,435.4666748046875,27.594667434692383,79.01233673095703,49.48333358764648,31.5766658782959,1.0,0
2021-12-13 17:55:00+00:00,0,0.0,0.0,0.0,17,0,0,433.0666809082031,27.614665985107425,78.9530029296875,49.66333389282226,30.28666687011719,1.0,0
2021-12-13 18:00:00+00:00,0,0.0,0.0,0.0,18,0,0,431.23333740234375,27.64266586303711,78.8270034790039,50.33000183105469,32.490001678466804,1.0,0
2021-12-13 18:05:00+00:00,0,0.0,0.0,0.0,18,0,0,435.6666564941406,27.606332778930664,78.91600036621094,48.68999862670898,33.240001678466804,1.0,0
2021-12-13 18:10:00+00:00,0,0.0,0.0,0.0,18,0,0,439.25,27.64892768859864,78.75749969482422,49.34285736083984,30.714284896850582,1.0,0
2021-12-13 18:15:00+00:00,0,0.0,0.0,0.0,18,0,0,436.3333435058594,27.59266662597656,78.87933349609375,49.4033317565918,32.7066650390625,1.0,0
2021-12-13 18:20:00+00:00,0,0.0,0.0,0.0,18,0,0,435.7930908203125,27.564483642578125,78.96930694580078,49.72758483886719,35.29999923706055,1.0,0
2021-12-13 18:25:00+00:00,0,0.0,0.0,0.0,18,0,0,436.0333251953125,27.599666595458984,78.77532958984375,48.79999923706055,35.86333465576172,1.0,0
2021-12-13 18:30:00+00:00,0,0.0,0.0,0.0,18,0,0,432.23333740234375,27.622333526611328,78.6943359375,51.32333374023438,42.3033332824707,1.0,0
2021-12-13 18:35:00+00:00,0,0.0,0.0,0.0,18,0,0,434.0333251953125,27.73933410644531,78.05133056640625,56.84000015258789,62.12333297729492,1.0,0
2021-12-13 18:40:00+00:00,0,0.0,0.0,0.0,18,0,0,430.8666687011719,27.79333305358887,77.35466766357422,57.75,60.13666534423828,1.0,0
2021-12-13 18:45:00+00:00,0,0.0,0.0,0.0,18,0,0,429.1666564941406,27.81833267211914,77.09700012207031,57.41999816894531,58.93999862670898,1.0,0
2021-12-13 18:50:00+00:00,0,0.0,0.0,0.0,18,0,0,431.0,27.84266662597656,77.19466400146484,57.26333236694336,58.80666732788086,1.0,0
2021-12-13 18:55:00+00:00,0,0.0,0.0,0.0,18,0,0,431.76666259765625,27.87833404541016,77.06566619873047,55.893333435058594,55.97999954223633,1.0,0
2021-12-13 19:00:00+00:00,0,0.0,0.0,0.0,19,0,0,430.5357055664063,27.90285682678223,76.91857147216797,56.45357131958008,57.41071319580078,1.0,0
2021-12-13 19:05:00+00:00,0,0.0,0.0,0.0,19,0,0,427.6333312988281,27.86433410644531,77.19933319091797,56.89666748046875,61.07666778564453,1.0,0
2021-12-13 19:10:00+00:00,0,0.0,0.0,0.0,19,0,0,426.0344848632813,28.001724243164062,76.71585845947266,59.14482879638672,59.22068786621094,1.0,0
2021-12-13 19:15:00+00:00,0,0.0,0.0,0.0,19,0,0,427.4333190917969,27.9379997253418,77.1989974975586,57.08000183105469,60.58000183105469,1.0,0
2021-12-13 19:20:00+00:00,0,0.0,0.0,0.0,19,0,0,426.9666748046875,27.97933387756348,76.34733581542969,57.356666564941406,61.41333389282226,1.0,0
2021-12-13 19:25:00+00:00,0,0.0,0.0,0.0,19,0,0,423.6666564941406,28.00666618347168,75.13300323486328,56.61999893188477,60.17666625976562,1.0,0
2021-12-13 19:30:00+00:00,0,0.0,0.0,0.0,19,0,0,420.1333312988281,28.07533264160156,74.34600067138672,58.49333190917969,61.88666534423828,1.0,0
2021-12-13 19:35:00+00:00,0,0.0,0.0,0.0,19,0,0,420.9333190917969,28.117000579833984,74.36066436767578,57.356666564941406,62.85333251953125,1.0,0
2021-12-13 19:40:00+00:00,0,0.0,0.0,0.0,19,0,0,415.8999938964844,28.15966606140137,74.11066436767578,56.790000915527344,62.18999862670898,1.0,0
2021-12-13 19:45:00+00:00,0,0.0,0.0,0.0,19,0,0,416.73333740234375,28.29866600036621,73.85600280761719,56.56666564941406,60.33333206176758,1.0,0
2021-12-13 19:50:00+00:00,0,0.0,0.0,0.0,19,0,0,419.23333740234375,28.33366584777832,73.73200225830078,57.07666778564453,55.56000137329102,1.0,0
2021-12-13 19:55:00+00:00,0,0.0,0.0,0.0,19,0,0,423.6428527832031,28.250713348388672,73.90642547607422,55.10357284545898,53.89285659790039,1.0,0
2021-12-13 20:00:00+00:00,0,0.0,0.0,0.0,20,0,0,422.9666748046875,28.23566627502441,73.78099822998047,56.03666687011719,57.49666595458984,1.0,0
2021-12-13 20:05:00+00:00,0,0.0,0.0,0.0,20,0,0,425.7241516113281,28.31965446472168,73.63516998291016,56.07931137084961,57.86206817626953,1.0,0
2021-12-13 20:10:00+00:00,0,0.0,0.0,0.0,20,0,0,426.6000061035156,28.34199905395508,73.64433288574219,55.34333419799805,58.74333190917969,1.0,0
2021-12-13 20:15:00+00:00,0,0.0,0.0,0.0,20,0,0,426.5333251953125,28.57533264160156,73.18433380126953,55.97666549682617,57.9466667175293,1.0,0
2021-12-13 20:20:00+00:00,0,0.0,0.0,0.0,20,0,0,431.7000122070313,28.56933403015137,73.33333587646484,55.54666519165039,56.59333419799805,1.0,0
2021-12-13 20:25:00+00:00,0,0.0,0.0,0.0,20,0,0,429.23333740234375,28.476999282836918,73.18966674804688,55.97999954223633,60.75666809082031,1.0,0
2021-12-13 20:30:00+00:00,0,0.0,0.0,0.0,20,0,0,426.0,28.47500038146973,73.2249984741211,54.04999923706055,60.29999923706055,1.0,0
2021-12-13 20:35:00+00:00,0,0.0,0.0,0.0,20,0,0,426.0,28.47500038146973,73.2249984741211,54.04999923706055,60.29999923706055,1.0,0
2021-12-13 20:40:00+00:00,0,0.0,0.0,0.0,20,0,0,426.0,28.47500038146973,73.2249984741211,54.04999923706055,60.29999923706055,1.0,0
2021-12-13 20:45:00+00:00,0,0.0,0.0,0.0,20,0,0,426.0,28.47500038146973,73.2249984741211,54.04999923706055,60.29999923706055,1.0,0
2021-12-13 21:25:00+00:00,0,0.0,0.0,0.0,21,0,0,436.26666259765625,28.829334259033203,74.36266326904297,55.2066650390625,56.78666687011719,1.0,0
2021-12-13 21:30:00+00:00,0,0.0,0.0,0.0,21,0,0,436.26666259765625,28.829334259033203,74.36266326904297,55.2066650390625,56.78666687011719,1.0,0
2021-12-13 21:35:00+00:00,0,0.0,0.0,0.0,21,0,0,436.26666259765625,28.829334259033203,74.36266326904297,55.2066650390625,56.78666687011719,1.0,0
2021-12-13 21:40:00+00:00,0,0.0,0.0,0.0,21,0,0,436.26666259765625,28.829334259033203,74.36266326904297,55.2066650390625,56.78666687011719,1.0,0
2021-12-13 21:45:00+00:00,0,0.0,0.0,0.0,21,0,0,437.2413940429688,28.861724853515625,74.4251708984375,56.88275909423828,58.17586135864258,1.0,0
2021-12-13 21:50:00+00:00,0,0.0,0.0,0.0,21,0,0,438.7999877929688,28.840999603271484,74.70866394042969,56.3466682434082,52.31666564941406,1.0,0
2021-12-13 21:55:00+00:00,0,0.0,0.0,0.0,21,0,0,436.2000122070313,29.01766586303711,74.28067016601562,57.06999969482422,48.1966667175293,1.0,0
2021-12-13 22:00:00+00:00,0,0.0,0.0,0.0,22,0,0,438.2000122070313,29.01700019836425,73.93800354003906,57.01333236694336,54.75666809082031,1.0,0
2021-12-13 22:05:00+00:00,0,0.0,0.0,0.0,22,0,0,438.4333190917969,29.02899932861328,73.5479965209961,55.893333435058594,64.45999908447266,1.0,0
2021-12-13 22:10:00+00:00,0,0.0,0.0,0.0,22,0,0,428.73333740234375,28.96733283996582,73.50700378417969,56.06000137329102,54.79999923706055,1.0,0
2021-12-13 22:15:00+00:00,0,0.0,0.0,0.0,22,0,0,429.4137878417969,28.86275863647461,73.76758575439453,56.44482803344727,42.937931060791016,1.0,0
2021-12-13 22:20:00+00:00,0,0.0,0.0,0.0,22,0,0,431.5333251953125,29.01266670227051,73.55333709716797,55.67666625976562,32.560001373291016,1.0,0
2021-12-13 22:25:00+00:00,0,0.0,0.0,0.0,22,0,0,431.2999877929688,28.917667388916016,73.94066619873047,56.31666564941406,27.08666610717773,1.0,0
2021-12-13 22:30:00+00:00,0,0.0,0.0,0.0,22,0,0,430.7000122070313,28.904333114624023,73.5653305053711,55.4566650390625,24.796667098999023,1.0,0
2021-12-13 22:35:00+00:00,0,0.0,0.0,0.0,22,0,0,426.3214416503906,28.796072006225582,73.62821197509766,54.92142868041992,23.842857360839844,1.0,0
2021-12-13 22:40:00+00:00,0,0.0,0.0,0.0,22,0,0,424.9333190917969,28.829334259033203,73.85633087158203,56.97666549682617,23.21999931335449,1.0,0
2021-12-13 22:45:00+00:00,0,0.0,0.0,0.0,22,0,0,422.4666748046875,28.74300003051757,74.55400085449219,55.42666625976562,21.35333251953125,1.0,0
2021-12-13 22:50:00+00:00,0,0.0,0.0,0.0,22,0,0,420.2000122070313,28.720666885375977,75.9443359375,57.52333450317383,16.610000610351562,1.0,0
2021-12-13 22:55:00+00:00,0,0.0,0.0,0.0,22,0,0,425.8999938964844,28.613666534423828,78.52200317382812,58.7599983215332,16.440000534057614,1.0,0
2021-12-13 23:00:00+00:00,0,0.0,0.0,0.0,23,0,0,427.4666748046875,28.43166732788086,79.6050033569336,57.76333236694336,21.709999084472656,1.0,0
2021-12-13 23:05:00+00:00,0,0.0,0.0,0.0,23,0,0,430.862060546875,28.420690536499023,80.02965545654297,57.18275833129883,36.965518951416016,1.0,0
2021-12-13 23:10:00+00:00,0,0.0,0.0,0.0,23,0,0,434.2000122070313,28.43266677856445,80.48666381835938,56.07333374023438,30.68666648864746,1.0,0
2021-12-13 23:15:00+00:00,0,0.0,0.0,0.0,23,0,0,440.2000122070313,28.45100021362305,81.04533386230469,56.57666778564453,21.1733341217041,1.0,0
2021-12-13 23:20:00+00:00,0,0.0,0.0,0.0,23,0,0,449.4333190917969,28.56566619873047,80.95933532714844,56.9366683959961,15.08666706085205,1.0,0
2021-12-13 23:25:00+00:00,0,0.0,0.0,0.0,23,0,0,452.75,28.480356216430664,81.18214416503906,56.56071472167969,16.678571701049805,1.0,0
2021-12-13 23:30:00+00:00,0,0.0,0.0,0.0,23,0,0,455.3999938964844,28.49833297729492,81.24633026123047,56.93333435058594,29.6200008392334,1.0,0
2021-12-13 23:35:00+00:00,0,0.0,0.0,0.0,23,0,0,452.3666687011719,28.483999252319336,81.18099975585938,55.99333190917969,38.709999084472656,1.0,0
2021-12-13 23:40:00+00:00,0,0.0,0.0,0.0,23,0,0,456.0666809082031,28.53766632080078,81.57466888427734,58.01666641235352,26.50333404541016,1.0,0
2021-12-13 23:45:00+00:00,0,0.0,0.0,0.0,23,0,0,453.5666809082031,28.77866744995117,80.83599853515625,56.47666549682617,17.020000457763672,1.0,0
2021-12-13 23:50:00+00:00,0,0.0,0.0,0.0,23,0,0,461.1000061035156,28.900333404541016,80.56866455078125,56.52000045776367,8.40666675567627,1.0,0
2021-12-13 23:55:00+00:00,0,0.0,0.0,0.0,23,0,0,458.0666809082031,28.74066734313965,79.72599792480469,56.50666809082031,7.869999885559082,1.0,0
2021-12-14 00:00:00+00:00,0,0.0,0.0,0.0,0,1,0,456.5862121582031,28.68517303466797,78.55482482910156,56.54137802124024,7.006896495819093,1.0,0
2021-12-14 00:05:00+00:00,0,0.0,0.0,0.0,0,1,0,448.0666809082031,28.68899917602539,77.14900207519531,56.41666793823242,5.006666660308838,1.0,0
2021-12-14 00:10:00+00:00,0,0.0,0.0,0.0,0,1,0,439.0,28.56366729736328,77.03466796875,56.27333450317383,2.883333444595337,1.0,0
2021-12-14 00:15:00+00:00,0,0.0,0.0,0.0,0,1,0,440.96429443359375,28.502857208251957,77.21428680419922,55.04642868041992,1.4428571462631226,1.0,0
2021-12-14 00:20:00+00:00,0,0.0,0.0,0.0,0,1,0,445.7000122070313,28.48500061035156,77.48200225830078,59.78666687011719,1.4233332872390747,1.0,0
2021-12-14 00:25:00+00:00,0,0.0,0.0,0.0,0,1,0,444.2999877929688,28.52199935913086,77.22599792480469,56.08000183105469,2.7066667079925537,1.0,0
2021-12-14 00:30:00+00:00,0,0.0,0.0,0.0,0,1,0,436.8333435058594,28.60866737365723,76.0770034790039,55.95000076293945,4.3433332443237305,1.0,0
2021-12-14 00:35:00+00:00,0,0.0,0.0,0.0,0,1,0,436.5333251953125,28.52599906921387,76.01866912841797,55.8466682434082,5.563333511352539,1.0,0
2021-12-14 00:40:00+00:00,0,0.0,0.0,0.0,0,1,0,437.2999877929688,28.604999542236328,75.79066467285156,56.10333251953125,7.84333324432373,1.0,0
2021-12-14 00:45:00+00:00,0,0.0,0.0,0.0,0,1,0,435.5333251953125,28.52799987792969,75.35066986083984,56.36666488647461,8.390000343322754,1.0,0
2021-12-14 00:50:00+00:00,0,0.0,0.0,0.0,0,1,0,431.2758483886719,28.63931083679199,74.7027587890625,55.72413635253906,8.144827842712402,1.0,0
2021-12-14 00:55:00+00:00,0,0.0,0.0,0.0,0,1,0,424.9666748046875,28.562334060668945,74.70500183105469,55.96666717529297,9.029999732971191,1.0,0
2021-12-14 01:00:00+00:00,0,0.0,0.0,0.0,1,1,0,421.3333435058594,28.58966636657715,74.88866424560547,56.91333389282226,12.833333015441896,1.0,0
2021-12-14 01:05:00+00:00,0,0.0,0.0,0.0,1,1,0,422.23333740234375,28.702999114990234,74.6606674194336,56.29999923706055,22.899999618530277,1.0,0
2021-12-14 01:10:00+00:00,0,0.0,0.0,0.0,1,1,0,421.6428527832031,28.63999938964844,74.92642974853516,56.09999847412109,31.428571701049805,1.0,0
2021-12-14 01:15:00+00:00,0,0.0,0.0,0.0,1,1,0,422.8333435058594,28.61333274841309,74.73100280761719,56.72999954223633,30.75,1.0,0
2021-12-14 01:20:00+00:00,0,0.0,0.0,0.0,1,1,0,419.6666564941406,28.69733238220215,74.59700012207031,56.65666580200195,16.879999160766598,1.0,0
2021-12-14 01:25:00+00:00,0,0.0,0.0,0.0,1,1,0,417.73333740234375,28.670000076293945,74.6780014038086,55.89666748046875,9.203332901000977,1.0,0
2021-12-14 01:30:00+00:00,0,0.0,0.0,0.0,1,1,0,417.76666259765625,28.606000900268555,74.83866882324219,56.58333206176758,6.5333333015441895,1.0,0
2021-12-14 01:35:00+00:00,0,0.0,0.0,0.0,1,1,0,423.0333251953125,28.673999786376957,74.58533477783203,55.88666534423828,5.553333282470703,1.0,0
2021-12-14 01:40:00+00:00,0,0.0,0.0,0.0,1,1,0,428.6666564941406,28.72900009155273,74.663330078125,55.78666687011719,4.513333320617676,1.0,0
2021-12-14 01:45:00+00:00,0,0.0,0.0,0.0,1,1,0,426.82757568359375,28.65586280822754,75.005859375,56.73103332519531,2.7034482955932617,1.0,0
2021-12-14 01:50:00+00:00,0,0.0,0.0,0.0,1,1,0,426.2999877929688,28.61100006103516,75.08100128173828,57.36999893188477,1.403333306312561,1.0,0
2021-12-14 01:55:00+00:00,0,0.0,0.0,0.0,1,1,0,427.1333312988281,28.65800094604492,74.72866821289062,55.39666748046875,0.6399999856948853,1.0,0
2021-12-14 02:00:00+00:00,0,0.0,0.0,0.0,2,1,0,429.5714416503906,28.670000076293945,74.58321380615234,55.12142944335938,0.0,1.0,0
2021-12-14 02:05:00+00:00,0,0.0,0.0,0.0,2,1,0,428.3666687011719,28.643667221069336,74.53600311279297,56.59000015258789,0.0,1.0,0
2021-12-14 02:10:00+00:00,0,0.0,0.0,0.0,2,1,0,429.4666748046875,28.78000068664551,73.8106689453125,56.37333297729492,0.0,1.0,0
2021-12-14 02:15:00+00:00,0,0.0,0.0,0.0,2,1,0,428.2999877929688,28.75666618347168,73.87666320800781,55.52999877929688,0.0,1.0,0
2021-12-14 02:20:00+00:00,0,0.0,0.0,0.0,2,1,0,426.8666687011719,28.742000579833984,73.98233032226562,56.17333221435547,0.0,1.0,0
2021-12-14 02:25:00+00:00,0,0.0,0.0,0.0,2,1,0,422.3666687011719,28.75900077819824,73.89066314697266,56.38333511352539,0.0,1.0,0
2021-12-14 02:30:00+00:00,0,0.0,0.0,0.0,2,1,0,422.0333251953125,28.75433349609375,74.03466796875,55.68333435058594,0.0,1.0,0
2021-12-14 02:35:00+00:00,0,0.0,0.0,0.0,2,1,0,427.4137878417969,28.72965431213379,74.41172790527344,56.60344696044922,0.0,1.0,0
2021-12-14 02:40:00+00:00,0,0.0,0.0,0.0,2,1,0,427.7000122070313,28.64800071716309,74.7760009765625,55.03333282470703,0.0,1.0,0
2021-12-14 02:45:00+00:00,0,0.0,0.0,0.0,2,1,0,425.9333190917969,28.76933288574219,74.65266418457031,55.76333236694336,0.0,1.0,0
2021-12-14 02:50:00+00:00,0,0.0,0.0,0.0,2,1,0,427.0714416503906,28.69892883300781,75.01000213623047,53.88214111328125,0.0,1.0,0
2021-12-14 02:55:00+00:00,0,0.0,0.0,0.0,2,1,0,425.0666809082031,28.67766761779785,75.37232971191406,56.07666778564453,0.0,1.0,0
2021-12-14 03:00:00+00:00,0,0.0,0.0,0.0,3,1,0,420.0,28.65966606140137,75.55533599853516,54.40666580200195,0.0,1.0,0
2021-12-14 03:05:00+00:00,0,0.0,0.0,0.0,3,1,0,424.6000061035156,28.58733367919922,76.03800201416016,54.05666732788086,0.0,1.0,0
2021-12-14 03:10:00+00:00,0,0.0,0.0,0.0,3,1,0,422.4666748046875,28.65866661071777,75.94866943359375,55.63000106811523,0.0,1.0,0
2021-12-14 03:15:00+00:00,0,0.0,0.0,0.0,3,1,0,423.73333740234375,28.69300079345703,75.78466796875,54.09000015258789,0.0,1.0,0
2021-12-14 03:20:00+00:00,0,0.0,0.0,0.0,3,1,0,429.2999877929688,28.579334259033203,76.51300048828125,54.36999893188477,0.0,1.0,0
2021-12-14 03:25:00+00:00,0,0.0,0.0,0.0,3,1,0,430.3333435058594,28.56399917602539,76.44966888427734,55.31999969482422,0.0,2.0,0
2021-12-14 03:30:00+00:00,0,0.0,0.0,0.0,3,1,0,426.0689697265625,28.58758544921875,76.33483123779297,54.59310531616211,0.0,3.0,0
2021-12-14 03:35:00+00:00,0,0.0,0.0,0.0,3,1,0,426.8333435058594,28.566333770751957,76.41600036621094,54.81666564941406,0.0,1.0,0
2021-12-14 03:40:00+00:00,0,0.0,0.0,0.0,3,1,0,427.6333312988281,28.57333374023437,76.3326644897461,54.98666763305664,0.0,1.0,0
2021-12-14 03:45:00+00:00,0,0.0,0.0,0.0,3,1,0,428.5357055664063,28.44928550720215,76.63893127441406,53.28571319580078,0.0,1.0,0
2021-12-14 03:50:00+00:00,0,0.0,0.0,0.0,3,1,0,427.1000061035156,28.4776668548584,76.36900329589844,55.04999923706055,0.0,1.0,0
2021-12-14 03:55:00+00:00,0,0.0,0.0,0.0,3,1,0,427.9333190917969,28.55033302307129,75.97566986083984,53.54999923706055,0.0,1.0,0
2021-12-14 04:00:00+00:00,0,0.0,0.0,0.0,4,1,0,422.0333251953125,28.46433258056641,76.24066925048828,54.11999893188477,0.0,1.0,0
2021-12-14 04:05:00+00:00,0,0.0,0.0,0.0,4,1,0,423.7999877929688,28.450666427612305,76.29000091552734,54.06000137329102,0.0,2.0,0
2021-12-14 04:10:00+00:00,0,0.0,0.0,0.0,4,1,0,426.6000061035156,28.40099906921387,76.47633361816406,53.31999969482422,0.0,2.0,0
2021-12-14 04:15:00+00:00,0,0.0,0.0,0.0,4,1,0,429.73333740234375,28.34166717529297,76.7213363647461,53.62666702270508,0.0,1.0,0
2021-12-14 04:20:00+00:00,0,0.0,0.0,0.0,4,1,0,429.2413940429688,28.26137924194336,76.94999694824219,53.08965682983398,0.0,1.0,0
2021-12-14 04:25:00+00:00,0,0.0,0.0,0.0,4,1,0,424.3333435058594,28.23433303833008,77.05867004394531,53.81666564941406,0.0,4.0,0
2021-12-14 04:30:00+00:00,0,0.0,0.0,0.0,4,1,0,423.7999877929688,28.248666763305664,76.99700164794922,53.68000030517578,0.0,3.0,0
2021-12-14 04:35:00+00:00,0,0.0,0.0,0.0,4,1,0,426.8214416503906,28.26428604125977,76.99214172363281,54.57143020629883,0.0,2.0,0
2021-12-14 04:40:00+00:00,0,0.0,0.0,0.0,4,1,0,426.7999877929688,28.23200035095215,77.13766479492188,53.54666519165039,0.0,3.0,0
2021-12-14 04:45:00+00:00,0,0.0,0.0,0.0,4,1,0,425.9666748046875,28.220666885375977,77.22966766357422,53.75333404541016,0.0,2.0,0
2021-12-14 04:50:00+00:00,0,0.0,0.0,0.0,4,1,0,428.5,28.191333770751957,77.42033386230469,54.54666519165039,0.0,1.0,0
2021-12-14 04:55:00+00:00,0,0.0,0.0,0.0,4,1,0,428.9666748046875,28.244667053222656,77.24600219726562,55.33000183105469,0.0,1.0,0
2021-12-14 05:00:00+00:00,0,0.0,0.0,0.0,5,1,0,430.7999877929688,28.19533348083496,77.42866516113281,54.39666748046875,0.0,1.0,0
2021-12-14 05:05:00+00:00,0,0.0,0.0,0.0,5,1,0,429.8333435058594,28.357666015625,76.93333435058594,53.52999877929688,0.0,1.0,0
2021-12-14 05:10:00+00:00,0,0.0,0.0,0.0,5,1,0,430.9666748046875,28.23233413696289,77.4530029296875,53.23666763305664,0.0,1.0,0
2021-12-14 05:15:00+00:00,0,0.0,0.0,0.0,5,1,0,434.6896667480469,28.15827560424805,77.76172637939453,52.4000015258789,0.0,1.0,0
2021-12-14 05:20:00+00:00,0,0.0,0.0,0.0,5,1,0,430.4666748046875,28.1560001373291,77.79066467285156,53.13000106811523,0.0,1.0,0
2021-12-14 05:25:00+00:00,0,0.0,0.0,0.0,5,1,0,432.6428527832031,28.10928535461425,77.9517822265625,51.21785736083984,0.0,1.0,0
2021-12-14 05:30:00+00:00,0,0.0,0.0,0.0,5,1,0,433.73333740234375,28.071666717529297,78.11966705322266,53.77999877929688,0.0,1.0,0
2021-12-14 05:35:00+00:00,0,0.0,0.0,0.0,5,1,0,433.0333251953125,27.994667053222656,78.4469985961914,53.90666580200195,0.0,1.0,0
2021-12-14 05:40:00+00:00,0,0.0,0.0,0.0,5,1,0,432.4333190917969,28.0,78.59066772460938,51.61000061035156,0.0,2.0,0
2021-12-14 05:45:00+00:00,0,0.0,0.0,0.0,5,1,0,432.4666748046875,27.99266624450684,78.66566467285156,52.01666641235352,0.0,2.0,0
2021-12-14 05:50:00+00:00,0,0.0,0.0,0.0,5,1,0,433.5666809082031,28.007999420166016,78.57966613769531,52.5,0.0,2.0,0
2021-12-14 05:55:00+00:00,0,0.0,0.0,0.0,5,1,0,434.26666259765625,27.95833396911621,78.91600036621094,53.1866683959961,0.0,2.0,0
2021-12-14 06:00:00+00:00,0,0.0,0.0,0.0,6,1,0,430.5333251953125,27.96933364868164,78.92633056640625,53.06333160400391,0.0,1.0,0
2021-12-14 06:05:00+00:00,0,0.0,0.0,0.0,6,1,0,433.4137878417969,27.98862075805664,78.91586303710938,52.32758712768555,0.0,1.0,0
2021-12-14 06:10:00+00:00,0,0.0,0.0,0.0,6,1,0,434.76666259765625,27.96299934387207,79.02433013916016,51.4900016784668,0.0,1.0,0
2021-12-14 06:15:00+00:00,0,0.0,0.0,0.0,6,1,0,435.0344848632813,27.933794021606445,79.094482421875,52.05517196655274,0.0,1.0,0
2021-12-14 06:20:00+00:00,0,0.0,0.0,0.0,6,1,0,433.6206970214844,27.953792572021484,78.98482513427734,51.8206901550293,0.0,2.0,0
2021-12-14 06:25:00+00:00,0,0.0,0.0,0.0,6,1,0,433.8333435058594,27.92099952697754,79.19633483886719,51.47333145141602,0.0,2.0,0
2021-12-14 06:30:00+00:00,0,0.0,0.0,0.0,6,1,0,433.8666687011719,27.93433380126953,79.17433166503906,53.56666564941406,0.0,2.0,0
2021-12-14 06:35:00+00:00,0,0.0,0.0,0.0,6,1,0,433.9333190917969,27.91600036621093,79.16899871826172,52.77000045776367,0.0,2.0,0
2021-12-14 06:40:00+00:00,0,0.0,0.0,0.0,6,1,0,435.1333312988281,27.89699935913086,79.20066833496094,51.5966682434082,0.0,4.0,0
2021-12-14 06:45:00+00:00,0,0.0,0.0,0.0,6,1,0,435.5666809082031,27.92533302307129,79.1449966430664,51.29666519165039,0.0,2.0,0
2021-12-14 06:50:00+00:00,0,0.0,0.0,0.0,6,1,0,435.9333190917969,27.893999099731445,79.25666809082031,51.48333358764648,0.0,1.0,0
2021-12-14 06:55:00+00:00,0,0.0,0.0,0.0,6,1,0,436.8999938964844,27.86733245849609,79.37333679199219,51.36999893188477,0.0,1.0,0
2021-12-14 07:00:00+00:00,0,0.0,0.0,0.0,7,1,0,433.1724243164063,27.817930221557614,79.56965637207031,52.25862121582031,0.0,1.0,0
2021-12-14 07:05:00+00:00,0,0.0,0.0,0.0,7,1,0,431.8333435058594,27.864665985107425,79.36699676513672,51.9000015258789,0.0,1.0,0
2021-12-14 07:10:00+00:00,0,0.0,0.0,0.0,7,1,0,434.3214416503906,27.85607147216797,79.3982162475586,50.97857284545898,0.0,1.0,0
2021-12-14 07:15:00+00:00,0,0.0,0.0,0.0,7,1,0,433.5666809082031,27.882333755493164,79.28233337402344,50.72000122070313,0.0,3.0,0
2021-12-14 07:20:00+00:00,0,0.0,0.0,0.0,7,1,0,434.3666687011719,27.92466735839844,79.163330078125,52.66999816894531,0.0,1.0,0
2021-12-14 07:25:00+00:00,0,0.0,0.0,0.0,7,1,0,435.6000061035156,27.92466735839844,79.11799621582031,50.59333419799805,0.0,1.0,0
2021-12-14 07:30:00+00:00,0,0.0,0.0,0.0,7,1,0,430.2000122070313,27.87833404541016,79.26866912841797,51.07333374023438,0.0,1.0,0
2021-12-14 07:35:00+00:00,0,0.0,0.0,0.0,7,1,0,431.76666259765625,27.87133407592773,79.35233306884766,50.76666641235352,0.0,1.0,0
2021-12-14 07:40:00+00:00,0,0.0,0.0,0.0,7,1,0,431.1666564941406,27.85066604614257,79.38333129882812,51.47999954223633,0.0,1.0,0
2021-12-14 07:45:00+00:00,0,0.0,0.0,0.0,7,1,0,433.6666564941406,27.889667510986328,79.27200317382812,51.09333419799805,0.0,1.0,0
2021-12-14 07:50:00+00:00,0,0.0,0.0,0.0,7,1,0,435.0344848632813,27.89206886291504,79.34827423095703,50.73793029785156,0.0,1.0,0
2021-12-14 07:55:00+00:00,0,0.0,0.0,0.0,7,1,0,437.1666564941406,27.94599914550781,79.13133239746094,50.24333190917969,0.0,1.0,0
2021-12-14 08:00:00+00:00,0,0.0,0.0,0.0,8,1,0,435.1428527832031,27.84428596496582,79.5875015258789,49.68214416503906,0.0,1.0,0
2021-12-14 08:05:00+00:00,0,0.0,0.0,0.0,8,1,0,436.5666809082031,27.85866737365723,79.54566955566406,51.25666809082031,0.0,1.0,0
2021-12-14 08:10:00+00:00,0,0.0,0.0,0.0,8,1,0,436.4333190917969,27.891000747680664,79.41366577148438,49.643333435058594,0.0,2.0,0
2021-12-14 08:15:00+00:00,0,0.0,0.0,0.0,8,1,0,438.76666259765625,27.833999633789062,79.66500091552734,49.70333480834961,0.0,2.0,0
2021-12-14 08:20:00+00:00,0,0.0,0.0,0.0,8,1,0,432.2000122070313,27.90500068664551,79.53099822998047,49.9366683959961,0.0,2.0,0
2021-12-14 08:25:00+00:00,0,0.0,0.0,0.0,8,1,0,430.5666809082031,27.84700012207031,79.77200317382812,49.33333206176758,0.0,2.0,0
2021-12-14 08:30:00+00:00,0,0.0,0.0,0.0,8,1,0,432.6666564941406,27.87433242797852,79.68800354003906,50.040000915527344,0.0,1.0,0
2021-12-14 08:35:00+00:00,0,0.0,0.0,0.0,8,1,0,431.3666687011719,27.79633331298828,79.90666961669922,50.1966667175293,0.0,1.0,0
2021-12-14 08:40:00+00:00,0,0.0,0.0,0.0,8,1,0,430.4666748046875,27.78266716003418,80.0199966430664,49.46666717529297,0.0,2.0,0
2021-12-14 08:45:00+00:00,0,0.0,0.0,0.0,8,1,0,433.2758483886719,27.73137855529785,80.18241119384766,49.73793029785156,0.0,2.0,0
2021-12-14 08:50:00+00:00,0,0.0,0.0,0.0,8,1,0,432.6785583496094,27.71607208251953,80.17142486572266,49.61071395874024,0.0,2.0,0
2021-12-14 08:55:00+00:00,0,0.0,0.0,0.0,8,1,0,430.23333740234375,27.81800079345703,79.76300048828125,49.8033332824707,0.0,2.0,0
2021-12-14 09:00:00+00:00,0,0.0,0.0,0.0,9,1,0,430.4333190917969,27.72433280944824,80.04133605957031,49.21666717529297,0.0,2.0,0
2021-12-14 09:05:00+00:00,0,0.0,0.0,0.0,9,1,0,428.3333435058594,27.75466728210449,79.92633056640625,49.28666687011719,0.0,2.0,0
2021-12-14 09:10:00+00:00,0,0.0,0.0,0.0,9,1,0,426.4666748046875,27.733333587646484,80.04399871826172,49.29999923706055,0.0,2.0,0
2021-12-14 09:15:00+00:00,0,0.0,0.0,0.0,9,1,0,429.26666259765625,27.74799919128418,80.1050033569336,49.6966667175293,0.0,1.0,0
2021-12-14 09:20:00+00:00,0,0.0,0.0,0.0,9,1,0,430.0,27.75666618347168,80.02400207519531,49.38333511352539,0.0,1.0,0
2021-12-14 09:25:00+00:00,0,0.0,0.0,0.0,9,1,0,428.3999938964844,27.75666618347168,79.97733306884766,49.13999938964844,0.0,1.0,0
2021-12-14 09:30:00+00:00,0,0.0,0.0,0.0,9,1,0,427.4333190917969,27.766000747680664,79.9046630859375,49.33000183105469,0.0,1.0,0
2021-12-14 09:35:00+00:00,0,0.0,0.0,0.0,9,1,0,428.9655151367188,27.64482688903809,80.29930877685547,49.48275756835938,0.0,1.0,0
2021-12-14 09:40:00+00:00,0,0.0,0.0,0.0,9,1,0,427.2999877929688,27.687334060668945,80.107666015625,49.04999923706055,0.0,1.0,0
2021-12-14 09:45:00+00:00,0,0.0,0.0,0.0,9,1,0,429.1071472167969,27.79999923706055,79.78107452392578,48.98214340209961,0.0,1.0,0
2021-12-14 09:50:00+00:00,0,0.0,0.0,0.0,9,1,0,433.5666809082031,27.735332489013672,79.99800109863281,50.03666687011719,0.0,1.0,0
2021-12-14 09:55:00+00:00,0,0.0,0.0,0.0,9,1,0,431.4333190917969,27.7103328704834,80.0653305053711,49.06666564941406,0.0,1.0,0
2021-12-14 10:00:00+00:00,0,0.0,0.0,0.0,10,1,0,432.8333435058594,27.625333786010746,80.4453353881836,48.21666717529297,0.0,1.0,0
2021-12-14 10:05:00+00:00,0,0.0,0.0,0.0,10,1,0,434.26666259765625,27.647666931152344,80.44100189208984,49.209999084472656,0.0,1.0,0
2021-12-14 10:10:00+00:00,0,0.0,0.0,0.0,10,1,0,431.1666564941406,27.75900077819824,79.91967010498047,49.29666519165039,0.0,1.0,0
2021-12-14 10:15:00+00:00,0,0.0,0.0,0.0,10,1,0,430.4333190917969,27.660999298095703,80.33133697509766,48.790000915527344,0.0,1.0,0
2021-12-14 10:20:00+00:00,0,0.0,0.0,0.0,10,1,0,425.73333740234375,27.69433403015137,80.16533660888672,48.91666793823242,0.0,1.0,0
2021-12-14 10:25:00+00:00,0,0.0,0.0,0.0,10,1,0,426.6551818847656,27.59724044799805,80.50379180908203,48.75862121582031,0.0,1.0,0
2021-12-14 10:30:00+00:00,0,0.0,0.0,0.0,10,1,0,425.8666687011719,27.55566596984864,80.69466400146484,48.71666717529297,0.0,1.0,0
2021-12-14 10:35:00+00:00,0,0.0,0.0,0.0,10,1,0,425.71429443359375,27.584285736083984,80.72571563720703,48.875,0.0,1.0,0
2021-12-14 10:40:00+00:00,0,0.0,0.0,0.0,10,1,0,428.1000061035156,27.77400016784668,79.94833374023438,48.77333450317383,0.0,1.0,0
2021-12-14 10:45:00+00:00,0,0.0,0.0,0.0,10,1,0,426.6000061035156,27.64866638183593,80.43299865722656,49.66666793823242,0.0,1.0,0
2021-12-14 10:50:00+00:00,0,0.0,0.0,0.0,10,1,0,428.2000122070313,27.54366683959961,80.91666412353516,48.79666519165039,0.0,1.0,0
2021-12-14 10:55:00+00:00,0,0.0,0.0,0.0,10,1,0,431.1333312988281,27.50166702270508,81.13533020019531,49.09000015258789,0.0,1.0,0
2021-12-14 11:00:00+00:00,0,0.0,0.0,0.0,11,1,0,432.5333251953125,27.56733322143555,80.89733123779297,49.3033332824707,0.0,1.0,0
2021-12-14 11:05:00+00:00,0,0.0,0.0,0.0,11,1,0,432.4666748046875,27.60033416748047,80.84866333007812,49.21333312988281,0.0,1.0,0
2021-12-14 11:10:00+00:00,0,0.0,0.0,0.0,11,1,0,436.3666687011719,27.596332550048828,81.00433349609375,49.54999923706055,0.0,1.0,0
2021-12-14 11:15:00+00:00,0,0.0,0.0,0.0,11,1,0,434.5666809082031,27.559999465942383,81.17166900634766,48.47333145141602,0.0,1.0,0
2021-12-14 11:20:00+00:00,0,0.0,0.0,0.0,11,1,0,436.1724243164063,27.57620620727539,81.20482635498047,47.93448257446289,0.0,1.0,0
2021-12-14 11:25:00+00:00,0,0.0,0.0,0.0,11,1,0,434.6785583496094,27.60892868041992,81.12321472167969,49.47499847412109,0.0,1.0,0
2021-12-14 11:30:00+00:00,0,0.0,0.0,0.0,11,1,0,433.8333435058594,27.642333984375,81.03633117675781,49.44333267211914,0.0,1.0,0
2021-12-14 11:35:00+00:00,0,0.0,0.0,0.0,11,1,0,432.9666748046875,27.59900093078613,81.30733489990234,49.95333480834961,0.0,1.0,0
2021-12-14 11:40:00+00:00,0,0.0,0.0,0.0,11,1,0,432.1666564941406,27.610332489013672,81.33100128173828,49.37333297729492,0.0,1.0,0
2021-12-14 11:45:00+00:00,0,0.0,0.0,0.0,11,1,0,432.6666564941406,27.678333282470703,81.1346664428711,49.18999862670898,0.0,1.0,0
2021-12-14 11:50:00+00:00,0,0.0,0.0,0.0,11,1,0,432.0666809082031,27.608333587646484,81.36066436767578,50.2400016784668,0.0,1.0,0
2021-12-14 11:55:00+00:00,0,0.0,0.0,0.0,11,1,0,434.3666687011719,27.586000442504886,81.50566864013672,49.29999923706055,0.0,1.0,0
2021-12-14 12:00:00+00:00,0,0.0,0.0,0.0,12,1,0,431.1000061035156,27.58733367919922,81.60233306884766,49.22999954223633,0.0,1.0,0
2021-12-14 12:05:00+00:00,0,0.0,0.0,0.0,12,1,0,430.8666687011719,27.57600021362305,81.6606674194336,49.9466667175293,0.0,1.0,0
2021-12-14 12:10:00+00:00,0,0.0,0.0,0.0,12,1,0,434.6206970214844,27.591033935546875,81.68138122558594,50.12068939208984,0.0,1.0,0
2021-12-14 12:15:00+00:00,0,0.0,0.0,0.0,12,1,0,432.4333190917969,27.58133316040039,81.7316665649414,50.39666748046875,0.0,1.0,0
2021-12-14 12:20:00+00:00,0,0.0,0.0,0.0,12,1,0,434.3214416503906,27.65999984741211,81.54499816894531,48.63571548461914,0.0,1.0,0
2021-12-14 12:25:00+00:00,0,0.0,0.0,0.0,12,1,0,436.0,27.58699989318848,81.88533020019531,49.22666549682617,0.0,1.0,0
2021-12-14 12:30:00+00:00,0,0.0,0.0,0.0,12,1,0,433.0666809082031,27.58799934387207,81.98566436767578,49.44333267211914,0.0,1.0,0
2021-12-14 12:35:00+00:00,0,0.0,0.0,0.0,12,1,0,435.1000061035156,27.54199981689453,82.17266845703125,49.83000183105469,0.0,1.0,0
2021-12-14 12:40:00+00:00,0,0.0,0.0,0.0,12,1,0,436.4333190917969,27.64200019836425,81.97233581542969,50.79999923706055,0.0,1.0,0
2021-12-14 12:45:00+00:00,0,0.0,0.0,0.0,12,1,0,436.23333740234375,27.628665924072266,81.97966766357422,50.06666564941406,0.0,1.0,0
2021-12-14 12:50:00+00:00,0,0.0,0.0,0.0,12,1,0,438.7999877929688,27.60400009155273,82.14833068847656,51.21666717529297,0.0,1.0,0
2021-12-14 12:55:00+00:00,0,0.0,0.0,0.0,12,1,0,443.73333740234375,27.70866584777832,81.81133270263672,49.72999954223633,0.0,1.0,0
2021-12-14 13:00:00+00:00,0,0.0,0.0,0.0,13,1,0,439.6000061035156,27.65699958801269,81.99199676513672,50.34333419799805,0.0,1.0,0
2021-12-14 13:05:00+00:00,0,0.0,0.0,0.0,13,1,0,440.4827575683594,27.64862060546875,82.11068725585938,50.59999847412109,0.0,1.0,0
2021-12-14 13:10:00+00:00,0,0.0,0.0,0.0,13,1,0,441.6428527832031,27.671072006225582,82.125,50.26428604125977,0.0,1.0,0
2021-12-14 13:15:00+00:00,0,0.0,0.0,0.0,13,1,0,442.6000061035156,27.63999938964844,82.35832977294922,51.709999084472656,0.0,1.0,0
2021-12-14 13:20:00+00:00,0,0.0,0.0,0.0,13,1,0,441.6666564941406,27.671667098999023,82.30500030517578,51.85333251953125,0.0,1.0,0
2021-12-14 13:25:00+00:00,0,0.0,0.0,0.0,13,1,0,439.2999877929688,27.73466682434082,81.9663314819336,50.8033332824707,0.0,1.0,0
2021-12-14 13:30:00+00:00,0,0.0,0.0,0.0,13,1,0,443.73333740234375,27.59433364868164,82.35033416748047,51.13333511352539,0.0,1.0,0
2021-12-14 13:35:00+00:00,0,0.0,0.0,0.0,13,1,0,437.73333740234375,27.4950008392334,82.54467010498047,52.06333160400391,0.0,1.0,0
2021-12-14 13:40:00+00:00,0,0.0,0.0,0.0,13,1,0,436.7000122070313,27.53866577148437,82.32833099365234,51.13666534423828,0.0,1.0,0
2021-12-14 13:45:00+00:00,0,0.0,0.0,0.0,13,1,0,442.2999877929688,27.601667404174805,82.02633666992188,52.08000183105469,0.0,1.0,0
2021-12-14 13:50:00+00:00,0,0.0,0.0,0.0,13,1,0,438.6000061035156,27.663000106811523,81.76200103759766,52.16666793823242,0.0,1.0,0
2021-12-14 13:55:00+00:00,0,0.0,0.0,0.0,13,1,0,437.7241516113281,27.68068885803223,81.71138000488281,52.17241287231445,0.0,1.0,0
2021-12-14 14:00:00+00:00,0,0.0,0.0,0.0,14,1,0,439.96429443359375,27.88142776489257,80.95249938964844,50.93214416503906,0.0,1.0,0
2021-12-14 14:05:00+00:00,0,0.0,0.0,0.0,14,1,0,436.1333312988281,27.86166572570801,80.7836685180664,51.64666748046875,0.0,1.0,0
2021-12-14 14:10:00+00:00,0,0.0,0.0,0.0,14,1,0,435.7999877929688,27.76266670227051,81.14966583251953,51.89666748046875,0.0,1.0,0
2021-12-14 14:15:00+00:00,0,0.0,0.0,0.0,14,1,0,435.0666809082031,27.67600059509277,81.49966430664062,52.9033317565918,0.0,1.0,0
2021-12-14 14:20:00+00:00,0,0.0,0.0,0.0,14,1,0,435.4666748046875,27.67966651916504,81.5113296508789,53.18333435058594,0.0,1.0,0
2021-12-14 14:25:00+00:00,0,0.0,0.0,0.0,14,1,0,432.2999877929688,27.58166694641113,81.83233642578125,52.54666519165039,0.0,1.0,0
2021-12-14 14:30:00+00:00,0,0.0,0.0,0.0,14,1,0,435.7000122070313,27.38999938964844,82.37333679199219,52.29666519165039,0.0,1.0,0
2021-12-14 14:35:00+00:00,0,0.0,0.0,0.0,14,1,0,437.6666564941406,27.465999603271484,82.06266784667969,54.41666793823242,0.0,1.0,0
2021-12-14 14:40:00+00:00,0,0.0,0.0,0.0,14,1,0,439.26666259765625,27.437000274658203,82.14566802978516,53.4900016784668,0.0,1.0,0
2021-12-14 14:45:00+00:00,0,0.0,0.0,0.0,14,1,0,440.3666687011719,27.45499992370605,82.086669921875,54.49666595458984,0.0,1.0,0
2021-12-14 14:50:00+00:00,0,0.0,0.0,0.0,14,1,0,440.96429443359375,27.454286575317383,82.09750366210938,54.20357131958008,0.0,1.0,0
2021-12-14 14:55:00+00:00,0,0.0,0.0,0.0,14,1,0,441.0,27.53861999511719,81.79930877685547,54.1793098449707,0.0,1.0,0
2021-12-14 15:00:00+00:00,0,0.0,0.0,0.0,15,1,0,442.7999877929688,27.50300025939941,81.95733642578125,54.57333374023438,0.0,1.0,0
2021-12-14 15:05:00+00:00,0,0.0,0.0,0.0,15,1,0,439.3666687011719,27.615333557128903,81.56300354003906,55.17666625976562,0.0,1.0,0
2021-12-14 15:10:00+00:00,0,0.0,0.0,0.0,15,1,0,445.0,27.65366744995117,81.517333984375,54.16999816894531,0.0,1.0,0
2021-12-14 15:15:00+00:00,0,0.0,0.0,0.0,15,1,0,445.73333740234375,27.554332733154297,81.9383316040039,56.11000061035156,27.683332443237305,1.0,0
2021-12-14 15:20:00+00:00,0,0.0,0.0,0.0,15,1,0,451.9333190917969,27.70633316040039,81.7969970703125,52.83666610717773,54.29999923706055,1.0,0
2021-12-14 15:25:00+00:00,0,0.0,0.0,0.0,15,1,0,463.4333190917969,27.74900054931641,81.62866973876953,49.52999877929688,1.8233333826065063,1.0,0
2021-12-14 15:30:00+00:00,0,0.0,0.0,0.0,15,1,0,463.6333312988281,27.733333587646484,81.60700225830078,48.56666564941406,0.0,1.0,0
2021-12-14 15:35:00+00:00,0,0.0,0.0,0.0,15,1,0,462.5333251953125,27.74333381652832,81.54533386230469,49.09333419799805,0.0,1.0,0
2021-12-14 15:40:00+00:00,0,0.0,0.0,0.0,15,1,0,466.1724243164063,27.70965576171875,81.63241577148438,48.41034317016602,0.079310342669487,1.0,0
2021-12-14 15:45:00+00:00,0,0.0,0.0,0.0,15,1,0,465.5357055664063,27.711071014404297,81.61178588867188,48.59285736083984,1.914285659790039,1.0,0
2021-12-14 15:50:00+00:00,0,0.0,0.0,0.0,15,1,0,467.5,27.65299987792969,81.80633544921875,48.459999084472656,4.303333282470703,1.0,0
2021-12-14 15:55:00+00:00,0,0.0,0.0,0.0,15,1,0,464.3999938964844,27.62433242797852,81.90833282470703,48.24666595458984,7.283333301544189,1.0,0
2021-12-14 16:00:00+00:00,0,0.0,0.0,0.0,16,1,0,463.9333190917969,27.70466613769531,81.61933135986328,48.69333267211914,9.83666706085205,1.0,0
2021-12-14 16:05:00+00:00,0,0.0,0.0,0.0,16,1,0,465.5666809082031,27.829334259033203,81.13666534423828,48.393333435058594,11.946666717529297,1.0,0
2021-12-14 16:10:00+00:00,0,0.0,0.0,0.0,16,1,0,464.3999938964844,27.891000747680664,80.8863296508789,49.07666778564453,14.460000038146973,1.0,0
2021-12-14 16:15:00+00:00,0,0.0,0.0,0.0,16,1,0,466.0,27.90699958801269,80.81600189208984,48.32666778564453,17.190000534057614,1.0,0
2021-12-14 16:20:00+00:00,0,0.0,0.0,0.0,16,1,0,463.1000061035156,27.94533348083496,80.66600036621094,48.34999847412109,19.920000076293945,1.0,0
2021-12-14 16:25:00+00:00,0,0.0,0.0,0.0,16,1,0,463.73333740234375,28.02199935913086,80.44200134277344,48.68000030517578,22.13333320617676,1.0,0
2021-12-14 16:30:00+00:00,0,0.0,0.0,0.0,16,1,0,458.9333190917969,27.989999771118164,74.72599792480469,50.22999954223633,24.37666702270508,1.0,0
2021-12-14 16:35:00+00:00,0,0.0,0.0,0.0,16,1,0,451.6666564941406,27.33259201049805,66.81666564941406,50.11481475830078,26.27407455444336,1.0,0
2021-12-14 16:40:00+00:00,0,0.0,0.0,0.0,16,1,0,445.7000122070313,26.645999908447266,62.977333068847656,50.49666595458984,31.59333419799805,1.0,0
2021-12-14 16:45:00+00:00,0,0.0,0.0,0.0,16,1,0,438.2000122070313,26.30599975585937,61.0716667175293,50.52000045776367,32.85333251953125,1.0,0
2021-12-14 16:50:00+00:00,0,0.0,0.0,0.0,16,1,0,435.2000122070313,25.91666603088379,60.89400100708008,50.17666625976562,33.946666717529304,1.0,0
2021-12-14 16:55:00+00:00,0,0.0,0.0,0.0,16,1,0,430.3999938964844,25.82399940490723,60.959999084472656,49.50333404541016,35.53333282470703,1.0,0
2021-12-14 17:00:00+00:00,0,0.0,0.0,0.0,17,1,0,424.1666564941406,25.78766632080078,61.30933380126953,49.58333206176758,36.48333358764648,1.0,0
2021-12-14 17:05:00+00:00,0,0.0,0.0,0.0,17,1,0,422.6666564941406,25.69266700744629,61.87133407592773,48.36666488647461,36.57666778564453,1.0,0
2021-12-14 17:10:00+00:00,0,0.0,0.0,0.0,17,1,0,423.8999938964844,25.48166656494141,62.49833297729492,49.12333297729492,36.93999862670898,1.0,0
2021-12-14 17:15:00+00:00,0,0.0,0.0,0.0,17,1,0,421.9333190917969,25.542333602905277,62.51233291625977,48.53666687011719,37.893333435058594,1.0,0
2021-12-14 17:20:00+00:00,0,0.0,0.0,0.0,17,1,0,421.2000122070313,25.560333251953125,62.97100067138672,48.37666702270508,38.51666641235352,1.0,0
2021-12-14 17:25:00+00:00,0,0.0,0.0,0.0,17,1,0,421.4814758300781,25.57185173034668,63.30666732788086,48.25925827026367,38.3370361328125,1.0,0
2021-12-14 17:30:00+00:00,0,0.0,0.0,0.0,17,1,0,420.4333190917969,25.46433258056641,63.408668518066406,48.78666687011719,38.84999847412109,1.0,0
2021-12-14 17:35:00+00:00,0,0.0,0.0,0.0,17,1,0,418.8999938964844,25.435333251953125,63.18966674804688,48.3466682434082,36.56666564941406,1.0,0
2021-12-14 17:40:00+00:00,0,0.0,0.0,0.0,17,1,0,419.73333740234375,25.41033363342285,62.93500137329102,49.08000183105469,36.74333190917969,1.0,0
2021-12-14 17:45:00+00:00,0,0.0,0.0,0.0,17,1,0,422.0,25.23233413696289,63.27066802978516,49.17333221435547,33.049999237060554,1.0,0
2021-12-14 17:50:00+00:00,0,0.0,0.0,0.0,17,1,0,417.0333251953125,25.127666473388672,63.46366500854492,49.91666793823242,35.6966667175293,1.0,0
2021-12-14 17:55:00+00:00,0,0.0,0.0,0.0,17,1,0,415.6666564941406,25.275333404541016,63.23666763305664,51.040000915527344,53.47333145141602,1.0,0
2021-12-14 18:00:00+00:00,0,0.0,0.0,0.0,18,1,0,428.26666259765625,25.60666656494141,62.98500061035156,51.86333465576172,82.69999694824219,1.0,0
2021-12-14 18:05:00+00:00,0,0.0,0.0,0.0,18,1,0,448.4333190917969,25.630332946777344,63.37533187866211,52.85333251953125,82.81999969482422,1.0,0
2021-12-14 18:10:00+00:00,0,0.0,0.0,0.0,18,1,0,466.6333312988281,25.722665786743164,62.99666595458984,52.9366683959961,87.23666381835938,1.0,0
2021-12-14 18:15:00+00:00,0,0.0,0.0,0.0,18,1,0,484.8333435058594,25.77899932861328,62.50033187866211,54.62666702270508,85.11333465576172,1.0,0
2021-12-14 18:20:00+00:00,0,0.0,0.0,0.0,18,1,0,576.25927734375,26.02185249328613,62.00703811645508,52.762962341308594,88.97777557373047,1.0,0
2021-12-14 18:25:00+00:00,0,0.0,0.0,0.0,18,1,0,575.6333618164062,26.27966690063477,60.77033233642578,50.88333511352539,83.23332977294922,1.0,0
2021-12-14 18:30:00+00:00,0,0.0,0.0,0.0,18,1,0,526.3666381835939,26.42966651916504,60.02233505249024,52.0966682434082,78.86666870117188,1.0,0
2021-12-14 18:35:00+00:00,0,0.0,0.0,0.0,18,1,0,521.2000122070311,26.57299995422364,59.44966506958008,51.23666763305664,75.5433349609375,1.0,0
2021-12-14 18:40:00+00:00,0,0.0,0.0,0.0,18,1,0,523.7999877929689,26.56766700744629,59.24599838256836,50.87333297729492,79.4366683959961,1.0,0
2021-12-14 18:45:00+00:00,0,0.0,0.0,0.0,18,1,0,528.933349609375,26.63133239746093,59.13666534423828,50.54666519165039,78.28666687011719,1.0,0
2021-12-14 18:50:00+00:00,0,0.0,0.0,0.0,18,1,0,530.9000244140625,26.59433364868164,59.23500061035156,50.61666488647461,75.51667022705078,1.0,0
2021-12-14 18:55:00+00:00,0,0.0,0.0,0.0,18,1,0,524.5333251953125,26.35433387756348,60.22833251953125,51.19333267211914,76.33333587646484,1.0,0
2021-12-14 19:00:00+00:00,0,0.0,0.0,0.0,19,1,0,545.0999755859375,26.05733299255371,61.52366638183594,51.26333236694336,80.68000030517578,1.0,0
2021-12-14 19:05:00+00:00,0,0.0,0.0,0.0,19,1,0,526.933349609375,26.02733421325684,61.5989990234375,52.22000122070313,81.99333190917969,1.0,0
2021-12-14 19:10:00+00:00,0,0.0,0.0,0.0,19,1,0,515.6666870117189,25.98370361328125,61.51777648925781,50.66666793823242,82.674072265625,1.0,0
2021-12-14 19:15:00+00:00,0,0.0,0.0,0.0,19,1,0,515.6666870117189,25.95800018310547,61.3216667175293,50.47333145141602,84.83333587646484,1.0,0
2021-12-14 19:20:00+00:00,0,0.0,0.0,0.0,19,1,0,511.5333251953125,26.180334091186523,60.77799987792969,51.13333511352539,82.83000183105469,1.0,0
2021-12-14 19:25:00+00:00,0,0.0,0.0,0.0,19,1,0,509.2999877929688,26.139333724975582,61.12099838256836,50.84000015258789,82.27333068847656,1.0,0
2021-12-14 19:30:00+00:00,0,0.0,0.0,0.0,19,1,0,512.7666625976561,26.1026668548584,60.79600143432617,52.06666564941406,77.0199966430664,1.0,0
2021-12-14 19:35:00+00:00,0,0.0,0.0,0.0,19,1,0,527.4000244140625,25.989665985107425,60.32466506958008,51.72999954223633,74.21666717529297,1.0,0
2021-12-14 19:40:00+00:00,0,0.0,0.0,0.0,19,1,0,522.4666748046875,26.03366661071777,60.12633514404297,51.540000915527344,74.19000244140625,1.0,0
2021-12-14 19:45:00+00:00,0,0.0,0.0,0.0,19,1,0,513.5,26.247333526611328,60.12666702270508,52.23333358764648,78.26333618164062,1.0,0
2021-12-14 19:50:00+00:00,0,0.0,0.0,0.0,19,1,0,516.0,26.346332550048828,60.2053337097168,52.63666534423828,80.82666778564453,1.0,0
2021-12-14 19:55:00+00:00,0,0.0,0.0,0.0,19,1,0,530.5999755859375,25.857666015625,61.85733413696289,51.75333404541016,79.41000366210938,1.0,0
2021-12-14 20:00:00+00:00,0,0.0,0.0,0.0,20,1,0,523.3571166992189,25.65250015258789,62.3614273071289,52.6500015258789,76.3892822265625,1.0,0
2021-12-14 20:05:00+00:00,0,0.0,0.0,0.0,20,1,0,518.72412109375,25.64655113220215,61.9668960571289,53.9862060546875,76.89310455322266,1.0,0
2021-12-14 20:10:00+00:00,0,0.0,0.0,0.0,20,1,0,521.2999877929689,25.64299964904785,61.55233383178711,50.30666732788086,83.12666320800781,1.0,0
2021-12-14 20:15:00+00:00,0,0.0,0.0,0.0,20,1,0,542.7000122070311,25.49566650390625,61.73333358764648,49.81999969482422,88.65666961669922,1.0,0
2021-12-14 20:20:00+00:00,0,0.0,0.0,0.0,20,1,0,514.5,25.82900047302246,61.08100128173828,51.28333282470703,88.21333312988281,1.0,0
2021-12-14 20:25:00+00:00,0,0.0,0.0,0.0,20,1,0,515.2999877929689,25.81066703796387,61.76333236694336,49.10333251953125,89.30999755859375,1.0,0
2021-12-14 20:30:00+00:00,0,0.0,0.0,0.0,20,1,0,521.3333129882811,26.09600067138672,66.58933258056639,49.65999984741211,87.3566665649414,1.0,0
2021-12-14 20:35:00+00:00,0,0.0,0.0,0.0,20,1,0,538.9666748046875,26.35733413696289,71.00633239746094,49.57333374023438,86.85333251953125,1.0,0
2021-12-14 20:40:00+00:00,0,0.0,0.0,0.0,20,1,0,554.7666625976561,26.5086669921875,70.7613296508789,49.35333251953125,85.37000274658203,1.0,0
2021-12-14 20:45:00+00:00,0,0.0,0.0,0.0,20,1,0,566.4666748046875,26.691333770751957,70.06566619873047,49.16999816894531,76.62999725341797,1.0,0
2021-12-14 20:50:00+00:00,0,0.0,0.0,0.0,20,1,0,579.4827880859375,26.847585678100582,69.67931365966797,49.92413711547852,70.9862060546875,1.0,0
2021-12-14 20:55:00+00:00,0,0.0,0.0,0.0,20,1,0,604.1785888671875,26.96928596496582,69.46499633789061,49.93928527832031,70.42142486572266,1.0,0
2021-12-14 21:00:00+00:00,0,0.0,0.0,0.0,21,1,0,627.933349609375,27.014667510986328,69.57033538818361,50.61666488647461,74.28666687011719,1.0,0
2021-12-14 21:05:00+00:00,0,0.0,0.0,0.0,21,1,0,649.5999755859375,27.232999801635746,69.2066650390625,49.84999847412109,73.37000274658203,1.0,0
2021-12-14 21:10:00+00:00,0,0.0,0.0,0.0,21,1,0,674.5333251953125,27.29199981689453,69.18033599853516,50.2066650390625,65.46666717529297,1.0,0
2021-12-14 21:15:00+00:00,0,0.0,0.0,0.0,21,1,0,707.933349609375,27.308332443237305,69.43299865722656,50.7933349609375,64.19333648681639,1.0,0
2021-12-14 21:20:00+00:00,0,0.0,0.0,0.0,21,1,0,734.4000244140625,27.333999633789062,69.57766723632811,49.643333435058594,72.3133316040039,1.0,0
2021-12-14 21:25:00+00:00,0,0.0,0.0,0.0,21,1,0,761.2666625976562,27.33333396911621,69.83266448974611,50.72666549682617,71.42333221435547,1.0,0
2021-12-14 21:30:00+00:00,0,0.0,0.0,0.0,21,1,0,745.4666748046875,27.357666015625,71.77266693115234,56.97000122070313,74.07333374023438,1.0,0
2021-12-14 21:35:00+00:00,0,0.0,0.0,0.0,21,1,0,644.2999877929688,27.077999114990234,68.02366638183594,52.18333435058594,39.91666793823242,1.0,0
2021-12-14 21:40:00+00:00,0,0.0,0.0,0.0,21,1,0,542.6333618164061,26.72166633605957,64.84066772460939,49.61333465576172,20.386667251586918,1.0,0
2021-12-14 21:45:00+00:00,0,0.0,0.0,0.0,21,1,0,485.6785583496094,26.45678520202637,63.10749816894531,49.375,18.53214263916016,1.0,0
2021-12-14 21:50:00+00:00,0,0.0,0.0,0.0,21,1,0,451.6551818847656,26.12758636474609,61.72413635253906,49.1137924194336,15.124137878417969,1.0,0
2021-12-14 21:55:00+00:00,0,0.0,0.0,0.0,21,1,0,432.5666809082031,26.19799995422364,65.67033386230469,48.98333358764648,11.786666870117188,1.0,0
2021-12-14 22:00:00+00:00,0,0.0,0.0,0.0,22,1,0,423.0,26.582332611083984,72.28433227539062,48.790000915527344,9.523333549499512,1.0,0
2021-12-14 22:05:00+00:00,0,0.0,0.0,0.0,22,1,0,421.3999938964844,26.64433288574219,73.72733306884766,48.46666717529297,10.550000190734863,1.0,0
2021-12-14 22:10:00+00:00,0,0.0,0.0,0.0,22,1,0,423.26666259765625,26.64433288574219,73.58633422851562,47.94333267211914,12.539999961853027,1.0,0
2021-12-14 22:15:00+00:00,0,0.0,0.0,0.0,22,1,0,424.76666259765625,26.69233322143555,73.34866333007812,49.03666687011719,20.530000686645508,1.0,0
2021-12-14 22:20:00+00:00,0,0.0,0.0,0.0,22,1,0,420.1666564941406,26.76700019836425,73.1153335571289,48.30666732788086,24.143333435058597,1.0,0
2021-12-14 22:25:00+00:00,0,0.0,0.0,0.0,22,1,0,420.8999938964844,26.82999992370605,72.92500305175781,48.70333480834961,25.29333305358887,1.0,0
2021-12-14 22:30:00+00:00,0,0.0,0.0,0.0,22,1,0,421.8333435058594,26.873666763305664,72.87699890136719,48.97999954223633,26.53333282470703,1.0,0
2021-12-14 22:35:00+00:00,0,0.0,0.0,0.0,22,1,0,423.0,26.902143478393555,72.87750244140625,47.72857284545898,29.94285774230957,1.0,0
2021-12-14 22:40:00+00:00,0,0.0,0.0,0.0,22,1,0,422.7930908203125,26.924827575683597,73.00103759765625,48.1931037902832,32.293102264404304,1.0,0
2021-12-14 22:45:00+00:00,0,0.0,0.0,0.0,22,1,0,423.9666748046875,26.97100067138672,73.02233123779297,48.606666564941406,34.276668548583984,1.0,0
2021-12-14 22:50:00+00:00,0,0.0,0.0,0.0,22,1,0,428.1333312988281,26.990333557128903,73.19132995605469,48.51333236694336,33.91666793823242,1.0,0
2021-12-14 22:55:00+00:00,0,0.0,0.0,0.0,22,1,0,425.5,27.05066680908203,73.1969985961914,48.67333221435547,32.7933349609375,1.0,0
2021-12-14 23:00:00+00:00,0,0.0,0.0,0.0,23,1,0,423.7999877929688,27.06566619873047,73.7699966430664,48.76333236694336,32.43666839599609,1.0,0
2021-12-14 23:05:00+00:00,0,0.0,0.0,0.0,23,1,0,425.4333190917969,27.059999465942383,73.96800231933594,48.61666488647461,30.28000068664551,1.0,0
2021-12-14 23:10:00+00:00,0,0.0,0.0,0.0,23,1,0,425.0333251953125,27.07500076293945,73.88966369628906,48.36000061035156,24.96666717529297,1.0,0
2021-12-14 23:15:00+00:00,0,0.0,0.0,0.0,23,1,0,421.5333251953125,27.09700012207031,74.19400024414062,48.6500015258789,17.113332748413086,1.0,0
2021-12-14 23:20:00+00:00,0,0.0,0.0,0.0,23,1,0,421.7999877929688,27.15966606140137,73.7066650390625,48.393333435058594,17.489999771118164,1.0,0
2021-12-14 23:25:00+00:00,0,0.0,0.0,0.0,23,1,0,419.5,27.196428298950195,74.05535888671875,48.35357284545898,18.63928604125977,1.0,0
2021-12-14 23:30:00+00:00,0,0.0,0.0,0.0,23,1,0,422.3666687011719,27.191333770751957,74.46133422851562,48.27999877929688,16.053333282470707,1.0,0
2021-12-14 23:35:00+00:00,0,0.0,0.0,0.0,23,1,0,419.4666748046875,27.19799995422364,74.34400177001953,48.790000915527344,14.083333015441896,1.0,0
2021-12-14 23:40:00+00:00,0,0.0,0.0,0.0,23,1,0,425.3999938964844,27.22833251953125,73.96700286865234,48.53666687011719,14.043333053588867,1.0,0
2021-12-14 23:45:00+00:00,0,0.0,0.0,0.0,23,1,0,422.7999877929688,27.23500061035156,74.04033660888672,48.67333221435547,17.84000015258789,1.0,0
2021-12-14 23:50:00+00:00,0,0.0,0.0,0.0,23,1,0,422.23333740234375,27.25466728210449,74.0260009765625,49.34000015258789,20.18666648864746,1.0,0
2021-12-14 23:55:00+00:00,0,0.0,0.0,0.0,23,1,0,423.23333740234375,27.27799987792969,74.1050033569336,48.4033317565918,17.633333206176758,1.0,1
2021-12-15 00:00:00+00:00,0,0.0,0.0,0.0,0,2,0,422.0333251953125,27.333999633789062,74.02833557128906,48.36666488647461,15.776666641235352,1.0,6
2021-12-15 00:05:00+00:00,0,0.0,0.0,0.0,0,2,0,422.76666259765625,27.340999603271484,74.25,48.27000045776367,12.893333435058596,1.0,7
2021-12-15 00:10:00+00:00,0,0.0,0.0,0.0,0,2,0,424.5333251953125,27.35700035095215,74.50933074951172,48.49666595458984,9.326666831970217,1.0,8
2021-12-15 00:15:00+00:00,0,0.0,0.0,0.0,0,2,0,426.8333435058594,27.39966583251953,74.36433410644531,48.45000076293945,7.5,1.0,8
2021-12-15 00:20:00+00:00,0,0.0,0.0,0.0,0,2,0,426.0357055664063,27.40749931335449,74.50607299804688,48.13571548461914,5.807142734527588,1.0,9
2021-12-15 00:25:00+00:00,0,0.0,0.0,0.0,0,2,0,424.0689697265625,27.39275932312012,74.80999755859375,48.48275756835938,4.906896591186523,1.0,9
2021-12-15 00:30:00+00:00,0,0.0,0.0,0.0,0,2,0,421.4666748046875,27.415666580200195,74.79533386230469,48.4366683959961,4.883333206176758,1.0,9
2021-12-15 00:35:00+00:00,0,0.0,0.0,0.0,0,2,0,420.73333740234375,27.45199966430664,74.71733093261719,48.53333282470703,5.2133331298828125,1.0,9
2021-12-15 00:40:00+00:00,0,0.0,0.0,0.0,0,2,0,424.73333740234375,27.468000411987305,74.80166625976562,48.47666549682617,6.37666654586792,1.0,9
2021-12-15 00:45:00+00:00,0,0.0,0.0,0.0,0,2,0,427.5666809082031,27.48666572570801,74.81733703613281,48.3033332824707,6.653333187103272,1.0,9
2021-12-15 00:50:00+00:00,0,0.0,0.0,0.0,0,2,0,425.9333190917969,27.494667053222656,74.94233703613281,48.26666641235352,5.556666851043701,1.0,9
2021-12-15 00:55:00+00:00,0,0.0,0.0,0.0,0,2,0,425.6333312988281,27.5223331451416,74.9173355102539,48.45000076293945,4.809999942779541,1.0,9
2021-12-15 01:00:00+00:00,0,0.0,0.0,0.0,1,2,0,426.2999877929688,27.56999969482422,75.01266479492188,48.643333435058594,6.036666870117188,1.0,9
2021-12-15 01:05:00+00:00,0,0.0,0.0,0.0,1,2,0,426.2000122070313,27.5766658782959,75.09700012207031,48.38666534423828,6.386666774749756,1.0,8
2021-12-15 01:10:00+00:00,0,0.0,0.0,0.0,1,2,0,424.3928527832031,27.60178565979004,75.12393188476562,47.98928451538086,6.517857074737549,1.0,9
2021-12-15 01:15:00+00:00,0,0.0,0.0,0.0,1,2,0,421.2999877929688,27.601667404174805,75.15032958984375,48.5966682434082,5.943333148956299,1.0,9
2021-12-15 01:20:00+00:00,0,0.0,0.0,0.0,1,2,0,421.3793029785156,27.63310432434082,75.24586486816406,48.43103408813477,5.255172252655028,1.0,9
2021-12-15 01:25:00+00:00,0,0.0,0.0,0.0,1,2,0,425.4333190917969,27.64633369445801,75.25700378417969,48.56999969482422,4.420000076293945,1.0,9
2021-12-15 01:30:00+00:00,0,0.0,0.0,0.0,1,2,0,425.5333251953125,27.67366600036621,75.2750015258789,48.41333389282226,3.950000047683716,1.0,9
2021-12-15 01:35:00+00:00,0,0.0,0.0,0.0,1,2,0,426.6666564941406,27.671667098999023,75.34366607666016,48.4366683959961,3.433333396911621,1.0,9
2021-12-15 01:40:00+00:00,0,0.0,0.0,0.0,1,2,0,428.3333435058594,27.770666122436523,75.12833404541016,49.36000061035156,3.5433332920074463,1.0,9
2021-12-15 01:45:00+00:00,0,0.0,0.0,0.0,1,2,0,427.5,27.73433303833008,75.28199768066406,48.82333374023438,4.079999923706056,1.0,9
2021-12-15 01:50:00+00:00,0,0.0,0.0,0.0,1,2,0,427.8333435058594,27.71633338928223,75.39666748046875,48.856666564941406,4.230000019073486,1.0,9
2021-12-15 01:55:00+00:00,1,0.0,0.0,0.0,1,2,0,428.9666748046875,27.66233253479004,75.66500091552734,48.63999938964844,3.533333301544189,1.0,9
2021-12-15 02:00:00+00:00,6,0.0,0.0,0.0,2,2,0,427.0714416503906,27.63249969482422,75.88607025146484,48.70357131958008,2.6214284896850586,7.0,9
2021-12-15 02:05:00+00:00,7,0.0,0.0,0.0,2,2,0,425.4666748046875,27.58699989318848,76.12733459472656,48.58666610717773,1.7833333015441897,5.0,9
2021-12-15 02:10:00+00:00,8,0.0,0.0,0.0,2,2,0,423.2758483886719,27.46344757080078,76.60482788085938,48.57931137084961,0.8827586174011229,6.0,9
2021-12-15 02:15:00+00:00,8,0.0,0.0,0.0,2,2,0,424.9333190917969,27.498666763305664,76.552001953125,48.43333435058594,0.1066666692495346,5.0,9
2021-12-15 02:20:00+00:00,9,0.0,0.0,0.0,2,2,0,425.1333312988281,27.55500030517578,76.38666534423828,48.106666564941406,0.0,4.0,8
2021-12-15 02:25:00+00:00,9,1.0,0.0,0.0,2,2,0,425.2999877929688,27.65966606140137,76.00199890136719,48.42333221435547,0.0,3.0,8
2021-12-15 02:30:00+00:00,9,6.0,0.0,0.0,2,2,0,425.26666259765625,27.73900032043457,75.77133178710938,48.709999084472656,0.0,3.0,9
2021-12-15 02:35:00+00:00,9,7.0,0.0,0.0,2,2,0,425.8666687011719,27.77866744995117,75.69100189208984,48.43999862670898,0.0,2.0,9
2021-12-15 02:40:00+00:00,9,8.0,0.0,0.0,2,2,0,430.3666687011719,27.79100036621093,75.69833374023438,48.13333511352539,0.0,4.0,9
2021-12-15 02:45:00+00:00,9,8.0,0.0,0.0,2,2,0,429.73333740234375,27.79700088500977,75.73833465576172,48.02666854858398,0.0,4.0,9
2021-12-15 02:50:00+00:00,9,9.0,0.0,0.0,2,2,0,427.3999938964844,27.834333419799805,75.66000366210938,48.2066650390625,0.0,2.0,9
2021-12-15 02:55:00+00:00,9,9.0,1.0,0.0,2,2,0,425.1785583496094,27.80785751342773,75.81749725341797,48.08571243286133,0.0,3.0,9
2021-12-15 03:00:00+00:00,9,9.0,6.0,0.0,3,2,0,424.0333251953125,27.81999969482422,75.86933135986328,48.31000137329102,0.0,2.0,9
2021-12-15 03:05:00+00:00,8,9.0,7.0,0.0,3,2,0,426.7930908203125,27.78586196899414,76.00172424316406,48.04827499389648,0.0,3.0,9
2021-12-15 03:10:00+00:00,9,9.0,8.0,0.0,3,2,0,423.8999938964844,27.77166748046875,76.10733032226562,48.37666702270508,0.0,6.0,9
2021-12-15 03:15:00+00:00,9,9.0,8.0,0.0,3,2,0,423.5666809082031,27.7413330078125,76.3290023803711,48.04999923706055,0.0,6.0,9
2021-12-15 03:20:00+00:00,9,9.0,9.0,0.0,3,2,0,423.8666687011719,27.7896671295166,76.33399963378906,48.2400016784668,0.0,4.0,9
2021-12-15 03:25:00+00:00,9,9.0,9.0,0.0,3,2,0,425.5666809082031,27.78333282470703,76.42433166503906,48.20000076293945,0.0,3.0,9
2021-12-15 03:30:00+00:00,9,9.0,9.0,0.0,3,2,0,426.7999877929688,27.82033348083496,76.37733459472656,47.84333419799805,0.0,5.0,9
2021-12-15 03:35:00+00:00,9,8.0,9.0,0.0,3,2,0,423.4666748046875,27.77899932861328,76.49266815185547,48.3466682434082,0.0,4.0,0
2021-12-15 03:40:00+00:00,9,9.0,9.0,0.0,3,2,0,425.0666809082031,27.73900032043457,76.69833374023438,48.23666763305664,0.0,2.0,0
2021-12-15 03:45:00+00:00,9,9.0,9.0,0.0,3,2,0,424.3928527832031,27.732500076293945,76.9028549194336,47.81428527832031,0.0,4.0,0
2021-12-15 03:50:00+00:00,9,9.0,9.0,0.0,3,2,0,426.5666809082031,27.732999801635746,76.982666015625,48.31000137329102,0.0,3.0,0
2021-12-15 03:55:00+00:00,9,9.0,9.0,1.0,3,2,0,426.0344848632813,27.72206878662109,77.10620880126953,47.99655151367188,0.0,3.0,0
2021-12-15 04:00:00+00:00,9,9.0,9.0,6.0,4,2,0,425.8333435058594,27.731000900268555,77.18766784667969,47.93000030517578,0.0,1.0,0
2021-12-15 04:05:00+00:00,9,9.0,8.0,7.0,4,2,0,425.1000061035156,27.740333557128903,77.22633361816406,47.92333221435547,0.0,3.0,0
2021-12-15 04:10:00+00:00,9,9.0,9.0,8.0,4,2,0,425.8999938964844,27.737667083740234,77.30766296386719,48.143333435058594,0.0,1.0,0
2021-12-15 04:15:00+00:00,9,9.0,9.0,8.0,4,2,0,423.5333251953125,27.726333618164062,77.447998046875,47.63666534423828,0.0,2.0,0
2021-12-15 04:20:00+00:00,8,9.0,9.0,9.0,4,2,0,424.73333740234375,27.726999282836918,77.4729995727539,47.790000915527344,0.0,2.0,0
2021-12-15 04:25:00+00:00,8,9.0,9.0,9.0,4,2,0,426.1333312988281,27.73933410644531,77.5076675415039,47.78666687011719,0.0,2.0,0
2021-12-15 04:30:00+00:00,9,9.0,9.0,9.0,4,2,0,426.9333190917969,27.76266670227051,77.47833251953125,47.89666748046875,0.0,2.0,0
2021-12-15 04:35:00+00:00,9,9.0,9.0,9.0,4,2,0,425.5714416503906,27.74178504943848,77.59107208251953,47.63571548461914,0.0,2.0,0
2021-12-15 04:40:00+00:00,9,9.0,9.0,9.0,4,2,0,424.4333190917969,27.7413330078125,77.67133331298828,47.5,0.0,3.0,0
2021-12-15 04:45:00+00:00,9,9.0,9.0,9.0,4,2,0,424.6206970214844,27.76965522766113,77.66861724853516,47.63103485107422,0.0,2.0,0
2021-12-15 04:50:00+00:00,9,8.0,9.0,9.0,4,2,0,420.7000122070313,27.77466583251953,77.66799926757812,47.72999954223633,0.0,3.0,0
2021-12-15 04:55:00+00:00,9,8.0,9.0,9.0,4,2,0,423.0666809082031,27.79933357238769,77.60933685302734,47.43333435058594,0.0,3.0,0
2021-12-15 05:00:00+00:00,9,9.0,9.0,9.0,5,2,0,424.6000061035156,27.7810001373291,77.6866683959961,47.36000061035156,0.0,3.0,0
2021-12-15 05:05:00+00:00,9,9.0,9.0,8.0,5,2,0,422.0,27.77866744995117,77.71099853515625,47.81000137329102,0.0,2.0,0
2021-12-15 05:10:00+00:00,9,9.0,9.0,9.0,5,2,0,420.23333740234375,27.77033424377441,77.75833129882812,47.31999969482422,0.0,3.0,0
2021-12-15 05:15:00+00:00,9,9.0,9.0,9.0,5,2,0,421.3666687011719,27.75233268737793,77.75933074951172,47.59333419799805,0.0,3.0,0
2021-12-15 05:20:00+00:00,9,9.0,8.0,9.0,5,2,0,425.0333251953125,27.75966644287109,77.71600341796875,47.63666534423828,0.0,4.0,0
2021-12-15 05:25:00+00:00,9,9.0,8.0,9.0,5,2,0,424.10345458984375,27.74551773071289,77.78620910644531,47.4000015258789,0.0,2.0,0
2021-12-15 05:30:00+00:00,9,9.0,9.0,9.0,5,2,0,427.137939453125,27.74862098693848,77.75517272949219,47.2068977355957,0.0,2.0,0
2021-12-15 05:35:00+00:00,0,9.0,9.0,9.0,5,2,0,429.0,27.746665954589844,77.77933502197266,47.86999893188477,0.0,3.0,0
2021-12-15 05:40:00+00:00,0,9.0,9.0,9.0,5,2,0,427.4482727050781,27.75551795959473,77.72103118896484,47.42068862915039,0.0,1.0,0
2021-12-15 05:45:00+00:00,0,9.0,9.0,9.0,5,2,0,424.8333435058594,27.75966644287109,77.73100280761719,47.45333480834961,0.0,1.0,0
2021-12-15 05:50:00+00:00,0,9.0,9.0,9.0,5,2,0,423.5333251953125,27.73900032043457,77.77200317382812,47.31333160400391,0.0,1.0,0
2021-12-15 05:55:00+00:00,0,9.0,9.0,9.0,5,2,0,420.8333435058594,27.74166679382324,77.8096694946289,47.81000137329102,0.0,1.0,0
2021-12-15 06:00:00+00:00,0,9.0,9.0,9.0,6,2,0,421.2999877929688,27.750999450683597,77.80933380126953,47.5,0.0,1.0,0
2021-12-15 06:05:00+00:00,0,0.0,9.0,9.0,6,2,0,423.6666564941406,27.757999420166016,77.8030014038086,47.68999862670898,0.0,1.0,0
2021-12-15 06:10:00+00:00,0,0.0,9.0,9.0,6,2,0,425.0,27.7450008392334,77.84400177001953,47.68333435058594,0.0,1.0,0
2021-12-15 06:15:00+00:00,0,0.0,9.0,9.0,6,2,0,425.0333251953125,27.75300025939941,77.80266571044922,47.41999816894531,0.0,1.0,0
2021-12-15 06:20:00+00:00,0,0.0,9.0,8.0,6,2,0,426.8571472167969,27.750356674194336,77.82286071777344,47.34642791748047,0.0,1.0,0
2021-12-15 06:25:00+00:00,0,0.0,9.0,8.0,6,2,0,424.1666564941406,27.746999740600582,77.85366821289062,47.47000122070313,0.0,1.0,0
2021-12-15 06:30:00+00:00,0,0.0,9.0,9.0,6,2,0,423.2758483886719,27.77482795715332,77.716552734375,47.56551742553711,0.0,1.0,0
2021-12-15 06:35:00+00:00,0,0.0,0.0,9.0,6,2,0,420.5,27.75300025939941,77.78900146484375,47.59999847412109,0.0,1.0,0
2021-12-15 06:40:00+00:00,0,0.0,0.0,9.0,6,2,0,419.1333312988281,27.770000457763672,77.74400329589844,47.45000076293945,0.0,1.0,0
2021-12-15 06:45:00+00:00,0,0.0,0.0,9.0,6,2,0,423.5,27.78433418273925,77.71600341796875,47.41666793823242,0.0,1.0,0
2021-12-15 06:50:00+00:00,0,0.0,0.0,9.0,6,2,0,424.9666748046875,27.775333404541016,77.71533203125,47.21666717529297,0.0,1.0,0
2021-12-15 06:55:00+00:00,0,0.0,0.0,9.0,6,2,0,422.73333740234375,27.79366683959961,77.663330078125,47.22000122070313,0.0,1.0,0
2021-12-15 07:00:00+00:00,0,0.0,0.0,9.0,7,2,0,426.2000122070313,27.821332931518555,77.56966400146484,47.56666564941406,0.0,1.0,0
2021-12-15 07:05:00+00:00,0,0.0,0.0,9.0,7,2,0,423.3666687011719,27.797332763671875,77.6259994506836,47.34999847412109,0.0,1.0,0
2021-12-15 07:10:00+00:00,0,0.0,0.0,9.0,7,2,0,426.75,27.78464317321777,77.68571472167969,47.06071472167969,0.0,1.0,0
2021-12-15 07:15:00+00:00,0,0.0,0.0,9.0,7,2,0,425.26666259765625,27.796667098999023,77.6586685180664,47.28333282470703,0.0,1.0,0
2021-12-15 07:20:00+00:00,0,0.0,0.0,9.0,7,2,0,425.0,27.77633285522461,77.72766876220703,47.20000076293945,0.0,1.0,0
2021-12-15 07:25:00+00:00,0,0.0,0.0,9.0,7,2,0,424.7930908203125,27.773792266845703,77.7579345703125,47.47586059570313,0.0,1.0,0
2021-12-15 07:30:00+00:00,0,0.0,0.0,9.0,7,2,0,423.8999938964844,27.78199958801269,77.77999877929688,47.06000137329102,0.0,1.0,0
2021-12-15 07:35:00+00:00,0,0.0,0.0,0.0,7,2,0,429.0333251953125,27.80233383178711,77.77266693115234,47.24666595458984,0.0,1.0,0
2021-12-15 07:40:00+00:00,0,0.0,0.0,0.0,7,2,0,428.73333740234375,27.80233383178711,77.77933502197266,47.09000015258789,0.0,1.0,0
2021-12-15 07:45:00+00:00,0,0.0,0.0,0.0,7,2,0,427.6000061035156,27.8303337097168,77.70833587646484,47.24333190917969,0.0,1.0,0
2021-12-15 07:50:00+00:00,0,0.0,0.0,0.0,7,2,0,428.1333312988281,27.80100059509277,77.83966827392578,47.1533317565918,0.0,1.0,0
2021-12-15 07:55:00+00:00,0,0.0,0.0,0.0,7,2,0,426.5666809082031,27.84666633605957,77.74066925048828,47.07333374023438,0.0,1.0,0
2021-12-15 08:00:00+00:00,0,0.0,0.0,0.0,8,2,0,426.6785583496094,27.82607078552246,77.75071716308594,46.77142715454102,0.0,1.0,0
2021-12-15 08:05:00+00:00,0,0.0,0.0,0.0,8,2,0,422.7999877929688,27.79033279418945,77.90499877929688,47.209999084472656,0.0,1.0,0
2021-12-15 08:10:00+00:00,0,0.0,0.0,0.0,8,2,0,424.0666809082031,27.77133369445801,77.95800018310547,47.13000106811523,0.0,1.0,0
2021-12-15 08:15:00+00:00,0,0.0,0.0,0.0,8,2,0,422.6896667480469,27.78379249572754,77.97413635253906,46.8206901550293,0.0,1.0,0
2021-12-15 08:20:00+00:00,0,0.0,0.0,0.0,8,2,0,425.23333740234375,27.82999992370605,77.8219985961914,47.06999969482422,0.0,1.0,0
2021-12-15 08:25:00+00:00,0,0.0,0.0,0.0,8,2,0,428.9666748046875,27.801666259765625,77.93299865722656,46.893333435058594,0.0,1.0,0
2021-12-15 08:30:00+00:00,0,0.0,0.0,0.0,8,2,0,427.7999877929688,27.80400085449219,77.9020004272461,46.97000122070313,0.0,1.0,0
2021-12-15 08:35:00+00:00,0,0.0,0.0,0.0,8,2,0,428.5666809082031,27.79866600036621,77.9443359375,47.11666488647461,0.0,1.0,0
2021-12-15 08:40:00+00:00,0,0.0,0.0,0.0,8,2,0,424.23333740234375,27.844667434692383,77.88300323486328,47.1866683959961,0.0,1.0,0
2021-12-15 08:45:00+00:00,0,0.0,0.0,0.0,8,2,0,427.5,27.84366607666016,77.8586654663086,46.88000106811523,0.0,1.0,0
2021-12-15 08:50:00+00:00,0,0.0,0.0,0.0,8,2,0,426.73333740234375,27.82333374023437,77.95099639892578,46.85333251953125,0.0,1.0,0
2021-12-15 08:55:00+00:00,0,0.0,0.0,0.0,8,2,0,427.8214416503906,27.79035758972168,78.05606842041016,46.7071418762207,0.0,1.0,0
2021-12-15 09:00:00+00:00,0,0.0,0.0,0.0,9,2,0,423.6333312988281,27.76933288574219,78.13866424560547,46.92666625976562,0.0,1.0,0
2021-12-15 09:05:00+00:00,0,0.0,0.0,0.0,9,2,0,427.0333251953125,27.8266658782959,78.03466796875,46.95333480834961,0.0,1.0,0
2021-12-15 09:10:00+00:00,0,0.0,0.0,0.0,9,2,0,428.2758483886719,27.78482818603516,78.11724090576172,46.74482727050781,0.0,1.0,0
2021-12-15 09:15:00+00:00,0,0.0,0.0,0.0,9,2,0,427.2999877929688,27.80266761779785,78.13300323486328,46.82333374023438,0.0,1.0,0
2021-12-15 09:20:00+00:00,0,0.0,0.0,0.0,9,2,0,425.73333740234375,27.89900016784668,77.81999969482422,46.85333251953125,0.0,1.0,0
2021-12-15 09:25:00+00:00,0,0.0,0.0,0.0,9,2,0,423.0666809082031,27.85933303833008,77.9346694946289,46.9566650390625,0.0,1.0,0
2021-12-15 09:30:00+00:00,0,0.0,0.0,0.0,9,2,0,419.1666564941406,27.828332901000977,78.08533477783203,47.08333206176758,0.0,1.0,0
2021-12-15 09:35:00+00:00,0,0.0,0.0,0.0,9,2,0,421.0,27.808000564575195,78.15733337402344,46.86666488647461,0.0,1.0,0
2021-12-15 09:40:00+00:00,0,0.0,0.0,0.0,9,2,0,420.9666748046875,27.780332565307614,78.23033142089844,47.02999877929688,0.0,1.0,0
2021-12-15 09:45:00+00:00,0,0.0,0.0,0.0,9,2,0,419.9285583496094,27.75107192993164,78.37035369873047,46.59285736083984,0.0,1.0,0
2021-12-15 09:50:00+00:00,0,0.0,0.0,0.0,9,2,0,421.8999938964844,27.785667419433597,78.32633209228516,46.81333160400391,0.0,1.0,0
2021-12-15 09:55:00+00:00,0,0.0,0.0,0.0,9,2,0,427.3333435058594,27.78300094604492,78.3046646118164,46.88000106811523,0.0,1.0,0
2021-12-15 10:00:00+00:00,0,0.0,0.0,0.0,10,2,0,425.9655151367188,27.765172958374023,78.34827423095703,46.99310302734375,0.0,1.0,0
2021-12-15 10:05:00+00:00,0,0.0,0.0,0.0,10,2,0,424.1000061035156,27.739665985107425,78.47366333007812,46.84333419799805,0.0,1.0,0
2021-12-15 10:10:00+00:00,0,0.0,0.0,0.0,10,2,0,424.23333740234375,27.77166748046875,78.37266540527344,46.79666519165039,0.0,1.0,0
2021-12-15 10:15:00+00:00,0,0.0,0.0,0.0,10,2,0,422.6666564941406,27.792333602905277,78.3056640625,46.83666610717773,0.0,1.0,0
2021-12-15 10:20:00+00:00,0,0.0,0.0,0.0,10,2,0,422.76666259765625,27.76933288574219,78.35166931152344,46.76333236694336,0.0,1.0,0
2021-12-15 10:25:00+00:00,0,0.0,0.0,0.0,10,2,0,420.5333251953125,27.744667053222656,78.44366455078125,46.91666793823242,0.0,1.0,0
2021-12-15 10:30:00+00:00,0,0.0,0.0,0.0,10,2,0,421.26666259765625,27.73933410644531,78.461669921875,47.0,0.0,1.0,0
2021-12-15 10:35:00+00:00,0,0.0,0.0,0.0,10,2,0,422.96429443359375,27.77321434020996,78.34571075439453,46.6500015258789,0.0,1.0,0
2021-12-15 10:40:00+00:00,0,0.0,0.0,0.0,10,2,0,423.76666259765625,27.76066589355469,78.37767028808594,46.8033332824707,0.0,1.0,0
2021-12-15 10:45:00+00:00,0,0.0,0.0,0.0,10,2,0,422.7000122070313,27.7896671295166,78.30733489990234,46.78666687011719,0.0,1.0,0
2021-12-15 10:50:00+00:00,0,0.0,0.0,0.0,10,2,0,418.0,27.74300003051757,78.43433380126953,46.88000106811523,0.0,1.0,0
2021-12-15 10:55:00+00:00,0,0.0,0.0,0.0,10,2,0,423.6896667480469,27.73689651489257,78.4610366821289,46.82413864135742,0.0,1.0,0
2021-12-15 11:00:00+00:00,0,0.0,0.0,0.0,11,2,0,422.0,27.74633407592773,78.42233276367188,46.75333404541016,0.0,1.0,0
2021-12-15 11:05:00+00:00,0,0.0,0.0,0.0,11,2,0,422.23333740234375,27.77966690063477,78.29467010498047,46.7933349609375,0.0,1.0,0
2021-12-15 11:10:00+00:00,0,0.0,0.0,0.0,11,2,0,421.2999877929688,27.76766586303711,78.33233642578125,46.87666702270508,0.0,1.0,0
2021-12-15 11:15:00+00:00,0,0.0,0.0,0.0,11,2,0,423.5333251953125,27.768999099731445,78.3550033569336,46.77666854858398,0.0,1.0,0
2021-12-15 11:20:00+00:00,0,0.0,0.0,0.0,11,2,0,423.23333740234375,27.77966690063477,78.29100036621094,46.89666748046875,0.0,1.0,0
2021-12-15 11:25:00+00:00,0,0.0,0.0,0.0,11,2,0,421.76666259765625,27.763999938964844,78.35533142089844,46.80666732788086,0.0,1.0,0
2021-12-15 11:30:00+00:00,0,0.0,0.0,0.0,11,2,0,421.0357055664063,27.77464294433593,78.32499694824219,46.68571472167969,0.0,1.0,0
2021-12-15 11:35:00+00:00,0,0.0,0.0,0.0,11,2,0,423.4333190917969,27.786333084106445,78.29366302490234,46.66999816894531,0.0,1.0,0
2021-12-15 11:40:00+00:00,0,0.0,0.0,0.0,11,2,0,428.8666687011719,27.781333923339844,78.3153305053711,46.959999084472656,0.0,1.0,0
2021-12-15 11:45:00+00:00,0,0.0,0.0,0.0,11,2,0,427.2069091796875,27.77275848388672,78.32172393798828,46.91034317016602,0.0,1.0,0
2021-12-15 11:50:00+00:00,0,0.0,0.0,0.0,11,2,0,424.5333251953125,27.78433418273925,78.30867004394531,46.7400016784668,0.0,1.0,0
2021-12-15 11:55:00+00:00,0,0.0,0.0,0.0,11,2,0,425.9666748046875,27.80466651916504,78.20933532714844,46.82666778564453,0.0,1.0,0
2021-12-15 12:00:00+00:00,0,0.0,0.0,0.0,12,2,0,425.0666809082031,27.81533241271973,78.18133544921875,46.81000137329102,0.0,1.0,0
2021-12-15 12:05:00+00:00,0,0.0,0.0,0.0,12,2,0,425.0333251953125,27.781333923339844,78.29467010498047,46.95000076293945,0.0,1.0,0
2021-12-15 12:10:00+00:00,0,0.0,0.0,0.0,12,2,0,426.0,27.7810001373291,78.28166961669922,46.83666610717773,0.0,1.0,0
2021-12-15 12:15:00+00:00,0,0.0,0.0,0.0,12,2,0,423.6333312988281,27.863666534423828,78.00267028808594,47.0099983215332,0.0,1.0,0
2021-12-15 12:20:00+00:00,0,0.0,0.0,0.0,12,2,0,424.75,27.867143630981445,77.97250366210938,46.47857284545898,0.0,1.0,0
2021-12-15 12:25:00+00:00,0,0.0,0.0,0.0,12,2,0,427.2000122070313,27.834999084472656,78.09833526611328,46.87666702270508,0.0,1.0,0
2021-12-15 12:30:00+00:00,0,0.0,0.0,0.0,12,2,0,427.76666259765625,27.83766746520996,78.0989990234375,46.84000015258789,0.0,1.0,0
2021-12-15 12:35:00+00:00,0,0.0,0.0,0.0,12,2,0,426.7999877929688,27.854999542236328,78.0336685180664,47.03666687011719,0.0,1.0,0
2021-12-15 12:40:00+00:00,0,0.0,0.0,0.0,12,2,0,423.89654541015625,27.87827491760254,77.93965148925781,46.92758560180664,0.0,1.0,0
2021-12-15 12:45:00+00:00,0,0.0,0.0,0.0,12,2,0,422.7999877929688,27.86733245849609,77.97933197021484,46.92666625976562,0.0,1.0,0
2021-12-15 12:50:00+00:00,0,0.0,0.0,0.0,12,2,0,423.4666748046875,27.81433296203613,78.1546630859375,46.99666595458984,0.0,1.0,0
2021-12-15 12:55:00+00:00,0,0.0,0.0,0.0,12,2,0,426.8666687011719,27.85533332824707,78.04366302490234,47.040000915527344,0.0,1.0,0
2021-12-15 13:00:00+00:00,0,0.0,0.0,0.0,13,2,0,425.5333251953125,27.82966613769531,78.12300109863281,47.040000915527344,0.0,1.0,0
2021-12-15 13:05:00+00:00,0,0.0,0.0,0.0,13,2,0,423.3999938964844,27.81399917602539,78.19566345214844,47.14666748046875,0.0,1.0,0
2021-12-15 13:10:00+00:00,0,0.0,0.0,0.0,13,2,0,426.25,27.811071395874023,78.23035430908203,46.81071472167969,0.0,1.0,0
2021-12-15 13:15:00+00:00,0,0.0,0.0,0.0,13,2,0,427.5666809082031,27.87700080871582,78.03866577148438,46.96333312988281,0.0,1.0,0
2021-12-15 13:20:00+00:00,0,0.0,0.0,0.0,13,2,0,429.8666687011719,27.85933303833008,78.08000183105469,46.97666549682617,0.0,1.0,0
2021-12-15 13:25:00+00:00,0,0.0,0.0,0.0,13,2,0,427.4333190917969,27.808000564575195,78.25533294677734,47.05666732788086,0.0,1.0,0
2021-12-15 13:30:00+00:00,0,0.0,0.0,0.0,13,2,0,428.0689697265625,27.836896896362305,78.21379089355469,47.15172576904297,0.0,1.0,0
2021-12-15 13:35:00+00:00,0,0.0,0.0,0.0,13,2,0,428.6666564941406,27.845666885375977,78.1500015258789,47.20333480834961,0.0,1.0,0
2021-12-15 13:40:00+00:00,0,0.0,0.0,0.0,13,2,0,426.5,27.847999572753903,78.15933227539062,47.47000122070313,0.0,1.0,0
2021-12-15 13:45:00+00:00,0,0.0,0.0,0.0,13,2,0,429.73333740234375,27.88599967956543,78.03900146484375,47.33666610717773,0.0,1.0,0
2021-12-15 13:50:00+00:00,0,0.0,0.0,0.0,13,2,0,429.3666687011719,27.83266639709473,78.18299865722656,47.52333450317383,0.0,1.0,0
2021-12-15 13:55:00+00:00,0,0.0,0.0,0.0,13,2,0,430.6000061035156,27.91200065612793,77.91566467285156,48.22000122070313,0.0,1.0,0
2021-12-15 14:00:00+00:00,0,0.0,0.0,0.0,14,2,0,427.82757568359375,27.8562068939209,78.10723876953125,47.6931037902832,0.0,1.0,0
2021-12-15 14:05:00+00:00,0,0.0,0.0,0.0,14,2,0,425.1724243164063,27.795862197875977,78.3306884765625,47.5137939453125,0.0,1.0,0
2021-12-15 14:10:00+00:00,0,0.0,0.0,0.0,14,2,0,428.6666564941406,27.72566604614257,78.5780029296875,47.82333374023438,0.0,1.0,0
2021-12-15 14:15:00+00:00,0,0.0,0.0,0.0,14,2,0,429.0666809082031,27.66033363342285,78.84866333007812,47.91333389282226,0.0,1.0,0
2021-12-15 14:20:00+00:00,0,0.0,0.0,0.0,14,2,0,425.8666687011719,27.632667541503903,78.9576644897461,47.893333435058594,0.0,1.0,0
2021-12-15 14:25:00+00:00,0,0.0,0.0,0.0,14,2,0,425.137939453125,27.52172470092773,79.34172058105469,47.44137954711914,0.0,1.0,0
2021-12-15 14:30:00+00:00,0,0.0,0.0,0.0,14,2,0,423.1666564941406,27.558000564575195,79.25633239746094,47.60333251953125,0.0,1.0,0
2021-12-15 14:35:00+00:00,0,0.0,0.0,0.0,14,2,0,421.5,27.68099975585937,78.7933349609375,47.72333145141602,0.0,1.0,0
2021-12-15 14:40:00+00:00,0,0.0,0.0,0.0,14,2,0,424.0,27.75200080871582,78.54766845703125,47.84999847412109,0.0,1.0,0
2021-12-15 14:45:00+00:00,0,0.0,0.0,0.0,14,2,0,424.8999938964844,27.78700065612793,78.4020004272461,47.79999923706055,0.0,1.0,0
2021-12-15 14:50:00+00:00,0,0.0,0.0,0.0,14,2,0,426.5333251953125,27.819000244140625,78.29399871826172,47.94333267211914,0.0,1.0,0
2021-12-15 14:55:00+00:00,0,0.0,0.0,0.0,14,2,0,426.6428527832031,27.90999984741211,77.97642517089844,47.91428756713867,0.0,1.0,0
2021-12-15 15:00:00+00:00,0,0.0,0.0,0.0,15,2,0,427.0333251953125,27.87100028991699,78.0979995727539,48.07333374023438,0.0,1.0,0
2021-12-15 15:05:00+00:00,0,0.0,0.0,0.0,15,2,0,427.0333251953125,27.911333084106445,77.94766998291016,47.97666549682617,0.0,1.0,0
2021-12-15 15:10:00+00:00,0,0.0,0.0,0.0,15,2,0,426.4333190917969,27.89066696166992,77.99566650390625,48.34333419799805,0.0,1.0,0
2021-12-15 15:15:00+00:00,0,0.0,0.0,0.0,15,2,0,426.7241516113281,27.90517234802246,77.9393081665039,49.527587890625,0.0,1.0,0
2021-12-15 15:20:00+00:00,0,0.0,0.0,0.0,15,2,0,428.0333251953125,27.82900047302246,78.22533416748047,49.4900016784668,0.0,1.0,0
2021-12-15 15:25:00+00:00,0,0.0,0.0,0.0,15,2,0,429.8666687011719,27.83333396911621,78.4106674194336,50.68000030517578,52.709999084472656,1.0,0
2021-12-15 15:30:00+00:00,0,0.0,0.0,0.0,15,2,0,436.5333251953125,27.75300025939941,78.96099853515625,68.16000366210939,59.54999923706055,1.0,0
2021-12-15 15:35:00+00:00,0,0.0,0.0,0.0,15,2,0,447.8666687011719,27.74066734313965,79.30433654785156,74.87999725341797,59.50333404541016,1.0,0
2021-12-15 15:40:00+00:00,0,0.0,0.0,0.0,15,2,0,464.76666259765625,27.862667083740234,79.13233184814453,74.82333374023438,57.606666564941406,1.0,0
2021-12-15 15:45:00+00:00,0,0.0,0.0,0.0,15,2,0,474.8928527832031,27.875,79.27178192138672,66.20357513427734,42.525001525878906,1.0,0
2021-12-15 15:50:00+00:00,0,0.0,0.0,0.0,15,2,0,474.26666259765625,27.55266761779785,75.56466674804688,50.15666580200195,0.0,1.0,0
2021-12-15 15:55:00+00:00,0,0.0,0.0,0.0,15,2,0,454.26666259765625,27.136667251586918,68.59766387939453,50.0,0.0,1.0,0
2021-12-15 16:00:00+00:00,0,0.0,0.0,0.0,16,2,0,438.3333435058594,26.744667053222656,63.33266830444336,50.37333297729492,2.9800000190734863,1.0,0
2021-12-15 16:05:00+00:00,0,0.0,0.0,0.0,16,2,0,429.8666687011719,26.23033332824707,60.81000137329102,50.0099983215332,3.4500000476837163,1.0,0
2021-12-15 16:10:00+00:00,0,0.0,0.0,0.0,16,2,0,426.5172424316406,25.70793151855469,60.99345016479492,49.71724319458008,3.8551723957061768,1.0,0
2021-12-15 16:15:00+00:00,0,0.0,0.0,0.0,16,2,0,420.9666748046875,25.73900032043457,61.08966827392578,49.31999969482422,6.113333225250244,1.0,0
2021-12-15 16:20:00+00:00,0,0.0,0.0,0.0,16,2,0,420.8333435058594,25.70133399963379,61.63000106811523,48.70333480834961,9.226666450500488,1.0,0
2021-12-15 16:25:00+00:00,0,0.0,0.0,0.0,16,2,0,423.6000061035156,25.43266677856445,62.88633346557617,48.46333312988281,13.643333435058596,1.0,0
2021-12-15 16:30:00+00:00,0,0.0,0.0,0.0,16,2,0,423.4333190917969,25.37133407592773,64.09266662597656,48.56333160400391,20.01000022888184,1.0,0
2021-12-15 16:35:00+00:00,0,0.0,0.0,0.0,16,2,0,424.5357055664063,25.81785774230957,67.43106842041016,48.44643020629883,23.07500076293945,1.0,0
2021-12-15 16:40:00+00:00,0,0.0,0.0,0.0,16,2,0,426.5333251953125,26.31833267211914,72.06666564941406,48.47666549682617,23.96333312988281,1.0,0
2021-12-15 16:45:00+00:00,0,0.0,0.0,0.0,16,2,0,427.4666748046875,26.553333282470703,72.40633392333984,48.209999084472656,27.0766658782959,1.0,0
2021-12-15 16:50:00+00:00,0,0.0,0.0,0.0,16,2,0,427.0333251953125,26.70666694641113,71.23933410644531,48.17333221435547,30.52666664123535,1.0,0
2021-12-15 16:55:00+00:00,0,0.0,0.0,0.0,16,2,0,427.7999877929688,26.777666091918945,70.59766387939453,49.06000137329102,31.89666748046875,1.0,0
2021-12-15 17:00:00+00:00,0,0.0,0.0,0.0,17,2,0,430.2069091796875,26.855173110961918,70.20379638671875,48.41379165649414,31.70000076293945,1.0,0
2021-12-15 17:05:00+00:00,0,0.0,0.0,0.0,17,2,0,428.6666564941406,27.00633239746093,69.69533538818361,48.31333160400391,31.953332901000977,1.0,0
2021-12-15 17:10:00+00:00,0,0.0,0.0,0.0,17,2,0,430.3333435058594,27.08833312988281,69.5556640625,48.393333435058594,29.959999084472656,1.0,0
2021-12-15 17:15:00+00:00,0,0.0,0.0,0.0,17,2,0,432.3333435058594,27.18233299255371,69.34500122070311,48.79999923706055,24.73666572570801,1.0,0
2021-12-15 17:20:00+00:00,0,0.0,0.0,0.0,17,2,0,430.3333435058594,27.19799995422364,69.43833160400389,48.7933349609375,25.10333251953125,1.0,0
2021-12-15 17:25:00+00:00,0,0.0,0.0,0.0,17,2,0,432.0,27.235332489013672,69.44566345214844,48.31999969482422,22.63999938964844,1.0,0
2021-12-15 17:30:00+00:00,0,0.0,0.0,0.0,17,2,0,432.1428527832031,27.24428558349609,69.50464630126953,48.16428756713867,29.18928527832031,1.0,0
2021-12-15 17:35:00+00:00,0,0.0,0.0,0.0,17,2,0,432.5666809082031,27.270000457763672,69.52933502197266,48.41666793823242,29.239999771118164,1.0,0
2021-12-15 17:40:00+00:00,0,0.0,0.0,0.0,17,2,0,434.0333251953125,27.30400085449219,69.57333374023439,49.0099983215332,28.270000457763672,1.0,0
2021-12-15 17:45:00+00:00,0,0.0,0.0,0.0,17,2,0,437.0666809082031,27.36599922180176,69.55699920654297,49.11999893188477,27.190000534057614,1.0,0
2021-12-15 17:50:00+00:00,0,0.0,0.0,0.0,17,2,0,440.82757568359375,27.408966064453125,69.75724029541016,49.02069091796875,24.899999618530277,1.0,0
2021-12-15 17:55:00+00:00,0,0.0,0.0,0.0,17,2,0,439.1666564941406,27.42600059509277,69.75133514404297,48.42333221435547,24.1299991607666,1.0,0
2021-12-15 18:00:00+00:00,0,0.0,0.0,0.0,18,2,0,447.26666259765625,27.292999267578125,70.94100189208984,48.66999816894531,30.56999969482422,1.0,0
2021-12-15 18:05:00+00:00,0,0.0,0.0,0.0,18,2,0,462.9666748046875,27.21699905395508,71.98300170898438,48.52333450317383,35.849998474121094,1.0,0
2021-12-15 18:10:00+00:00,0,0.0,0.0,0.0,18,2,0,471.8999938964844,27.25666618347168,72.43133544921875,48.24333190917969,33.2066650390625,1.0,0
2021-12-15 18:15:00+00:00,0,0.0,0.0,0.0,18,2,0,485.0666809082031,27.28199958801269,72.95166778564453,48.63333511352539,34.426666259765625,1.0,0
2021-12-15 18:20:00+00:00,0,0.0,0.0,0.0,18,2,0,490.0714416503906,27.428571701049805,72.76393127441406,49.48571395874024,35.25714111328125,1.0,0
2021-12-15 18:25:00+00:00,0,0.0,0.0,0.0,18,2,0,490.23333740234375,27.66633415222168,72.15766906738281,48.31999969482422,35.21333312988281,1.0,0
2021-12-15 18:30:00+00:00,0,0.0,0.0,0.0,18,2,0,498.2000122070313,27.606332778930664,72.71866607666016,48.89666748046875,35.43333435058594,1.0,0
2021-12-15 18:35:00+00:00,0,0.0,0.0,0.0,18,2,0,504.0,27.82399940490723,72.49933624267578,48.71666717529297,34.79666519165039,1.0,0
2021-12-15 18:40:00+00:00,0,0.0,0.0,0.0,18,2,0,506.9666748046875,27.93066596984864,72.39533233642578,48.6500015258789,34.130001068115234,1.0,0
2021-12-15 18:45:00+00:00,0,0.0,0.0,0.0,18,2,0,505.0344848632813,27.98517227172852,72.22447967529297,48.55862045288086,29.11724090576172,1.0,0
2021-12-15 18:50:00+00:00,0,0.0,0.0,0.0,18,2,0,507.9666748046875,27.785999298095703,73.04399871826172,49.17333221435547,28.726667404174805,1.0,0
2021-12-15 18:55:00+00:00,0,0.0,0.0,0.0,18,2,0,511.4666748046875,27.794666290283203,73.15166473388672,48.72999954223633,28.453332901000977,1.0,0
2021-12-15 19:00:00+00:00,0,0.0,0.0,0.0,19,2,0,511.8666687011719,27.755332946777344,73.32333374023438,48.59999847412109,27.84000015258789,1.0,0
2021-12-15 19:05:00+00:00,0,0.0,0.0,0.0,19,2,0,509.4666748046875,27.704334259033203,73.5606689453125,48.58333206176758,26.95000076293945,1.0,0
2021-12-15 19:10:00+00:00,0,0.0,0.0,0.0,19,2,0,511.6428527832031,27.95535659790039,73.08964538574219,48.73571395874024,21.071428298950195,1.0,0
2021-12-15 19:15:00+00:00,0,0.0,0.0,0.0,19,2,0,529.8666381835939,27.98699951171875,73.41200256347656,48.35333251953125,23.976667404174805,1.0,0
2021-12-15 19:20:00+00:00,0,0.0,0.0,0.0,19,2,0,543.4000244140625,27.69466590881348,74.8453369140625,48.85333251953125,23.82999992370605,1.0,0
2021-12-15 19:25:00+00:00,0,0.0,0.0,0.0,19,2,0,568.9000244140625,27.667333602905277,75.8066635131836,48.84333419799805,21.51666641235352,1.0,0
2021-12-15 19:30:00+00:00,0,0.0,0.0,0.0,19,2,0,580.7666625976562,27.68099975585937,75.93367004394531,48.56999969482422,21.38333320617676,1.0,0
2021-12-15 19:35:00+00:00,0,0.0,0.0,0.0,19,2,0,582.0344848632812,27.743793487548828,75.70586395263672,48.68275833129883,17.931034088134766,1.0,0
2021-12-15 19:40:00+00:00,0,0.0,0.0,0.0,19,2,0,578.5999755859375,27.77400016784668,75.55733489990234,48.72333145141602,14.510000228881836,1.0,0
2021-12-15 19:45:00+00:00,0,0.0,0.0,0.0,19,2,0,577.933349609375,27.75666618347168,75.61433410644531,48.58000183105469,19.726667404174805,1.0,0
2021-12-15 19:50:00+00:00,0,0.0,0.0,0.0,19,2,0,580.7666625976562,27.777666091918945,75.56500244140625,48.86999893188477,21.496665954589844,1.0,0
2021-12-15 19:55:00+00:00,0,0.0,0.0,0.0,19,2,0,587.066650390625,27.82233238220215,75.58799743652344,48.9466667175293,18.43000030517578,1.0,0
2021-12-15 20:00:00+00:00,0,0.0,0.0,0.0,20,2,0,584.6333618164062,27.81733322143555,75.66000366210938,48.70000076293945,12.966666221618652,1.0,0
2021-12-15 20:05:00+00:00,0,0.0,0.0,0.0,20,2,0,585.4074096679688,27.88629722595215,75.60740661621094,48.75185012817383,12.803703308105469,1.0,0
2021-12-15 20:10:00+00:00,0,0.0,0.0,0.0,20,2,0,589.0,27.94099998474121,75.64700317382812,48.7933349609375,16.90333366394043,1.0,0
2021-12-15 20:15:00+00:00,0,0.0,0.0,0.0,20,2,0,586.7999877929688,27.94733238220215,75.84033203125,48.61000061035156,19.733333587646484,1.0,0
2021-12-15 20:20:00+00:00,0,0.0,0.0,0.0,20,2,0,578.9000244140625,27.93366622924805,76.0479965209961,48.65666580200195,30.78333282470703,1.0,0
2021-12-15 20:25:00+00:00,0,0.0,0.0,0.0,20,2,0,580.1666870117188,27.95599937438965,76.13233184814453,48.50333404541016,36.026668548583984,1.0,0
2021-12-15 20:30:00+00:00,0,0.0,0.0,0.0,20,2,0,580.0689697265625,27.946895599365234,76.43724060058594,48.34827423095703,36.73448181152344,1.0,0
2021-12-15 20:35:00+00:00,0,0.0,0.0,0.0,20,2,0,577.933349609375,27.9776668548584,76.63233184814453,48.97666549682617,37.36666488647461,1.0,0
2021-12-15 20:40:00+00:00,0,0.0,0.0,0.0,20,2,0,573.0333251953125,27.98166656494141,76.857666015625,48.6966667175293,37.400001525878906,1.0,0
2021-12-15 20:45:00+00:00,0,0.0,0.0,0.0,20,2,0,572.8666381835938,27.957332611083984,77.086669921875,48.57666778564453,34.276668548583984,1.0,0
2021-12-15 20:50:00+00:00,0,0.0,0.0,0.0,20,2,0,580.433349609375,27.98433303833008,77.26333618164062,48.78333282470703,33.393333435058594,1.0,0
2021-12-15 20:55:00+00:00,0,0.0,0.0,0.0,20,2,0,572.2142944335938,27.978214263916016,77.56857299804688,48.47857284545898,32.73214340209961,1.0,0
2021-12-15 21:00:00+00:00,0,0.0,0.0,0.0,21,2,0,574.0,28.05100059509277,77.47333526611328,48.62333297729492,29.79999923706055,1.0,0
2021-12-15 21:05:00+00:00,0,0.0,0.0,0.0,21,2,0,592.9000244140625,27.96466636657715,78.45233154296875,48.9466667175293,30.60333251953125,1.0,0
2021-12-15 21:10:00+00:00,0,0.0,0.0,0.0,21,2,0,612.9666748046875,27.89466667175293,79.17433166503906,48.83000183105469,33.51666641235352,1.0,0
2021-12-15 21:15:00+00:00,0,0.0,0.0,0.0,21,2,0,628.1333618164062,27.881999969482425,79.63400268554688,48.959999084472656,31.09000015258789,1.0,0
2021-12-15 21:20:00+00:00,0,0.0,0.0,0.0,21,2,0,638.72412109375,27.89068984985352,79.93482971191406,48.43448257446289,28.14827537536621,1.0,0
2021-12-15 21:25:00+00:00,0,0.0,0.0,0.0,21,2,0,642.7666625976562,27.90866661071777,80.19866943359375,48.82666778564453,29.246665954589844,1.0,1
2021-12-15 21:30:00+00:00,0,0.0,0.0,0.0,21,2,0,648.7999877929688,27.93400001525879,80.31733703613281,48.33666610717773,29.80666732788086,1.0,1
2021-12-15 21:35:00+00:00,0,0.0,0.0,0.0,21,2,0,661.8333129882812,27.93266677856445,80.59933471679688,48.10333251953125,29.809999465942383,1.0,1
2021-12-15 21:40:00+00:00,0,0.0,0.0,0.0,21,2,0,663.5999755859375,27.963666915893555,80.64099884033203,48.97333145141602,29.49333381652832,1.0,1
2021-12-15 21:45:00+00:00,0,0.0,0.0,0.0,21,2,0,665.1071166992188,27.96571350097656,80.75214385986328,48.49285888671875,28.31071472167969,1.0,1
2021-12-15 21:50:00+00:00,0,0.0,0.0,0.0,21,2,0,671.3333129882812,27.94499969482422,80.95966339111328,48.56666564941406,25.78000068664551,1.0,0
2021-12-15 21:55:00+00:00,0,0.0,0.0,0.0,21,2,0,674.933349609375,27.9553337097168,81.02400207519531,48.83666610717773,28.739999771118164,1.0,0
2021-12-15 22:00:00+00:00,0,0.0,0.0,0.0,22,2,0,679.5,27.976333618164062,81.01200103759766,49.0099983215332,29.04333305358887,1.0,0
2021-12-15 22:05:00+00:00,0,0.0,0.0,0.0,22,2,0,668.933349609375,28.0136661529541,80.9393310546875,48.6966667175293,29.87333297729492,1.0,0
2021-12-15 22:10:00+00:00,0,0.0,0.0,0.0,22,2,0,655.4000244140625,28.024333953857425,80.9086685180664,48.84999847412109,27.50666618347168,1.0,0
2021-12-15 22:15:00+00:00,0,0.0,0.0,0.0,22,2,0,646.4483032226562,27.99758529663086,81.03034210205078,48.42068862915039,28.91034507751465,1.0,0
2021-12-15 22:20:00+00:00,0,0.0,0.0,0.0,22,2,0,634.2666625976562,28.018999099731445,80.96533203125,48.45000076293945,32.393333435058594,1.0,0
2021-12-15 22:25:00+00:00,0,0.0,0.0,0.0,22,2,0,619.0333251953125,28.02966690063477,80.95866394042969,48.72000122070313,31.46333312988281,1.0,0
2021-12-15 22:30:00+00:00,0,0.0,0.0,0.0,22,2,0,607.5999755859375,28.040000915527344,80.91200256347656,48.76666641235352,31.156665802001957,1.0,0
2021-12-15 22:35:00+00:00,0,0.0,0.0,0.0,22,2,0,597.2413940429688,28.06551742553711,80.80000305175781,48.28275680541992,30.55517196655273,1.0,0
2021-12-15 22:40:00+00:00,0,0.0,0.0,0.0,22,2,0,591.5516967773438,28.04999923706055,80.8389663696289,48.04482650756836,30.048274993896484,1.0,0
2021-12-15 22:45:00+00:00,0,0.0,0.0,0.0,22,2,0,581.1333618164062,28.03400039672852,80.91400146484375,48.61333465576172,30.656665802001957,1.0,0
2021-12-15 22:50:00+00:00,0,0.0,0.0,0.0,22,2,0,574.5999755859375,28.04866600036621,80.89833068847656,48.4033317565918,30.479999542236328,1.0,0
2021-12-15 22:55:00+00:00,0,0.0,0.0,0.0,22,2,0,568.9000244140625,28.101667404174805,80.75499725341797,48.36999893188477,30.36666679382324,1.0,0
2021-12-15 23:00:00+00:00,0,0.0,0.0,0.0,23,2,0,562.7000122070311,28.0483341217041,81.01533508300781,48.38666534423828,30.399999618530277,1.0,0
2021-12-15 23:05:00+00:00,0,0.0,0.0,0.0,23,2,0,553.6551513671875,28.03896522521973,81.11758422851562,48.69655227661133,30.71379280090332,1.0,0
2021-12-15 23:10:00+00:00,0,0.0,0.0,0.0,23,2,0,552.933349609375,28.029333114624023,81.1546630859375,48.25333404541016,31.636667251586918,1.0,0
2021-12-15 23:15:00+00:00,0,0.0,0.0,0.0,23,2,0,553.7000122070311,28.00200080871582,81.31366729736328,48.9033317565918,30.6200008392334,1.0,0
2021-12-15 23:20:00+00:00,0,0.0,0.0,0.0,23,2,0,558.9666748046875,28.03266716003418,81.29000091552734,48.16666793823242,31.14666748046875,1.0,0
2021-12-15 23:25:00+00:00,1,0.0,0.0,0.0,23,2,0,570.2333374023438,28.051332473754886,81.30933380126953,48.44333267211914,32.233333587646484,1.0,0
2021-12-15 23:30:00+00:00,1,0.0,0.0,0.0,23,2,0,580.3214111328125,28.02821350097656,81.47321319580078,48.47142791748047,32.97142791748047,1.0,0
2021-12-15 23:35:00+00:00,1,0.0,0.0,0.0,23,2,0,586.2333374023438,28.00333404541016,81.57233428955078,48.62666702270508,32.946666717529304,1.0,0
2021-12-15 23:40:00+00:00,1,0.0,0.0,0.0,23,2,0,590.2999877929688,28.030332565307614,81.49333190917969,48.36000061035156,33.139999389648445,1.0,0
2021-12-15 23:45:00+00:00,1,0.0,0.0,0.0,23,2,0,601.8333129882812,28.03499984741211,81.54666900634766,48.33333206176758,33.18666839599609,1.0,0
2021-12-15 23:50:00+00:00,0,0.0,0.0,0.0,23,2,0,604.9000244140625,28.0483341217041,81.58733367919922,48.23333358764648,32.26666641235352,1.0,0
2021-12-15 23:55:00+00:00,0,1.0,0.0,0.0,23,2,0,609.3666381835938,28.03233337402344,81.75733184814453,48.94333267211914,31.58666610717773,1.0,0
2021-12-16 00:00:00+00:00,0,1.0,0.0,0.0,0,3,0,618.3103637695312,28.04448318481445,81.80207061767578,48.45862197875977,30.906896591186523,1.0,0
2021-12-16 00:05:00+00:00,0,1.0,0.0,0.0,0,3,0,616.0333251953125,28.07299995422364,81.75399780273438,48.5,31.07333374023437,1.0,0
2021-12-16 00:10:00+00:00,0,1.0,0.0,0.0,0,3,0,612.3666381835938,28.102333068847656,81.61333465576172,49.22666549682617,31.053333282470703,1.0,0
2021-12-16 00:15:00+00:00,0,1.0,0.0,0.0,0,3,0,608.2333374023438,28.257667541503903,80.90766906738281,55.43000030517578,20.46999931335449,1.0,0
2021-12-16 00:20:00+00:00,0,0.0,0.0,0.0,0,3,0,617.9285888671875,28.32642936706543,80.67857360839844,50.1500015258789,14.696428298950195,1.0,0
2021-12-16 00:25:00+00:00,0,0.0,1.0,0.0,0,3,0,612.5333251953125,28.229999542236328,81.03800201416016,49.13333511352539,15.013333320617676,1.0,0
2021-12-16 00:30:00+00:00,0,0.0,1.0,0.0,0,3,0,614.0333251953125,28.18433380126953,81.25666809082031,48.86333465576172,14.676666259765623,1.0,0
2021-12-16 00:35:00+00:00,0,0.0,1.0,0.0,0,3,0,608.1666870117188,28.169666290283203,81.32933044433594,48.9000015258789,17.510000228881836,1.0,0
2021-12-16 00:40:00+00:00,0,0.0,1.0,0.0,0,3,0,606.5999755859375,28.10966682434082,81.57499694824219,48.61000061035156,25.20000076293945,1.0,0
2021-12-16 00:45:00+00:00,0,0.0,1.0,0.0,0,3,0,600.2000122070312,28.08466720581055,81.66000366210938,48.52333450317383,30.01666641235352,1.0,1
2021-12-16 00:50:00+00:00,0,0.0,0.0,0.0,0,3,0,596.1724243164062,27.994482040405277,82.0079345703125,48.55862045288086,29.92758560180664,1.0,1
2021-12-16 00:55:00+00:00,0,0.0,0.0,0.0,0,3,0,593.3333129882812,27.95499992370605,82.28133392333984,48.45000076293945,27.91666603088379,1.0,0
2021-12-16 01:00:00+00:00,0,0.0,0.0,0.0,1,3,0,591.2666625976562,27.989999771118164,82.23332977294922,48.84000015258789,27.16666603088379,1.0,0
2021-12-16 01:05:00+00:00,0,0.0,0.0,0.0,1,3,0,585.7000122070312,27.97933387756348,82.22766876220703,48.56333160400391,26.60000038146973,2.0,0
2021-12-16 01:10:00+00:00,0,0.0,0.0,0.0,1,3,0,580.3214111328125,27.98107147216797,82.12285614013672,48.41071319580078,26.13571357727051,1.0,0
2021-12-16 01:15:00+00:00,0,0.0,0.0,0.0,1,3,0,575.8666381835938,28.05500030517578,81.81300354003906,48.56333160400391,25.3700008392334,1.0,0
2021-12-16 01:20:00+00:00,0,0.0,0.0,0.0,1,3,0,565.2333374023438,28.077667236328125,81.58999633789062,48.52999877929688,24.50666618347168,2.0,0
2021-12-16 01:25:00+00:00,0,0.0,0.0,1.0,1,3,0,556.2333374023439,28.13066673278809,81.32633209228516,48.4366683959961,24.676666259765625,6.0,0
2021-12-16 01:30:00+00:00,0,0.0,0.0,1.0,1,3,0,544.5,28.20800018310547,80.91033172607422,48.38666534423828,24.00333404541016,4.0,0
2021-12-16 01:35:00+00:00,0,0.0,0.0,1.0,1,3,0,539.2333374023439,28.145000457763672,81.05999755859375,48.36333465576172,20.209999084472656,3.0,0
2021-12-16 01:40:00+00:00,0,0.0,0.0,1.0,1,3,0,536.2333374023439,28.12933349609375,81.0,48.80666732788086,20.703332901000977,3.0,0
2021-12-16 01:45:00+00:00,0,0.0,0.0,1.0,1,3,0,531.5172119140625,28.133792877197266,80.96930694580078,48.65517425537109,19.52413749694824,3.0,0
2021-12-16 01:50:00+00:00,0,0.0,0.0,0.0,1,3,0,529.6333618164061,28.19466590881348,80.72166442871094,48.63333511352539,18.14666748046875,3.0,0
2021-12-16 01:55:00+00:00,0,0.0,0.0,0.0,1,3,0,522.4000244140625,28.189666748046875,80.71700286865234,48.81333160400391,14.993332862854006,3.0,0
2021-12-16 02:00:00+00:00,0,0.0,0.0,0.0,2,3,0,519.9666748046875,28.17099952697754,80.75466918945312,48.61999893188477,17.540000915527347,3.0,0
2021-12-16 02:05:00+00:00,0,0.0,0.0,0.0,2,3,0,516.25,28.20035743713379,80.66178894042969,48.5250015258789,14.046428680419922,18.0,0
2021-12-16 02:10:00+00:00,0,0.0,0.0,0.0,2,3,0,510.7999877929688,28.334333419799805,80.18499755859375,48.74333190917969,13.68000030517578,18.0,0
2021-12-16 02:15:00+00:00,0,0.0,0.0,0.0,2,3,0,505.1666564941406,28.357999801635746,80.07499694824219,48.8466682434082,10.526666641235352,7.0,0
2021-12-16 02:20:00+00:00,0,0.0,0.0,0.0,2,3,0,502.4666748046875,28.35533332824707,80.05133056640625,48.86999893188477,8.5,7.0,0
2021-12-16 02:25:00+00:00,0,0.0,0.0,0.0,2,3,0,501.4666748046875,28.3129997253418,80.177001953125,48.63666534423828,3.849999904632568,6.0,0
2021-12-16 02:30:00+00:00,0,0.0,0.0,0.0,2,3,0,501.9333190917969,28.214000701904297,80.46199798583984,48.83000183105469,0.4466666579246521,1.0,0
2021-12-16 02:35:00+00:00,0,0.0,0.0,0.0,2,3,0,497.3793029785156,28.192413330078125,80.58413696289062,48.5137939453125,0.0,6.0,0
2021-12-16 02:40:00+00:00,0,0.0,0.0,0.0,2,3,0,498.8666687011719,28.18833351135254,80.5510025024414,48.38666534423828,0.0,6.0,0
2021-12-16 02:45:00+00:00,1,0.0,0.0,0.0,2,3,0,496.0666809082031,28.37433242797852,79.92533111572266,48.59999847412109,0.0,6.0,0
2021-12-16 02:50:00+00:00,1,0.0,0.0,0.0,2,3,0,493.5666809082031,28.301332473754886,80.11233520507812,48.7599983215332,0.0,2.0,0
2021-12-16 02:55:00+00:00,0,0.0,0.0,0.0,2,3,0,496.8928527832031,28.25857162475586,80.25499725341797,48.26428604125977,0.0,6.0,0
2021-12-16 03:00:00+00:00,0,0.0,0.0,0.0,3,3,0,493.2999877929688,28.19833374023437,80.47266387939453,48.13333511352539,0.0,6.0,0
2021-12-16 03:05:00+00:00,0,0.0,0.0,0.0,3,3,0,489.8333435058594,28.23433303833008,80.35399627685547,48.21666717529297,0.0,5.0,0
2021-12-16 03:10:00+00:00,0,0.0,0.0,0.0,3,3,0,486.7000122070313,28.277666091918945,80.17500305175781,48.38333511352539,0.0,5.0,0
2021-12-16 03:15:00+00:00,0,1.0,0.0,0.0,3,3,0,487.7999877929688,28.304332733154297,80.05633544921875,48.209999084472656,0.0,3.0,0
2021-12-16 03:20:00+00:00,0,1.0,0.0,0.0,3,3,0,486.1666564941406,28.264333724975582,80.19166564941406,48.29999923706055,0.0,3.0,0
2021-12-16 03:25:00+00:00,0,0.0,0.0,0.0,3,3,0,486.8333435058594,28.25900077819824,80.2106704711914,48.91333389282226,0.0,7.0,0
2021-12-16 03:30:00+00:00,0,0.0,0.0,0.0,3,3,0,486.137939453125,28.246206283569336,80.244140625,48.36206817626953,0.0,1.0,0
2021-12-16 03:35:00+00:00,0,0.0,0.0,0.0,3,3,0,484.0333251953125,28.202667236328125,80.37000274658203,48.1866683959961,0.0,3.0,0
2021-12-16 03:40:00+00:00,0,0.0,0.0,0.0,3,3,0,478.3333435058594,28.20000076293945,80.36100006103516,48.290000915527344,0.0,3.0,0
2021-12-16 03:45:00+00:00,0,0.0,1.0,0.0,3,3,0,477.0,28.20285797119141,80.3885726928711,48.12142944335938,0.0,2.0,0
2021-12-16 03:50:00+00:00,0,0.0,1.0,0.0,3,3,0,473.6666564941406,28.20466613769531,80.35399627685547,48.22999954223633,0.0,2.0,0
2021-12-16 03:55:00+00:00,0,0.0,0.0,0.0,3,3,0,474.9666748046875,28.251333236694336,80.2106704711914,47.84000015258789,0.0,4.0,0
2021-12-16 04:00:00+00:00,0,0.0,0.0,0.0,4,3,0,475.8333435058594,28.224666595458984,80.2979965209961,48.09000015258789,0.0,1.0,0
2021-12-16 04:05:00+00:00,0,0.0,0.0,0.0,4,3,0,474.1333312988281,28.266000747680664,80.13400268554688,47.9366683959961,0.0,3.0,0
2021-12-16 04:10:00+00:00,0,0.0,0.0,0.0,4,3,0,472.3999938964844,28.23233413696289,80.25800323486328,47.97666549682617,0.0,3.0,0
2021-12-16 04:15:00+00:00,0,0.0,0.0,0.0,4,3,0,473.0666809082031,28.28433418273925,80.09400177001953,47.86000061035156,0.0,2.0,0
2021-12-16 04:20:00+00:00,0,0.0,0.0,0.0,4,3,0,472.0,28.26896476745605,80.11103820800781,47.93103408813477,0.0,2.0,0
2021-12-16 04:25:00+00:00,0,0.0,0.0,0.0,4,3,0,473.76666259765625,28.26099967956543,80.2040023803711,47.88999938964844,0.0,2.0,0
2021-12-16 04:30:00+00:00,0,0.0,0.0,0.0,4,3,0,470.2000122070313,28.281665802001957,80.12899780273438,47.72333145141602,0.0,2.0,0
2021-12-16 04:35:00+00:00,0,0.0,0.0,0.0,4,3,0,469.2000122070313,28.33099937438965,79.9643325805664,48.1966667175293,0.0,2.0,0
2021-12-16 04:40:00+00:00,0,0.0,0.0,0.0,4,3,0,471.1071472167969,28.28285789489746,80.1210708618164,47.68214416503906,0.0,2.0,0
2021-12-16 04:45:00+00:00,0,0.0,0.0,1.0,4,3,0,471.9333190917969,28.2586669921875,80.22799682617188,48.0,0.0,2.0,0
2021-12-16 04:50:00+00:00,0,0.0,0.0,1.0,4,3,0,471.5333251953125,28.24233245849609,80.30867004394531,47.54999923706055,0.0,2.0,0
2021-12-16 04:55:00+00:00,0,0.0,0.0,0.0,4,3,0,472.3666687011719,28.22866630554199,80.37666320800781,47.73333358764648,0.0,2.0,0
2021-12-16 05:00:00+00:00,0,0.0,0.0,0.0,5,3,0,469.9666748046875,28.233333587646484,80.37999725341797,47.58000183105469,0.0,2.0,0
2021-12-16 05:05:00+00:00,0,0.0,0.0,0.0,5,3,0,470.2000122070313,28.255332946777344,80.29533386230469,48.02999877929688,0.0,2.0,0
2021-12-16 05:10:00+00:00,0,0.0,0.0,0.0,5,3,0,467.7999877929688,28.22599983215332,80.4036636352539,47.8033332824707,0.0,1.0,0
2021-12-16 05:15:00+00:00,0,0.0,0.0,0.0,5,3,0,466.6551818847656,28.20103454589844,80.49586486816406,47.81724166870117,0.0,1.0,0
2021-12-16 05:20:00+00:00,0,0.0,0.0,0.0,5,3,0,467.3333435058594,28.18933296203613,80.5546646118164,47.73333358764648,0.0,2.0,0
2021-12-16 05:25:00+00:00,0,0.0,0.0,0.0,5,3,0,463.7000122070313,28.20666694641113,80.49366760253906,47.34999847412109,0.0,1.0,0
2021-12-16 05:30:00+00:00,0,0.0,0.0,0.0,5,3,0,466.3571472167969,28.19607162475586,80.56678771972656,47.45000076293945,0.0,2.0,0
2021-12-16 05:35:00+00:00,0,0.0,0.0,0.0,5,3,0,466.4666748046875,28.19066619873047,80.61233520507812,47.52999877929688,0.0,1.0,0
2021-12-16 05:40:00+00:00,0,0.0,0.0,0.0,5,3,0,464.2999877929688,28.19966697692871,80.60600280761719,47.63000106811523,0.0,2.0,0
2021-12-16 05:45:00+00:00,0,0.0,0.0,0.0,5,3,0,461.26666259765625,28.227333068847656,80.5530014038086,47.51333236694336,0.0,2.0,0
2021-12-16 05:50:00+00:00,0,0.0,0.0,0.0,5,3,0,459.1666564941406,28.23566627502441,80.51066589355469,47.58666610717773,0.0,2.0,0
2021-12-16 05:55:00+00:00,0,0.0,0.0,0.0,5,3,0,462.26666259765625,28.25833320617676,80.45700073242188,47.71666717529297,0.0,1.0,0
2021-12-16 06:00:00+00:00,0,0.0,0.0,0.0,6,3,0,456.3666687011719,28.20366668701172,80.67033386230469,47.74333190917969,0.0,3.0,0
2021-12-16 06:05:00+00:00,0,0.0,0.0,0.0,6,3,0,456.82757568359375,28.21586227416992,80.66827392578125,47.73448181152344,0.0,2.0,0
2021-12-16 06:10:00+00:00,0,0.0,0.0,0.0,6,3,0,458.7999877929688,28.21500015258789,80.69833374023438,47.6500015258789,0.0,3.0,0
2021-12-16 06:15:00+00:00,0,0.0,0.0,0.0,6,3,0,456.8666687011719,28.255332946777344,80.57733154296875,47.14666748046875,0.0,3.0,7
2021-12-16 06:20:00+00:00,0,0.0,0.0,0.0,6,3,0,459.8571472167969,28.24250030517578,80.58285522460938,47.36071395874024,0.0,2.0,0
2021-12-16 06:25:00+00:00,0,0.0,0.0,0.0,6,3,0,459.9333190917969,28.25300025939941,80.57733154296875,47.57666778564453,0.0,2.0,0
2021-12-16 06:30:00+00:00,0,0.0,0.0,0.0,6,3,0,457.26666259765625,28.32266616821289,80.36333465576172,47.88000106811523,0.0,2.0,0
2021-12-16 06:35:00+00:00,0,0.0,0.0,0.0,6,3,0,457.73333740234375,28.30666732788086,80.39966583251953,47.63333511352539,0.0,2.0,0
2021-12-16 06:40:00+00:00,0,0.0,0.0,0.0,6,3,0,457.26666259765625,28.27366638183593,80.52999877929688,47.63666534423828,0.0,2.0,0
2021-12-16 06:45:00+00:00,0,0.0,0.0,0.0,6,3,0,457.7000122070313,28.23733329772949,80.69933319091797,47.47999954223633,0.0,1.0,0
2021-12-16 06:50:00+00:00,0,0.0,0.0,0.0,6,3,0,455.0333251953125,28.261667251586918,80.61599731445312,47.393333435058594,0.0,3.0,0
2021-12-16 06:55:00+00:00,0,0.0,0.0,0.0,6,3,0,454.0,28.28266716003418,80.46666717529297,47.42666625976562,0.0,3.0,0
2021-12-16 07:00:00+00:00,0,0.0,0.0,0.0,7,3,0,452.3103332519531,28.21586227416992,80.7582778930664,47.60344696044922,0.0,2.0,0
2021-12-16 07:05:00+00:00,0,0.0,0.0,0.0,7,3,0,449.1000061035156,28.20599937438965,80.83466339111328,47.60333251953125,0.0,3.0,0
2021-12-16 07:10:00+00:00,0,0.0,0.0,0.0,7,3,0,448.5172424316406,28.186206817626957,80.92793273925781,47.29655075073242,0.0,1.0,0
2021-12-16 07:15:00+00:00,0,0.0,0.0,0.0,7,3,0,445.7930908203125,28.215171813964844,80.87965393066406,47.09310531616211,0.0,4.0,0
2021-12-16 07:20:00+00:00,0,0.0,0.0,0.0,7,3,0,450.2999877929688,28.21299934387207,80.90433502197266,47.24333190917969,0.0,2.0,0
2021-12-16 07:25:00+00:00,0,0.0,0.0,0.0,7,3,0,449.9666748046875,28.189666748046875,81.10800170898438,47.5,0.0,2.0,0
2021-12-16 07:30:00+00:00,0,0.0,0.0,0.0,7,3,0,451.8333435058594,28.211000442504886,81.01333618164062,47.23666763305664,0.0,2.0,0
2021-12-16 07:35:00+00:00,0,0.0,0.0,0.0,7,3,0,451.4333190917969,28.2016658782959,81.05833435058594,47.28666687011719,0.0,2.0,0
2021-12-16 07:40:00+00:00,0,0.0,0.0,0.0,7,3,0,453.9333190917969,28.190000534057614,81.12100219726562,47.209999084472656,0.0,1.0,0
2021-12-16 07:45:00+00:00,0,0.0,0.0,0.0,7,3,0,443.8333435058594,28.22333335876465,81.11766815185547,47.106666564941406,0.0,3.0,0
2021-12-16 07:50:00+00:00,0,0.0,0.0,0.0,7,3,0,444.1724243164063,28.22758674621582,81.19482421875,47.472412109375,0.0,3.0,0
2021-12-16 07:55:00+00:00,0,0.0,0.0,0.0,7,3,0,448.6333312988281,28.19599914550781,81.4540023803711,48.1866683959961,0.0,2.0,0
2021-12-16 08:00:00+00:00,0,0.0,0.0,0.0,8,3,0,445.7000122070313,28.19466590881348,81.56366729736328,49.13666534423828,0.0,2.0,0
2021-12-16 08:05:00+00:00,0,0.0,0.0,0.0,8,3,0,444.6785583496094,28.15892791748047,81.70321655273438,48.125,0.0,2.0,0
2021-12-16 08:10:00+00:00,0,0.0,0.0,0.0,8,3,0,440.5333251953125,28.17300033569336,81.68000030517578,47.84999847412109,0.0,2.0,0
2021-12-16 08:15:00+00:00,7,0.0,0.0,0.0,8,3,0,442.7000122070313,28.21500015258789,81.48200225830078,47.63666534423828,0.0,1.0,0
2021-12-16 08:20:00+00:00,0,0.0,0.0,0.0,8,3,0,443.3666687011719,28.214000701904297,81.43900299072266,47.32333374023438,0.0,1.0,0
2021-12-16 08:25:00+00:00,0,0.0,0.0,0.0,8,3,0,443.7999877929688,28.18400001525879,81.53500366210938,47.14666748046875,0.0,1.0,0
2021-12-16 08:30:00+00:00,0,0.0,0.0,0.0,8,3,0,447.0666809082031,28.15699958801269,81.61033630371094,47.27333450317383,0.0,1.0,0
2021-12-16 08:35:00+00:00,0,0.0,0.0,0.0,8,3,0,445.5666809082031,28.196666717529297,81.46766662597656,47.09999847412109,0.0,1.0,0
2021-12-16 08:40:00+00:00,0,0.0,0.0,0.0,8,3,0,447.3103332519531,28.18896484375,81.39655303955078,47.24827575683594,0.0,1.0,0
2021-12-16 08:45:00+00:00,0,7.0,0.0,0.0,8,3,0,444.1000061035156,28.19766616821289,81.39633178710938,47.16999816894531,0.0,1.0,0
2021-12-16 08:50:00+00:00,0,0.0,0.0,0.0,8,3,0,445.5333251953125,28.193666458129886,81.39199829101562,47.12666702270508,0.0,1.0,0
2021-12-16 08:55:00+00:00,0,0.0,0.0,0.0,8,3,0,449.2857055664063,28.18071365356445,81.43535614013672,46.97142791748047,0.0,1.0,0
2021-12-16 09:00:00+00:00,0,0.0,0.0,0.0,9,3,0,447.1333312988281,28.15866661071777,81.4990005493164,47.08333206176758,0.0,1.0,0
2021-12-16 09:05:00+00:00,0,0.0,0.0,0.0,9,3,0,451.9666748046875,28.167999267578125,81.46399688720703,47.0966682434082,0.0,3.0,0
2021-12-16 09:10:00+00:00,0,0.0,0.0,0.0,9,3,0,450.0333251953125,28.17499923706055,81.42666625976562,47.77000045776367,0.0,3.0,0
2021-12-16 09:15:00+00:00,0,0.0,7.0,0.0,9,3,0,447.5333251953125,28.23500061035156,81.22066497802734,48.33000183105469,0.0,3.0,0
2021-12-16 09:20:00+00:00,0,0.0,0.0,0.0,9,3,0,448.6000061035156,28.237667083740234,81.23999786376953,47.65666580200195,0.0,3.0,0
2021-12-16 09:25:00+00:00,0,0.0,0.0,0.0,9,3,0,447.4333190917969,28.19799995422364,81.34866333007812,47.57333374023438,0.0,3.0,0
2021-12-16 09:30:00+00:00,0,0.0,0.0,0.0,9,3,0,448.26666259765625,28.15333366394043,81.52066802978516,47.43000030517578,0.0,3.0,0
2021-12-16 09:35:00+00:00,0,0.0,0.0,0.0,9,3,0,447.89654541015625,28.17413711547852,81.47344970703125,47.2931022644043,0.0,3.0,0
2021-12-16 09:40:00+00:00,0,0.0,0.0,0.0,9,3,0,450.1666564941406,28.250667572021484,81.20966339111328,47.1500015258789,0.0,3.0,0
2021-12-16 09:45:00+00:00,0,0.0,0.0,0.0,9,3,0,447.8571472167969,28.272857666015625,81.05071258544922,47.02142715454102,0.0,1.0,0
2021-12-16 09:50:00+00:00,0,0.0,0.0,0.0,9,3,0,447.4333190917969,28.27400016784668,81.05233001708984,47.24666595458984,0.0,1.0,0
2021-12-16 09:55:00+00:00,0,0.0,0.0,0.0,9,3,0,446.5666809082031,28.18633270263672,81.34033203125,47.04999923706055,0.0,1.0,0
2021-12-16 10:00:00+00:00,0,0.0,0.0,0.0,10,3,0,443.9333190917969,28.23366737365723,81.20899963378906,47.02666854858398,0.0,1.0,0
2021-12-16 10:05:00+00:00,0,0.0,0.0,0.0,10,3,0,442.5,28.21933364868164,81.22799682617188,47.0433349609375,0.0,1.0,0
2021-12-16 10:10:00+00:00,0,0.0,0.0,0.0,10,3,0,444.5333251953125,28.23433303833008,81.18966674804688,47.12333297729492,0.0,1.0,0
2021-12-16 10:15:00+00:00,0,0.0,0.0,7.0,10,3,0,444.8666687011719,28.25200080871582,81.10900115966797,47.02000045776367,0.0,1.0,0
2021-12-16 10:20:00+00:00,0,0.0,0.0,0.0,10,3,0,443.6666564941406,28.24266624450684,81.14366912841797,46.99666595458984,0.0,1.0,0
2021-12-16 10:25:00+00:00,0,0.0,0.0,0.0,10,3,0,440.862060546875,28.168275833129886,81.40483093261719,46.972412109375,0.0,1.0,0
2021-12-16 10:30:00+00:00,0,0.0,0.0,0.0,10,3,0,449.5666809082031,28.21433258056641,81.28800201416016,47.14666748046875,0.0,1.0,0
2021-12-16 10:35:00+00:00,0,0.0,0.0,0.0,10,3,0,447.5666809082031,28.2413330078125,81.20466613769531,46.93000030517578,0.0,1.0,0
2021-12-16 10:40:00+00:00,0,0.0,0.0,0.0,10,3,0,442.8928527832031,28.24821472167969,81.2028579711914,46.82143020629883,0.0,1.0,0
2021-12-16 10:45:00+00:00,0,0.0,0.0,0.0,10,3,0,439.1666564941406,28.226333618164062,81.31233215332031,47.16666793823242,0.0,1.0,0
2021-12-16 10:50:00+00:00,0,0.0,0.0,0.0,10,3,0,440.1000061035156,28.21233367919922,81.38566589355469,46.9366683959961,0.0,1.0,0
2021-12-16 10:55:00+00:00,0,0.0,0.0,0.0,10,3,0,441.23333740234375,28.19933319091797,81.48999786376953,47.38000106811523,0.0,1.0,0
2021-12-16 11:00:00+00:00,0,0.0,0.0,0.0,11,3,0,440.6000061035156,28.178333282470703,81.58000183105469,47.10333251953125,0.0,1.0,0
2021-12-16 11:05:00+00:00,0,0.0,0.0,0.0,11,3,0,440.6333312988281,28.22800064086914,81.4703369140625,47.02666854858398,0.0,1.0,0
2021-12-16 11:10:00+00:00,0,0.0,0.0,0.0,11,3,0,444.76666259765625,28.2450008392334,81.42366790771484,47.0966682434082,0.0,1.0,0
2021-12-16 11:15:00+00:00,0,0.0,0.0,0.0,11,3,0,443.0,28.25466728210449,81.47100067138672,46.88000106811523,0.0,1.0,0
2021-12-16 11:20:00+00:00,0,0.0,0.0,0.0,11,3,0,440.82757568359375,28.26344871520996,81.52689361572266,47.106895446777344,0.0,1.0,0
2021-12-16 11:25:00+00:00,0,0.0,0.0,0.0,11,3,0,442.1666564941406,28.32099914550781,81.39933013916016,47.12333297729492,0.0,1.0,0
2021-12-16 11:30:00+00:00,0,0.0,0.0,0.0,11,3,0,444.46429443359375,28.2403564453125,81.69214630126953,46.76785659790039,0.0,1.0,0
2021-12-16 11:35:00+00:00,0,0.0,0.0,0.0,11,3,0,443.8666687011719,28.23566627502441,81.80500030517578,46.90999984741211,0.0,1.0,0
2021-12-16 11:40:00+00:00,0,0.0,0.0,0.0,11,3,0,443.0333251953125,28.247333526611328,81.88933563232422,47.0966682434082,0.0,1.0,0
2021-12-16 11:45:00+00:00,0,0.0,0.0,0.0,11,3,0,445.7000122070313,28.26766586303711,81.86933135986328,47.13333511352539,0.0,1.0,0
2021-12-16 11:50:00+00:00,0,0.0,0.0,0.0,11,3,0,444.6666564941406,28.250667572021484,81.9643325805664,46.97666549682617,0.0,1.0,0
2021-12-16 11:55:00+00:00,0,0.0,0.0,0.0,11,3,0,444.0666809082031,28.26066589355469,82.04666900634766,47.0099983215332,0.0,1.0,0
2021-12-16 12:00:00+00:00,0,0.0,0.0,0.0,12,3,0,444.7000122070313,28.24799919128418,82.07666778564453,46.93999862670898,0.0,1.0,0
2021-12-16 12:05:00+00:00,0,0.0,0.0,0.0,12,3,0,441.1666564941406,28.20966720581055,82.20266723632812,47.06999969482422,0.0,1.0,0
2021-12-16 12:10:00+00:00,0,0.0,0.0,0.0,12,3,0,439.6206970214844,28.25689697265625,82.05792999267578,47.19655227661133,0.0,1.0,0
2021-12-16 12:15:00+00:00,0,0.0,0.0,0.0,12,3,0,438.9333190917969,28.2450008392334,82.11066436767578,47.06666564941406,0.0,1.0,0
2021-12-16 12:20:00+00:00,0,0.0,0.0,0.0,12,3,0,436.0714416503906,28.24714279174805,82.11571502685547,47.02142715454102,0.0,1.0,0
2021-12-16 12:25:00+00:00,0,0.0,0.0,0.0,12,3,0,440.1333312988281,28.18766593933105,82.34400177001953,47.07666778564453,0.0,1.0,0
2021-12-16 12:30:00+00:00,0,0.0,0.0,0.0,12,3,0,435.0666809082031,28.21833419799805,82.24666595458984,47.06999969482422,0.0,1.0,0
2021-12-16 12:35:00+00:00,0,0.0,0.0,0.0,12,3,0,434.7999877929688,28.22400093078613,82.2413330078125,47.19333267211914,0.0,1.0,0
2021-12-16 12:40:00+00:00,0,0.0,0.0,0.0,12,3,0,434.2999877929688,28.20199966430664,82.33399963378906,47.36999893188477,0.0,1.0,0
2021-12-16 12:45:00+00:00,0,0.0,0.0,0.0,12,3,0,435.73333740234375,28.184999465942383,82.37833404541016,47.16333389282226,0.0,1.0,0
2021-12-16 12:50:00+00:00,0,0.0,0.0,0.0,12,3,0,439.2000122070313,28.264333724975582,82.12433624267578,47.4033317565918,0.0,1.0,0
2021-12-16 12:55:00+00:00,0,0.0,0.0,0.0,12,3,0,438.7999877929688,28.248666763305664,82.21833038330078,47.2066650390625,0.0,1.0,0
2021-12-16 13:00:00+00:00,0,0.0,0.0,0.0,13,3,0,437.0666809082031,28.25399971008301,82.18000030517578,47.13333511352539,0.0,1.0,0
2021-12-16 13:05:00+00:00,0,0.0,0.0,0.0,13,3,0,439.9655151367188,28.320690155029297,81.97344970703125,47.47586059570313,0.0,1.0,0
2021-12-16 13:10:00+00:00,0,0.0,0.0,0.0,13,3,0,436.1000061035156,28.30466651916504,81.9489974975586,47.3033332824707,0.0,1.0,0
2021-12-16 13:15:00+00:00,0,0.0,0.0,0.0,13,3,0,435.1071472167969,28.199642181396484,82.43142700195312,47.01785659790039,0.0,1.0,0
2021-12-16 13:20:00+00:00,0,0.0,0.0,0.0,13,3,0,436.4333190917969,28.22400093078613,82.35299682617188,47.13666534423828,0.0,1.0,0
2021-12-16 13:25:00+00:00,0,0.0,0.0,0.0,13,3,0,436.0333251953125,28.1879997253418,82.44933319091797,47.28333282470703,0.0,1.0,0
2021-12-16 13:30:00+00:00,0,0.0,0.0,0.0,13,3,0,437.4333190917969,28.189666748046875,82.47266387939453,48.18999862670898,0.0,1.0,0
2021-12-16 13:35:00+00:00,0,0.0,0.0,0.0,13,3,0,439.6000061035156,28.17766761779785,82.47766876220703,48.54666519165039,0.0,1.0,0
2021-12-16 13:40:00+00:00,0,0.0,0.0,0.0,13,3,0,439.2000122070313,28.16699981689453,82.50933074951172,47.83333206176758,0.0,1.0,0
2021-12-16 13:45:00+00:00,0,0.0,0.0,0.0,13,3,0,439.4666748046875,28.15966606140137,82.5556640625,47.53333282470703,0.0,1.0,0
2021-12-16 13:50:00+00:00,0,0.0,0.0,0.0,13,3,0,439.3999938964844,28.173999786376957,82.48699951171875,47.56999969482422,0.0,1.0,0
2021-12-16 13:55:00+00:00,0,0.0,0.0,0.0,13,3,0,436.82757568359375,28.19413757324219,82.34758758544922,47.84138107299805,0.0,1.0,0
2021-12-16 14:00:00+00:00,0,0.0,0.0,0.0,14,3,0,437.2999877929688,28.20566749572754,82.26366424560547,48.0,0.0,1.0,0
2021-12-16 14:05:00+00:00,0,0.0,0.0,0.0,14,3,0,438.7857055664063,28.18571472167969,82.31893157958984,47.60357284545898,0.0,1.0,0
2021-12-16 14:10:00+00:00,0,0.0,0.0,0.0,14,3,0,440.2000122070313,28.18199920654297,82.33366394042969,47.54999923706055,0.0,1.0,0
2021-12-16 14:15:00+00:00,0,0.0,0.0,0.0,14,3,0,438.23333740234375,28.18366622924805,82.26599884033203,47.70000076293945,0.0,1.0,0
2021-12-16 14:20:00+00:00,0,0.0,0.0,0.0,14,3,0,436.0,28.170000076293945,82.23799896240234,47.49666595458984,0.0,1.0,0
2021-12-16 14:25:00+00:00,0,0.0,0.0,0.0,14,3,0,438.0666809082031,28.19099998474121,82.11399841308594,48.04999923706055,0.0,1.0,0
2021-12-16 14:30:00+00:00,0,0.0,0.0,0.0,14,3,0,439.5333251953125,28.1706657409668,82.1866683959961,47.6500015258789,0.0,1.0,0
2021-12-16 14:35:00+00:00,0,0.0,0.0,0.0,14,3,0,439.5,28.2189998626709,82.0163345336914,48.36666488647461,0.0,1.0,0
2021-12-16 14:40:00+00:00,0,0.0,0.0,0.0,14,3,0,438.73333740234375,28.18933296203613,82.03067016601562,48.47666549682617,0.0,1.0,0
2021-12-16 14:45:00+00:00,0,0.0,0.0,0.0,14,3,0,439.6666564941406,28.20633316040039,81.98899841308594,47.97999954223633,0.0,1.0,0
2021-12-16 14:50:00+00:00,0,0.0,0.0,0.0,14,3,0,440.3793029785156,28.32965469360352,81.5527572631836,48.33793258666992,0.0,1.0,0
2021-12-16 14:55:00+00:00,0,0.0,0.0,0.0,14,3,0,438.8214416503906,28.25107192993164,81.73963928222656,47.94643020629883,0.0,1.0,0
2021-12-16 15:00:00+00:00,0,0.0,0.0,0.0,15,3,0,441.23333740234375,28.20766639709473,81.91666412353516,48.42333221435547,0.0,1.0,0
2021-12-16 15:05:00+00:00,0,0.0,0.0,0.0,15,3,0,439.76666259765625,28.26633262634277,81.7056655883789,48.49333190917969,0.0,1.0,0
2021-12-16 15:10:00+00:00,0,0.0,0.0,0.0,15,3,0,438.3999938964844,28.297666549682614,81.56366729736328,48.11666488647461,0.0,1.0,0
2021-12-16 15:15:00+00:00,0,0.0,0.0,0.0,15,3,0,438.8333435058594,28.209999084472656,81.86900329589844,48.16333389282226,0.0,1.0,0
2021-12-16 15:20:00+00:00,0,0.0,0.0,0.0,15,3,0,442.0666809082031,28.274999618530277,81.64199829101562,48.53333282470703,0.0,1.0,0
2021-12-16 15:25:00+00:00,0,0.0,0.0,0.0,15,3,0,437.1333312988281,28.30666732788086,81.50299835205078,48.393333435058594,0.0,1.0,0
2021-12-16 15:30:00+00:00,0,0.0,0.0,0.0,15,3,0,440.4666748046875,28.18899917602539,81.88300323486328,48.9366683959961,0.0,1.0,0
2021-12-16 15:35:00+00:00,0,0.0,0.0,0.0,15,3,0,441.6333312988281,28.23666572570801,81.72233581542969,48.57666778564453,0.0,1.0,0
2021-12-16 15:40:00+00:00,0,0.0,0.0,0.0,15,3,0,440.137939453125,28.2520694732666,81.66207122802734,48.79655075073242,0.0,1.0,0
2021-12-16 15:45:00+00:00,0,0.0,0.0,0.0,15,3,0,436.5862121582031,28.217241287231445,81.78827667236328,48.8344841003418,0.0,1.0,0
2021-12-16 15:50:00+00:00,0,0.0,0.0,0.0,15,3,0,438.89654541015625,28.20551681518555,81.80379486083984,48.41379165649414,0.0,1.0,0
2021-12-16 15:55:00+00:00,0,0.0,0.0,0.0,15,3,0,439.6666564941406,28.18833351135254,81.72467041015625,48.48333358764648,0.0,1.0,0
2021-12-16 16:00:00+00:00,0,0.0,0.0,0.0,16,3,0,439.3666687011719,28.500999450683597,79.7873306274414,49.45333480834961,0.0,1.0,0
2021-12-16 16:05:00+00:00,0,0.0,0.0,0.0,16,3,0,438.1666564941406,28.45100021362305,79.18433380126953,49.2066650390625,0.0,1.0,0
2021-12-16 16:10:00+00:00,0,0.0,0.0,0.0,16,3,0,435.3999938964844,28.45666694641113,78.44300079345703,49.76333236694336,0.0,1.0,0
2021-12-16 16:15:00+00:00,0,0.0,0.0,0.0,16,3,0,438.9333190917969,28.41900062561035,77.91566467285156,50.42333221435547,0.0,1.0,0
2021-12-16 16:20:00+00:00,0,0.0,0.0,0.0,16,3,0,438.6666564941406,28.270000457763672,77.92433166503906,50.4366683959961,0.3899999856948853,1.0,0
2021-12-16 16:25:00+00:00,0,0.0,0.0,0.0,16,3,0,437.6333312988281,28.28466606140137,77.3066635131836,49.9900016784668,1.5533332824707031,1.0,0
2021-12-16 16:30:00+00:00,0,0.0,0.0,0.0,16,3,0,437.5666809082031,28.25900077819824,77.16533660888672,50.61666488647461,1.976666688919068,1.0,0
2021-12-16 16:35:00+00:00,0,0.0,0.0,0.0,16,3,0,436.862060546875,28.1575870513916,74.70655059814453,52.21724319458008,2.7896552085876465,1.0,0
2021-12-16 16:40:00+00:00,0,0.0,0.0,0.0,16,3,0,433.96429443359375,27.489999771118164,69.45214080810547,53.32857131958008,4.72857141494751,1.0,0
2021-12-16 16:45:00+00:00,0,0.0,0.0,0.0,16,3,0,430.6666564941406,26.95866584777832,66.39133453369139,53.41666793823242,7.550000190734862,1.0,0
2021-12-16 16:50:00+00:00,0,0.0,0.0,0.0,16,3,0,433.1000061035156,26.59333419799805,64.39499664306639,52.8466682434082,12.766666412353516,1.0,0
2021-12-16 16:55:00+00:00,0,0.0,0.0,0.0,16,3,0,437.76666259765625,26.39433288574219,63.19499969482422,52.856666564941406,14.260000228881836,1.0,0
2021-12-16 17:00:00+00:00,0,0.0,0.0,0.0,17,3,0,433.6000061035156,26.13333320617676,62.59333419799805,52.28333282470703,16.023332595825195,1.0,0
2021-12-16 17:05:00+00:00,0,0.0,0.0,0.0,17,3,0,430.1666564941406,25.95966720581055,61.87466812133789,51.39666748046875,15.803333282470703,1.0,0
2021-12-16 17:10:00+00:00,0,0.0,0.0,0.0,17,3,0,427.7000122070313,25.65733337402344,61.82899856567383,50.47666549682617,13.536666870117188,1.0,0
2021-12-16 17:15:00+00:00,0,0.0,0.0,0.0,17,3,0,428.5333251953125,25.301332473754886,62.48866653442383,49.43000030517578,13.776666641235352,1.0,0
2021-12-16 17:20:00+00:00,0,0.0,0.0,0.0,17,3,0,430.6333312988281,25.35966682434082,62.39833450317383,49.07333374023438,11.233333587646484,1.0,0
2021-12-16 17:25:00+00:00,0,0.0,0.0,0.0,17,3,0,428.3793029785156,25.229999542236328,62.95896530151367,48.6137924194336,12.317241668701172,1.0,0
2021-12-16 17:30:00+00:00,0,0.0,0.0,0.0,17,3,0,432.5714416503906,25.12821388244629,64.03428649902344,48.7928581237793,13.449999809265137,1.0,0
2021-12-16 17:35:00+00:00,0,0.0,0.0,0.0,17,3,0,432.8999938964844,25.264667510986328,64.22100067138672,48.81666564941406,13.166666984558104,1.0,0
2021-12-16 17:40:00+00:00,0,0.0,0.0,0.0,17,3,0,432.73333740234375,25.45133399963379,63.76599884033203,49.02333450317383,12.473333358764648,1.0,0
2021-12-16 17:45:00+00:00,0,0.0,0.0,0.0,17,3,0,434.2000122070313,25.48200035095215,63.7783317565918,48.79999923706055,13.270000457763672,1.0,0
2021-12-16 17:50:00+00:00,0,0.0,0.0,0.0,17,3,0,435.0333251953125,25.47900009155273,63.77000045776367,48.86000061035156,15.106666564941404,1.0,0
2021-12-16 17:55:00+00:00,0,0.0,0.0,0.0,17,3,0,437.9333190917969,25.48566627502441,63.82366561889648,49.1966667175293,17.933332443237305,1.0,0
2021-12-16 18:00:00+00:00,0,0.0,0.0,0.0,18,3,0,437.8333435058594,25.461000442504886,63.88166809082031,49.51333236694336,17.226667404174805,1.0,0
2021-12-16 18:05:00+00:00,0,0.0,0.0,0.0,18,3,0,432.23333740234375,25.40833282470703,63.93366622924805,48.84000015258789,9.640000343322754,1.0,0
2021-12-16 18:10:00+00:00,0,0.0,0.0,0.0,18,3,0,425.3999938964844,25.39533424377441,63.50699996948242,49.15666580200195,6.269999980926514,1.0,0
2021-12-16 18:15:00+00:00,0,0.0,0.0,0.0,18,3,0,422.8999938964844,25.439666748046875,65.73766326904297,49.47333145141602,8.260000228881836,1.0,0
2021-12-16 18:20:00+00:00,0,0.0,0.0,0.0,18,3,0,427.5555419921875,25.89111137390137,69.89629364013672,48.74814987182617,9.177778244018556,1.0,0
2021-12-16 18:25:00+00:00,0,0.0,0.0,0.0,18,3,0,433.1666564941406,26.18233299255371,69.947998046875,48.856666564941406,15.59000015258789,1.0,0
2021-12-16 18:30:00+00:00,0,0.0,0.0,0.0,18,3,0,435.7000122070313,26.43833351135254,70.18666839599611,50.22999954223633,17.656665802001953,1.0,0
2021-12-16 18:35:00+00:00,0,0.0,0.0,0.0,18,3,0,434.1666564941406,26.62666702270508,69.41400146484375,48.6966667175293,19.799999237060547,1.0,0
2021-12-16 18:40:00+00:00,0,0.0,0.0,0.0,18,3,0,438.6000061035156,26.71733283996582,68.22467041015625,48.643333435058594,22.39666748046875,1.0,0
2021-12-16 18:45:00+00:00,0,0.0,0.0,0.0,18,3,0,441.9666748046875,26.7450008392334,67.55899810791016,48.57333374023438,26.459999084472656,1.0,0
2021-12-16 18:50:00+00:00,0,0.0,0.0,0.0,18,3,0,447.73333740234375,26.73566627502441,67.05867004394531,49.04999923706055,30.28666687011719,1.0,0
2021-12-16 18:55:00+00:00,0,0.0,0.0,0.0,18,3,0,451.0666809082031,26.84166717529297,66.22266387939453,48.48333358764648,33.25,1.0,0
2021-12-16 19:00:00+00:00,0,0.0,0.0,0.0,19,3,0,449.7000122070313,26.82299995422364,65.47599792480469,49.5099983215332,32.33333206176758,1.0,0
2021-12-16 19:05:00+00:00,0,0.0,0.0,0.0,19,3,0,452.0,27.045000076293945,64.35500335693361,49.47666549682617,29.51666641235352,1.0,0
2021-12-16 19:10:00+00:00,0,0.0,0.0,0.0,19,3,0,457.2069091796875,27.21413803100586,63.50724029541016,48.70344924926758,30.44137954711914,1.0,0
2021-12-16 19:15:00+00:00,0,0.0,0.0,0.0,19,3,0,465.71429443359375,27.236785888671875,63.18999862670898,49.20000076293945,25.90714263916016,1.0,0
2021-12-16 19:20:00+00:00,0,0.0,0.0,0.0,19,3,0,474.6666564941406,27.202999114990234,62.82833480834961,49.28333282470703,25.61333274841309,1.0,0
2021-12-16 19:25:00+00:00,0,0.0,0.0,0.0,19,3,0,482.9333190917969,27.22833251953125,62.45199966430664,48.53666687011719,26.86333274841309,1.0,0
2021-12-16 19:30:00+00:00,0,0.0,0.0,0.0,19,3,0,496.0333251953125,27.357999801635746,61.68466567993164,49.39666748046875,23.58666610717773,1.0,0
2021-12-16 19:35:00+00:00,0,0.0,0.0,0.0,19,3,0,506.9333190917969,27.36433410644531,61.32600021362305,49.02000045776367,22.049999237060547,1.0,0
2021-12-16 19:40:00+00:00,0,0.0,0.0,0.0,19,3,0,519.1333618164061,27.273332595825195,61.26900100708008,48.66999816894531,23.31999969482422,1.0,0
2021-12-16 19:45:00+00:00,0,0.0,0.0,0.0,19,3,0,525.2999877929689,27.41033363342285,60.55799865722656,48.77999877929688,24.21333312988281,1.0,0
2021-12-16 19:50:00+00:00,0,0.0,0.0,0.0,19,3,0,535.0,27.36333274841309,60.51666641235352,48.4566650390625,24.09666633605957,1.0,0
2021-12-16 19:55:00+00:00,0,0.0,0.0,0.0,19,3,0,542.2000122070311,27.437334060668945,59.96066665649414,48.47999954223633,19.850000381469727,1.0,0
2021-12-16 20:00:00+00:00,0,0.0,0.0,0.0,20,3,0,545.8333129882811,27.395999908447266,60.00133514404297,49.27999877929688,20.85333251953125,1.0,0
2021-12-16 20:05:00+00:00,0,0.0,0.0,0.0,20,3,0,553.2963256835939,27.43185234069824,60.08407592773438,49.18518447875977,20.17037010192871,1.0,0
2021-12-16 20:10:00+00:00,0,0.0,0.0,0.0,20,3,0,557.1666870117189,27.46299934387207,60.03433227539063,49.88333511352539,22.96333312988281,1.0,0
2021-12-16 20:15:00+00:00,0,0.0,0.0,0.0,20,3,0,559.7333374023439,27.51766586303711,59.88533401489258,48.75333404541016,26.31999969482422,1.0,0
2021-12-16 20:20:00+00:00,0,0.0,0.0,0.0,20,3,0,562.2999877929689,27.608999252319336,59.233665466308594,48.87333297729492,28.906665802001957,1.0,0
2021-12-16 20:25:00+00:00,0,0.0,0.0,0.0,20,3,0,558.9666748046875,27.5803337097168,59.02366638183594,49.22333145141602,26.933332443237305,1.0,0
2021-12-16 20:30:00+00:00,0,0.0,0.0,0.0,20,3,0,555.066650390625,27.33699989318848,59.23733520507813,48.52000045776367,27.733333587646484,1.0,0
2021-12-16 20:35:00+00:00,0,0.0,0.0,0.0,20,3,0,548.5,27.21199989318848,59.1436653137207,48.7599983215332,28.459999084472656,1.0,0
2021-12-16 20:40:00+00:00,0,0.0,0.0,0.0,20,3,0,541.6666870117189,27.213666915893555,59.107666015625,48.76666641235352,27.58666610717773,1.0,0
2021-12-16 20:45:00+00:00,0,0.0,0.0,0.0,20,3,0,540.566650390625,27.47166633605957,58.74399948120117,48.84999847412109,27.60000038146973,1.0,0
2021-12-16 20:50:00+00:00,0,0.0,0.0,0.0,20,3,0,537.566650390625,27.61899948120117,58.49733352661133,50.62666702270508,27.290000915527344,1.0,0
2021-12-16 20:55:00+00:00,0,0.0,0.0,0.0,20,3,0,534.0,27.67037010192871,58.459999084472656,49.04814910888672,28.78148078918457,1.0,0
2021-12-16 21:00:00+00:00,0,0.0,0.0,0.0,21,3,0,528.8571166992189,27.690357208251957,58.09428405761719,48.97857284545898,27.571428298950195,1.0,0
2021-12-16 21:05:00+00:00,0,0.0,0.0,0.0,21,3,0,524.5333251953125,27.44833374023437,58.30966567993164,48.87666702270508,30.59000015258789,1.0,0
2021-12-16 21:10:00+00:00,0,0.0,0.0,0.0,21,3,0,519.2333374023439,27.246999740600582,58.9716682434082,49.07333374023438,31.733333587646484,1.0,0
2021-12-16 21:15:00+00:00,0,0.0,0.0,0.0,21,3,0,521.7999877929689,27.19099998474121,59.19866561889648,48.51666641235352,31.176666259765625,1.0,0
2021-12-16 21:20:00+00:00,0,0.0,0.0,0.0,21,3,0,532.7999877929689,27.18866729736328,59.07799911499024,48.61666488647461,32.29666519165039,1.0,0
2021-12-16 21:25:00+00:00,0,0.0,0.0,0.0,21,3,0,544.933349609375,27.53933334350586,58.01033401489258,48.92666625976562,29.20666694641113,1.0,0
2021-12-16 21:30:00+00:00,0,0.0,0.0,0.0,21,3,0,552.5333251953125,27.70133399963379,57.505332946777344,48.86333465576172,29.15333366394043,1.0,0
2021-12-16 21:35:00+00:00,0,0.0,0.0,0.0,21,3,0,563.7333374023438,27.77899932861328,57.52233505249024,48.84333419799805,28.89666748046875,1.0,0
2021-12-16 21:40:00+00:00,0,0.0,0.0,0.0,21,3,0,573.8666381835938,27.73900032043457,57.46799850463867,48.9033317565918,26.47333335876465,1.0,0
2021-12-16 21:45:00+00:00,0,0.0,0.0,0.0,21,3,0,584.7999877929688,27.70833396911621,57.30833435058594,49.643333435058594,26.93000030517578,1.0,0
2021-12-16 21:50:00+00:00,0,0.0,0.0,0.0,21,3,0,593.8518676757812,27.77111053466797,57.07481384277344,48.81851959228516,29.392593383789062,1.0,0
2021-12-16 21:55:00+00:00,0,0.0,0.0,0.0,21,3,0,600.0999755859375,27.80733299255371,57.16333389282226,48.81999969482422,28.25333404541016,1.0,0
2021-12-16 22:00:00+00:00,0,0.0,0.0,0.0,22,3,0,608.0999755859375,27.801666259765625,57.28900146484375,48.77666854858398,27.979999542236328,1.0,0
2021-12-16 22:05:00+00:00,0,0.0,0.0,0.0,22,3,0,609.5999755859375,27.76766586303711,57.44133377075195,48.72999954223633,24.26666641235352,1.0,0
2021-12-16 22:10:00+00:00,0,0.0,0.0,0.0,22,3,0,613.8333129882812,27.89533424377441,57.42433166503906,48.67333221435547,24.20666694641113,1.0,0
2021-12-16 22:15:00+00:00,0,0.0,0.0,0.0,22,3,0,605.933349609375,27.97566604614257,58.5446662902832,49.15666580200195,32.473331451416016,1.0,0
2021-12-16 22:20:00+00:00,0,0.0,0.0,0.0,22,3,0,598.5333251953125,27.92099952697754,58.54833221435547,49.959999084472656,36.56999969482422,1.0,0
2021-12-16 22:25:00+00:00,0,0.0,0.0,0.0,22,3,0,592.4000244140625,27.930334091186523,58.0099983215332,49.6866683959961,36.03666687011719,1.0,0
2021-12-16 22:30:00+00:00,0,0.0,0.0,0.0,22,3,0,585.2999877929688,27.94733238220215,57.87033462524414,49.83666610717773,35.720001220703125,1.0,0
2021-12-16 22:35:00+00:00,0,0.0,0.0,0.0,22,3,0,576.5333251953125,27.92733383178711,57.81333160400391,50.13999938964844,34.2933349609375,1.0,0
2021-12-16 22:40:00+00:00,0,0.0,0.0,0.0,22,3,0,570.0370483398438,27.907777786254886,57.52555465698242,48.93703842163086,23.481481552124023,1.0,0
2021-12-16 22:45:00+00:00,0,0.0,0.0,0.0,22,3,0,557.8333129882811,27.89633369445801,57.62966537475586,48.79666519165039,23.54999923706055,1.0,0
2021-12-16 22:50:00+00:00,0,0.0,0.0,0.0,22,3,0,552.0999755859375,27.868667602539062,57.25066757202149,49.31666564941406,25.52666664123535,1.0,0
2021-12-16 22:55:00+00:00,0,0.0,0.0,0.0,22,3,0,549.1333618164061,27.89866638183593,56.9106674194336,49.99666595458984,25.803333282470703,1.0,0
2021-12-16 23:00:00+00:00,0,0.0,0.0,0.0,23,3,0,541.9000244140625,27.836000442504886,56.880332946777344,49.13000106811523,25.12666702270508,1.0,0
2021-12-16 23:05:00+00:00,0,0.0,0.0,0.0,23,3,0,537.7333374023439,27.943666458129886,56.3946647644043,49.356666564941406,28.790000915527344,1.0,0
2021-12-16 23:10:00+00:00,0,0.0,0.0,0.0,23,3,0,533.1333618164061,27.81433296203613,56.45299911499024,49.06000137329102,29.303333282470703,1.0,0
2021-12-16 23:15:00+00:00,0,0.0,0.0,0.0,23,3,0,534.0999755859375,27.809999465942383,56.6683349609375,49.21666717529297,33.933334350585945,1.0,0
2021-12-16 23:20:00+00:00,0,0.0,0.0,0.0,23,3,0,534.0999755859375,27.899333953857425,56.5543327331543,49.32666778564453,33.97666549682617,1.0,0
2021-12-16 23:25:00+00:00,0,0.0,0.0,0.0,23,3,0,542.6333618164061,27.854999542236328,57.3206672668457,48.98666763305664,26.31333351135254,1.0,0
2021-12-16 23:30:00+00:00,0,0.0,0.0,0.0,23,3,0,547.5714111328125,27.90357208251953,57.2364273071289,48.57143020629883,35.7928581237793,1.0,0
2021-12-16 23:35:00+00:00,0,0.0,0.0,0.0,23,3,0,553.2413940429689,27.88068962097168,56.93413925170898,48.77931213378906,36.00689697265625,1.0,0
2021-12-16 23:40:00+00:00,0,0.0,0.0,0.0,23,3,0,563.7000122070312,27.83266639709473,56.69066619873047,49.06666564941406,35.95000076293945,1.0,0
2021-12-16 23:45:00+00:00,0,0.0,0.0,0.0,23,3,0,571.4666748046875,27.82999992370605,56.33533477783203,48.76333236694336,35.483333587646484,1.0,0
2021-12-16 23:50:00+00:00,0,0.0,0.0,0.0,23,3,0,578.3666381835938,27.80699920654297,56.14866638183594,48.643333435058594,34.290000915527344,1.0,0
2021-12-16 23:55:00+00:00,0,0.0,0.0,0.0,23,3,0,585.5,27.81166648864746,55.88266754150391,48.46666717529297,34.38333511352539,1.0,0
2021-12-17 00:00:00+00:00,0,0.0,0.0,0.0,0,4,0,590.6666870117188,27.82366752624512,55.58633422851562,48.77000045776367,32.243331909179695,1.0,0
2021-12-17 00:05:00+00:00,0,0.0,0.0,0.0,0,4,0,590.7333374023438,27.86066627502441,55.25600051879883,48.7400016784668,28.70666694641113,1.0,0
2021-12-17 00:10:00+00:00,0,0.0,0.0,0.0,0,4,0,586.2666625976562,27.85033416748047,55.00266647338867,48.7400016784668,30.8700008392334,1.0,0
2021-12-17 00:15:00+00:00,0,0.0,0.0,0.0,0,4,0,583.7333374023438,27.917333602905277,54.54366683959961,48.64666748046875,29.953332901000977,1.0,0
2021-12-17 00:20:00+00:00,0,0.0,0.0,0.0,0,4,0,584.0,27.8679313659668,54.45724105834961,48.79655075073242,24.42413711547852,1.0,0
2021-12-17 00:25:00+00:00,0,0.0,0.0,0.0,0,4,0,580.3793334960938,27.778276443481445,54.472412109375,49.87931060791016,22.782758712768555,1.0,0
2021-12-17 00:30:00+00:00,0,0.0,0.0,0.0,0,4,0,574.0333251953125,27.50233268737793,55.47533416748047,48.78666687011719,16.963333129882812,1.0,0
2021-12-17 00:35:00+00:00,0,0.0,0.0,0.0,0,4,0,564.0999755859375,27.31100082397461,55.654335021972656,48.3466682434082,12.83666706085205,1.0,0
2021-12-17 00:40:00+00:00,0,0.0,0.0,0.0,0,4,0,554.9666748046875,27.207000732421875,55.66466522216797,48.643333435058594,14.576666831970217,1.0,0
2021-12-17 00:45:00+00:00,0,0.0,0.0,0.0,0,4,0,548.2666625976561,27.18266677856445,55.62866592407226,49.00666809082031,16.14666748046875,1.0,0
2021-12-17 00:50:00+00:00,0,0.0,0.0,0.0,0,4,0,545.566650390625,27.21866607666016,56.00833511352539,48.81000137329102,15.899999618530272,1.0,0
2021-12-17 00:55:00+00:00,0,0.0,0.0,0.0,0,4,0,535.433349609375,27.31666755676269,56.54533386230469,48.75333404541016,17.40333366394043,1.0,0
2021-12-17 01:00:00+00:00,0,0.0,0.0,0.0,1,4,0,529.9000244140625,27.461334228515625,56.93199920654297,49.70000076293945,14.899999618530272,1.0,0
2021-12-17 01:05:00+00:00,0,0.0,0.0,0.0,1,4,0,528.0333251953125,27.733999252319336,57.01266479492188,48.95000076293945,11.946666717529297,1.0,0
2021-12-17 01:10:00+00:00,0,0.0,0.0,0.0,1,4,0,517.2666625976561,27.7549991607666,57.89933395385742,49.16333389282226,9.770000457763672,1.0,0
2021-12-17 01:15:00+00:00,0,0.0,0.0,0.0,1,4,0,508.0,27.76035690307617,59.2442855834961,48.44285583496094,8.228571891784668,1.0,0
2021-12-17 01:20:00+00:00,0,0.0,0.0,0.0,1,4,0,505.2069091796875,27.7617244720459,60.11724090576172,48.48965454101562,5.827586174011231,1.0,0
2021-12-17 01:25:00+00:00,0,0.0,0.0,0.0,1,4,0,500.5,27.77966690063477,60.856666564941406,49.24333190917969,4.066666603088379,1.0,0
2021-12-17 01:30:00+00:00,0,0.0,0.0,0.0,1,4,0,496.8333435058594,27.685333251953125,62.1063346862793,50.606666564941406,16.036666870117188,1.0,0
2021-12-17 01:35:00+00:00,0,0.0,0.0,0.0,1,4,0,491.26666259765625,27.49333381652832,63.54733276367188,50.26666641235352,18.649999618530277,1.0,0
2021-12-17 01:40:00+00:00,0,0.0,0.0,0.0,1,4,0,488.26666259765625,27.58300018310547,64.39033508300781,49.74666595458984,10.453332901000977,1.0,0
2021-12-17 01:45:00+00:00,0,0.0,0.0,0.0,1,4,0,483.1666564941406,27.746999740600582,64.54833221435547,49.3033332824707,8.783333778381348,1.0,0
2021-12-17 01:50:00+00:00,0,0.0,0.0,0.0,1,4,0,482.5333251953125,27.7810001373291,64.18433380126953,48.98666763305664,7.493333339691162,1.0,0
2021-12-17 01:55:00+00:00,0,0.0,0.0,0.0,1,4,0,483.5333251953125,27.67200088500977,64.67833709716797,49.0099983215332,5.436666488647461,1.0,0
2021-12-17 02:00:00+00:00,0,0.0,0.0,0.0,2,4,0,482.3999938964844,27.707000732421875,64.65766906738281,48.66666793823242,3.026666641235352,1.0,0
2021-12-17 02:05:00+00:00,0,0.0,0.0,0.0,2,4,0,479.8214416503906,27.70892906188965,64.87285614013672,48.24642944335938,1.5964285135269165,1.0,0
2021-12-17 02:10:00+00:00,0,0.0,0.0,0.0,2,4,0,476.862060546875,27.66379356384277,65.17758941650389,48.62068939208984,0.3068965375423431,2.0,0
2021-12-17 02:15:00+00:00,0,0.0,0.0,0.0,2,4,0,478.6000061035156,27.656665802001957,65.55233001708984,48.59999847412109,0.0,1.0,0
2021-12-17 02:20:00+00:00,0,0.0,0.0,0.0,2,4,0,479.0666809082031,27.62066650390625,65.82233428955078,48.84333419799805,0.0,1.0,0
2021-12-17 02:25:00+00:00,0,0.0,0.0,0.0,2,4,0,476.4333190917969,27.69233322143555,65.79100036621094,49.03333282470703,0.0,1.0,0
2021-12-17 02:30:00+00:00,0,0.0,0.0,0.0,2,4,0,474.5,27.720666885375977,65.79833221435547,48.72666549682617,0.0,1.0,0
2021-12-17 02:35:00+00:00,0,0.0,0.0,0.0,2,4,0,471.3666687011719,27.70199966430664,66.09066772460939,48.73666763305664,0.0,1.0,0
2021-12-17 02:40:00+00:00,0,0.0,0.0,0.0,2,4,0,469.1666564941406,27.7189998626709,66.24800109863281,48.959999084472656,0.0,1.0,0
2021-12-17 02:45:00+00:00,0,0.0,0.0,0.0,2,4,0,469.9666748046875,27.74099922180176,66.31099700927734,49.18999862670898,0.0,1.0,0
2021-12-17 02:50:00+00:00,0,0.0,0.0,0.0,2,4,0,469.6333312988281,27.71166610717773,66.59266662597656,48.72999954223633,0.0,1.0,0
2021-12-17 02:55:00+00:00,0,0.0,0.0,0.0,2,4,0,471.2857055664063,27.70499992370605,66.73143005371094,48.61071395874024,0.0,1.0,0
2021-12-17 03:00:00+00:00,0,0.0,0.0,0.0,3,4,0,472.7999877929688,27.72400093078613,66.7030029296875,48.53666687011719,0.0,1.0,0
2021-12-17 03:05:00+00:00,0,0.0,0.0,0.0,3,4,0,470.3103332519531,27.76862144470215,66.59689331054689,48.3344841003418,0.0,3.0,0
2021-12-17 03:10:00+00:00,0,0.0,0.0,0.0,3,4,0,468.6333312988281,27.79100036621093,66.47433471679689,48.73333358764648,0.0,2.0,0
2021-12-17 03:15:00+00:00,0,0.0,0.0,0.0,3,4,0,470.7000122070313,27.781333923339844,66.70066833496094,48.67666625976562,0.0,1.0,0
2021-12-17 03:20:00+00:00,0,0.0,0.0,0.0,3,4,0,473.0666809082031,27.7983341217041,66.65032958984375,48.5,0.0,1.0,0
2021-12-17 03:25:00+00:00,0,0.0,0.0,0.0,3,4,0,470.5333251953125,27.836334228515625,66.59833526611328,48.51666641235352,0.0,1.0,0
2021-12-17 03:30:00+00:00,0,0.0,0.0,0.0,3,4,0,470.3999938964844,27.82266616821289,66.78733062744139,48.68333435058594,0.0,1.0,0
2021-12-17 03:35:00+00:00,0,0.0,0.0,0.0,3,4,0,466.3666687011719,27.77133369445801,67.31833648681639,48.9366683959961,0.0,1.0,0
2021-12-17 03:40:00+00:00,0,0.0,0.0,0.0,3,4,0,465.5333251953125,27.80766677856445,67.11033630371094,48.88000106811523,0.0,1.0,0
2021-12-17 03:45:00+00:00,0,0.0,0.0,0.0,3,4,0,465.26666259765625,27.886999130249023,66.84866333007811,48.356666564941406,0.0,1.0,0
2021-12-17 03:50:00+00:00,0,0.0,0.0,0.0,3,4,0,468.1785583496094,27.941070556640625,66.79856872558594,48.26071548461914,0.0,1.0,0
2021-12-17 03:55:00+00:00,0,0.0,0.0,0.0,3,4,0,465.82757568359375,27.86137962341309,67.60103607177734,48.66206741333008,0.0,1.0,0
2021-12-17 04:00:00+00:00,0,0.0,0.0,0.0,4,4,0,463.4666748046875,27.815000534057614,68.10199737548828,47.93000030517578,0.0,1.0,0
2021-12-17 04:05:00+00:00,0,0.0,0.0,0.0,4,4,0,460.6000061035156,27.804332733154297,68.1546630859375,48.38666534423828,0.0,1.0,0
2021-12-17 04:10:00+00:00,0,0.0,0.0,0.0,4,4,0,460.5333251953125,27.80466651916504,68.30599975585939,48.45000076293945,0.0,1.0,0
2021-12-17 04:15:00+00:00,0,0.0,0.0,0.0,4,4,0,461.6000061035156,27.81966590881348,68.15733337402344,47.95333480834961,0.0,1.0,0
2021-12-17 04:20:00+00:00,0,0.0,0.0,0.0,4,4,0,462.1000061035156,27.875333786010746,67.92066955566406,47.83333206176758,0.0,1.0,0
2021-12-17 04:25:00+00:00,0,0.0,0.0,0.0,4,4,0,459.5,27.82600021362305,68.56566619873047,48.040000915527344,0.0,1.0,0
2021-12-17 04:30:00+00:00,0,0.0,0.0,0.0,4,4,0,460.0333251953125,27.795000076293945,68.63999938964844,48.143333435058594,0.0,1.0,0
2021-12-17 04:35:00+00:00,0,0.0,0.0,0.0,4,4,0,461.23333740234375,27.81266593933105,68.44766998291016,48.41999816894531,0.0,1.0,0
2021-12-17 04:40:00+00:00,0,0.0,0.0,0.0,4,4,0,462.3928527832031,27.838571548461918,68.66035461425781,47.60357284545898,0.0,1.0,0
2021-12-17 04:45:00+00:00,0,0.0,0.0,0.0,4,4,0,460.4333190917969,27.756999969482425,69.53399658203125,48.25666809082031,0.0,1.0,0
2021-12-17 04:50:00+00:00,0,0.0,0.0,0.0,4,4,0,456.2413940429688,27.71206855773925,70.42103576660156,47.865516662597656,0.0,1.0,0
2021-12-17 04:55:00+00:00,0,0.0,0.0,0.0,4,4,0,456.3666687011719,27.65399932861328,71.07333374023438,47.9000015258789,0.0,1.0,0
2021-12-17 05:00:00+00:00,0,0.0,0.0,0.0,5,4,0,455.2999877929688,27.68099975585937,71.10133361816406,47.79999923706055,0.0,1.0,0
2021-12-17 05:05:00+00:00,0,0.0,0.0,0.0,5,4,0,457.6666564941406,27.67499923706055,71.14433288574219,48.12666702270508,0.0,1.0,0
2021-12-17 05:10:00+00:00,0,0.0,0.0,0.0,5,4,0,454.1333312988281,27.65333366394043,71.71399688720703,47.92666625976562,0.0,1.0,0
2021-12-17 05:15:00+00:00,0,0.0,0.0,0.0,5,4,0,452.1666564941406,27.726999282836918,71.49800109863281,48.00333404541016,0.0,1.0,0
2021-12-17 05:20:00+00:00,0,0.0,0.0,0.0,5,4,0,455.1333312988281,27.67799949645996,72.08833312988281,47.90999984741211,0.0,1.0,0
2021-12-17 05:25:00+00:00,0,0.0,0.0,0.0,5,4,0,456.3225708007813,27.73354911804199,72.2454833984375,47.94515991210938,0.0,2.0,0
2021-12-17 05:30:00+00:00,0,0.0,0.0,0.0,5,4,0,452.3571472167969,27.71500015258789,72.82643127441406,47.76071548461914,0.0,2.0,0
2021-12-17 05:35:00+00:00,0,0.0,0.0,0.0,5,4,0,446.5666809082031,27.83166694641113,72.62433624267578,48.25333404541016,0.0,2.0,0
2021-12-17 05:40:00+00:00,0,0.0,0.0,0.0,5,4,0,445.0689697265625,27.9034481048584,72.95793151855469,48.18275833129883,0.0,2.0,0
2021-12-17 05:45:00+00:00,0,0.0,0.0,0.0,5,4,0,445.4666748046875,27.96733283996582,73.10433197021484,48.1500015258789,0.0,2.0,0
2021-12-17 05:50:00+00:00,0,0.0,0.0,0.0,5,4,0,444.7000122070313,27.87666702270508,73.67833709716797,48.14666748046875,0.0,2.0,0
2021-12-17 05:55:00+00:00,0,0.0,0.0,0.0,5,4,0,445.1333312988281,27.983999252319336,73.65066528320312,48.15999984741211,0.0,2.0,0
2021-12-17 06:00:00+00:00,0,0.0,0.0,0.0,6,4,0,442.6000061035156,28.01566696166992,73.68299865722656,48.19333267211914,0.0,1.0,0
2021-12-17 06:05:00+00:00,0,0.0,0.0,0.0,6,4,0,444.9333190917969,27.922332763671875,74.26066589355469,47.82333374023438,0.0,2.0,0
2021-12-17 06:10:00+00:00,0,0.0,0.0,0.0,6,4,0,443.0,27.895999908447266,74.65166473388672,47.83000183105469,0.0,2.0,0
2021-12-17 06:15:00+00:00,0,0.0,0.0,0.0,6,4,0,446.4333190917969,27.91033363342285,74.57566833496094,47.73666763305664,0.0,2.0,0
2021-12-17 06:20:00+00:00,0,0.0,0.0,0.0,6,4,0,451.23333740234375,27.95633316040039,74.47833251953125,47.78333282470703,0.0,2.0,0
2021-12-17 06:25:00+00:00,0,0.0,0.0,0.0,6,4,0,451.4285583496094,27.89642906188965,74.67285919189453,47.43928527832031,0.0,2.0,0
2021-12-17 06:30:00+00:00,0,0.0,0.0,0.0,6,4,0,449.0344848632813,27.852413177490234,74.78448486328125,47.58965682983398,0.0,1.0,0
2021-12-17 06:35:00+00:00,0,0.0,0.0,0.0,6,4,0,452.6666564941406,27.915666580200195,74.5683364868164,48.16333389282226,0.0,1.0,0
2021-12-17 06:40:00+00:00,0,0.0,0.0,0.0,6,4,0,448.6000061035156,27.898332595825195,74.51933288574219,47.9466667175293,0.0,1.0,0
2021-12-17 06:45:00+00:00,0,0.0,0.0,0.0,6,4,0,450.7000122070313,27.94166755676269,74.3239974975586,47.72333145141602,0.0,1.0,0
2021-12-17 06:50:00+00:00,0,0.0,0.0,0.0,6,4,0,451.3666687011719,27.93433380126953,74.34967041015625,47.77333450317383,0.0,3.0,0
2021-12-17 06:55:00+00:00,0,0.0,0.0,0.0,6,4,0,449.8333435058594,27.915666580200195,74.42900085449219,47.95000076293945,0.0,1.0,0
2021-12-17 07:00:00+00:00,0,0.0,0.0,0.0,7,4,0,446.5666809082031,27.87700080871582,74.52633666992188,47.65999984741211,0.0,1.0,0
2021-12-17 07:05:00+00:00,0,0.0,0.0,0.0,7,4,0,446.3666687011719,27.83766746520996,74.62899780273438,47.71666717529297,0.0,1.0,0
2021-12-17 07:10:00+00:00,0,0.0,0.0,0.0,7,4,0,450.2999877929688,27.893999099731445,74.38666534423828,47.38666534423828,0.0,1.0,0
2021-12-17 07:15:00+00:00,0,0.0,0.0,0.0,7,4,0,450.5714416503906,27.87928581237793,74.4767837524414,47.23214340209961,0.0,1.0,0
2021-12-17 07:20:00+00:00,0,0.0,0.0,0.0,7,4,0,449.3999938964844,27.79999923706055,74.75333404541016,47.70333480834961,0.0,1.0,0
2021-12-17 07:25:00+00:00,0,0.0,0.0,0.0,7,4,0,448.7241516113281,27.86861991882324,74.5079345703125,47.606895446777344,0.0,1.0,0
2021-12-17 07:30:00+00:00,0,0.0,0.0,0.0,7,4,0,445.1666564941406,27.871665954589844,74.57233428955078,47.36000061035156,0.0,1.0,0
2021-12-17 07:35:00+00:00,0,0.0,0.0,0.0,7,4,0,448.6666564941406,27.803333282470703,74.73433685302734,47.54999923706055,0.0,1.0,0
2021-12-17 07:40:00+00:00,0,0.0,0.0,0.0,7,4,0,449.8666687011719,27.76533317565918,74.95800018310547,47.45000076293945,0.0,1.0,0
2021-12-17 07:45:00+00:00,0,0.0,0.0,0.0,7,4,0,447.0,27.801666259765625,74.875,47.43333435058594,0.0,1.0,0
2021-12-17 07:50:00+00:00,0,0.0,0.0,0.0,7,4,0,447.1333312988281,27.80866622924805,74.82966613769531,47.459999084472656,0.0,1.0,0
2021-12-17 07:55:00+00:00,0,0.0,0.0,0.0,7,4,0,447.26666259765625,27.773332595825195,74.92766571044922,47.15999984741211,0.0,1.0,0
2021-12-17 08:00:00+00:00,0,0.0,0.0,0.0,8,4,0,446.6333312988281,27.836000442504886,74.78299713134766,47.07333374023438,0.0,1.0,0
2021-12-17 08:05:00+00:00,0,0.0,0.0,0.0,8,4,0,445.5714416503906,27.854999542236328,74.84857177734375,46.96785736083984,0.0,1.0,0
2021-12-17 08:10:00+00:00,0,0.0,0.0,0.0,8,4,0,446.5666809082031,27.875667572021484,74.93233489990234,47.45333480834961,0.0,1.0,0
2021-12-17 08:15:00+00:00,0,0.0,0.0,0.0,8,4,0,446.2758483886719,27.91689682006836,74.83930969238281,47.26551818847656,0.0,1.0,0
2021-12-17 08:20:00+00:00,0,0.0,0.0,0.0,8,4,0,447.4333190917969,27.90399932861328,74.9193344116211,47.16666793823242,0.0,1.0,0
2021-12-17 08:25:00+00:00,0,0.0,0.0,0.0,8,4,0,449.4333190917969,27.82866668701172,75.20700073242188,47.26666641235352,0.0,1.0,0
2021-12-17 08:30:00+00:00,0,0.0,0.0,0.0,8,4,0,445.8333435058594,27.827333450317383,75.24199676513672,47.27000045776367,0.0,1.0,0
2021-12-17 08:35:00+00:00,0,0.0,0.0,0.0,8,4,0,448.26666259765625,27.91266632080078,75.0163345336914,47.09999847412109,0.0,1.0,0
2021-12-17 08:40:00+00:00,0,0.0,0.0,0.0,8,4,0,446.3666687011719,27.88733291625977,75.12232971191406,47.16666793823242,0.0,1.0,0
2021-12-17 08:45:00+00:00,0,0.0,0.0,0.0,8,4,0,445.73333740234375,27.886667251586918,75.13166809082031,46.9366683959961,0.0,1.0,0
2021-12-17 08:50:00+00:00,0,0.0,0.0,0.0,8,4,0,445.23333740234375,27.87400054931641,75.18367004394531,47.07666778564453,0.0,1.0,0
2021-12-17 08:55:00+00:00,0,0.0,0.0,0.0,8,4,0,445.3571472167969,27.94178581237793,75.08928680419922,47.17142868041992,0.0,1.0,0
2021-12-17 09:00:00+00:00,0,0.0,0.0,0.0,9,4,0,442.7000122070313,27.921667098999023,75.14167022705078,46.959999084472656,0.0,1.0,0
2021-12-17 09:05:00+00:00,0,0.0,0.0,0.0,9,4,0,445.8666687011719,27.87700080871582,75.22000122070312,47.25,0.0,1.0,0
2021-12-17 09:10:00+00:00,0,0.0,0.0,0.0,9,4,0,445.0,27.843448638916016,75.38275909423828,47.32413864135742,0.0,1.0,0
2021-12-17 09:15:00+00:00,0,0.0,0.0,0.0,9,4,0,445.9333190917969,27.900333404541016,75.2300033569336,47.2066650390625,0.0,1.0,0
2021-12-17 09:20:00+00:00,0,0.0,0.0,0.0,9,4,0,446.4666748046875,27.92533302307129,75.1883316040039,47.209999084472656,0.0,1.0,0
2021-12-17 09:25:00+00:00,0,0.0,0.0,0.0,9,4,0,442.4333190917969,27.90399932861328,75.25433349609375,47.16666793823242,0.0,1.0,0
2021-12-17 09:30:00+00:00,0,0.0,0.0,0.0,9,4,0,442.3333435058594,27.87733268737793,75.33433532714844,47.14666748046875,0.0,1.0,0
2021-12-17 09:35:00+00:00,0,0.0,0.0,0.0,9,4,0,441.76666259765625,27.78233337402344,75.53966522216797,46.92666625976562,0.0,1.0,0
2021-12-17 09:40:00+00:00,0,0.0,0.0,0.0,9,4,0,437.8333435058594,27.838666915893555,75.48666381835938,46.98333358764648,0.0,1.0,0
2021-12-17 09:45:00+00:00,0,0.0,0.0,0.0,9,4,0,445.23333740234375,27.900333404541016,75.37000274658203,46.98666763305664,0.0,1.0,0
2021-12-17 09:50:00+00:00,0,0.0,0.0,0.0,9,4,0,445.1071472167969,27.854999542236328,75.54750061035156,46.80356979370117,0.0,1.0,0
2021-12-17 09:55:00+00:00,0,0.0,0.0,0.0,9,4,0,442.7999877929688,27.82333374023437,75.62433624267578,46.97666549682617,0.0,1.0,0
2021-12-17 10:00:00+00:00,0,0.0,0.0,0.0,10,4,0,441.89654541015625,27.87793159484864,75.53069305419922,46.92413711547852,0.0,1.0,0
2021-12-17 10:05:00+00:00,0,0.0,0.0,0.0,10,4,0,441.6666564941406,27.88766670227051,75.66600036621094,47.13666534423828,0.0,1.0,0
2021-12-17 10:10:00+00:00,0,0.0,0.0,0.0,10,4,0,439.3999938964844,27.82699966430664,75.77666473388672,47.07666778564453,0.0,1.0,0
2021-12-17 10:15:00+00:00,0,0.0,0.0,0.0,10,4,0,443.0,27.78700065612793,75.89366912841797,47.07666778564453,0.0,1.0,0
2021-12-17 10:20:00+00:00,0,0.0,0.0,0.0,10,4,0,444.1666564941406,27.86100006103516,75.78966522216797,46.9366683959961,0.0,1.0,0
2021-12-17 10:25:00+00:00,0,0.0,0.0,0.0,10,4,0,444.4333190917969,27.8439998626709,75.80799865722656,46.98666763305664,0.0,1.0,0
2021-12-17 10:30:00+00:00,0,0.0,0.0,0.0,10,4,0,445.2999877929688,27.794666290283203,76.02899932861328,46.88000106811523,0.0,1.0,0
2021-12-17 10:35:00+00:00,0,0.0,0.0,0.0,10,4,0,440.1333312988281,27.82099914550781,75.98699951171875,47.00666809082031,0.0,1.0,0
2021-12-17 10:40:00+00:00,0,0.0,0.0,0.0,10,4,0,438.0357055664063,27.79964256286621,76.0346450805664,47.0428581237793,0.0,1.0,0
2021-12-17 10:45:00+00:00,0,0.0,0.0,0.0,10,4,0,438.8999938964844,27.77133369445801,76.13333129882812,47.00666809082031,0.0,1.0,0
2021-12-17 10:50:00+00:00,0,0.0,0.0,0.0,10,4,0,440.6000061035156,27.83466720581055,75.98666381835938,47.040000915527344,0.0,1.0,0
2021-12-17 10:55:00+00:00,0,0.0,0.0,0.0,10,4,0,440.4137878417969,27.943449020385746,75.66034698486328,47.04137802124024,0.0,1.0,0
2021-12-17 11:00:00+00:00,0,0.0,0.0,0.0,11,4,0,438.76666259765625,27.895999908447266,75.8219985961914,47.0966682434082,0.0,1.0,0
2021-12-17 11:05:00+00:00,0,0.0,0.0,0.0,11,4,0,442.1666564941406,27.928667068481445,75.76166534423828,47.06000137329102,0.0,1.0,0
2021-12-17 11:10:00+00:00,0,0.0,0.0,0.0,11,4,0,442.5,27.87433242797852,75.95500183105469,47.22000122070313,0.0,1.0,0
2021-12-17 11:15:00+00:00,0,0.0,0.0,0.0,11,4,0,443.9666748046875,27.836334228515625,76.07633209228516,47.29999923706055,0.0,1.0,0
2021-12-17 11:20:00+00:00,0,0.0,0.0,0.0,11,4,0,441.8666687011719,27.87400054931641,76.05266571044922,46.9366683959961,0.0,1.0,0
2021-12-17 11:25:00+00:00,0,0.0,0.0,0.0,11,4,0,436.76666259765625,27.857999801635746,76.1173324584961,47.23666763305664,0.0,1.0,0
2021-12-17 11:30:00+00:00,0,0.0,0.0,0.0,11,4,0,437.25,27.83142852783203,76.2346420288086,46.84999847412109,0.0,1.0,0
2021-12-17 11:35:00+00:00,0,0.0,0.0,0.0,11,4,0,436.6000061035156,27.84033393859864,76.16600036621094,47.02000045776367,0.0,1.0,0
2021-12-17 11:40:00+00:00,0,0.0,0.0,0.0,11,4,0,437.0333251953125,27.851999282836918,76.1586685180664,46.93000030517578,0.0,1.0,0
2021-12-17 11:45:00+00:00,0,0.0,0.0,0.0,11,4,0,441.0,27.85000038146973,76.26551818847656,47.08620834350586,0.0,1.0,0
2021-12-17 11:50:00+00:00,0,0.0,0.0,0.0,11,4,0,440.6333312988281,27.87266731262207,76.20133209228516,46.92666625976562,0.0,1.0,0
2021-12-17 11:55:00+00:00,0,0.0,0.0,0.0,11,4,0,441.0333251953125,27.92466735839844,76.072998046875,46.96666717529297,0.0,1.0,0
2021-12-17 12:00:00+00:00,0,0.0,0.0,0.0,12,4,0,438.1666564941406,27.922332763671875,76.0616683959961,47.3033332824707,0.0,1.0,0
2021-12-17 12:05:00+00:00,0,0.0,0.0,0.0,12,4,0,439.1333312988281,27.91166687011719,76.1336669921875,47.23666763305664,0.0,1.0,0
2021-12-17 12:10:00+00:00,0,0.0,0.0,0.0,12,4,0,438.7000122070313,27.93400001525879,76.10266876220703,47.1500015258789,0.0,1.0,0
2021-12-17 12:15:00+00:00,0,0.0,0.0,0.0,12,4,0,441.76666259765625,27.87899971008301,76.34066772460938,47.17333221435547,0.0,1.0,0
2021-12-17 12:20:00+00:00,0,0.0,0.0,0.0,12,4,0,442.73333740234375,27.858999252319336,76.38333129882812,46.92333221435547,0.0,1.0,0
2021-12-17 12:25:00+00:00,0,0.0,0.0,0.0,12,4,0,440.7857055664063,27.874643325805664,76.37393188476562,46.76428604125977,0.0,1.0,0
2021-12-17 12:30:00+00:00,0,0.0,0.0,0.0,12,4,0,440.0333251953125,27.864665985107425,76.38400268554688,47.11999893188477,0.0,1.0,0
2021-12-17 12:35:00+00:00,0,0.0,0.0,0.0,12,4,0,440.7999877929688,27.87333297729492,76.40333557128906,47.06333160400391,0.0,1.0,0
2021-12-17 12:40:00+00:00,0,0.0,0.0,0.0,12,4,0,439.3103332519531,27.85793113708496,76.4858627319336,47.12068939208984,0.0,1.0,0
2021-12-17 12:45:00+00:00,0,0.0,0.0,0.0,12,4,0,437.76666259765625,27.85666656494141,76.48833465576172,47.41666793823242,0.0,1.0,0
2021-12-17 12:50:00+00:00,0,0.0,0.0,0.0,12,4,0,438.7999877929688,27.91866683959961,76.30266571044922,47.25333404541016,0.0,1.0,0
2021-12-17 12:55:00+00:00,0,0.0,0.0,0.0,12,4,0,441.4666748046875,27.94333267211914,76.22433471679688,47.35333251953125,0.0,1.0,0
2021-12-17 13:00:00+00:00,0,0.0,0.0,0.0,13,4,0,441.8333435058594,27.94333267211914,76.2663345336914,47.15666580200195,0.0,1.0,0
2021-12-17 13:05:00+00:00,0,0.0,0.0,0.0,13,4,0,441.7000122070313,27.94599914550781,76.30000305175781,47.5533332824707,0.0,1.0,0
2021-12-17 13:10:00+00:00,0,0.0,0.0,0.0,13,4,0,441.5666809082031,27.96633338928223,76.25533294677734,47.4033317565918,0.0,1.0,0
2021-12-17 13:15:00+00:00,0,0.0,0.0,0.0,13,4,0,438.71429443359375,27.92607116699219,76.45214080810547,47.14285659790039,0.0,1.0,0
2021-12-17 13:20:00+00:00,0,0.0,0.0,0.0,13,4,0,438.6333312988281,27.926332473754886,76.55733489990234,47.2400016784668,0.0,1.0,0
2021-12-17 13:25:00+00:00,0,0.0,0.0,0.0,13,4,0,440.6333312988281,27.972665786743164,76.51366424560547,47.18000030517578,0.0,1.0,0
2021-12-17 13:30:00+00:00,0,0.0,0.0,0.0,13,4,0,440.4827575683594,27.95827674865723,76.56827545166016,47.50344848632813,0.0,1.0,0
2021-12-17 13:35:00+00:00,0,0.0,0.0,0.0,13,4,0,442.7000122070313,27.99066734313965,76.5076675415039,48.06333160400391,0.0,1.0,0
2021-12-17 13:40:00+00:00,0,0.0,0.0,0.0,13,4,0,436.76666259765625,27.982666015625,76.6086654663086,47.56666564941406,0.0,1.0,0
2021-12-17 13:45:00+00:00,0,0.0,0.0,0.0,13,4,0,435.3666687011719,27.950666427612305,76.72433471679688,47.26666641235352,0.0,1.0,0
2021-12-17 13:50:00+00:00,0,0.0,0.0,0.0,13,4,0,434.76666259765625,27.965665817260746,76.7249984741211,47.62666702270508,0.0,1.0,0
2021-12-17 13:55:00+00:00,0,0.0,0.0,0.0,13,4,0,436.1333312988281,28.01533317565918,76.5270004272461,47.37333297729492,0.0,1.0,0
2021-12-19 18:00:00+00:00,0,0.0,0.0,0.0,18,6,1,465.76666259765625,27.94700050354004,59.54066848754883,49.26333236694336,16.736665725708008,1.0,0
2021-12-19 18:05:00+00:00,0,0.0,0.0,0.0,18,6,1,464.8999938964844,27.91933250427246,59.24200057983398,48.13000106811523,17.920000076293945,1.0,0
2021-12-19 18:10:00+00:00,0,0.0,0.0,0.0,18,6,1,463.26666259765625,28.04133415222168,58.58399963378906,48.856666564941406,19.21333312988281,1.0,0
2021-12-19 18:15:00+00:00,0,0.0,0.0,0.0,18,6,1,465.76666259765625,28.20000076293945,57.68766784667969,48.67666625976562,21.059999465942383,1.0,0
2021-12-19 18:20:00+00:00,0,0.0,0.0,0.0,18,6,1,468.1000061035156,28.139667510986328,57.35400009155274,48.45000076293945,23.01666641235352,1.0,0
2021-12-19 18:25:00+00:00,0,0.0,0.0,0.0,18,6,1,470.5666809082031,28.13466644287109,57.033668518066406,48.36333465576172,24.803333282470703,1.0,0
2021-12-19 18:30:00+00:00,0,0.0,0.0,0.0,18,6,1,473.3928527832031,28.09000015258789,56.82607269287109,48.28928756713867,25.92142868041992,1.0,0
2021-12-19 18:35:00+00:00,0,0.0,0.0,0.0,18,6,1,471.1666564941406,28.02866744995117,56.68733215332031,48.65666580200195,26.8266658782959,1.0,0
2021-12-19 18:40:00+00:00,0,0.0,0.0,0.0,18,6,1,470.9666748046875,28.01000022888184,56.44733428955078,48.88666534423828,27.28000068664551,1.0,0
2021-12-19 18:45:00+00:00,0,0.0,0.0,0.0,18,6,1,469.3448181152344,28.02448272705078,56.13999938964844,48.858619689941406,27.85172462463379,1.0,0
2021-12-19 18:50:00+00:00,0,0.0,0.0,0.0,18,6,1,471.23333740234375,28.00466728210449,55.94200134277344,48.7933349609375,29.64666748046875,1.0,0
2021-12-19 18:55:00+00:00,0,0.0,0.0,0.0,18,6,1,472.2000122070313,27.98900032043457,55.7216682434082,48.33666610717773,36.276668548583984,1.0,0
2021-12-19 19:00:00+00:00,0,0.0,0.0,0.0,19,6,1,470.5333251953125,27.96466636657715,55.45000076293945,48.72000122070313,36.413333892822266,1.0,0
2021-12-19 19:05:00+00:00,0,0.0,0.0,0.0,19,6,1,475.6000061035156,27.98033332824707,55.12066650390625,48.4566650390625,37.5099983215332,1.0,0
2021-12-19 19:10:00+00:00,0,0.0,0.0,0.0,19,6,1,478.8333435058594,27.906333923339844,55.07566833496094,48.48666763305664,37.176666259765625,1.0,0
2021-12-19 19:15:00+00:00,0,0.0,0.0,0.0,19,6,1,487.0666809082031,27.87100028991699,54.9726676940918,48.22333145141602,36.900001525878906,1.0,0
2021-12-19 19:20:00+00:00,0,0.0,0.0,0.0,19,6,1,494.2857055664063,27.86321449279785,54.790000915527344,48.38214111328125,36.73571395874024,1.0,0
2021-12-19 19:25:00+00:00,0,0.0,0.0,0.0,19,6,1,500.26666259765625,27.90699958801269,54.52066802978516,48.71666717529297,38.0,1.0,0
2021-12-19 19:30:00+00:00,0,0.0,0.0,0.0,19,6,1,512.5333251953125,27.92499923706055,54.29899978637695,48.52666854858398,36.87333297729492,1.0,0
2021-12-19 19:35:00+00:00,0,0.0,0.0,0.0,19,6,1,522.7999877929689,27.82500076293945,54.39099884033203,48.3466682434082,36.06999969482422,1.0,0
2021-12-19 19:40:00+00:00,0,0.0,0.0,0.0,19,6,1,531.7586059570311,27.84965515136719,54.28689575195313,48.49655151367188,35.07241439819336,1.0,0
2021-12-19 19:45:00+00:00,0,0.0,0.0,0.0,19,6,1,539.2999877929689,27.87266731262207,54.0706672668457,48.36999893188477,37.24333190917969,1.0,0
2021-12-19 19:50:00+00:00,0,0.0,0.0,0.0,19,6,1,543.4000244140625,27.83733367919922,54.02466583251953,48.68999862670898,35.86999893188477,1.0,0
2021-12-19 19:55:00+00:00,0,0.0,0.0,0.0,19,6,1,549.2999877929689,27.889333724975582,53.69766616821289,48.70333480834961,34.88666534423828,1.0,0
2021-12-19 20:00:00+00:00,0,0.0,0.0,0.0,20,6,1,555.7999877929689,27.89900016784668,53.68600082397461,48.6533317565918,33.34999847412109,1.0,0
2021-12-19 20:05:00+00:00,0,0.0,0.0,0.0,20,6,1,560.1666870117189,27.91533279418945,53.3390007019043,48.6533317565918,33.2933349609375,1.0,0
2021-12-19 20:10:00+00:00,0,0.0,0.0,0.0,20,6,1,562.2857055664061,28.000713348388672,52.87857055664063,48.32500076293945,32.74285888671875,1.0,0
2021-12-19 20:15:00+00:00,0,0.0,0.0,0.0,20,6,1,560.0333251953125,28.02833366394043,52.56700134277344,48.54999923706055,32.493331909179695,1.0,0
2021-12-19 20:20:00+00:00,0,0.0,0.0,0.0,20,6,1,553.5333251953125,28.066999435424805,52.25466537475586,48.52999877929688,30.65999984741211,1.0,0
2021-12-19 20:25:00+00:00,0,0.0,0.0,0.0,20,6,1,547.6333618164061,28.05066680908203,52.07799911499024,48.36333465576172,32.813331604003906,1.0,0
2021-12-19 20:30:00+00:00,0,0.0,0.0,0.0,20,6,1,537.586181640625,28.04448318481445,51.95379257202149,48.56551742553711,28.079309463500977,1.0,0
2021-12-19 20:35:00+00:00,0,0.0,0.0,0.0,20,6,1,533.066650390625,28.00666618347168,51.94433212280274,48.790000915527344,28.78000068664551,1.0,0
2021-12-19 20:40:00+00:00,0,0.0,0.0,0.0,20,6,1,532.066650390625,27.979999542236328,51.89199829101562,48.99666595458984,30.420000076293945,1.0,0
2021-12-19 20:45:00+00:00,0,0.0,0.0,0.0,20,6,1,527.933349609375,27.99333381652832,51.73866653442383,48.81666564941406,33.37333297729492,1.0,0
2021-12-19 20:50:00+00:00,0,0.0,0.0,0.0,20,6,1,524.8333129882811,28.107999801635746,51.32033157348633,48.88000106811523,33.5433349609375,1.0,0
2021-12-19 20:55:00+00:00,0,0.0,0.0,0.0,20,6,1,523.2666625976561,28.12133407592773,51.1783332824707,48.84999847412109,33.20333480834961,1.0,0
2021-12-19 21:00:00+00:00,0,0.0,0.0,0.0,21,6,1,518.3793334960939,28.098276138305664,51.04896545410156,48.68620681762695,32.017242431640625,1.0,0
2021-12-19 21:05:00+00:00,0,0.0,0.0,0.0,21,6,1,509.9655151367188,28.01689720153809,51.21344757080078,48.70344924926758,31.25862121582031,1.0,0
2021-12-19 21:10:00+00:00,0,0.0,0.0,0.0,21,6,1,513.0,28.01766586303711,51.11133193969727,48.87333297729492,31.11000061035156,1.0,0
2021-12-19 21:15:00+00:00,0,0.0,0.0,0.0,21,6,1,516.1666870117189,28.01966667175293,51.04800033569336,48.72000122070313,30.04333305358887,1.0,0
2021-12-19 21:20:00+00:00,0,0.0,0.0,0.0,21,6,1,525.066650390625,28.007999420166016,51.06733322143555,48.72333145141602,31.959999084472656,1.0,0
2021-12-19 21:25:00+00:00,0,0.0,0.0,0.0,21,6,1,529.8965454101561,27.989999771118164,51.16103363037109,48.96207046508789,33.16206741333008,1.0,0
2021-12-19 21:30:00+00:00,0,0.0,0.0,0.0,21,6,1,534.5333251953125,27.97933387756348,51.22366714477539,48.92666625976562,29.01333427429199,1.0,0
2021-12-19 21:35:00+00:00,0,0.0,0.0,0.0,21,6,1,543.2333374023439,27.99799919128418,51.14199829101562,48.49333190917969,25.84000015258789,1.0,0
2021-12-19 21:40:00+00:00,0,0.0,0.0,0.0,21,6,1,548.2999877929689,28.000333786010746,51.07366561889648,49.0966682434082,23.75333404541016,1.0,0
2021-12-19 21:45:00+00:00,0,0.0,0.0,0.0,21,6,1,561.566650390625,28.01799964904785,50.9183349609375,48.9033317565918,21.34666633605957,1.0,0
2021-12-19 21:50:00+00:00,0,0.0,0.0,0.0,21,6,1,566.066650390625,28.04199981689453,50.77999877929688,48.58333206176758,21.44333267211914,1.0,0
2021-12-19 21:55:00+00:00,0,0.0,0.0,0.0,21,6,1,570.5714111328125,28.012142181396484,50.7985725402832,48.59999847412109,21.22142791748047,1.0,0
2021-12-19 22:00:00+00:00,0,0.0,0.0,0.0,22,6,1,569.566650390625,28.068666458129886,50.51333236694336,48.54666519165039,21.18666648864746,1.0,0
2021-12-19 22:05:00+00:00,0,0.0,0.0,0.0,22,6,1,571.4666748046875,28.05400085449219,50.41866683959961,48.65999984741211,21.676666259765625,1.0,0
2021-12-19 22:10:00+00:00,0,0.0,0.0,0.0,22,6,1,572.4000244140625,28.065000534057614,50.19499969482422,48.87666702270508,23.44333267211914,1.0,0
2021-12-19 22:15:00+00:00,0,0.0,0.0,0.0,22,6,1,567.137939453125,28.04655265808105,50.13034439086914,48.71724319458008,24.620689392089844,1.0,0
2021-12-19 22:20:00+00:00,0,0.0,0.0,0.0,22,6,1,561.7333374023439,28.0049991607666,50.11000061035156,48.52666854858398,26.3700008392334,1.0,0
2021-12-19 22:25:00+00:00,0,0.0,0.0,0.0,22,6,1,554.433349609375,27.99900054931641,50.05466842651367,48.84999847412109,26.899999618530277,1.0,0
2021-12-19 22:30:00+00:00,0,0.0,0.0,0.0,22,6,1,544.0333251953125,28.07333374023437,49.80733489990234,48.75,25.979999542236328,1.0,0
2021-12-19 22:35:00+00:00,0,0.0,0.0,0.0,22,6,1,535.3666381835939,28.04700088500977,49.7686653137207,48.49666595458984,26.93000030517578,1.0,0
2021-12-19 22:40:00+00:00,0,0.0,0.0,0.0,22,6,1,531.1333618164061,28.01766586303711,49.71966552734375,48.86000061035156,27.85666656494141,1.0,0
2021-12-19 22:45:00+00:00,0,0.0,0.0,0.0,22,6,1,523.4000244140625,27.96533393859864,49.74733352661133,48.63999938964844,26.76000022888184,1.0,0
2021-12-19 22:50:00+00:00,0,0.0,0.0,0.0,22,6,1,523.4000244140625,27.96533393859864,49.74733352661133,48.63999938964844,26.76000022888184,1.0,0
2021-12-19 22:55:00+00:00,0,0.0,0.0,0.0,22,6,1,523.4000244140625,27.96533393859864,49.74733352661133,48.63999938964844,26.76000022888184,1.0,0
2021-12-19 23:00:00+00:00,0,0.0,0.0,0.0,23,6,1,523.4000244140625,27.96533393859864,49.74733352661133,48.63999938964844,26.76000022888184,1.0,0
2021-12-19 23:40:00+00:00,0,0.0,0.0,0.0,23,6,1,593.5,27.9375,49.77375030517578,48.625,16.125,1.0,0
2021-12-19 23:45:00+00:00,0,0.0,0.0,0.0,23,6,1,593.5,27.9375,49.77375030517578,48.625,16.125,1.0,0
2021-12-19 23:50:00+00:00,0,0.0,0.0,0.0,23,6,1,593.5,27.9375,49.77375030517578,48.625,16.125,1.0,0
2021-12-19 23:55:00+00:00,0,0.0,0.0,0.0,23,6,1,593.5,27.9375,49.77375030517578,48.625,16.125,1.0,0
2021-12-20 00:00:00+00:00,0,0.0,0.0,0.0,0,0,0,601.8333129882812,27.95416641235352,49.625,48.75,16.20833396911621,1.0,0
2021-12-20 00:05:00+00:00,0,0.0,0.0,0.0,0,0,0,603.0333251953125,27.90566635131836,49.69933319091797,49.08000183105469,17.31333351135254,1.0,0
2021-12-20 00:10:00+00:00,0,0.0,0.0,0.0,0,0,0,600.0333251953125,27.98600006103516,49.39833450317383,49.0433349609375,18.11000061035156,1.0,0
2021-12-20 00:15:00+00:00,0,0.0,0.0,0.0,0,0,0,595.0,27.989665985107425,49.18366622924805,48.92333221435547,19.546667098999023,1.0,0
2021-12-20 00:20:00+00:00,0,0.0,0.0,0.0,0,0,0,589.7930908203125,27.92137908935547,49.30068969726562,48.96896362304688,24.08620643615723,1.0,0
2021-12-20 00:25:00+00:00,0,0.0,0.0,0.0,0,0,0,584.5714111328125,27.93035697937012,49.13642883300781,48.17499923706055,22.5,1.0,0
2021-12-20 00:30:00+00:00,0,0.0,0.0,0.0,0,0,0,580.0999755859375,27.90333366394043,49.10900115966797,48.4033317565918,20.32333374023437,1.0,0
2021-12-20 00:35:00+00:00,0,0.0,0.0,0.0,0,0,0,573.7999877929688,27.94099998474121,49.00833511352539,48.9566650390625,19.82999992370605,1.0,0
2021-12-20 00:40:00+00:00,0,0.0,0.0,0.0,0,0,0,567.0999755859375,27.98733329772949,48.99066543579102,49.10333251953125,17.69333267211914,1.0,0
2021-12-20 00:45:00+00:00,0,0.0,0.0,0.0,0,0,0,561.5,27.87666702270508,49.56033325195313,48.393333435058594,15.713333129882812,1.0,0
2021-12-20 00:50:00+00:00,0,0.0,0.0,0.0,0,0,0,561.9000244140625,27.895999908447266,49.75133514404297,48.65666580200195,13.033333778381348,1.0,0
2021-12-20 00:55:00+00:00,0,0.0,0.0,0.0,0,0,0,560.4666748046875,27.93066596984864,49.88733291625977,48.47333145141602,11.010000228881836,2.0,0
2021-12-20 01:00:00+00:00,0,0.0,0.0,0.0,1,0,0,557.6666870117189,27.972999572753903,49.97333145141602,48.52333450317383,9.239999771118164,2.0,0
2021-12-20 01:05:00+00:00,0,0.0,0.0,0.0,1,0,0,558.6333618164061,28.02733421325684,49.97999954223633,48.5,8.876667022705078,1.0,0
2021-12-20 01:10:00+00:00,0,0.0,0.0,0.0,1,0,0,556.8666381835939,28.02899932861328,50.387001037597656,48.67333221435547,9.140000343322754,1.0,0
2021-12-20 01:15:00+00:00,0,0.0,0.0,0.0,1,0,0,553.0689697265625,27.976896286010746,50.82172393798828,48.24827575683594,8.510344505310059,1.0,0
2021-12-20 01:20:00+00:00,0,0.0,0.0,0.0,1,0,0,552.4285888671875,27.938213348388672,51.07857131958008,48.04642868041992,7.982142925262451,2.0,0
2021-12-20 01:25:00+00:00,0,0.0,0.0,0.0,1,0,0,553.3666381835939,27.917999267578125,51.30166625976562,48.97666549682617,7.539999961853027,3.0,0
2021-12-20 01:30:00+00:00,0,0.0,0.0,0.0,1,0,0,549.0999755859375,27.9206657409668,51.57833480834961,48.4000015258789,6.863333225250244,2.0,0
2021-12-20 01:35:00+00:00,0,0.0,0.0,0.0,1,0,0,547.8333129882811,27.917333602905277,51.81000137329102,48.24666595458984,6.223333358764648,2.0,0
2021-12-20 01:40:00+00:00,0,0.0,0.0,0.0,1,0,0,546.4000244140625,27.906665802001957,52.11466598510742,48.6500015258789,5.639999866485597,2.0,0
2021-12-20 01:45:00+00:00,0,0.0,0.0,0.0,1,0,0,544.5999755859375,27.89966583251953,52.20133209228516,48.6533317565918,4.996666431427002,2.0,0
2021-12-20 01:50:00+00:00,0,0.0,0.0,0.0,1,0,0,542.2666625976561,27.920000076293945,52.40133285522461,48.7599983215332,4.3466668128967285,2.0,0
2021-12-20 01:55:00+00:00,0,0.0,0.0,0.0,1,0,0,543.933349609375,27.9516658782959,52.43933486938477,48.76666641235352,3.993333339691162,1.0,0
2021-12-20 02:00:00+00:00,0,0.0,0.0,0.0,2,0,0,544.3333129882811,27.987667083740234,52.41699981689453,48.58333206176758,3.6033332347869873,1.0,0
2021-12-20 02:05:00+00:00,0,0.0,0.0,0.0,2,0,0,540.2666625976561,28.12433242797852,52.30500030517578,48.36000061035156,3.353333234786988,1.0,0
2021-12-20 02:10:00+00:00,0,0.0,0.0,0.0,2,0,0,541.5555419921875,28.172962188720703,52.74703598022461,48.67777633666992,2.896296262741089,1.0,0
2021-12-20 02:15:00+00:00,0,0.0,0.0,0.0,2,0,0,538.3333129882811,28.11599922180176,53.68933486938477,48.9466667175293,2.5,1.0,0
2021-12-20 02:20:00+00:00,0,0.0,0.0,0.0,2,0,0,535.566650390625,28.11833381652832,54.01100158691406,48.7933349609375,1.9566667079925537,1.0,0
2021-12-20 02:25:00+00:00,0,0.0,0.0,0.0,2,0,0,535.2000122070311,28.14166641235352,53.96766662597656,48.61000061035156,1.3933333158493042,1.0,0
2021-12-20 02:30:00+00:00,0,0.0,0.0,0.0,2,0,0,535.933349609375,28.24933242797852,53.66699981689453,48.71333312988281,0.7866666913032532,1.0,0
2021-12-20 02:35:00+00:00,0,0.0,0.0,0.0,2,0,0,534.9000244140625,28.28233337402344,53.73600006103516,48.76333236694336,0.1933333277702331,1.0,0
2021-12-20 02:40:00+00:00,0,0.0,0.0,0.0,2,0,0,534.2666625976561,28.20000076293945,54.85200119018555,48.28333282470703,0.0,1.0,0
2021-12-20 02:45:00+00:00,0,0.0,0.0,0.0,2,0,0,532.7000122070311,28.20000076293945,55.09833145141602,48.26666641235352,0.0,1.0,0
2021-12-20 02:50:00+00:00,0,0.0,0.0,0.0,2,0,0,527.566650390625,28.18099975585937,55.87266540527344,48.4366683959961,0.0,1.0,0
2021-12-20 02:55:00+00:00,0,0.0,0.0,0.0,2,0,0,527.7000122070311,28.20633316040039,56.4010009765625,48.8033332824707,0.0,2.0,0
2021-12-20 03:00:00+00:00,0,0.0,0.0,0.0,3,0,0,525.7036743164061,28.23185157775879,56.42963027954102,48.16666793823242,0.0,2.0,0
2021-12-20 03:05:00+00:00,0,0.0,0.0,0.0,3,0,0,524.0999755859375,28.17499923706055,56.64733505249024,48.34333419799805,0.0,2.0,0
2021-12-20 03:10:00+00:00,0,0.0,0.0,0.0,3,0,0,525.7000122070311,28.190000534057614,56.571998596191406,49.16333389282226,0.0,2.0,0
2021-12-20 03:15:00+00:00,0,0.0,0.0,0.0,3,0,0,522.2000122070311,28.26033401489257,56.53166580200195,48.42666625976562,0.0,2.0,0
2021-12-20 03:20:00+00:00,0,0.0,0.0,0.0,3,0,0,522.3333129882811,28.28466606140137,56.57899856567383,48.24333190917969,0.0,1.0,0
2021-12-20 03:25:00+00:00,0,0.0,0.0,0.0,3,0,0,522.8333129882811,28.250333786010746,57.26300048828125,48.32333374023438,0.0,1.0,0
2021-12-20 03:30:00+00:00,0,0.0,0.0,0.0,3,0,0,517.1333618164061,28.19833374023437,57.56533432006836,48.49666595458984,0.0,1.0,0
2021-12-20 03:35:00+00:00,0,0.0,0.0,0.0,3,0,0,517.1666870117189,28.16600036621093,57.68600082397461,48.52999877929688,0.0,1.0,0
2021-12-20 03:40:00+00:00,0,0.0,0.0,0.0,3,0,0,518.5999755859375,28.17700004577637,57.80899810791016,48.34999847412109,0.0,1.0,0
2021-12-20 03:45:00+00:00,0,0.0,0.0,0.0,3,0,0,514.7000122070311,28.208999633789062,58.11766815185547,48.5,0.0,1.0,0
2021-12-20 03:50:00+00:00,0,0.0,0.0,0.0,3,0,0,516.3333129882811,28.21866607666016,58.04600143432617,48.52000045776367,0.0,1.0,0
2021-12-20 03:55:00+00:00,0,0.0,0.0,0.0,3,0,0,512.4815063476561,28.211111068725582,58.11814880371094,47.57036972045898,0.0,1.0,0
2021-12-20 04:00:00+00:00,0,0.0,0.0,0.0,4,0,0,512.8333129882811,28.19899940490723,58.36399841308594,47.99666595458984,0.0,1.0,0
2021-12-20 04:05:00+00:00,0,0.0,0.0,0.0,4,0,0,511.5333251953125,28.18666648864746,58.54966735839844,48.643333435058594,0.0,1.0,0
2021-12-20 04:10:00+00:00,0,0.0,0.0,0.0,4,0,0,509.7999877929688,28.20866584777832,58.61333465576172,48.72999954223633,0.0,1.0,0
2021-12-20 04:15:00+00:00,0,0.0,0.0,0.0,4,0,0,509.73333740234375,28.18400001525879,58.78333282470703,47.9000015258789,0.0,1.0,0
2021-12-20 04:20:00+00:00,0,0.0,0.0,0.0,4,0,0,509.6666564941406,28.215999603271484,58.92200088500977,47.98333358764648,0.0,1.0,0
2021-12-20 04:25:00+00:00,0,0.0,0.0,0.0,4,0,0,509.0,28.21266746520996,58.90133285522461,47.4000015258789,0.0,1.0,0
2021-12-20 04:30:00+00:00,0,0.0,0.0,0.0,4,0,0,508.9666748046875,28.21866607666016,59.018333435058594,47.97666549682617,0.0,1.0,0
2021-12-20 04:35:00+00:00,0,0.0,0.0,0.0,4,0,0,504.9666748046875,28.209333419799805,59.37200164794922,47.9900016784668,0.0,1.0,0
2021-12-20 04:40:00+00:00,0,0.0,0.0,0.0,4,0,0,504.73333740234375,28.34933280944824,59.05366516113281,47.72666549682617,0.0,2.0,0
2021-12-20 04:45:00+00:00,0,0.0,0.0,0.0,4,0,0,506.6666564941406,28.249629974365234,59.24481582641602,47.63333511352539,0.0,2.0,0
2021-12-20 04:50:00+00:00,0,0.0,0.0,0.0,4,0,0,503.9333190917969,28.23233413696289,59.59433364868164,48.01333236694336,0.0,1.0,0
2021-12-20 04:55:00+00:00,0,0.0,0.0,0.0,4,0,0,505.2000122070313,28.19733238220215,59.81933212280274,47.98666763305664,0.0,1.0,0
2021-12-20 05:00:00+00:00,0,0.0,0.0,0.0,5,0,0,503.3333435058594,28.200666427612305,59.84466552734375,47.9000015258789,0.0,1.0,0
2021-12-20 05:05:00+00:00,0,0.0,0.0,0.0,5,0,0,501.3999938964844,28.200666427612305,59.93766784667969,47.9466667175293,0.0,2.0,0
2021-12-20 05:10:00+00:00,0,0.0,0.0,0.0,5,0,0,503.5,28.18766593933105,60.08666610717773,47.84000015258789,0.0,2.0,0
2021-12-20 05:15:00+00:00,0,0.0,0.0,0.0,5,0,0,504.2000122070313,28.19700050354004,60.16633224487305,47.37333297729492,0.0,2.0,0
2021-12-20 05:20:00+00:00,0,0.0,0.0,0.0,5,0,0,500.6333312988281,28.2276668548584,60.19200134277344,47.43000030517578,0.0,2.0,0
2021-12-20 05:25:00+00:00,0,0.0,0.0,0.0,5,0,0,499.5666809082031,28.23166656494141,60.28966522216797,48.15999984741211,0.0,2.0,0
2021-12-20 05:30:00+00:00,0,0.0,0.0,0.0,5,0,0,498.3666687011719,28.23900032043457,60.50366592407226,47.856666564941406,0.0,2.0,0
2021-12-20 05:35:00+00:00,0,0.0,0.0,0.0,5,0,0,496.0357055664063,28.26714324951172,60.62392807006836,47.45000076293945,0.0,1.0,0
2021-12-20 05:40:00+00:00,0,0.0,0.0,0.0,5,0,0,496.3103332519531,28.271379470825195,60.75103378295898,47.31724166870117,0.0,1.0,0
2021-12-20 05:45:00+00:00,0,0.0,0.0,0.0,5,0,0,494.0666809082031,28.28466606140137,60.82799911499024,47.56666564941406,0.0,1.0,0
2021-12-20 05:50:00+00:00,0,0.0,0.0,0.0,5,0,0,494.1000061035156,28.29199981689453,60.9366683959961,47.86666488647461,0.0,1.0,0
2021-12-20 05:55:00+00:00,0,0.0,0.0,0.0,5,0,0,490.1000061035156,28.30066680908203,61.018333435058594,47.51666641235352,0.0,2.0,0
2021-12-20 06:00:00+00:00,0,0.0,0.0,0.0,6,0,0,489.3333435058594,28.31266593933105,61.18500137329102,47.68333435058594,0.0,2.0,0
2021-12-20 06:05:00+00:00,0,0.0,0.0,0.0,6,0,0,490.6000061035156,28.340665817260746,61.20933151245117,47.65999984741211,0.0,2.0,0
2021-12-20 06:10:00+00:00,0,0.0,0.0,0.0,6,0,0,489.9333190917969,28.32966613769531,61.29933166503906,47.93000030517578,0.0,2.0,0
2021-12-20 06:15:00+00:00,0,0.0,0.0,0.0,6,0,0,492.3333435058594,28.35400009155273,61.36600112915039,47.63666534423828,0.0,2.0,0
2021-12-20 06:20:00+00:00,0,0.0,0.0,0.0,6,0,0,491.1000061035156,28.35566711425781,61.50600051879883,47.47666549682617,0.0,2.0,0
2021-12-20 06:25:00+00:00,0,0.0,0.0,0.0,6,0,0,487.0357055664063,28.34321403503418,61.79249954223633,47.84999847412109,0.0,2.0,0
2021-12-20 06:30:00+00:00,0,0.0,0.0,0.0,6,0,0,482.3448181152344,28.312759399414062,62.040000915527344,47.63103485107422,0.0,2.0,0
2021-12-20 06:35:00+00:00,0,0.0,0.0,0.0,6,0,0,488.0333251953125,28.31800079345703,62.18099975585938,47.65666580200195,0.0,1.0,0
2021-12-20 06:40:00+00:00,0,0.0,0.0,0.0,6,0,0,483.76666259765625,28.28466606140137,62.38566589355469,47.56333160400391,0.0,1.0,0
2021-12-20 06:45:00+00:00,0,0.0,0.0,0.0,6,0,0,479.1666564941406,28.270000457763672,62.49599838256836,47.59333419799805,0.0,1.0,0
2021-12-20 06:50:00+00:00,0,0.0,0.0,0.0,6,0,0,481.8666687011719,28.25300025939941,62.79100036621094,47.56000137329102,0.0,2.0,0
2021-12-20 06:55:00+00:00,0,0.0,0.0,0.0,6,0,0,485.7000122070313,28.25900077819824,62.90733337402344,47.22333145141602,0.0,2.0,0
2021-12-20 07:00:00+00:00,0,0.0,0.0,0.0,7,0,0,483.5,28.31833267211914,62.86433410644531,47.5533332824707,0.0,2.0,0
2021-12-20 07:05:00+00:00,0,0.0,0.0,0.0,7,0,0,482.1666564941406,28.35966682434082,62.8673324584961,47.38333511352539,0.0,2.0,0
2021-12-20 07:10:00+00:00,0,0.0,0.0,0.0,7,0,0,479.76666259765625,28.34033393859864,63.05366516113281,47.52666854858398,0.0,2.0,0
2021-12-20 07:15:00+00:00,0,0.0,0.0,0.0,7,0,0,482.7000122070313,28.37033271789551,63.0816650390625,47.23333358764648,0.0,1.0,0
2021-12-20 07:20:00+00:00,0,0.0,0.0,0.0,7,0,0,482.8571472167969,28.374286651611328,63.2125015258789,47.4571418762207,0.0,1.0,0
2021-12-20 07:25:00+00:00,0,0.0,0.0,0.0,7,0,0,482.5172424316406,28.29896545410156,63.77172470092773,47.48965454101562,0.0,1.0,0
2021-12-20 07:30:00+00:00,0,0.0,0.0,0.0,7,0,0,482.4333190917969,28.24533271789551,63.98766708374024,47.2400016784668,0.0,1.0,0
2021-12-20 07:35:00+00:00,0,0.0,0.0,0.0,7,0,0,477.5666809082031,28.211000442504886,64.27633666992189,47.13000106811523,0.0,1.0,0
2021-12-20 07:40:00+00:00,0,0.0,0.0,0.0,7,0,0,475.1333312988281,28.18000030517578,64.53399658203125,47.27999877929688,0.0,1.0,0
2021-12-20 07:45:00+00:00,0,0.0,0.0,0.0,7,0,0,474.0666809082031,28.20000076293945,64.47066497802734,47.21666717529297,0.0,1.0,0
2021-12-20 07:50:00+00:00,0,0.0,0.0,0.0,7,0,0,475.0,28.19033241271973,64.607666015625,47.38999938964844,0.0,1.0,0
2021-12-20 07:55:00+00:00,0,0.0,0.0,0.0,7,0,0,477.0666809082031,28.180334091186523,64.77899932861328,46.98333358764648,0.0,1.0,0
2021-12-20 08:00:00+00:00,0,0.0,0.0,0.0,8,0,0,476.3333435058594,28.21666717529297,64.70466613769531,47.11333465576172,0.0,1.0,0
2021-12-20 08:05:00+00:00,0,0.0,0.0,0.0,8,0,0,472.1666564941406,28.19866752624512,64.85199737548828,47.0533332824707,0.0,4.0,0
2021-12-20 08:10:00+00:00,0,0.0,0.0,0.0,8,0,0,472.1785583496094,28.20464324951172,64.88893127441406,47.05356979370117,0.0,2.0,0
2021-12-20 08:15:00+00:00,0,0.0,0.0,0.0,8,0,0,469.89654541015625,28.23551750183105,64.91999816894531,47.34138107299805,0.0,2.0,0
2021-12-20 08:20:00+00:00,0,0.0,0.0,0.0,8,0,0,474.7000122070313,28.24233245849609,65.02733612060547,46.93999862670898,0.0,2.0,0
2021-12-20 08:25:00+00:00,0,0.0,0.0,0.0,8,0,0,470.1333312988281,28.24533271789551,65.17866516113281,47.0533332824707,0.0,2.0,0
2021-12-20 08:30:00+00:00,0,0.0,0.0,0.0,8,0,0,469.6666564941406,28.244667053222656,65.16799926757811,47.06999969482422,0.0,2.0,0
2021-12-20 08:35:00+00:00,0,0.0,0.0,0.0,8,0,0,472.4666748046875,28.30633354187012,65.07366943359375,46.98333358764648,0.0,2.0,0
2021-12-20 08:40:00+00:00,0,0.0,0.0,0.0,8,0,0,473.0333251953125,28.28000068664551,65.27333068847656,47.02999877929688,0.0,2.0,0
2021-12-20 08:45:00+00:00,0,0.0,0.0,0.0,8,0,0,470.4333190917969,28.23033332824707,65.53133392333984,47.2933349609375,0.0,2.0,0
2021-12-20 08:50:00+00:00,0,0.0,0.0,0.0,8,0,0,470.6333312988281,28.24333381652832,65.55133056640625,46.90999984741211,0.0,1.0,0
2021-12-20 08:55:00+00:00,0,0.0,0.0,0.0,8,0,0,471.26666259765625,28.30233383178711,65.42633056640625,47.0099983215332,0.0,1.0,0
2021-12-20 09:00:00+00:00,0,0.0,0.0,0.0,9,0,0,471.7857055664063,28.37928581237793,65.25535583496094,46.91428756713867,0.0,1.0,0
2021-12-20 09:05:00+00:00,0,0.0,0.0,0.0,9,0,0,472.0,28.39266586303711,65.28966522216797,46.90999984741211,0.0,1.0,0
2021-12-20 09:10:00+00:00,0,0.0,0.0,0.0,9,0,0,471.6896667480469,28.40241432189941,65.30758666992189,46.97586059570313,0.0,1.0,0
2021-12-20 09:15:00+00:00,0,0.0,0.0,0.0,9,0,0,469.9333190917969,28.38633346557617,65.41899871826172,46.9366683959961,0.0,1.0,0
2021-12-20 09:20:00+00:00,0,0.0,0.0,0.0,9,0,0,468.0666809082031,28.33799934387207,65.65333557128906,46.92666625976562,0.0,1.0,0
2021-12-20 09:25:00+00:00,0,0.0,0.0,0.0,9,0,0,465.4666748046875,28.36000061035156,65.59266662597656,47.07666778564453,0.0,1.0,0
2021-12-20 09:30:00+00:00,0,0.0,0.0,0.0,9,0,0,466.73333740234375,28.35700035095215,65.73000335693361,46.98333358764648,0.0,1.0,0
2021-12-20 09:35:00+00:00,0,0.0,0.0,0.0,9,0,0,465.6666564941406,28.373666763305664,65.75299835205078,46.92333221435547,0.0,1.0,0
2021-12-20 09:40:00+00:00,0,0.0,0.0,0.0,9,0,0,466.7999877929688,28.373666763305664,65.81400299072266,46.94333267211914,0.0,1.0,0
2021-12-20 09:45:00+00:00,0,0.0,0.0,0.0,9,0,0,466.1666564941406,28.38333320617676,65.83567047119139,46.91999816894531,0.0,1.0,0
2021-12-20 09:50:00+00:00,0,0.0,0.0,0.0,9,0,0,466.3333435058594,28.43266677856445,65.76233673095703,46.93999862670898,0.0,1.0,0
2021-12-20 09:55:00+00:00,0,0.0,0.0,0.0,9,0,0,469.1071472167969,28.3799991607666,65.98606872558594,46.70357131958008,0.0,1.0,0
2021-12-20 10:00:00+00:00,0,0.0,0.0,0.0,10,0,0,468.9655151367188,28.40999984741211,65.97275543212889,46.893104553222656,0.0,1.0,0
2021-12-20 10:05:00+00:00,0,0.0,0.0,0.0,10,0,0,466.2999877929688,28.34233283996582,66.21800231933594,46.91666793823242,0.0,1.0,0
2021-12-20 10:10:00+00:00,0,0.0,0.0,0.0,10,0,0,466.3333435058594,28.35733413696289,66.21633148193361,46.99333190917969,0.0,1.0,0
2021-12-20 10:15:00+00:00,0,0.0,0.0,0.0,10,0,0,467.23333740234375,28.364665985107425,66.22066497802734,47.02666854858398,0.0,1.0,0
2021-12-20 10:20:00+00:00,0,0.0,0.0,0.0,10,0,0,467.8999938964844,28.34900093078613,66.33999633789061,47.10333251953125,0.0,1.0,0
2021-12-20 10:25:00+00:00,0,0.0,0.0,0.0,10,0,0,464.3666687011719,28.33133316040039,66.43399810791016,46.893333435058594,0.0,1.0,0
2021-12-20 10:30:00+00:00,0,0.0,0.0,0.0,10,0,0,464.3333435058594,28.339000701904297,66.47200012207031,46.90999984741211,0.0,1.0,0
2021-12-20 10:35:00+00:00,0,0.0,0.0,0.0,10,0,0,464.8999938964844,28.41266632080078,66.34967041015625,47.13666534423828,0.0,1.0,0
2021-12-20 10:40:00+00:00,0,0.0,0.0,0.0,10,0,0,464.3333435058594,28.37400054931641,66.53099822998047,47.05666732788086,0.0,1.0,0
2021-12-20 10:45:00+00:00,0,0.0,0.0,0.0,10,0,0,461.1428527832031,28.29142951965332,66.83393096923828,46.74285888671875,0.0,1.0,0
2021-12-20 10:50:00+00:00,0,0.0,0.0,0.0,10,0,0,458.7000122070313,28.25633239746093,66.99299621582031,46.88000106811523,0.0,1.0,0
2021-12-20 10:55:00+00:00,0,0.0,0.0,0.0,10,0,0,457.6896667480469,28.28103446960449,67.04551696777344,47.04482650756836,0.0,1.0,0
2021-12-20 11:00:00+00:00,0,0.0,0.0,0.0,11,0,0,457.2000122070313,28.28933334350586,67.16066741943361,47.143333435058594,0.0,1.0,0
2021-12-20 11:05:00+00:00,0,0.0,0.0,0.0,11,0,0,456.9333190917969,28.23033332824707,67.44866943359375,46.97000122070313,0.0,1.0,0
2021-12-20 11:10:00+00:00,0,0.0,0.0,0.0,11,0,0,456.6000061035156,28.248666763305664,67.51166534423828,46.91333389282226,0.0,1.0,0
2021-12-20 11:15:00+00:00,0,0.0,0.0,0.0,11,0,0,458.6000061035156,28.226999282836918,67.63933563232422,46.91666793823242,0.0,1.0,0
2021-12-20 11:20:00+00:00,0,0.0,0.0,0.0,11,0,0,462.3333435058594,28.24566650390625,67.76799774169922,46.93333435058594,0.0,1.0,0
2021-12-20 11:25:00+00:00,0,0.0,0.0,0.0,11,0,0,461.0,28.22566604614257,67.84333038330078,46.82333374023438,0.0,1.0,0
2021-12-20 11:30:00+00:00,0,0.0,0.0,0.0,11,0,0,459.1333312988281,28.2276668548584,67.93699645996094,46.94333267211914,0.0,1.0,0
2021-12-20 11:35:00+00:00,0,0.0,0.0,0.0,11,0,0,456.8214416503906,28.21535682678223,68.05535888671875,46.71785736083984,0.0,1.0,0
2021-12-20 11:40:00+00:00,0,0.0,0.0,0.0,11,0,0,457.1333312988281,28.17499923706055,68.2796630859375,47.16999816894531,0.0,1.0,0
2021-12-20 11:45:00+00:00,0,0.0,0.0,0.0,11,0,0,458.3793029785156,28.198619842529297,68.18621063232422,46.886207580566406,0.0,1.0,0
2021-12-20 11:50:00+00:00,0,0.0,0.0,0.0,11,0,0,457.5333251953125,28.178667068481445,68.4393310546875,47.22999954223633,0.0,1.0,0
2021-12-20 11:55:00+00:00,0,0.0,0.0,0.0,11,0,0,461.9666748046875,28.19899940490723,68.34366607666016,47.02000045776367,0.0,1.0,0
2021-12-20 12:00:00+00:00,0,0.0,0.0,0.0,12,0,0,458.8333435058594,28.231000900268555,68.375,47.03333282470703,0.0,1.0,0
2021-12-20 12:05:00+00:00,0,0.0,0.0,0.0,12,0,0,457.1333312988281,28.18400001525879,68.62266540527344,47.02000045776367,0.0,1.0,0
2021-12-20 12:10:00+00:00,0,0.0,0.0,0.0,12,0,0,455.8666687011719,28.19499969482422,68.70833587646484,47.00333404541016,0.0,1.0,0
2021-12-20 12:15:00+00:00,0,0.0,0.0,0.0,12,0,0,455.9333190917969,28.18933296203613,68.79166412353516,47.06999969482422,0.0,1.0,0
2021-12-20 12:20:00+00:00,0,0.0,0.0,0.0,12,0,0,452.8666687011719,28.1706657409668,68.95899963378906,47.0099983215332,0.0,1.0,0
2021-12-20 12:25:00+00:00,0,0.0,0.0,0.0,12,0,0,453.4666748046875,28.13733291625977,69.18699645996094,46.81666564941406,0.0,1.0,0
2021-12-20 12:30:00+00:00,0,0.0,0.0,0.0,12,0,0,455.9285583496094,28.22321510314941,69.0142822265625,46.79999923706055,0.0,1.0,0
2021-12-20 12:35:00+00:00,0,0.0,0.0,0.0,12,0,0,455.4333190917969,28.17033386230469,69.16766357421875,47.22999954223633,0.0,1.0,0
2021-12-20 12:40:00+00:00,0,0.0,0.0,0.0,12,0,0,459.2413940429688,28.15069007873535,69.29827880859375,47.08275985717773,0.0,1.0,0
2021-12-20 12:45:00+00:00,0,0.0,0.0,0.0,12,0,0,459.1666564941406,28.14299964904785,69.44300079345703,46.92666625976562,0.0,1.0,0
2021-12-20 12:50:00+00:00,0,0.0,0.0,0.0,12,0,0,457.3999938964844,28.183000564575195,69.31099700927734,47.11666488647461,0.0,1.0,0
2021-12-20 12:55:00+00:00,0,0.0,0.0,0.0,12,0,0,454.9333190917969,28.12466621398925,69.57866668701172,47.13000106811523,0.0,1.0,0
2021-12-20 13:00:00+00:00,0,0.0,0.0,0.0,13,0,0,455.1666564941406,28.11766624450684,69.76100158691406,47.24333190917969,0.0,1.0,0
2021-12-20 13:05:00+00:00,0,0.0,0.0,0.0,13,0,0,455.2999877929688,28.14266586303711,69.69333648681639,47.23666763305664,0.0,1.0,0
2021-12-20 13:10:00+00:00,0,0.0,0.0,0.0,13,0,0,455.0666809082031,28.113666534423828,69.80466461181639,47.1533317565918,0.0,1.0,0
2021-12-20 13:15:00+00:00,0,0.0,0.0,0.0,13,0,0,456.0333251953125,28.187000274658203,69.70099639892578,47.3033332824707,0.0,1.0,0
2021-12-20 13:20:00+00:00,0,0.0,0.0,0.0,13,0,0,450.7857055664063,28.078214645385746,70.08714294433594,47.24285888671875,0.0,1.0,0
2021-12-20 13:25:00+00:00,0,0.0,0.0,0.0,13,0,0,453.3333435058594,28.03666687011719,70.25399780273439,47.41666793823242,0.0,1.0,0
2021-12-20 13:30:00+00:00,0,0.0,0.0,0.0,13,0,0,454.5862121582031,28.1299991607666,69.98137664794922,47.58965682983398,0.0,1.0,0
2021-12-20 13:35:00+00:00,0,0.0,0.0,0.0,13,0,0,454.1333312988281,28.06566619873047,70.27532958984375,47.23333358764648,0.0,1.0,0
2021-12-20 13:40:00+00:00,0,0.0,0.0,0.0,13,0,0,455.0666809082031,28.11766624450684,70.16666412353516,47.43333435058594,0.0,1.0,0
2021-12-20 13:45:00+00:00,0,0.0,0.0,0.0,13,0,0,454.26666259765625,28.18199920654297,70.00933074951172,47.61000061035156,0.0,1.0,0
2021-12-20 13:50:00+00:00,0,0.0,0.0,0.0,13,0,0,453.9666748046875,28.22400093078613,69.92933654785156,47.61000061035156,0.0,1.0,0
2021-12-20 13:55:00+00:00,0,0.0,0.0,0.0,13,0,0,451.4666748046875,28.143667221069336,70.27799987792969,47.61666488647461,0.0,1.0,0
2021-12-20 14:00:00+00:00,0,0.0,0.0,0.0,14,0,0,456.2999877929688,28.13333320617676,70.3143310546875,47.5099983215332,0.0,1.0,0
2021-12-20 14:05:00+00:00,0,0.0,0.0,0.0,14,0,0,455.0666809082031,28.11066627502441,70.4663314819336,47.53333282470703,0.0,1.0,0
2021-12-20 14:10:00+00:00,0,0.0,0.0,0.0,14,0,0,452.8571472167969,28.17571449279785,70.26249694824219,47.25357055664063,0.0,1.0,0
2021-12-20 14:15:00+00:00,0,0.0,0.0,0.0,14,0,0,453.5333251953125,28.119333267211918,70.50033569335938,47.75666809082031,0.0,1.0,0
2021-12-20 14:20:00+00:00,0,0.0,0.0,0.0,14,0,0,453.5862121582031,28.09930992126465,70.66207122802734,47.63793182373047,0.0,1.0,0
2021-12-20 14:25:00+00:00,0,0.0,0.0,0.0,14,0,0,454.73333740234375,28.183000564575195,70.41799926757812,47.50333404541016,0.0,1.0,0
2021-12-20 14:30:00+00:00,0,0.0,0.0,0.0,14,0,0,454.4666748046875,28.15200042724609,70.64966583251953,47.88333511352539,0.0,1.0,0
2021-12-20 14:35:00+00:00,0,0.0,0.0,0.0,14,0,0,453.4666748046875,28.11733245849609,70.84733581542969,47.84999847412109,0.0,1.0,0
2021-12-20 14:40:00+00:00,0,0.0,0.0,0.0,14,0,0,451.2999877929688,28.18166732788086,70.60399627685547,47.91999816894531,0.0,1.0,0
2021-12-20 14:45:00+00:00,0,0.0,0.0,0.0,14,0,0,453.4666748046875,28.257667541503903,70.38766479492188,47.6533317565918,0.0,1.0,0
2021-12-20 14:50:00+00:00,0,0.0,0.0,0.0,14,0,0,454.9333190917969,28.21266746520996,70.54866790771484,47.9366683959961,0.0,1.0,0
2021-12-20 14:55:00+00:00,0,0.0,0.0,0.0,14,0,0,454.76666259765625,28.29400062561035,70.30899810791016,47.77000045776367,0.0,1.0,0
2021-12-20 15:00:00+00:00,0,0.0,0.0,0.0,15,0,0,453.9285583496094,28.25178527832031,70.45249938964844,47.96428680419922,0.0,1.0,0
2021-12-20 15:05:00+00:00,0,0.0,0.0,0.0,15,0,0,449.9666748046875,28.256000518798828,70.54266357421875,48.1500015258789,0.0,1.0,0
2021-12-20 15:10:00+00:00,0,0.0,0.0,0.0,15,0,0,448.26666259765625,28.28066635131836,70.51300048828125,48.27000045776367,0.0,1.0,0
2021-12-20 15:15:00+00:00,0,0.0,0.0,0.0,15,0,0,451.2758483886719,28.17413711547852,70.97379302978516,48.1275863647461,0.0,1.0,0
2021-12-20 15:20:00+00:00,0,0.0,0.0,0.0,15,0,0,452.7000122070313,28.209999084472656,70.87733459472656,48.47333145141602,0.3366666734218597,1.0,0
2021-12-20 15:25:00+00:00,0,0.0,0.0,0.0,15,0,0,451.6333312988281,28.26000022888184,70.76233673095703,49.07666778564453,1.8966666460037231,1.0,0
2021-12-20 15:30:00+00:00,0,0.0,0.0,0.0,15,0,0,453.1333312988281,28.28700065612793,70.68333435058594,48.52000045776367,3.9566667079925537,1.0,0
2021-12-20 15:35:00+00:00,0,0.0,0.0,0.0,15,0,0,455.76666259765625,28.18066596984864,71.16799926757812,48.75333404541016,5.526666641235352,1.0,0
2021-12-20 15:40:00+00:00,0,0.0,0.0,0.0,15,0,0,455.4333190917969,28.227333068847656,71.06999969482422,48.53333282470703,7.046666622161865,1.0,0
2021-12-20 15:45:00+00:00,0,0.0,0.0,0.0,15,0,0,452.4333190917969,28.29433250427246,70.87866973876953,48.84000015258789,9.486666679382324,1.0,0
2021-12-20 15:50:00+00:00,0,0.0,0.0,0.0,15,0,0,450.1333312988281,28.21500015258789,71.27933502197266,48.66333389282226,11.733333587646484,1.0,0
2021-12-20 15:55:00+00:00,0,0.0,0.0,0.0,15,0,0,450.9285583496094,28.22392845153809,71.28964233398438,47.67499923706055,15.00357151031494,1.0,0
2021-12-20 16:00:00+00:00,0,0.0,0.0,0.0,16,0,0,452.1333312988281,28.156665802001957,71.64733123779297,48.5099983215332,18.39666748046875,1.0,0
2021-12-20 16:05:00+00:00,0,0.0,0.0,0.0,16,0,0,448.4827575683594,28.17379379272461,71.64551544189453,48.6275863647461,21.0,1.0,0
2021-12-20 16:10:00+00:00,0,0.0,0.0,0.0,16,0,0,449.0333251953125,28.21766662597656,71.48300170898438,48.643333435058594,22.88999938964844,1.0,0
2021-12-20 16:15:00+00:00,0,0.0,0.0,0.0,16,0,0,451.23333740234375,28.17900085449219,71.70866394042969,48.1533317565918,24.51000022888184,1.0,0
2021-12-20 16:20:00+00:00,0,0.0,0.0,0.0,16,0,0,453.5333251953125,28.18099975585937,71.75133514404297,48.4466667175293,25.80666732788086,1.0,0
2021-12-20 16:25:00+00:00,0,0.0,0.0,0.0,16,0,0,449.2000122070313,28.17799949645996,71.86066436767578,48.94333267211914,26.996665954589844,1.0,0
2021-12-20 16:30:00+00:00,0,0.0,0.0,0.0,16,0,0,450.5,28.13466644287109,72.05733489990234,48.68000030517578,28.020000457763672,1.0,0
2021-12-20 16:35:00+00:00,0,0.0,0.0,0.0,16,0,0,450.0333251953125,28.1706657409668,72.00533294677734,48.6866683959961,28.946666717529297,1.0,0
2021-12-20 16:40:00+00:00,0,0.0,0.0,0.0,16,0,0,452.26666259765625,28.11599922180176,72.24732971191406,48.4466667175293,29.66666603088379,1.0,0
2021-12-20 16:45:00+00:00,0,0.0,0.0,0.0,16,0,0,446.71429443359375,28.20357131958008,72.043212890625,48.07857131958008,28.803571701049805,1.0,0
2021-12-20 16:50:00+00:00,0,0.0,0.0,0.0,16,0,0,448.5333251953125,28.20766639709473,72.0989990234375,48.50666809082031,29.07333374023437,1.0,0
2021-12-20 16:55:00+00:00,0,0.0,0.0,0.0,16,0,0,452.5,28.238666534423828,72.0469970703125,48.56333160400391,29.71999931335449,1.0,0
2021-12-20 17:00:00+00:00,0,0.0,0.0,0.0,17,0,0,449.7930908203125,28.2048282623291,72.18621063232422,48.71034622192383,30.70689582824707,1.0,0
2021-12-20 17:05:00+00:00,0,0.0,0.0,0.0,17,0,0,445.3999938964844,28.18933296203613,72.38933563232422,48.36999893188477,29.9233341217041,1.0,0
2021-12-20 17:10:00+00:00,0,0.0,0.0,0.0,17,0,0,445.5666809082031,28.176332473754886,72.51766967773438,49.02999877929688,29.546667098999023,1.0,0
2021-12-20 17:15:00+00:00,0,0.0,0.0,0.0,17,0,0,449.4666748046875,28.11400032043457,72.80633544921875,48.2933349609375,31.35666656494141,1.0,0
2021-12-20 17:20:00+00:00,0,0.0,0.0,0.0,17,0,0,450.1000061035156,28.07466697692871,72.98466491699219,49.08666610717773,32.939998626708984,1.0,0
2021-12-20 17:25:00+00:00,0,0.0,0.0,0.0,17,0,0,449.3999938964844,28.16833305358887,72.71499633789062,48.37333297729492,33.43666839599609,1.0,0
2021-12-20 17:30:00+00:00,0,0.0,0.0,0.0,17,0,0,448.0,28.06833267211914,73.1520004272461,48.66999816894531,33.65999984741211,1.0,0
2021-12-20 17:35:00+00:00,0,0.0,0.0,0.0,17,0,0,448.3571472167969,28.05392837524414,73.34500122070312,48.46071243286133,33.44643020629883,1.0,0
2021-12-20 17:40:00+00:00,0,0.0,0.0,0.0,17,0,0,450.6000061035156,28.07900047302246,73.30799865722656,48.93333435058594,32.43000030517578,1.0,0
2021-12-20 17:45:00+00:00,0,0.0,0.0,0.0,17,0,0,451.73333740234375,28.110332489013672,73.22866821289062,49.05666732788086,31.73666572570801,1.0,0
2021-12-20 17:50:00+00:00,0,0.0,0.0,0.0,17,0,0,459.2413940429688,28.04965591430664,74.17103576660156,49.00689697265625,33.568965911865234,1.0,0
2021-12-20 17:55:00+00:00,0,0.0,0.0,0.0,17,0,0,463.3333435058594,28.07699966430664,74.5199966430664,49.02333450317383,34.536666870117195,1.0,0
2021-12-20 18:00:00+00:00,0,0.0,0.0,0.0,18,0,0,467.0666809082031,28.14066696166992,74.83633422851562,48.87333297729492,31.913333892822266,1.0,0
2021-12-20 18:05:00+00:00,0,0.0,0.0,0.0,18,0,0,468.1333312988281,28.16866683959961,75.125,48.81000137329102,31.32333374023437,1.0,0
2021-12-20 18:10:00+00:00,0,0.0,0.0,0.0,18,0,0,468.26666259765625,28.18766593933105,75.43599700927734,48.959999084472656,34.240001678466804,1.0,0
2021-12-20 18:15:00+00:00,0,0.0,0.0,0.0,18,0,0,472.23333740234375,28.23366737365723,75.73633575439453,48.31000137329102,34.98666763305664,1.0,0
2021-12-20 18:20:00+00:00,0,0.0,0.0,0.0,18,0,0,473.3666687011719,28.23600006103516,76.16899871826172,48.66333389282226,34.69333267211914,1.0,0
2021-12-20 18:25:00+00:00,0,0.0,0.0,0.0,18,0,0,475.2999877929688,28.268333435058597,76.41000366210938,48.42666625976562,34.62333297729492,1.0,0
2021-12-20 18:30:00+00:00,0,0.0,0.0,0.0,18,0,0,476.5714416503906,28.25,76.93892669677734,48.7750015258789,34.50714111328125,1.0,0
2021-12-20 18:35:00+00:00,0,0.0,0.0,0.0,18,0,0,476.5333251953125,28.33466720581055,76.97100067138672,48.62666702270508,34.52000045776367,1.0,0
2021-12-20 18:40:00+00:00,0,0.0,0.0,0.0,18,0,0,479.5333251953125,28.357666015625,77.12833404541016,48.6500015258789,34.47666549682617,1.0,0
2021-12-20 18:45:00+00:00,0,0.0,0.0,0.0,18,0,0,480.2413940429688,28.43655204772949,76.96758270263672,48.47930908203125,33.59654998779297,1.0,0
2021-12-20 18:50:00+00:00,0,0.0,0.0,0.0,18,0,0,475.73333740234375,28.42799949645996,77.18133544921875,48.71666717529297,28.96333312988281,1.0,0
2021-12-20 18:55:00+00:00,0,0.0,0.0,0.0,18,0,0,477.6333312988281,28.42466735839844,77.47799682617188,48.33000183105469,29.49333381652832,1.0,0
2021-12-20 19:00:00+00:00,0,0.0,0.0,0.0,19,0,0,480.4333190917969,28.461334228515625,77.45966339111328,48.643333435058594,30.61666679382324,1.0,0
2021-12-20 19:05:00+00:00,0,0.0,0.0,0.0,19,0,0,482.8333435058594,28.48566627502441,77.3489990234375,48.04666519165039,32.799999237060554,1.0,0
2021-12-20 19:10:00+00:00,0,0.0,0.0,0.0,19,0,0,488.4666748046875,28.45466613769531,77.51766967773438,48.58333206176758,33.053333282470696,1.0,0
2021-12-20 19:15:00+00:00,0,0.0,0.0,0.0,19,0,0,496.23333740234375,28.51566696166992,77.3316650390625,48.41333389282226,33.55666732788086,1.0,0
2021-12-20 19:20:00+00:00,0,0.0,0.0,0.0,19,0,0,504.1785583496094,28.504642486572266,77.42250061035156,48.37857055664063,32.53928756713867,1.0,0
2021-12-20 19:25:00+00:00,0,0.0,0.0,0.0,19,0,0,509.0666809082031,28.45766639709473,77.58499908447266,48.2066650390625,30.6299991607666,1.0,0
2021-12-20 19:30:00+00:00,0,0.0,0.0,0.0,19,0,0,520.5999755859375,28.46233367919922,77.60233306884766,48.57666778564453,31.34666633605957,1.0,0
2021-12-20 19:35:00+00:00,0,0.0,0.0,0.0,19,0,0,524.8965454101561,28.52068901062012,77.42034149169922,48.8344841003418,31.365516662597656,1.0,0
2021-12-20 19:40:00+00:00,0,0.0,0.0,0.0,19,0,0,532.2333374023439,28.520666122436523,77.45733642578125,48.77333450317383,30.476667404174805,1.0,0
2021-12-20 19:45:00+00:00,0,0.0,0.0,0.0,19,0,0,539.2333374023439,28.47500038146973,77.60233306884766,48.66666793823242,32.419998168945305,1.0,0
2021-12-20 19:50:00+00:00,0,0.0,0.0,0.0,19,0,0,549.433349609375,28.437334060668945,77.76200103759766,48.61333465576172,32.860000610351555,1.0,0
2021-12-20 19:55:00+00:00,0,0.0,0.0,0.0,19,0,0,554.6666870117189,28.45833396911621,77.69499969482422,48.7400016784668,32.5966682434082,1.0,0
2021-12-20 20:00:00+00:00,0,0.0,0.0,0.0,20,0,0,560.3666381835939,28.441999435424805,77.67900085449219,48.63999938964844,32.343334197998054,1.0,0
2021-12-20 20:05:00+00:00,0,0.0,0.0,0.0,20,0,0,562.2333374023439,28.506000518798828,77.45500183105469,48.893333435058594,32.110000610351555,1.0,0
2021-12-20 20:10:00+00:00,0,0.0,0.0,0.0,20,0,0,566.5,28.42392921447754,77.75749969482422,48.44285583496094,27.22500038146973,1.0,0
2021-12-20 20:15:00+00:00,0,0.0,0.0,0.0,20,0,0,568.4000244140625,28.43933296203613,77.88400268554688,48.5533332824707,22.24333381652832,1.0,0
2021-12-20 20:20:00+00:00,0,0.0,0.0,0.0,20,0,0,567.433349609375,28.441999435424805,77.98466491699219,48.393333435058594,21.520000457763672,1.0,0
2021-12-20 20:25:00+00:00,0,0.0,0.0,0.0,20,0,0,567.5333251953125,28.546667098999023,77.75900268554688,48.68999862670898,23.733333587646484,1.0,0
2021-12-20 20:30:00+00:00,0,0.0,0.0,0.0,20,0,0,566.3103637695312,28.692758560180664,77.1475830078125,49.04482650756836,26.85172462463379,1.0,0
2021-12-20 20:35:00+00:00,0,0.0,0.0,0.0,20,0,0,564.9666748046875,28.69300079345703,77.13966369628906,48.53666687011719,28.1733341217041,1.0,0
2021-12-20 20:40:00+00:00,0,0.0,0.0,0.0,20,0,0,559.2333374023439,28.57466697692871,77.38800048828125,48.81333160400391,31.76000022888184,1.0,0
2021-12-20 20:45:00+00:00,0,0.0,0.0,0.0,20,0,0,555.4666748046875,28.577333450317383,77.33833312988281,48.56000137329102,31.68666648864746,1.0,0
2021-12-20 20:50:00+00:00,0,0.0,0.0,0.0,20,0,0,557.3333129882811,28.540000915527344,77.76166534423828,48.5533332824707,31.07999992370605,1.0,0
2021-12-20 20:55:00+00:00,0,0.0,0.0,0.0,20,0,0,551.2666625976561,28.57266616821289,77.87000274658203,48.56333160400391,29.83666610717773,1.0,0
2021-12-20 21:00:00+00:00,0,0.0,0.0,0.0,21,0,0,545.0999755859375,28.54033279418945,78.14199829101562,48.72333145141602,29.50666618347168,1.0,0
2021-12-20 21:05:00+00:00,0,0.0,0.0,0.0,21,0,0,542.5357055664061,28.647499084472656,77.8085708618164,48.42142868041992,30.007143020629886,1.0,0
2021-12-20 21:10:00+00:00,0,0.0,0.0,0.0,21,0,0,545.6666870117189,28.58166694641113,78.08200073242188,48.4566650390625,29.45000076293945,1.0,0
2021-12-20 21:15:00+00:00,0,0.0,0.0,0.0,21,0,0,549.3333129882811,28.599666595458984,78.13933563232422,48.7400016784668,29.31333351135254,1.0,0
2021-12-20 21:20:00+00:00,0,0.0,0.0,0.0,21,0,0,554.4483032226561,28.61206817626953,78.13414001464844,48.87586212158203,28.34137916564941,1.0,0
2021-12-20 21:25:00+00:00,0,0.0,0.0,0.0,21,0,0,563.7333374023438,28.6200008392334,78.17833709716797,49.12666702270508,28.65999984741211,1.0,0
2021-12-20 21:30:00+00:00,0,0.0,0.0,0.0,21,0,0,572.8333129882812,28.636999130249023,78.27033233642578,48.83000183105469,28.36333274841309,1.0,0
2021-12-20 21:35:00+00:00,0,0.0,0.0,0.0,21,0,0,577.5999755859375,28.6299991607666,78.34566497802734,48.61333465576172,28.12333297729492,1.0,0
2021-12-20 21:40:00+00:00,0,0.0,0.0,0.0,21,0,0,588.8666381835938,28.59000015258789,78.58333587646484,48.77000045776367,28.10333251953125,1.0,0
2021-12-20 21:45:00+00:00,0,0.0,0.0,0.0,21,0,0,595.7999877929688,28.56399917602539,78.74933624267578,48.75666809082031,28.11333274841309,1.0,0
2021-12-20 21:50:00+00:00,0,0.0,0.0,0.0,21,0,0,602.2999877929688,28.56800079345703,78.83633422851562,48.59333419799805,27.78666687011719,1.0,0
2021-12-20 21:55:00+00:00,0,0.0,0.0,0.0,21,0,0,607.3214111328125,28.57392883300781,78.855712890625,48.92142868041992,27.75,1.0,0
2021-12-20 22:00:00+00:00,0,0.0,0.0,0.0,22,0,0,614.6666870117188,28.58366584777832,78.83899688720703,48.9000015258789,28.25333404541016,1.0,0
2021-12-20 22:05:00+00:00,0,0.0,0.0,0.0,22,0,0,618.2000122070312,28.61800003051757,78.75533294677734,48.49666595458984,28.23666572570801,1.0,0
2021-12-20 22:10:00+00:00,0,0.0,0.0,0.0,22,0,0,614.8666381835938,28.66166687011719,78.55133056640625,48.93000030517578,28.83333396911621,1.0,0
2021-12-20 22:15:00+00:00,0,0.0,0.0,0.0,22,0,0,613.8275756835938,28.62551689147949,78.6748275756836,49.04827499389648,29.075862884521484,1.0,0
2021-12-20 22:20:00+00:00,0,0.0,0.0,0.0,22,0,0,613.7999877929688,28.631999969482425,78.81266784667969,48.93333435058594,28.893333435058597,1.0,0
2021-12-20 22:25:00+00:00,0,0.0,0.0,0.0,22,0,0,608.933349609375,28.69166755676269,78.66266632080078,49.24666595458984,29.209999084472656,1.0,0
2021-12-20 22:30:00+00:00,0,0.0,0.0,0.0,22,0,0,604.7999877929688,28.72833251953125,78.59833526611328,49.53666687011719,29.6200008392334,1.0,0
2021-12-20 22:35:00+00:00,0,0.0,0.0,0.0,22,0,0,608.9666748046875,28.750999450683597,78.42166900634766,48.54666519165039,29.56999969482422,1.0,0
2021-12-20 22:40:00+00:00,0,0.0,0.0,0.0,22,0,0,595.2666625976562,28.73933410644531,78.27033233642578,49.2599983215332,29.3700008392334,1.0,0
2021-12-20 22:45:00+00:00,0,0.0,0.0,0.0,22,0,0,577.2857055664062,28.71571350097656,78.1960678100586,48.46071243286133,29.17499923706055,1.0,0
2021-12-20 22:50:00+00:00,0,0.0,0.0,0.0,22,0,0,572.3333129882812,28.69233322143555,78.22333526611328,48.63333511352539,28.440000534057614,1.0,0
2021-12-20 22:55:00+00:00,0,0.0,0.0,0.0,22,0,0,566.933349609375,28.67799949645996,78.31566619873047,49.38666534423828,29.020000457763672,1.0,0
2021-12-20 23:00:00+00:00,0,0.0,0.0,0.0,23,0,0,565.1666870117188,28.69099998474121,78.57599639892578,48.85333251953125,29.02666664123535,1.0,0
2021-12-20 23:05:00+00:00,0,0.0,0.0,0.0,23,0,0,565.1034545898438,28.71138000488281,78.55792999267578,49.02413940429688,30.29655265808105,1.0,0
2021-12-20 23:10:00+00:00,0,0.0,0.0,0.0,23,0,0,565.7333374023438,28.7549991607666,78.48066711425781,48.88333511352539,30.399999618530277,1.0,0
2021-12-20 23:15:00+00:00,0,0.0,0.0,0.0,23,0,0,577.433349609375,28.80500030517578,78.42633056640625,48.9366683959961,29.64666748046875,1.0,0
2021-12-20 23:20:00+00:00,0,0.0,0.0,0.0,23,0,0,591.2333374023438,28.829334259033203,78.38300323486328,48.63000106811523,29.56999969482422,1.0,0
2021-12-20 23:25:00+00:00,0,0.0,0.0,0.0,23,0,0,600.1333618164062,28.78333282470703,78.61799621582031,48.49333190917969,29.76666641235352,1.0,0
2021-12-20 23:30:00+00:00,0,0.0,0.0,0.0,23,0,0,610.7999877929688,28.81133270263672,78.53966522216797,48.63000106811523,30.296667098999023,1.0,0
2021-12-20 23:35:00+00:00,0,0.0,0.0,0.0,23,0,0,620.6896362304688,28.90241432189941,78.19551849365234,49.04827499389648,30.696552276611328,1.0,0
2021-12-20 23:40:00+00:00,0,0.0,0.0,0.0,23,0,0,632.5172119140625,28.875171661376957,78.37310028076172,48.58965682983398,30.81724166870117,1.0,0
2021-12-20 23:45:00+00:00,0,0.0,0.0,0.0,23,0,0,642.6333618164062,28.840665817260746,78.52766418457031,49.13999938964844,30.36666679382324,1.0,0
2021-12-20 23:50:00+00:00,0,0.0,0.0,0.0,23,0,0,657.8666381835938,28.82099914550781,78.62866973876953,49.16999816894531,29.54999923706055,1.0,0
2021-12-20 23:55:00+00:00,0,0.0,0.0,0.0,23,0,0,670.9666748046875,28.751333236694336,78.94999694824219,49.1500015258789,28.8799991607666,1.0,0
2021-12-21 00:00:00+00:00,0,0.0,0.0,0.0,0,1,0,672.6551513671875,28.75586128234864,78.88103485107422,49.26206970214844,28.36206817626953,1.0,0
2021-12-21 00:05:00+00:00,0,0.0,0.0,0.0,0,1,0,669.7999877929688,28.74300003051757,78.89433288574219,48.83666610717773,28.84000015258789,1.0,0
2021-12-21 00:10:00+00:00,0,0.0,0.0,0.0,0,1,0,665.3333129882812,28.78866577148437,78.61333465576172,49.02666854858398,29.03666687011719,1.0,0
2021-12-21 00:15:00+00:00,0,0.0,0.0,0.0,0,1,0,659.7999877929688,28.808000564575195,78.48466491699219,48.89666748046875,28.78333282470703,1.0,0
2021-12-21 00:20:00+00:00,0,0.0,0.0,0.0,0,1,0,657.5333251953125,28.780332565307614,78.52466583251953,49.1533317565918,28.43000030517578,1.0,0
2021-12-21 00:25:00+00:00,0,0.0,0.0,0.0,0,1,0,651.2333374023438,28.827333450317383,78.34833526611328,48.58666610717773,28.386667251586918,1.0,0
2021-12-21 00:30:00+00:00,0,0.0,0.0,0.0,0,1,0,646.75,28.77750015258789,78.42535400390625,48.34999847412109,27.303571701049805,1.0,0
2021-12-21 00:35:00+00:00,0,0.0,0.0,0.0,0,1,0,635.5999755859375,28.672332763671875,78.21600341796875,48.6533317565918,26.989999771118164,1.0,0
2021-12-21 00:40:00+00:00,0,0.0,0.0,0.0,0,1,0,622.3666381835938,28.66399955749512,77.62866973876953,48.61333465576172,26.496665954589844,1.0,0
2021-12-21 00:45:00+00:00,0,0.0,0.0,0.0,0,1,0,611.9000244140625,28.92466735839844,75.56300354003906,48.71666717529297,26.226667404174805,1.0,0
2021-12-21 00:50:00+00:00,0,0.0,0.0,0.0,0,1,0,599.9310302734375,29.15482711791992,73.76689910888672,48.74137878417969,25.56551742553711,1.0,0
2021-12-21 00:55:00+00:00,0,0.0,0.0,0.0,0,1,0,586.7999877929688,29.11800003051757,72.8653335571289,49.01333236694336,25.43666648864746,3.0,0
2021-12-21 01:00:00+00:00,0,0.0,0.0,0.0,1,1,0,575.0333251953125,29.202999114990234,71.6989974975586,48.89666748046875,24.559999465942383,1.0,0
2021-12-21 01:05:00+00:00,0,0.0,0.0,0.0,1,1,0,562.9666748046875,28.97599983215332,71.65299987792969,48.82666778564453,23.72333335876465,2.0,0
2021-12-21 01:10:00+00:00,0,0.0,0.0,0.0,1,1,0,553.1666870117189,28.85433387756348,71.2300033569336,48.66333389282226,23.09333419799805,2.0,0
2021-12-21 01:15:00+00:00,0,0.0,0.0,0.0,1,1,0,546.6333618164061,28.90866661071777,70.68766784667969,49.81333160400391,21.946666717529297,1.0,0
2021-12-21 01:20:00+00:00,0,0.0,0.0,0.0,1,1,0,519.8928833007811,28.733213424682614,68.35178375244139,52.40714263916016,21.592857360839844,1.0,0
2021-12-21 01:25:00+00:00,0,0.0,0.0,0.0,1,1,0,466.7000122070313,28.10099983215332,64.68367004394531,53.33333206176758,22.46333312988281,1.0,0
2021-12-21 01:30:00+00:00,0,0.0,0.0,0.0,1,1,0,436.26666259765625,27.54633331298828,62.17300033569336,53.52999877929688,25.96333312988281,1.0,0
2021-12-21 01:35:00+00:00,0,0.0,0.0,0.0,1,1,0,419.0666809082031,27.12266731262207,60.41866683959961,53.23333358764648,24.676666259765625,4.0,0
2021-12-21 01:40:00+00:00,0,0.0,0.0,0.0,1,1,0,410.1000061035156,26.80866622924805,62.69200134277344,53.34000015258789,22.86000061035156,1.0,0
2021-12-21 01:45:00+00:00,0,0.0,0.0,0.0,1,1,0,407.9655151367188,27.246551513671875,72.31758880615234,52.56551742553711,19.299999237060547,1.0,0
2021-12-21 01:50:00+00:00,0,0.0,0.0,0.0,1,1,0,410.4666748046875,27.50900077819824,76.45800018310547,48.60333251953125,18.059999465942383,1.0,0
2021-12-21 01:55:00+00:00,0,0.0,0.0,0.0,1,1,0,412.1333312988281,27.64299964904785,76.46900177001953,48.68333435058594,16.783332824707028,1.0,0
2021-12-21 02:00:00+00:00,0,0.0,0.0,0.0,2,1,0,409.8999938964844,27.69433403015137,75.75199890136719,48.0,16.639999389648438,1.0,0
2021-12-21 02:05:00+00:00,0,0.0,0.0,0.0,2,1,0,411.2999877929688,27.780332565307614,75.33200073242188,48.24666595458984,16.266666412353516,3.0,0
2021-12-21 02:10:00+00:00,0,0.0,0.0,0.0,2,1,0,414.25,27.84964370727539,74.90928649902344,48.49285888671875,14.653571128845217,3.0,0
2021-12-21 02:15:00+00:00,0,0.0,0.0,0.0,2,1,0,418.2000122070313,27.89866638183593,74.60233306884766,48.56333160400391,12.140000343322756,3.0,0
2021-12-21 02:20:00+00:00,0,0.0,0.0,0.0,2,1,0,418.73333740234375,27.94033241271973,74.21566772460938,48.92666625976562,9.609999656677246,1.0,0
2021-12-21 02:25:00+00:00,0,0.0,0.0,0.0,2,1,0,424.1333312988281,27.97500038146973,74.09200286865234,48.22666549682617,6.570000171661378,1.0,0
2021-12-21 02:30:00+00:00,0,0.0,0.0,0.0,2,1,0,418.8666687011719,28.01633262634277,73.86666870117188,48.61333465576172,2.630000114440918,1.0,0
2021-12-21 02:35:00+00:00,0,0.0,0.0,0.0,2,1,0,415.0344848632813,28.057241439819336,73.72758483886719,48.22068786621094,0.0,1.0,0
2021-12-21 02:40:00+00:00,0,0.0,0.0,0.0,2,1,0,417.3333435058594,28.064666748046875,73.7770004272461,48.540000915527344,0.0,1.0,0
2021-12-21 02:45:00+00:00,0,0.0,0.0,0.0,2,1,0,416.7000122070313,28.07699966430664,73.98500061035156,48.12333297729492,0.0,1.0,0
2021-12-21 02:50:00+00:00,0,0.0,0.0,0.0,2,1,0,421.5666809082031,28.09233283996582,74.11900329589844,48.48666763305664,0.0,1.0,0
2021-12-21 02:55:00+00:00,0,0.0,0.0,0.0,2,1,0,419.2000122070313,28.113000869750977,74.19933319091797,48.26666641235352,0.0,1.0,0
2021-12-21 03:00:00+00:00,0,0.0,0.0,0.0,3,1,0,416.4666748046875,28.15399932861328,74.03233337402344,48.393333435058594,0.0,3.0,0
2021-12-21 03:05:00+00:00,0,0.0,0.0,0.0,3,1,0,416.8571472167969,28.18964195251465,73.97393035888672,47.75,0.0,1.0,0
2021-12-21 03:10:00+00:00,0,0.0,0.0,0.0,3,1,0,416.26666259765625,28.22100067138672,73.90633392333984,48.79666519165039,0.0,4.0,0
2021-12-21 03:15:00+00:00,0,0.0,0.0,0.0,3,1,0,416.2999877929688,28.23833274841309,73.92333221435547,48.40666580200195,0.0,1.0,0
2021-12-21 03:20:00+00:00,0,0.0,0.0,0.0,3,1,0,417.6333312988281,28.264333724975582,74.00199890136719,47.86333465576172,0.0,2.0,0
2021-12-21 03:25:00+00:00,0,0.0,0.0,0.0,3,1,0,419.3999938964844,28.29700088500977,74.03233337402344,48.393333435058594,0.0,1.0,0
2021-12-21 03:30:00+00:00,0,0.0,0.0,0.0,3,1,0,417.7586059570313,28.323102951049805,74.05345153808594,48.50689697265625,0.0,3.0,0
2021-12-21 03:35:00+00:00,0,0.0,0.0,0.0,3,1,0,416.1666564941406,28.294666290283203,74.24633026123047,48.29666519165039,0.0,1.0,0
2021-12-21 03:40:00+00:00,0,0.0,0.0,0.0,3,1,0,417.9333190917969,28.29933357238769,74.23500061035156,48.39666748046875,0.0,1.0,0
2021-12-21 03:45:00+00:00,0,0.0,0.0,0.0,3,1,0,418.8999938964844,28.30900001525879,74.26300048828125,47.83000183105469,0.0,1.0,0
2021-12-21 03:50:00+00:00,0,0.0,0.0,0.0,3,1,0,416.0333251953125,28.30466651916504,74.41633605957031,48.28666687011719,0.0,1.0,0
2021-12-21 03:55:00+00:00,0,0.0,0.0,0.0,3,1,0,418.1071472167969,28.29999923706055,74.49857330322266,47.50714111328125,0.0,4.0,0
2021-12-21 04:00:00+00:00,0,0.0,0.0,0.0,4,1,0,419.1000061035156,28.27966690063477,74.6363296508789,47.78666687011719,0.0,4.0,0
2021-12-21 04:05:00+00:00,0,0.0,0.0,0.0,4,1,0,416.1000061035156,28.301666259765625,74.64966583251953,48.31666564941406,0.0,4.0,0
2021-12-21 04:10:00+00:00,0,0.0,0.0,0.0,4,1,0,418.1333312988281,28.327667236328125,74.67266845703125,48.13999938964844,0.0,4.0,0
2021-12-21 04:15:00+00:00,0,0.0,0.0,0.0,4,1,0,418.5666809082031,28.321666717529297,74.79666900634766,47.56333160400391,0.0,4.0,0
2021-12-21 04:20:00+00:00,0,0.0,0.0,0.0,4,1,0,419.6896667480469,28.33069038391113,74.80862426757812,47.8344841003418,0.0,4.0,0
2021-12-21 04:25:00+00:00,0,0.0,0.0,0.0,4,1,0,421.4333190917969,28.363000869750977,74.78600311279297,47.65999984741211,0.0,4.0,0
2021-12-21 04:30:00+00:00,0,0.0,0.0,0.0,4,1,0,418.5333251953125,28.417999267578125,74.53466796875,47.82333374023438,0.0,4.0,0
2021-12-21 04:35:00+00:00,0,0.0,0.0,0.0,4,1,0,416.76666259765625,28.43133354187012,74.58100128173828,47.84333419799805,0.0,1.0,0
2021-12-21 04:40:00+00:00,0,0.0,0.0,0.0,4,1,0,417.7000122070313,28.3886661529541,74.85299682617188,47.56333160400391,0.0,1.0,0
2021-12-21 04:45:00+00:00,0,0.0,0.0,0.0,4,1,0,417.25,28.39035797119141,74.86106872558594,47.23571395874024,0.0,2.0,0
2021-12-21 04:50:00+00:00,0,0.0,0.0,0.0,4,1,0,417.5,28.38633346557617,75.00333404541016,47.77999877929688,0.0,2.0,0
2021-12-21 04:55:00+00:00,0,0.0,0.0,0.0,4,1,0,417.8666687011719,28.43166732788086,74.9393310546875,48.17333221435547,0.0,2.0,0
2021-12-21 05:00:00+00:00,0,0.0,0.0,0.0,5,1,0,419.7999877929688,28.43899917602539,74.97666931152344,47.53333282470703,0.0,2.0,0
2021-12-21 05:05:00+00:00,0,0.0,0.0,0.0,5,1,0,418.9333190917969,28.41933250427246,75.09666442871094,47.75666809082031,0.0,2.0,0
2021-12-21 05:10:00+00:00,0,0.0,0.0,0.0,5,1,0,418.0344848632813,28.3917236328125,75.22000122070312,47.74137878417969,0.0,2.0,0
2021-12-21 05:15:00+00:00,0,0.0,0.0,0.0,5,1,0,420.3666687011719,28.41266632080078,75.11699676513672,47.5433349609375,0.0,2.0,0
2021-12-21 05:20:00+00:00,0,0.0,0.0,0.0,5,1,0,421.9333190917969,28.42133331298828,75.06233215332031,47.83000183105469,0.0,1.0,0
2021-12-21 05:25:00+00:00,0,0.0,0.0,0.0,5,1,0,422.1000061035156,28.4516658782959,74.98633575439453,47.38999938964844,0.0,1.0,0
2021-12-21 05:30:00+00:00,0,0.0,0.0,0.0,5,1,0,418.4666748046875,28.42533302307129,75.18299865722656,47.66999816894531,0.0,1.0,0
2021-12-21 05:35:00+00:00,0,0.0,0.0,0.0,5,1,0,418.4333190917969,28.446332931518555,75.14433288574219,47.63999938964844,0.0,1.0,0
2021-12-21 05:40:00+00:00,0,0.0,0.0,0.0,5,1,0,417.6428527832031,28.42535781860352,75.16500091552734,47.28928756713867,0.0,1.0,0
2021-12-21 05:45:00+00:00,0,0.0,0.0,0.0,5,1,0,415.7999877929688,28.42900085449219,75.2403335571289,47.44333267211914,0.0,1.0,0
2021-12-21 05:50:00+00:00,0,0.0,0.0,0.0,5,1,0,416.3999938964844,28.439666748046875,75.25466918945312,47.76333236694336,0.0,1.0,0
2021-12-21 05:55:00+00:00,0,0.0,0.0,0.0,5,1,0,420.8999938964844,28.457332611083984,75.19166564941406,47.47333145141602,0.0,1.0,0
2021-12-21 06:00:00+00:00,0,0.0,0.0,0.0,6,1,0,419.0666809082031,28.44166755676269,75.3183364868164,47.45000076293945,0.0,1.0,0
2021-12-21 06:05:00+00:00,0,0.0,0.0,0.0,6,1,0,419.4482727050781,28.42586135864257,75.37931060791016,47.641380310058594,0.0,1.0,0
2021-12-21 06:10:00+00:00,0,0.0,0.0,0.0,6,1,0,420.5,28.440000534057614,75.50333404541016,47.5966682434082,0.0,1.0,0
2021-12-21 06:15:00+00:00,0,0.0,0.0,0.0,6,1,0,417.8666687011719,28.423999786376957,75.49400329589844,47.52333450317383,0.0,1.0,0
2021-12-21 06:20:00+00:00,0,0.0,0.0,0.0,6,1,0,416.9666748046875,28.44499969482422,75.49366760253906,47.53333282470703,0.0,1.0,0
2021-12-21 06:25:00+00:00,0,0.0,0.0,0.0,6,1,0,419.4333190917969,28.423999786376957,75.552001953125,47.4033317565918,0.0,1.0,0
2021-12-21 06:30:00+00:00,0,0.0,0.0,0.0,6,1,0,420.8214416503906,28.40250015258789,75.65607452392578,47.26428604125977,0.0,1.0,0
2021-12-21 06:35:00+00:00,0,0.0,0.0,0.0,6,1,0,418.1666564941406,28.406333923339844,75.61000061035156,47.41999816894531,0.0,1.0,0
2021-12-21 06:40:00+00:00,0,0.0,0.0,0.0,6,1,0,418.73333740234375,28.39166641235352,75.67933654785156,47.56999969482422,0.0,1.0,0
2021-12-21 06:45:00+00:00,0,0.0,0.0,0.0,6,1,0,422.0333251953125,28.4146671295166,75.67033386230469,47.42666625976562,0.0,1.0,0
2021-12-21 06:50:00+00:00,0,0.0,0.0,0.0,6,1,0,422.26666259765625,28.38999938964844,75.6969985961914,47.290000915527344,0.0,1.0,0
2021-12-21 06:55:00+00:00,0,0.0,0.0,0.0,6,1,0,422.82757568359375,28.39862060546875,75.69827270507812,47.25862121582031,0.0,1.0,0
2021-12-21 07:00:00+00:00,0,0.0,0.0,0.0,7,1,0,421.0333251953125,28.40766716003418,75.6989974975586,47.56666564941406,0.0,1.0,0
2021-12-21 07:05:00+00:00,0,0.0,0.0,0.0,7,1,0,420.0666809082031,28.42366600036621,75.58000183105469,47.48666763305664,0.0,1.0,0
2021-12-21 07:10:00+00:00,0,0.0,0.0,0.0,7,1,0,421.1666564941406,28.415000915527344,75.69266510009766,47.2599983215332,0.0,1.0,0
2021-12-21 07:15:00+00:00,0,0.0,0.0,0.0,7,1,0,421.1333312988281,28.40800094604492,75.83733367919922,47.2933349609375,0.0,1.0,0
2021-12-21 07:20:00+00:00,0,0.0,0.0,0.0,7,1,0,421.5357055664063,28.390714645385746,75.85250091552734,47.31785583496094,0.0,1.0,0
2021-12-21 07:25:00+00:00,0,0.0,0.0,0.0,7,1,0,419.8666687011719,28.39666748046875,75.92866516113281,47.13000106811523,0.0,1.0,0
2021-12-21 07:30:00+00:00,0,0.0,0.0,0.0,7,1,0,418.3666687011719,28.38633346557617,75.96233367919922,47.11000061035156,0.0,1.0,0
2021-12-21 07:35:00+00:00,0,0.0,0.0,0.0,7,1,0,419.3999938964844,28.39033317565918,75.95433044433594,47.26333236694336,0.0,1.0,0
2021-12-21 07:40:00+00:00,0,0.0,0.0,0.0,7,1,0,417.2999877929688,28.39800071716309,76.00599670410156,47.52000045776367,0.0,1.0,0
2021-12-21 07:45:00+00:00,0,0.0,0.0,0.0,7,1,0,421.23333740234375,28.40500068664551,76.0096664428711,47.106666564941406,0.0,1.0,0
2021-12-21 07:50:00+00:00,0,0.0,0.0,0.0,7,1,0,417.5862121582031,28.39758682250977,76.155517578125,47.07586288452149,0.0,1.0,0
2021-12-21 07:55:00+00:00,0,0.0,0.0,0.0,7,1,0,418.8999938964844,28.40233421325684,76.25,47.2599983215332,0.0,1.0,0
2021-12-21 08:00:00+00:00,0,0.0,0.0,0.0,8,1,0,418.23333740234375,28.37833404541016,76.37333679199219,47.22666549682617,0.0,1.0,0
2021-12-21 08:05:00+00:00,0,0.0,0.0,0.0,8,1,0,417.5333251953125,28.34866714477539,76.48200225830078,47.05666732788086,0.0,1.0,0
2021-12-21 08:10:00+00:00,0,0.0,0.0,0.0,8,1,0,421.862060546875,28.36137962341309,76.46930694580078,46.99310302734375,0.0,1.0,0
2021-12-21 08:15:00+00:00,0,0.0,0.0,0.0,8,1,0,417.5172424316406,28.34482765197754,76.50172424316406,47.04827499389648,0.0,1.0,0
2021-12-21 08:20:00+00:00,0,0.0,0.0,0.0,8,1,0,417.3333435058594,28.33300018310547,76.5566635131836,47.05666732788086,0.0,1.0,0
2021-12-21 08:25:00+00:00,0,0.0,0.0,0.0,8,1,0,415.8333435058594,28.344667434692383,76.51433563232422,47.0533332824707,0.0,1.0,0
2021-12-21 08:30:00+00:00,0,0.0,0.0,0.0,8,1,0,419.2999877929688,28.3353328704834,76.51100158691406,47.11333465576172,0.0,1.0,0
2021-12-21 08:35:00+00:00,0,0.0,0.0,0.0,8,1,0,421.4333190917969,28.345666885375977,76.55266571044922,47.19333267211914,0.0,1.0,0
2021-12-21 08:40:00+00:00,0,0.0,0.0,0.0,8,1,0,419.2069091796875,28.36137962341309,76.46896362304688,47.14482879638672,0.0,1.0,0
2021-12-21 08:45:00+00:00,0,0.0,0.0,0.0,8,1,0,420.3333435058594,28.344667434692383,76.53133392333984,47.16333389282226,0.0,1.0,0
2021-12-21 08:50:00+00:00,0,0.0,0.0,0.0,8,1,0,420.6666564941406,28.346332550048828,76.52999877929688,46.96333312988281,0.0,1.0,0
2021-12-21 08:55:00+00:00,0,0.0,0.0,0.0,8,1,0,421.4666748046875,28.34166717529297,76.59666442871094,46.96333312988281,0.0,1.0,0
2021-12-21 09:00:00+00:00,0,0.0,0.0,0.0,9,1,0,419.8999938964844,28.381000518798828,76.48033142089844,47.06000137329102,0.0,1.0,0
2021-12-21 09:05:00+00:00,0,0.0,0.0,0.0,9,1,0,421.0714416503906,28.34321403503418,76.56143188476562,46.68571472167969,0.0,1.0,0
2021-12-21 09:10:00+00:00,0,0.0,0.0,0.0,9,1,0,421.3666687011719,28.32433319091797,76.65032958984375,46.86666488647461,0.0,1.0,0
2021-12-21 09:15:00+00:00,0,0.0,0.0,0.0,9,1,0,420.8666687011719,28.327333450317383,76.62633514404297,46.97333145141602,0.0,1.0,0
2021-12-21 09:20:00+00:00,0,0.0,0.0,0.0,9,1,0,422.26666259765625,28.31800079345703,76.66600036621094,46.84000015258789,0.0,1.0,0
2021-12-21 09:25:00+00:00,0,0.0,0.0,0.0,9,1,0,419.5666809082031,28.31166648864746,76.6893310546875,47.03333282470703,0.0,1.0,0
2021-12-21 09:30:00+00:00,0,0.0,0.0,0.0,9,1,0,418.76666259765625,28.3266658782959,76.63333129882812,46.99333190917969,0.0,1.0,0
2021-12-21 09:35:00+00:00,0,0.0,0.0,0.0,9,1,0,421.1724243164063,28.33310317993164,76.58448028564453,46.99310302734375,0.0,1.0,0
2021-12-21 09:40:00+00:00,0,0.0,0.0,0.0,9,1,0,418.73333740234375,28.35866737365723,76.4990005493164,47.03666687011719,0.0,1.0,0
2021-12-21 09:45:00+00:00,0,0.0,0.0,0.0,9,1,0,417.8666687011719,28.314666748046875,76.64167022705078,47.0433349609375,0.0,1.0,0
2021-12-21 09:50:00+00:00,0,0.0,0.0,0.0,9,1,0,419.2000122070313,28.294666290283203,76.70033264160156,47.09999847412109,0.0,1.0,0
2021-12-21 09:55:00+00:00,0,0.0,0.0,0.0,9,1,0,420.2857055664063,28.30821418762207,76.67964172363281,46.71428680419922,0.0,1.0,0
2021-12-21 10:00:00+00:00,0,0.0,0.0,0.0,10,1,0,419.2999877929688,28.30933380126953,76.6449966430664,46.84333419799805,0.0,1.0,0
2021-12-21 10:05:00+00:00,0,0.0,0.0,0.0,10,1,0,418.2000122070313,28.30866622924805,76.66766357421875,46.7933349609375,0.0,1.0,0
2021-12-21 10:10:00+00:00,0,0.0,0.0,0.0,10,1,0,416.5666809082031,28.31433296203613,76.63099670410156,46.78666687011719,0.0,1.0,0
2021-12-21 10:15:00+00:00,0,0.0,0.0,0.0,10,1,0,418.1333312988281,28.33166694641113,76.61333465576172,46.90666580200195,0.0,1.0,0
2021-12-21 10:20:00+00:00,0,0.0,0.0,0.0,10,1,0,416.2999877929688,28.345333099365234,76.54966735839844,46.893333435058594,0.0,1.0,0
2021-12-21 10:25:00+00:00,0,0.0,0.0,0.0,10,1,0,416.6551818847656,28.29999923706055,76.69586181640625,46.81034469604492,0.0,1.0,0
2021-12-21 10:30:00+00:00,0,0.0,0.0,0.0,10,1,0,417.6333312988281,28.312334060668945,76.6806640625,46.89666748046875,0.0,1.0,0
2021-12-21 10:35:00+00:00,0,0.0,0.0,0.0,10,1,0,419.4333190917969,28.32466697692871,76.5989990234375,46.83666610717773,0.0,1.0,0
2021-12-21 10:40:00+00:00,0,0.0,0.0,0.0,10,1,0,419.1333312988281,28.339000701904297,76.54666900634766,46.73666763305664,0.0,1.0,0
2021-12-21 10:45:00+00:00,0,0.0,0.0,0.0,10,1,0,415.1071472167969,28.34892845153809,76.45964050292969,46.53214263916016,0.0,1.0,0
2021-12-21 10:50:00+00:00,0,0.0,0.0,0.0,10,1,0,416.23333740234375,28.33566665649414,76.55400085449219,46.93999862670898,0.0,1.0,0
2021-12-21 10:55:00+00:00,0,0.0,0.0,0.0,10,1,0,418.76666259765625,28.34933280944824,76.54633331298828,46.88999938964844,0.0,2.0,0
2021-12-21 11:00:00+00:00,0,0.0,0.0,0.0,11,1,0,418.5666809082031,28.352333068847656,76.53166961669922,46.91333389282226,0.0,2.0,0
2021-12-21 11:05:00+00:00,0,0.0,0.0,0.0,11,1,0,420.8333435058594,28.3439998626709,76.54100036621094,46.88999938964844,0.0,2.0,0
2021-12-21 11:10:00+00:00,0,0.0,0.0,0.0,11,1,0,417.0666809082031,28.35866737365723,76.48899841308594,46.83000183105469,0.0,2.0,0
2021-12-21 11:15:00+00:00,0,0.0,0.0,0.0,11,1,0,421.23333740234375,28.34033393859864,76.56766510009766,46.88000106811523,0.0,2.0,0
2021-12-21 11:20:00+00:00,0,0.0,0.0,0.0,11,1,0,421.2413940429688,28.33379364013672,76.6137924194336,46.96551895141602,0.0,2.0,0
2021-12-21 11:25:00+00:00,0,0.0,0.0,0.0,11,1,0,421.1000061035156,28.35666656494141,76.55266571044922,46.86666488647461,0.0,2.0,0
2021-12-21 11:30:00+00:00,0,0.0,0.0,0.0,11,1,0,422.7999877929688,28.35300064086914,76.57466888427734,47.0,0.0,2.0,0
2021-12-21 11:35:00+00:00,0,0.0,0.0,0.0,11,1,0,421.2999877929688,28.34433364868164,76.62166595458984,46.959999084472656,0.0,2.0,0
2021-12-21 11:40:00+00:00,0,0.0,0.0,0.0,11,1,0,418.46429443359375,28.36571502685547,76.56928253173828,46.67499923706055,0.0,2.0,0
2021-12-21 11:45:00+00:00,0,0.0,0.0,0.0,11,1,0,415.0666809082031,28.397666931152344,76.4990005493164,46.95000076293945,0.0,2.0,0
2021-12-21 11:50:00+00:00,0,0.0,0.0,0.0,11,1,0,414.3333435058594,28.40900039672852,76.45600128173828,47.09333419799805,0.0,2.0,0
2021-12-21 11:55:00+00:00,0,0.0,0.0,0.0,11,1,0,412.7000122070313,28.386999130249023,76.51899719238281,46.9000015258789,0.0,2.0,0
2021-12-21 12:00:00+00:00,0,0.0,0.0,0.0,12,1,0,415.7999877929688,28.36899948120117,76.61066436767578,46.8466682434082,0.0,2.0,0
2021-12-21 12:05:00+00:00,0,0.0,0.0,0.0,12,1,0,415.4666748046875,28.38133239746093,76.5596694946289,46.86999893188477,0.0,2.0,0
2021-12-21 12:10:00+00:00,0,0.0,0.0,0.0,12,1,0,415.7586059570313,28.37586212158203,76.61103820800781,46.84138107299805,0.0,2.0,0
2021-12-21 12:15:00+00:00,0,0.0,0.0,0.0,12,1,0,415.23333740234375,28.36333274841309,76.68299865722656,46.99666595458984,0.0,2.0,0
2021-12-21 12:20:00+00:00,0,0.0,0.0,0.0,12,1,0,417.3999938964844,28.347665786743164,76.70532989501953,46.75333404541016,0.0,2.0,0
2021-12-21 12:25:00+00:00,0,0.0,0.0,0.0,12,1,0,415.8999938964844,28.35566711425781,76.7066650390625,46.856666564941406,0.0,2.0,0
2021-12-21 12:30:00+00:00,0,0.0,0.0,0.0,12,1,0,415.1071472167969,28.359642028808597,76.69821166992188,46.80714416503906,0.0,2.0,0
2021-12-21 12:35:00+00:00,0,0.0,0.0,0.0,12,1,0,417.9333190917969,28.33166694641113,76.82666778564453,46.88999938964844,0.0,2.0,0
2021-12-21 12:40:00+00:00,0,0.0,0.0,0.0,12,1,0,417.3999938964844,28.34700012207031,76.7316665649414,47.20333480834961,0.0,2.0,0
2021-12-21 12:45:00+00:00,0,0.0,0.0,0.0,12,1,0,415.7000122070313,28.345333099365234,76.75900268554688,47.040000915527344,0.0,2.0,0
2021-12-21 12:50:00+00:00,0,0.0,0.0,0.0,12,1,0,415.4666748046875,28.31966590881348,76.84300231933594,47.12666702270508,0.0,2.0,0
2021-12-21 12:55:00+00:00,0,0.0,0.0,0.0,12,1,0,417.76666259765625,28.35000038146973,76.74966430664062,47.06333160400391,0.0,2.0,0
2021-12-21 13:00:00+00:00,0,0.0,0.0,0.0,13,1,0,413.8666687011719,28.34666633605957,76.76899719238281,47.02999877929688,0.0,2.0,0
2021-12-21 13:05:00+00:00,0,0.0,0.0,0.0,13,1,0,413.6206970214844,28.37551689147949,76.68000030517578,47.21379470825195,0.0,2.0,0
2021-12-21 13:10:00+00:00,0,0.0,0.0,0.0,13,1,0,417.2000122070313,28.36666679382324,76.73433685302734,47.18000030517578,0.0,2.0,0
2021-12-21 13:15:00+00:00,0,0.0,0.0,0.0,13,1,0,418.7999877929688,28.351999282836918,76.82466888427734,47.34000015258789,0.0,2.0,0
2021-12-21 13:20:00+00:00,0,0.0,0.0,0.0,13,1,0,416.75,28.33357048034668,76.87785339355469,46.98571395874024,0.0,2.0,0
2021-12-21 13:25:00+00:00,0,0.0,0.0,0.0,13,1,0,415.2999877929688,28.328332901000977,76.86666870117188,47.20000076293945,0.0,2.0,0
2021-12-21 13:30:00+00:00,0,0.0,0.0,0.0,13,1,0,413.3999938964844,28.32999992370605,76.87266540527344,47.040000915527344,0.0,2.0,0
2021-12-21 13:35:00+00:00,0,0.0,0.0,0.0,13,1,0,414.4333190917969,28.327667236328125,76.92266845703125,46.99666595458984,0.0,2.0,0
2021-12-21 13:40:00+00:00,0,0.0,0.0,0.0,13,1,0,414.9333190917969,28.294666290283203,77.11000061035156,47.20000076293945,0.0,2.0,0
2021-12-21 13:45:00+00:00,0,0.0,0.0,0.0,13,1,0,414.1666564941406,28.32466697692871,77.05533599853516,47.47000122070313,0.0,2.0,0
2021-12-21 13:50:00+00:00,0,0.0,0.0,0.0,13,1,0,415.7999877929688,28.347665786743164,77.04133605957031,47.47666549682617,0.0,2.0,0
2021-12-21 13:55:00+00:00,0,0.0,0.0,0.0,13,1,0,417.6551818847656,28.34482765197754,77.0803451538086,47.3448257446289,0.0,2.0,0
2021-12-21 14:00:00+00:00,0,0.0,0.0,0.0,14,1,0,416.23333740234375,28.347665786743164,77.10299682617188,47.36666488647461,0.0,2.0,0
2021-12-21 14:05:00+00:00,0,0.0,0.0,0.0,14,1,0,417.8666687011719,28.351333618164062,77.0606689453125,47.356666564941406,0.0,2.0,0
2021-12-21 14:10:00+00:00,0,0.0,0.0,0.0,14,1,0,419.0666809082031,28.32633399963379,77.20033264160156,47.58333206176758,0.0,2.0,0
2021-12-21 14:15:00+00:00,0,0.0,0.0,0.0,14,1,0,417.8571472167969,28.31999969482422,77.20928192138672,47.44643020629883,0.0,2.0,0
2021-12-21 14:20:00+00:00,0,0.0,0.0,0.0,14,1,0,418.4666748046875,28.32099914550781,77.28133392333984,47.49333190917969,0.0,2.0,0
2021-12-21 14:25:00+00:00,0,0.0,0.0,0.0,14,1,0,418.6000061035156,28.316999435424805,77.3183364868164,47.4366683959961,0.0,2.0,0
2021-12-21 14:30:00+00:00,0,0.0,0.0,0.0,14,1,0,419.5333251953125,28.29333305358887,77.43966674804688,47.83666610717773,0.0,2.0,0
2021-12-21 14:35:00+00:00,0,0.0,0.0,0.0,14,1,0,422.23333740234375,28.29166603088379,77.48533630371094,47.58000183105469,0.0,2.0,0
2021-12-21 14:40:00+00:00,0,0.0,0.0,0.0,14,1,0,420.1666564941406,28.338666915893555,77.31866455078125,47.77333450317383,0.0,2.0,0
2021-12-21 14:45:00+00:00,0,0.0,0.0,0.0,14,1,0,420.76666259765625,28.28700065612793,77.53333282470703,47.93000030517578,0.0,2.0,0
2021-12-21 14:50:00+00:00,0,0.0,0.0,0.0,14,1,0,421.10345458984375,28.26896476745605,77.59861755371094,47.57241439819336,0.0,2.0,0
2021-12-21 14:55:00+00:00,0,0.0,0.0,0.0,14,1,0,420.8999938964844,28.30566596984864,77.44266510009766,48.08666610717773,0.0,2.0,0
2021-12-21 15:00:00+00:00,0,0.0,0.0,0.0,15,1,0,417.7999877929688,28.29800033569336,77.4886703491211,48.11666488647461,0.0,2.0,0
2021-12-21 15:05:00+00:00,0,0.0,0.0,0.0,15,1,0,424.8928527832031,28.46321487426757,76.46356964111328,47.875,0.0,2.0,0
2021-12-21 15:10:00+00:00,0,0.0,0.0,0.0,15,1,0,425.7999877929688,28.555334091186523,75.24833679199219,47.9566650390625,0.0,2.0,0
2021-12-21 15:15:00+00:00,0,0.0,0.0,0.0,15,1,0,422.8666687011719,28.500667572021484,74.56966400146484,48.1866683959961,0.0,2.0,0
2021-12-21 15:20:00+00:00,0,0.0,0.0,0.0,15,1,0,421.2000122070313,28.51933288574219,73.62533569335938,48.61999893188477,0.0,2.0,0
2021-12-21 15:25:00+00:00,0,0.0,0.0,0.0,15,1,0,420.9666748046875,28.42300033569336,73.17366790771484,48.40666580200195,0.0,2.0,0
2021-12-21 15:30:00+00:00,0,0.0,0.0,0.0,15,1,0,421.1666564941406,28.476667404174805,72.03866577148438,48.32666778564453,0.0,2.0,0
2021-12-21 15:35:00+00:00,0,0.0,0.0,0.0,15,1,0,423.26666259765625,28.461334228515625,71.03199768066406,48.95000076293945,0.0,2.0,0
2021-12-21 15:40:00+00:00,0,0.0,0.0,0.0,15,1,0,416.2758483886719,28.46413803100586,69.88344573974611,48.80344772338867,0.0,2.0,0
2021-12-21 15:45:00+00:00,0,0.0,0.0,0.0,15,1,0,415.8999938964844,28.518667221069336,68.87466430664061,48.9000015258789,0.3566666543483734,2.0,0
2021-12-21 15:50:00+00:00,0,0.0,0.0,0.0,15,1,0,417.2000122070313,28.55299949645996,67.67033386230469,48.66999816894531,1.856666684150696,2.0,0
2021-12-21 15:55:00+00:00,0,0.0,0.0,0.0,15,1,0,416.21429443359375,28.59214210510254,66.54856872558594,47.92142868041992,2.0142858028411865,2.0,0
2021-12-21 16:00:00+00:00,0,0.0,0.0,0.0,16,1,0,420.6666564941406,28.49266624450684,66.072998046875,49.01333236694336,1.503333330154419,2.0,0
2021-12-21 16:05:00+00:00,0,0.0,0.0,0.0,16,1,0,419.7000122070313,28.51700019836425,65.20733642578125,48.393333435058594,1.5733333826065063,2.0,0
2021-12-21 16:10:00+00:00,0,0.0,0.0,0.0,16,1,0,416.4333190917969,28.514667510986328,64.50933074951172,48.74666595458984,1.963333368301392,2.0,0
2021-12-21 16:15:00+00:00,0,0.0,0.0,0.0,16,1,0,417.1333312988281,28.562334060668945,63.7163314819336,48.29999923706055,2.190000057220459,2.0,0
2021-12-21 16:20:00+00:00,0,0.0,0.0,0.0,16,1,0,420.5333251953125,28.49900054931641,63.31000137329102,48.52000045776367,4.863333225250244,2.0,0
2021-12-21 16:25:00+00:00,0,0.0,0.0,0.0,16,1,0,420.5666809082031,28.54133415222168,62.56399917602539,48.93000030517578,6.896666526794434,2.0,0
2021-12-21 16:30:00+00:00,0,0.0,0.0,0.0,16,1,0,423.1666564941406,28.59266662597656,61.69833374023438,48.77333450317383,8.220000267028809,2.0,0
2021-12-21 16:35:00+00:00,0,0.0,0.0,0.0,16,1,0,418.6551818847656,28.540000915527344,61.32379150390625,48.6931037902832,11.244827270507812,2.0,0
2021-12-21 16:40:00+00:00,0,0.0,0.0,0.0,16,1,0,419.3333435058594,28.59733390808105,60.6683349609375,48.81999969482422,7.980000019073486,2.0,0
2021-12-21 16:45:00+00:00,0,0.0,0.0,0.0,16,1,0,419.89654541015625,28.50827598571777,60.3720703125,48.25517272949219,8.22068977355957,2.0,0
2021-12-21 16:50:00+00:00,0,0.0,0.0,0.0,16,1,0,418.862060546875,28.38999938964844,60.27206802368164,48.68275833129883,9.937931060791016,2.0,0
2021-12-21 16:55:00+00:00,0,0.0,0.0,0.0,16,1,0,419.8999938964844,28.21066665649414,60.352333068847656,48.72999954223633,9.850000381469728,2.0,0
2021-12-21 17:00:00+00:00,0,0.0,0.0,0.0,17,1,0,420.0666809082031,28.1163330078125,60.13633346557617,48.81999969482422,8.533333778381348,2.0,0
2021-12-21 17:05:00+00:00,0,0.0,0.0,0.0,17,1,0,422.8999938964844,28.06366729736328,60.012001037597656,48.31333160400391,6.269999980926514,2.0,0
2021-12-21 17:10:00+00:00,0,0.0,0.0,0.0,17,1,0,426.6333312988281,28.03400039672852,59.76066589355469,48.82333374023438,4.166666507720946,2.0,0
2021-12-21 17:15:00+00:00,0,0.0,0.0,0.0,17,1,0,426.1666564941406,28.09499931335449,59.26900100708008,48.59000015258789,3.640000104904175,2.0,0
2021-12-21 17:20:00+00:00,0,0.0,0.0,0.0,17,1,0,426.7000122070313,28.0049991607666,59.38866806030274,48.77333450317383,4.063333511352538,2.0,0
2021-12-21 17:25:00+00:00,0,0.0,0.0,0.0,17,1,0,435.5517272949219,28.00517272949219,59.27413940429688,48.79655075073242,5.213793277740479,2.0,0
2021-12-21 17:30:00+00:00,0,0.0,0.0,0.0,17,1,0,435.76666259765625,28.000667572021484,59.21033477783203,48.97333145141602,6.7766666412353525,2.0,0
2021-12-21 17:35:00+00:00,0,0.0,0.0,0.0,17,1,0,438.0333251953125,28.01633262634277,59.02966690063477,48.52333450317383,6.46999979019165,2.0,0
2021-12-21 17:40:00+00:00,0,0.0,0.0,0.0,17,1,0,444.0714416503906,28.016786575317383,58.99214172363281,48.57857131958008,5.453571319580078,2.0,0
2021-12-21 17:45:00+00:00,0,0.0,0.0,0.0,17,1,0,441.6666564941406,27.95833396911621,59.1063346862793,48.11999893188477,5.519999980926514,2.0,0
2021-12-21 17:50:00+00:00,0,0.0,0.0,0.0,17,1,0,443.73333740234375,27.945667266845703,59.0806655883789,48.87333297729492,6.073333263397218,2.0,0
2021-12-21 17:55:00+00:00,0,0.0,0.0,0.0,17,1,0,445.5666809082031,27.89066696166992,59.13199996948242,48.9000015258789,7.573333263397218,2.0,0
2021-12-21 18:00:00+00:00,0,0.0,0.0,0.0,18,1,0,446.23333740234375,27.846332550048828,59.21766662597656,48.959999084472656,9.99666690826416,2.0,0
2021-12-21 18:05:00+00:00,0,0.0,0.0,0.0,18,1,0,444.6333312988281,27.863000869750977,59.06466674804688,48.71333312988281,12.303333282470703,2.0,0
2021-12-21 18:10:00+00:00,0,0.0,0.0,0.0,18,1,0,443.7999877929688,27.910667419433597,59.4900016784668,49.35333251953125,11.359999656677244,2.0,0
2021-12-21 18:15:00+00:00,0,0.0,0.0,0.0,18,1,0,435.0333251953125,27.83766746520996,59.01033401489258,49.17333221435547,11.373332977294922,2.0,0
2021-12-21 18:20:00+00:00,0,0.0,0.0,0.0,18,1,0,430.3448181152344,27.26689720153809,58.68758773803711,49.40345001220703,15.89310359954834,2.0,0
2021-12-21 18:25:00+00:00,0,0.0,0.0,0.0,18,1,0,421.5,26.828332901000977,58.42966842651367,49.04666519165039,17.043333053588867,2.0,0
2021-12-21 18:30:00+00:00,0,0.0,0.0,0.0,18,1,0,417.5,26.56035804748535,58.16464233398438,49.33571243286133,19.100000381469727,2.0,0
2021-12-21 18:35:00+00:00,0,0.0,0.0,0.0,18,1,0,415.3333435058594,26.279333114624023,58.34700012207031,49.4566650390625,24.13999938964844,2.0,0
2021-12-21 18:40:00+00:00,0,0.0,0.0,0.0,18,1,0,411.73333740234375,26.15733337402344,58.26900100708008,49.2400016784668,29.60666656494141,2.0,0
2021-12-21 18:45:00+00:00,0,0.0,0.0,0.0,18,1,0,410.9666748046875,25.95466613769531,58.45600128173828,48.86333465576172,32.610000610351555,2.0,0
2021-12-21 18:50:00+00:00,0,0.0,0.0,0.0,18,1,0,407.8999938964844,25.970666885375977,58.3653335571289,48.77333450317383,36.26333236694336,2.0,0
2021-12-21 18:55:00+00:00,0,0.0,0.0,0.0,18,1,0,404.76666259765625,25.913000106811523,58.66233444213867,49.06999969482422,33.51333236694336,2.0,0
2021-12-21 19:00:00+00:00,0,0.0,0.0,0.0,19,1,0,404.7999877929688,25.82200050354004,59.26166534423828,49.22666549682617,37.95000076293945,2.0,0
2021-12-21 19:05:00+00:00,0,0.0,0.0,0.0,19,1,0,407.23333740234375,25.810333251953125,59.56100082397461,48.79666519165039,27.81333351135254,2.0,0
2021-12-21 19:10:00+00:00,0,0.0,0.0,0.0,19,1,0,405.2413940429688,25.777240753173828,59.70724105834961,49.1655158996582,19.37931060791016,2.0,0
2021-12-21 19:15:00+00:00,0,0.0,0.0,0.0,19,1,0,406.2999877929688,25.72200012207031,59.9466667175293,48.66666793823242,12.323333740234377,2.0,0
2021-12-21 19:20:00+00:00,0,0.0,0.0,0.0,19,1,0,409.25,25.59964370727539,60.35643005371094,48.8321418762207,8.760714530944824,2.0,0
2021-12-21 19:25:00+00:00,0,0.0,0.0,0.0,19,1,0,407.3666687011719,25.56399917602539,60.5913314819336,49.04666519165039,9.40333366394043,2.0,0
2021-12-21 19:30:00+00:00,0,0.0,0.0,0.0,19,1,0,410.9333190917969,25.544666290283203,60.70466613769531,49.25,9.109999656677246,2.0,0
2021-12-21 19:35:00+00:00,0,0.0,0.0,0.0,19,1,0,416.0,25.479665756225582,60.90933227539063,48.7400016784668,7.650000095367432,2.0,0
2021-12-21 19:40:00+00:00,0,0.0,0.0,0.0,19,1,0,419.23333740234375,25.500667572021484,60.79266738891602,48.89666748046875,7.130000114440918,2.0,0
2021-12-21 19:45:00+00:00,0,0.0,0.0,0.0,19,1,0,417.1666564941406,25.53333282470703,60.67900085449219,49.08666610717773,10.883333206176758,2.0,0
2021-12-21 19:50:00+00:00,0,0.0,0.0,0.0,19,1,0,414.5,25.53233337402344,61.05833435058594,48.709999084472656,15.463333129882812,2.0,0
2021-12-21 19:55:00+00:00,0,0.0,0.0,0.0,19,1,0,420.26666259765625,25.87133407592773,63.34199905395508,48.72666549682617,18.770000457763672,2.0,0
2021-12-21 20:00:00+00:00,0,0.0,0.0,0.0,20,1,0,429.2000122070313,26.33066749572754,66.87300109863281,48.60333251953125,19.280000686645508,2.0,0
2021-12-21 20:05:00+00:00,0,0.0,0.0,0.0,20,1,0,445.6551818847656,26.5117244720459,68.50034332275389,48.27241516113281,16.127586364746097,2.0,0
2021-12-21 20:10:00+00:00,0,0.0,0.0,0.0,20,1,0,446.1666564941406,26.74166679382324,66.78766632080078,47.9466667175293,19.91666603088379,2.0,0
2021-12-21 20:15:00+00:00,0,0.0,0.0,0.0,20,1,0,448.4285583496094,26.88999938964844,65.0335693359375,47.84642791748047,25.44285774230957,2.0,0
2021-12-21 20:20:00+00:00,0,0.0,0.0,0.0,20,1,0,454.7999877929688,26.959333419799805,63.61866760253906,48.47666549682617,28.5,2.0,0
2021-12-21 20:25:00+00:00,0,0.0,0.0,0.0,20,1,0,459.5333251953125,27.05400085449219,62.46966552734375,48.58666610717773,31.16666603088379,2.0,0
2021-12-21 20:30:00+00:00,0,0.0,0.0,0.0,20,1,0,458.258056640625,27.10516166687012,61.51871109008789,48.57741928100586,34.870967864990234,2.0,0
2021-12-21 20:35:00+00:00,0,0.0,0.0,0.0,20,1,0,456.9333190917969,27.22200012207031,60.58733367919922,48.2066650390625,36.24666595458984,2.0,0
2021-12-21 20:40:00+00:00,0,0.0,0.0,0.0,20,1,0,451.7000122070313,27.239999771118164,60.05566787719727,48.46333312988281,37.00666809082031,2.0,0
2021-12-21 20:45:00+00:00,0,0.0,0.0,0.0,20,1,0,446.5,27.32299995422364,59.369667053222656,48.06999969482422,32.88333511352539,2.0,0
2021-12-21 20:50:00+00:00,0,0.0,0.0,0.0,20,1,0,447.5666809082031,27.27799987792969,58.93166732788086,48.36666488647461,34.676666259765625,2.0,0
2021-12-21 20:55:00+00:00,0,0.0,0.0,0.0,20,1,0,448.2413940429688,27.298620223999023,58.58586120605469,48.4000015258789,34.02069091796875,2.0,0
2021-12-21 21:00:00+00:00,0,0.0,0.0,0.0,21,1,0,447.76666259765625,27.35033416748047,58.09466552734375,48.65999984741211,33.990001678466804,2.0,0
2021-12-21 21:05:00+00:00,0,0.0,0.0,0.0,21,1,0,450.21429443359375,27.36928558349609,57.82892990112305,48.36428451538086,34.63928604125977,2.0,0
2021-12-21 21:10:00+00:00,0,0.0,0.0,0.0,21,1,0,449.6333312988281,27.33933258056641,57.96200180053711,48.6866683959961,35.09000015258789,2.0,0
2021-12-21 21:15:00+00:00,0,0.0,0.0,0.0,21,1,0,453.3666687011719,27.404333114624023,57.66266632080078,48.68333435058594,34.68000030517578,2.0,0
2021-12-21 21:20:00+00:00,0,0.0,0.0,0.0,21,1,0,461.4333190917969,27.4233341217041,57.624000549316406,48.9033317565918,35.47666549682617,2.0,0
2021-12-21 21:25:00+00:00,0,0.0,0.0,0.0,21,1,0,478.3666687011719,27.52799987792969,57.0086669921875,48.38333511352539,33.406665802001946,2.0,0
2021-12-21 21:30:00+00:00,0,0.0,0.0,0.0,21,1,0,491.6666564941406,27.52166748046875,56.63466644287109,48.45000076293945,33.36999893188477,2.0,0
2021-12-21 21:35:00+00:00,0,0.0,0.0,0.0,21,1,0,508.8666687011719,27.565000534057614,56.54033279418945,48.39666748046875,35.63999938964844,2.0,0
2021-12-21 21:40:00+00:00,0,0.0,0.0,0.0,21,1,0,526.3333129882811,27.61433410644531,56.1966667175293,48.68333435058594,36.560001373291016,2.0,0
2021-12-21 21:45:00+00:00,0,0.0,0.0,0.0,21,1,0,539.0,27.58172416687012,56.10482788085938,48.56206893920898,37.23103332519531,2.0,0
2021-12-21 21:50:00+00:00,0,0.0,0.0,0.0,21,1,0,554.566650390625,27.678667068481445,55.54800033569336,48.34333419799805,36.62666702270508,2.0,0
2021-12-21 21:55:00+00:00,0,0.0,0.0,0.0,21,1,0,568.6071166992188,27.73071479797364,55.17856979370117,48.29999923706055,36.57500076293945,2.0,0
2021-12-21 22:00:00+00:00,0,0.0,0.0,0.0,22,1,0,579.6333618164062,27.786333084106445,54.94833374023438,48.46666717529297,36.74333190917969,2.0,0
2021-12-21 22:05:00+00:00,0,0.0,0.0,0.0,22,1,0,585.8666381835938,27.875,54.71200180053711,48.42333221435547,36.68999862670898,2.0,0
2021-12-21 22:10:00+00:00,0,0.0,0.0,0.0,22,1,0,592.7333374023438,27.812000274658203,55.01599884033203,48.73666763305664,35.86666488647461,2.0,0
2021-12-21 22:15:00+00:00,0,0.0,0.0,0.0,22,1,0,597.5999755859375,27.84666633605957,55.07699966430664,48.8466682434082,34.89666748046875,2.0,0
2021-12-21 22:20:00+00:00,0,0.0,0.0,0.0,22,1,0,602.0,27.85866737365723,54.55466842651367,48.76666641235352,34.2933349609375,2.0,0
2021-12-21 22:25:00+00:00,0,0.0,0.0,0.0,22,1,0,604.0999755859375,27.774333953857425,54.59066772460938,48.81000137329102,35.630001068115234,2.0,0
2021-12-21 22:30:00+00:00,0,0.0,0.0,0.0,22,1,0,602.066650390625,27.80299949645996,54.36100006103516,49.18333435058594,36.7933349609375,2.0,0
2021-12-21 22:35:00+00:00,0,0.0,0.0,0.0,22,1,0,596.5333251953125,27.898332595825195,53.79233169555664,48.41333389282226,36.71666717529297,2.0,0
2021-12-21 22:40:00+00:00,0,0.0,0.0,0.0,22,1,0,591.72412109375,27.97413825988769,53.43137741088867,48.87586212158203,36.97586059570313,2.0,0
2021-12-21 22:45:00+00:00,0,0.0,0.0,0.0,22,1,0,577.1333618164062,27.972999572753903,53.31866836547852,49.43999862670898,36.74666595458984,2.0,0
2021-12-21 22:50:00+00:00,0,0.0,0.0,0.0,22,1,0,567.3928833007812,27.976428985595703,53.26464462280274,48.625,35.97142791748047,2.0,0
2021-12-21 22:55:00+00:00,0,0.0,0.0,0.0,22,1,0,560.1666870117189,27.80900001525879,53.53666687011719,49.143333435058594,35.81999969482422,2.0,0
2021-12-21 23:00:00+00:00,0,0.0,0.0,0.0,23,1,0,550.066650390625,27.786333084106445,53.62533187866211,49.01666641235352,35.17333221435547,2.0,0
2021-12-21 23:05:00+00:00,0,0.0,0.0,0.0,23,1,0,543.8333129882811,27.76499938964844,53.65700149536133,48.86666488647461,33.689998626708984,2.0,0
2021-12-21 23:10:00+00:00,0,0.0,0.0,0.0,23,1,0,544.9666748046875,27.90066719055176,53.36299896240234,48.84333419799805,35.4466667175293,2.0,0
2021-12-21 23:15:00+00:00,0,0.0,0.0,0.0,23,1,0,548.433349609375,27.99166679382324,52.98666763305664,48.64666748046875,35.720001220703125,2.0,0
2021-12-21 23:20:00+00:00,0,0.0,0.0,0.0,23,1,0,547.5,27.94266700744629,53.46933364868164,48.59999847412109,35.689998626708984,2.0,0
2021-12-21 23:25:00+00:00,0,0.0,0.0,0.0,23,1,0,559.1333618164061,28.01300048828125,53.10933303833008,48.72333145141602,36.03333282470703,2.0,0
2021-12-21 23:30:00+00:00,0,0.0,0.0,0.0,23,1,0,566.27587890625,27.98413848876953,53.356895446777344,48.81724166870117,34.45517349243164,2.0,0
2021-12-21 23:35:00+00:00,0,0.0,0.0,0.0,23,1,0,579.6333618164062,28.03499984741211,53.11299896240234,49.13666534423828,35.65666580200195,2.0,0
2021-12-21 23:40:00+00:00,0,0.0,0.0,0.0,23,1,0,584.7142944335938,28.078214645385746,53.45821380615234,48.45000076293945,36.81071472167969,2.0,0
2021-12-21 23:45:00+00:00,0,0.0,0.0,0.0,23,1,0,589.0999755859375,28.07366752624512,53.51133346557617,48.393333435058594,36.9566650390625,2.0,0
2021-12-21 23:50:00+00:00,0,0.0,0.0,0.0,23,1,0,599.5999755859375,28.071332931518555,53.48966598510742,49.1500015258789,36.93333435058594,2.0,0
2021-12-21 23:55:00+00:00,0,0.0,0.0,0.0,23,1,0,605.9666748046875,27.99166679382324,53.9900016784668,48.99333190917969,36.310001373291016,2.0,0
2021-12-22 00:00:00+00:00,0,0.0,0.0,0.0,0,2,0,603.7000122070312,28.19833374023437,53.82833480834961,48.88333511352539,35.063331604003906,2.0,0
2021-12-22 00:05:00+00:00,0,0.0,0.0,0.0,0,2,0,600.2999877929688,28.035667419433597,54.68166732788086,49.32333374023438,35.34333419799805,2.0,0
2021-12-22 00:10:00+00:00,0,0.0,0.0,0.0,0,2,0,594.933349609375,28.03433418273925,54.41166687011719,49.34999847412109,36.09000015258789,2.0,0
2021-12-22 00:15:00+00:00,0,0.0,0.0,0.0,0,2,0,590.3666381835938,28.03899955749512,54.09999847412109,48.83000183105469,35.936668395996094,2.0,0
2021-12-22 00:20:00+00:00,0,0.0,0.0,0.0,0,2,0,589.6666870117188,28.04400062561035,54.04399871826172,48.71666717529297,35.71333312988281,2.0,0
2021-12-22 00:25:00+00:00,0,0.0,0.0,0.0,0,2,0,581.137939453125,27.91655158996582,54.8958625793457,48.41379165649414,35.93448257446289,2.0,0
2021-12-22 00:30:00+00:00,0,0.0,0.0,0.0,0,2,0,577.0714111328125,27.99321365356445,54.69035720825195,48.35714340209961,35.88571548461914,2.0,0
2021-12-22 00:35:00+00:00,0,0.0,0.0,0.0,0,2,0,574.066650390625,27.990333557128903,54.97533416748047,48.48666763305664,35.37333297729492,2.0,0
2021-12-22 00:40:00+00:00,0,0.0,0.0,0.0,0,2,0,567.8333129882812,28.058000564575195,55.005332946777344,49.07333374023438,35.45000076293945,2.0,0
2021-12-22 00:45:00+00:00,0,0.0,0.0,0.0,0,2,0,560.1333618164061,28.006999969482425,55.81866836547852,48.81666564941406,34.709999084472656,1.0,0
2021-12-22 00:50:00+00:00,0,0.0,0.0,0.0,0,2,0,556.2666625976561,27.95566749572754,56.13299942016602,48.88666534423828,33.34999847412109,1.0,0
2021-12-22 00:55:00+00:00,0,0.0,0.0,0.0,0,2,0,553.6666870117189,28.08133316040039,56.11033248901367,49.06999969482422,27.670000076293945,1.0,0
2021-12-22 01:00:00+00:00,0,0.0,0.0,0.0,1,2,0,545.2666625976561,28.176666259765625,56.17499923706055,49.61000061035156,26.176666259765625,1.0,0
2021-12-22 01:05:00+00:00,0,0.0,0.0,0.0,1,2,0,536.5333251953125,28.099666595458984,57.23199844360352,49.11999893188477,26.433332443237305,1.0,0
2021-12-22 01:10:00+00:00,0,0.0,0.0,0.0,1,2,0,522.2000122070311,28.042667388916016,58.40900039672852,49.2400016784668,26.94333267211914,1.0,0
2021-12-22 01:15:00+00:00,0,0.0,0.0,0.0,1,2,0,519.3793334960939,28.01655197143555,58.405517578125,49.365516662597656,27.79310417175293,1.0,0
2021-12-22 01:20:00+00:00,0,0.0,0.0,0.0,1,2,0,515.0,28.019309997558597,58.77069091796875,48.67586135864258,26.74137878417969,1.0,0
2021-12-22 01:25:00+00:00,0,0.0,0.0,0.0,1,2,0,512.586181640625,27.89068984985352,60.02620697021485,48.36206817626953,26.203447341918945,1.0,0
2021-12-22 01:30:00+00:00,0,0.0,0.0,0.0,1,2,0,506.9666748046875,27.97200012207031,59.79666519165039,48.82666778564453,25.40999984741211,1.0,0
2021-12-22 01:35:00+00:00,0,0.0,0.0,0.0,1,2,0,507.23333740234375,28.01033401489257,59.95466613769531,48.40999984741211,22.3700008392334,1.0,0
2021-12-22 01:40:00+00:00,0,0.0,0.0,0.0,1,2,0,508.76666259765625,28.01633262634277,60.33966827392578,49.06999969482422,22.656665802001957,1.0,0
2021-12-22 01:45:00+00:00,0,0.0,0.0,0.0,1,2,0,506.2000122070313,28.066333770751957,60.7043342590332,50.79666519165039,23.10333251953125,1.0,0
2021-12-22 01:50:00+00:00,0,0.0,0.0,0.0,1,2,0,506.1666564941406,28.17900085449219,60.47000122070313,49.53333282470703,19.956666946411133,1.0,0
2021-12-22 01:55:00+00:00,0,0.0,0.0,0.0,1,2,0,504.6000061035156,28.18633270263672,60.81333160400391,48.93333435058594,17.24333381652832,1.0,0
2021-12-22 02:00:00+00:00,0,0.0,0.0,0.0,2,2,0,501.1333312988281,28.1560001373291,61.0793342590332,48.85333251953125,6.826666831970215,1.0,0
2021-12-22 02:05:00+00:00,0,0.0,0.0,0.0,2,2,0,497.5,28.07233238220215,61.5716667175293,48.66666793823242,3.4133334159851074,1.0,0
2021-12-22 02:10:00+00:00,0,0.0,0.0,0.0,2,2,0,496.3793029785156,28.01137924194336,62.13689804077149,48.77241516113281,2.386206865310669,1.0,0
2021-12-22 02:15:00+00:00,0,0.0,0.0,0.0,2,2,0,495.0,28.042499542236328,62.41464233398438,48.22857284545898,1.5750000476837158,1.0,0
2021-12-22 02:20:00+00:00,0,0.0,0.0,0.0,2,2,0,491.0333251953125,27.963666915893555,62.98333358764648,48.62333297729492,0.8166666626930237,1.0,0
2021-12-22 02:25:00+00:00,0,0.0,0.0,0.0,2,2,0,488.76666259765625,27.976333618164062,63.61466598510742,48.3466682434082,0.0,1.0,0
2021-12-22 02:30:00+00:00,0,0.0,0.0,0.0,2,2,0,486.0,28.01499938964844,63.9010009765625,48.2599983215332,0.0,1.0,0
2021-12-22 02:35:00+00:00,0,0.0,0.0,0.0,2,2,0,483.8333435058594,28.0483341217041,64.052001953125,48.5433349609375,0.0,1.0,0
2021-12-22 02:40:00+00:00,0,0.0,0.0,0.0,2,2,0,480.9333190917969,28.07399940490723,64.13066864013672,48.59333419799805,0.0,1.0,0
2021-12-22 02:45:00+00:00,0,0.0,0.0,0.0,2,2,0,478.8666687011719,28.040000915527344,64.63933563232422,48.13666534423828,0.0,1.0,0
2021-12-22 02:50:00+00:00,0,0.0,0.0,0.0,2,2,0,474.4666748046875,28.06366729736328,64.66500091552734,48.47000122070313,0.0,1.0,0
2021-12-22 02:55:00+00:00,0,0.0,0.0,0.0,2,2,0,476.6666564941406,28.05033302307129,64.92866516113281,48.28333282470703,0.0,1.0,0
2021-12-22 03:00:00+00:00,0,0.0,0.0,0.0,3,2,0,474.82757568359375,28.09034538269043,64.75,48.19655227661133,0.0,1.0,0
2021-12-22 03:05:00+00:00,0,0.0,0.0,0.0,3,2,0,479.75,28.08357048034668,64.96356964111328,47.85714340209961,0.0,1.0,0
2021-12-22 03:10:00+00:00,0,0.0,0.0,0.0,3,2,0,479.2000122070313,28.05500030517578,65.11599731445311,48.29666519165039,0.0,2.0,0
2021-12-22 03:15:00+00:00,0,0.0,0.0,0.0,3,2,0,477.0333251953125,28.060333251953125,65.19633483886719,48.41333389282226,0.0,1.0,0
2021-12-22 03:20:00+00:00,0,0.0,0.0,0.0,3,2,0,475.1666564941406,28.07533264160156,65.12833404541016,48.61000061035156,0.0,1.0,0
2021-12-22 03:25:00+00:00,0,0.0,0.0,0.0,3,2,0,474.8999938964844,28.059999465942383,65.20200347900389,48.0099983215332,0.0,1.0,0
2021-12-22 03:30:00+00:00,0,0.0,0.0,0.0,3,2,0,475.7000122070313,28.08799934387207,65.31199645996094,48.0966682434082,0.0,1.0,0
2021-12-22 03:35:00+00:00,0,0.0,0.0,0.0,3,2,0,474.9666748046875,28.11599922180176,65.2760009765625,48.143333435058594,0.0,2.0,0
2021-12-22 03:40:00+00:00,0,0.0,0.0,0.0,3,2,0,479.5,28.12966728210449,65.21299743652344,48.34999847412109,0.0,1.0,0
2021-12-22 03:45:00+00:00,0,0.0,0.0,0.0,3,2,0,474.7000122070313,28.1113338470459,65.28900146484375,48.13333511352539,0.0,1.0,0
2021-12-22 03:50:00+00:00,0,0.0,0.0,0.0,3,2,0,472.5333251953125,28.10966682434082,65.32700347900389,48.143333435058594,0.0,2.0,0
2021-12-22 03:55:00+00:00,0,0.0,0.0,0.0,3,2,0,473.2222290039063,28.128889083862305,65.30815124511719,47.8814811706543,0.0,1.0,0
2021-12-22 04:00:00+00:00,0,0.0,0.0,0.0,4,2,0,473.5333251953125,28.16633415222168,65.35666656494139,47.86666488647461,0.0,2.0,0
2021-12-22 04:05:00+00:00,0,0.0,0.0,0.0,4,2,0,475.3999938964844,28.15466690063477,65.44266510009766,47.93333435058594,0.0,2.0,0
2021-12-22 04:10:00+00:00,0,0.0,0.0,0.0,4,2,0,472.1333312988281,28.196332931518555,65.4046630859375,48.97999954223633,0.0,3.0,0
2021-12-22 04:15:00+00:00,0,0.0,0.0,0.0,4,2,0,471.6333312988281,28.19099998474121,65.53966522216797,48.58666610717773,0.0,3.0,0
2021-12-22 04:20:00+00:00,0,0.0,0.0,0.0,4,2,0,467.0333251953125,28.196332931518555,65.71499633789061,48.04666519165039,0.0,1.0,0
2021-12-22 04:25:00+00:00,0,0.0,0.0,0.0,4,2,0,466.2000122070313,28.18166732788086,65.85466766357422,47.606666564941406,0.0,1.0,0
2021-12-22 04:30:00+00:00,0,0.0,0.0,0.0,4,2,0,466.9666748046875,28.170000076293945,65.99433135986328,47.79999923706055,0.0,1.0,0
2021-12-22 04:35:00+00:00,0,0.0,0.0,0.0,4,2,0,466.5333251953125,28.17766761779785,65.96733093261719,47.83666610717773,0.0,1.0,0
2021-12-22 04:40:00+00:00,0,0.0,0.0,0.0,4,2,0,467.1000061035156,28.17600059509277,66.09799957275389,47.68999862670898,0.0,1.0,0
2021-12-22 04:45:00+00:00,0,0.0,0.0,0.0,4,2,0,468.3103332519531,28.18482780456543,66.28310394287111,47.90689468383789,0.0,1.0,0
2021-12-22 04:50:00+00:00,0,0.0,0.0,0.0,4,2,0,464.3571472167969,28.181072235107425,66.32535552978516,47.21785736083984,0.0,1.0,0
2021-12-22 04:55:00+00:00,0,0.0,0.0,0.0,4,2,0,465.1000061035156,28.191333770751957,66.43733215332031,47.5966682434082,0.0,2.0,0
2021-12-22 05:00:00+00:00,0,0.0,0.0,0.0,5,2,0,469.5333251953125,28.21233367919922,66.41200256347656,47.83666610717773,0.0,1.0,0
2021-12-22 05:05:00+00:00,0,0.0,0.0,0.0,5,2,0,466.4666748046875,28.26966667175293,66.34200286865234,47.79999923706055,0.0,2.0,0
2021-12-22 05:10:00+00:00,0,0.0,0.0,0.0,5,2,0,465.3999938964844,28.280332565307614,66.33599853515625,47.5533332824707,0.0,2.0,0
2021-12-22 05:15:00+00:00,0,0.0,0.0,0.0,5,2,0,462.1000061035156,28.246999740600582,66.54533386230469,48.16999816894531,0.0,2.0,0
2021-12-22 05:20:00+00:00,0,0.0,0.0,0.0,5,2,0,462.3999938964844,28.24533271789551,66.63566589355469,48.22999954223633,0.0,1.0,0
2021-12-22 05:25:00+00:00,0,0.0,0.0,0.0,5,2,0,462.73333740234375,28.305334091186523,66.56866455078125,47.56999969482422,0.0,1.0,0
2021-12-22 05:30:00+00:00,0,0.0,0.0,0.0,5,2,0,464.9333190917969,28.250667572021484,66.88899993896484,47.58333206176758,0.0,2.0,0
2021-12-22 05:35:00+00:00,0,0.0,0.0,0.0,5,2,0,465.0,28.215665817260746,67.2066650390625,47.62666702270508,0.0,1.0,0
2021-12-22 05:40:00+00:00,0,0.0,0.0,0.0,5,2,0,455.9259338378906,28.22333335876465,67.30925750732422,47.4555549621582,0.0,2.0,0
2021-12-22 05:45:00+00:00,0,0.0,0.0,0.0,5,2,0,455.3333435058594,28.16699981689453,67.55466461181639,48.41999816894531,0.0,1.0,0
2021-12-22 05:50:00+00:00,0,0.0,0.0,0.0,5,2,0,456.4333190917969,28.132999420166016,67.65633392333984,47.74333190917969,0.0,2.0,0
2021-12-22 05:55:00+00:00,0,0.0,0.0,0.0,5,2,0,460.3666687011719,28.125999450683597,67.75566864013672,47.49333190917969,0.0,2.0,0
2021-12-22 06:00:00+00:00,0,0.0,0.0,0.0,6,2,0,458.4333190917969,28.15066719055176,67.80699920654297,47.88999938964844,0.0,3.0,0
2021-12-22 06:05:00+00:00,0,0.0,0.0,0.0,6,2,0,453.23333740234375,28.101999282836918,68.06733703613281,47.50333404541016,0.0,1.0,0
2021-12-22 06:10:00+00:00,0,0.0,0.0,0.0,6,2,0,454.9666748046875,28.09433364868164,68.10966491699219,47.49666595458984,0.0,1.0,0
2021-12-22 06:15:00+00:00,0,0.0,0.0,0.0,6,2,0,455.0666809082031,28.08666610717773,68.23633575439453,48.00333404541016,0.0,1.0,0
2021-12-22 06:20:00+00:00,0,0.0,0.0,0.0,6,2,0,455.1666564941406,28.06833267211914,68.28067016601561,47.63000106811523,0.0,2.0,0
2021-12-22 06:25:00+00:00,0,0.0,0.0,0.0,6,2,0,458.5333251953125,28.082000732421875,68.13099670410156,47.72000122070313,0.0,2.0,0
2021-12-22 06:30:00+00:00,0,0.0,0.0,0.0,6,2,0,462.4074096679688,28.11592674255371,68.04036712646484,47.39259338378906,0.0,1.0,0
2021-12-22 06:35:00+00:00,0,0.0,0.0,0.0,6,2,0,459.0666809082031,28.082000732421875,68.27799987792969,47.72333145141602,0.0,1.0,0
2021-12-22 06:40:00+00:00,0,0.0,0.0,0.0,6,2,0,454.23333740234375,28.079334259033203,68.3106689453125,47.36999893188477,0.0,1.0,0
2021-12-22 06:45:00+00:00,0,0.0,0.0,0.0,6,2,0,453.6333312988281,28.102333068847656,68.23133087158203,47.38000106811523,0.0,1.0,0
2021-12-22 06:50:00+00:00,0,0.0,0.0,0.0,6,2,0,456.5666809082031,28.118667602539062,68.24566650390625,47.52999877929688,0.0,1.0,0
2021-12-22 06:55:00+00:00,0,0.0,0.0,0.0,6,2,0,455.76666259765625,28.09700012207031,68.36799621582031,47.56000137329102,0.0,1.0,0
2021-12-22 07:00:00+00:00,0,0.0,0.0,0.0,7,2,0,452.1000061035156,28.096332550048828,68.44166564941406,47.3466682434082,0.0,3.0,0
2021-12-22 07:05:00+00:00,0,0.0,0.0,0.0,7,2,0,450.5,28.066333770751957,68.5989990234375,47.37666702270508,0.0,1.0,0
2021-12-22 07:10:00+00:00,0,0.0,0.0,0.0,7,2,0,452.1333312988281,28.104665756225582,68.43733215332031,47.59000015258789,0.0,1.0,0
2021-12-22 07:15:00+00:00,0,0.0,0.0,0.0,7,2,0,453.76666259765625,28.12100028991699,68.39800262451172,47.59333419799805,0.0,1.0,0
2021-12-22 07:20:00+00:00,0,0.0,0.0,0.0,7,2,0,453.5333251953125,28.13133239746093,68.50566864013672,47.65666580200195,0.0,2.0,0
2021-12-22 07:25:00+00:00,0,0.0,0.0,0.0,7,2,0,454.2222290039063,28.11740684509277,68.63481140136719,47.174072265625,0.0,2.0,0
2021-12-22 07:30:00+00:00,0,0.0,0.0,0.0,7,2,0,452.7000122070313,28.112667083740234,68.7413330078125,47.36333465576172,0.0,1.0,0
2021-12-22 07:35:00+00:00,0,0.0,0.0,0.0,7,2,0,455.76666259765625,28.101667404174805,68.86399841308594,47.3033332824707,0.0,1.0,0
2021-12-22 07:40:00+00:00,0,0.0,0.0,0.0,7,2,0,456.0,28.106332778930664,68.92866516113281,47.31333160400391,0.0,2.0,0
2021-12-22 07:45:00+00:00,0,0.0,0.0,0.0,7,2,0,451.0,28.12333297729492,68.90200042724611,47.21666717529297,0.0,2.0,0
2021-12-22 07:50:00+00:00,0,0.0,0.0,0.0,7,2,0,449.73333740234375,28.121999740600582,68.97000122070311,47.41333389282226,0.0,1.0,2
2021-12-22 07:55:00+00:00,0,0.0,0.0,0.0,7,2,0,453.5,28.119667053222656,69.00766754150389,47.22666549682617,0.0,1.0,0
2021-12-22 08:00:00+00:00,0,0.0,0.0,0.0,8,2,0,453.0333251953125,28.12333297729492,69.08499908447266,47.28666687011719,0.0,2.0,0
2021-12-22 08:05:00+00:00,0,0.0,0.0,0.0,8,2,0,452.3999938964844,28.15066719055176,69.06300354003906,47.15999984741211,0.0,1.0,0
2021-12-22 08:10:00+00:00,0,0.0,0.0,0.0,8,2,0,449.6000061035156,28.13800048828125,69.18800354003906,47.06000137329102,0.0,1.0,0
2021-12-22 08:15:00+00:00,0,0.0,0.0,0.0,8,2,0,449.4814758300781,28.102962493896484,69.33000183105469,47.03333282470703,0.0,1.0,0
2021-12-22 08:20:00+00:00,0,0.0,0.0,0.0,8,2,0,450.6000061035156,28.08099937438965,69.40699768066406,47.040000915527344,0.0,1.0,0
2021-12-22 08:25:00+00:00,0,0.0,0.0,0.0,8,2,0,451.6333312988281,28.10000038146973,69.36367034912111,47.22333145141602,0.0,1.0,0
2021-12-22 08:30:00+00:00,0,0.0,0.0,0.0,8,2,0,452.0333251953125,28.123666763305664,69.375,47.11000061035156,0.0,1.0,0
2021-12-22 08:35:00+00:00,0,0.0,0.0,0.0,8,2,0,452.0,28.112667083740234,69.53166961669922,47.040000915527344,0.0,1.0,0
2021-12-22 08:40:00+00:00,0,0.0,0.0,0.0,8,2,0,450.6666564941406,28.10366630554199,69.68033599853516,47.14666748046875,0.0,1.0,0
2021-12-22 08:45:00+00:00,0,0.0,0.0,0.0,8,2,0,447.3999938964844,28.101667404174805,69.77532958984375,47.11000061035156,0.0,1.0,0
2021-12-22 08:50:00+00:00,0,0.0,0.0,0.0,8,2,0,449.0333251953125,28.075666427612305,69.97133636474611,47.20333480834961,0.0,1.0,0
2021-12-22 08:55:00+00:00,0,0.0,0.0,0.0,8,2,0,447.3666687011719,28.06599998474121,70.12466430664061,47.06333160400391,0.0,1.0,0
2021-12-22 09:00:00+00:00,0,0.0,0.0,0.0,9,2,0,448.26666259765625,28.090665817260746,70.09333038330078,47.11666488647461,0.0,2.0,0
2021-12-22 09:05:00+00:00,0,0.0,0.0,0.0,9,2,0,448.4285583496094,28.08107185363769,70.1875,47.11428451538086,0.0,2.0,0
2021-12-22 09:10:00+00:00,0,0.0,0.0,0.0,9,2,0,450.4827575683594,28.08758544921875,70.21551513671875,47.09999847412109,0.0,2.0,0
2021-12-22 09:15:00+00:00,0,0.0,0.0,0.0,9,2,0,448.73333740234375,28.095333099365234,70.23066711425781,47.03333282470703,0.0,2.0,0
2021-12-22 09:20:00+00:00,0,0.0,0.0,0.0,9,2,0,446.4333190917969,28.094667434692383,70.24900054931639,47.09333419799805,0.0,2.0,0
2021-12-22 09:25:00+00:00,0,0.0,0.0,0.0,9,2,0,448.3999938964844,28.09199905395508,70.28099822998047,47.13666534423828,0.0,2.0,0
2021-12-22 09:30:00+00:00,0,0.0,0.0,0.0,9,2,0,449.4666748046875,28.106000900268555,70.32966613769531,47.05666732788086,0.0,2.0,0
2021-12-22 09:35:00+00:00,0,0.0,0.0,0.0,9,2,0,451.3333435058594,28.078332901000977,70.43800354003906,47.10333251953125,0.0,2.0,0
2021-12-22 09:40:00+00:00,0,0.0,0.0,0.0,9,2,0,452.5,28.093000411987305,70.41366577148438,47.08666610717773,0.0,2.0,0
2021-12-22 09:45:00+00:00,0,0.0,0.0,0.0,9,2,0,450.76666259765625,28.08466720581055,70.46733093261719,47.13333511352539,0.0,2.0,0
2021-12-22 09:50:00+00:00,2,0.0,0.0,0.0,9,2,0,448.7999877929688,28.10533332824707,70.43399810791016,46.93333435058594,0.0,2.0,0
2021-12-22 09:55:00+00:00,0,0.0,0.0,0.0,9,2,0,446.5862121582031,28.07892799377441,70.52931213378906,46.90689468383789,0.0,2.0,0
2021-12-22 10:00:00+00:00,0,0.0,0.0,0.0,10,2,0,444.75,28.074642181396484,70.62214660644531,47.03571319580078,0.0,2.0,0
2021-12-22 10:05:00+00:00,0,0.0,0.0,0.0,10,2,0,445.9666748046875,28.05766677856445,70.71499633789062,47.0533332824707,0.0,2.0,0
2021-12-22 10:10:00+00:00,0,0.0,0.0,0.0,10,2,0,446.76666259765625,28.07366752624512,70.74166870117188,46.92333221435547,0.0,2.0,0
2021-12-22 10:15:00+00:00,0,0.0,0.0,0.0,10,2,0,448.6666564941406,28.11066627502441,70.61199951171875,47.00333404541016,0.0,2.0,0
2021-12-22 10:20:00+00:00,0,2.0,0.0,0.0,10,2,0,447.5333251953125,28.11233329772949,70.61033630371094,47.17333221435547,0.0,2.0,0
2021-12-22 10:25:00+00:00,0,0.0,0.0,0.0,10,2,0,445.0,28.145666122436523,70.53199768066406,47.0099983215332,0.0,2.0,0
2021-12-22 10:30:00+00:00,0,0.0,0.0,0.0,10,2,0,443.9333190917969,28.17033386230469,70.45333099365234,47.0533332824707,0.0,2.0,0
2021-12-22 10:35:00+00:00,0,0.0,0.0,0.0,10,2,0,443.3999938964844,28.189666748046875,70.40799713134766,47.106666564941406,0.0,2.0,0
2021-12-22 10:40:00+00:00,0,0.0,0.0,0.0,10,2,0,445.4666748046875,28.17766761779785,70.49533081054688,47.06000137329102,0.0,1.0,0
2021-12-22 10:45:00+00:00,0,0.0,0.0,0.0,10,2,0,442.0333251953125,28.184667587280277,70.49833679199219,47.06333160400391,0.0,1.0,0
2021-12-22 10:50:00+00:00,0,0.0,2.0,0.0,10,2,0,445.3571472167969,28.17821502685547,70.53571319580078,46.81071472167969,0.0,1.0,0
2021-12-22 10:55:00+00:00,0,0.0,0.0,0.0,10,2,0,447.2999877929688,28.19066619873047,70.5183334350586,47.03333282470703,0.0,1.0,0
2021-12-22 11:00:00+00:00,0,0.0,0.0,0.0,11,2,0,443.1333312988281,28.191999435424805,70.57466888427734,47.07333374023438,0.0,1.0,0
2021-12-22 11:05:00+00:00,0,0.0,0.0,0.0,11,2,0,441.6333312988281,28.203332901000977,70.60133361816406,47.0,0.0,1.0,0
2021-12-22 11:10:00+00:00,0,0.0,0.0,0.0,11,2,0,445.0333251953125,28.20133399963379,70.62633514404297,46.97999954223633,0.0,1.0,0
2021-12-22 11:15:00+00:00,0,0.0,0.0,0.0,11,2,0,446.8666687011719,28.21699905395508,70.65133666992188,47.04999923706055,0.0,1.0,0
2021-12-22 11:20:00+00:00,0,0.0,0.0,0.0,11,2,0,440.7999877929688,28.211334228515625,70.74299621582031,46.95333480834961,0.0,1.0,0
2021-12-22 11:25:00+00:00,0,0.0,0.0,0.0,11,2,0,439.73333740234375,28.222665786743164,70.81666564941406,46.98666763305664,0.0,1.0,0
2021-12-22 11:30:00+00:00,0,0.0,0.0,0.0,11,2,0,438.4333190917969,28.2189998626709,70.82566833496094,46.88666534423828,0.0,1.0,0
2021-12-22 11:35:00+00:00,0,0.0,0.0,0.0,11,2,0,440.76666259765625,28.22100067138672,70.84666442871094,46.9900016784668,0.0,1.0,0
2021-12-22 11:40:00+00:00,0,0.0,0.0,0.0,11,2,0,442.8571472167969,28.22964286804199,70.83464050292969,46.80714416503906,0.0,1.0,0
2021-12-22 11:45:00+00:00,0,0.0,0.0,0.0,11,2,0,445.862060546875,28.21620750427246,70.84689331054688,47.04827499389648,0.0,1.0,0
2021-12-22 11:50:00+00:00,0,0.0,0.0,2.0,11,2,0,441.9666748046875,28.27366638183593,70.66766357421875,47.03333282470703,0.0,1.0,0
2021-12-22 11:55:00+00:00,0,0.0,0.0,0.0,11,2,0,442.0666809082031,28.26766586303711,70.72866821289062,47.04666519165039,0.0,1.0,0
2021-12-22 12:00:00+00:00,0,0.0,0.0,0.0,12,2,0,442.0,28.26933288574219,70.73833465576172,47.143333435058594,0.0,1.0,0
2021-12-22 12:05:00+00:00,0,0.0,0.0,0.0,12,2,0,440.76666259765625,28.244667053222656,70.86699676513672,46.97999954223633,0.0,1.0,0
2021-12-22 12:10:00+00:00,0,0.0,0.0,0.0,12,2,0,439.9333190917969,28.2586669921875,70.86399841308594,46.97999954223633,0.0,1.0,0
2021-12-22 12:15:00+00:00,0,0.0,0.0,0.0,12,2,0,438.1666564941406,28.25233268737793,70.93133544921875,47.00666809082031,0.0,1.0,0
2021-12-22 12:20:00+00:00,0,0.0,0.0,0.0,12,2,0,438.8333435058594,28.226999282836918,71.0566635131836,47.14666748046875,0.0,1.0,0
2021-12-22 12:25:00+00:00,0,0.0,0.0,0.0,12,2,0,441.7999877929688,28.250333786010746,71.04666900634766,47.15999984741211,0.0,1.0,0
2021-12-22 12:30:00+00:00,0,0.0,0.0,0.0,12,2,0,440.6428527832031,28.27750015258789,71.00428771972656,46.8321418762207,0.0,1.0,0
2021-12-22 12:35:00+00:00,0,0.0,0.0,0.0,12,2,0,440.0666809082031,28.251333236694336,71.11399841308594,47.12333297729492,0.0,1.0,0
2021-12-22 12:40:00+00:00,0,0.0,0.0,0.0,12,2,0,440.4827575683594,28.24862098693848,71.18103790283203,47.18275833129883,0.0,1.0,0
2021-12-22 12:45:00+00:00,0,0.0,0.0,0.0,12,2,0,438.5,28.26300048828125,71.1520004272461,47.2066650390625,0.0,1.0,0
2021-12-22 12:50:00+00:00,0,0.0,0.0,0.0,12,2,0,438.6666564941406,28.26333427429199,71.1683349609375,47.38333511352539,0.0,1.0,0
2021-12-22 12:55:00+00:00,0,0.0,0.0,0.0,12,2,0,437.76666259765625,28.2636661529541,71.24600219726562,47.15666580200195,0.0,1.0,0
2021-12-22 13:00:00+00:00,0,0.0,0.0,0.0,13,2,0,439.23333740234375,28.24966621398925,71.30033111572266,47.13333511352539,0.0,1.0,0
2021-12-22 13:05:00+00:00,0,0.0,0.0,0.0,13,2,0,440.6000061035156,28.27133369445801,71.26200103759766,47.38333511352539,0.0,1.0,0
2021-12-22 13:10:00+00:00,0,0.0,0.0,0.0,13,2,0,441.5333251953125,28.23600006103516,71.3949966430664,47.25,0.0,1.0,0
2021-12-22 13:15:00+00:00,0,0.0,0.0,0.0,13,2,0,438.2999877929688,28.26099967956543,71.34933471679688,47.3033332824707,0.0,1.0,0
2021-12-22 13:20:00+00:00,0,0.0,0.0,0.0,13,2,0,437.7999877929688,28.270000457763672,71.33399963378906,47.63000106811523,0.0,1.0,0
2021-12-22 13:25:00+00:00,0,0.0,0.0,0.0,13,2,0,438.5357055664063,28.26749992370605,71.37464141845703,47.21071243286133,0.0,1.0,0
2021-12-22 13:30:00+00:00,0,0.0,0.0,0.0,13,2,0,438.89654541015625,28.24206924438477,71.45655059814453,47.32413864135742,0.0,1.0,0
2021-12-22 13:35:00+00:00,0,0.0,0.0,0.0,13,2,0,435.9666748046875,28.23033332824707,71.57766723632812,47.21666717529297,0.0,1.0,0
2021-12-22 13:40:00+00:00,0,0.0,0.0,0.0,13,2,0,435.23333740234375,28.215999603271484,71.63966369628906,47.49666595458984,0.0,1.0,0
2021-12-22 13:45:00+00:00,0,0.0,0.0,0.0,13,2,0,433.2000122070313,28.23200035095215,71.61266326904297,47.643333435058594,0.0,1.0,0
2021-12-22 13:50:00+00:00,0,0.0,0.0,0.0,13,2,0,436.0333251953125,28.22533416748047,71.65666961669922,47.61000061035156,0.0,1.0,0
2021-12-22 13:55:00+00:00,0,0.0,0.0,0.0,13,2,0,437.76666259765625,28.222999572753903,71.68699645996094,47.60333251953125,0.0,1.0,0
2021-12-22 14:00:00+00:00,0,0.0,0.0,0.0,14,2,0,435.1000061035156,28.2103328704834,71.74833679199219,47.36666488647461,0.0,1.0,0
2021-12-22 14:05:00+00:00,0,0.0,0.0,0.0,14,2,0,433.1333312988281,28.20566749572754,71.77266693115234,47.56333160400391,0.0,1.0,0
2021-12-22 14:10:00+00:00,0,0.0,0.0,0.0,14,2,0,433.3333435058594,28.22566604614257,71.7316665649414,47.81333160400391,0.0,1.0,0
2021-12-22 14:15:00+00:00,0,0.0,0.0,0.0,14,2,0,431.75,28.19928550720215,71.83999633789062,47.60714340209961,0.0,1.0,0
2021-12-22 14:20:00+00:00,0,0.0,0.0,0.0,14,2,0,433.1333312988281,28.21866607666016,71.79833221435547,47.68000030517578,0.0,1.0,0
2021-12-22 14:25:00+00:00,0,0.0,0.0,0.0,14,2,0,437.0689697265625,28.24137878417969,71.7279281616211,47.67241287231445,0.0,1.0,0
2021-12-22 14:30:00+00:00,0,0.0,0.0,0.0,14,2,0,435.4666748046875,28.23900032043457,71.74666595458984,47.90999984741211,0.0,1.0,0
2021-12-22 14:35:00+00:00,0,0.0,0.0,0.0,14,2,0,433.4333190917969,28.226333618164062,71.8463363647461,47.70333480834961,0.0,1.0,0
2021-12-22 14:40:00+00:00,0,0.0,0.0,0.0,14,2,0,434.3999938964844,28.220666885375977,71.86599731445312,47.9000015258789,0.0,1.0,0
2021-12-22 14:45:00+00:00,0,0.0,0.0,0.0,14,2,0,435.9666748046875,28.23366737365723,71.84833526611328,48.06000137329102,0.0,1.0,0
2021-12-22 14:50:00+00:00,0,0.0,0.0,0.0,14,2,0,434.76666259765625,28.240333557128903,71.86433410644531,47.893333435058594,0.0,1.0,0
2021-12-22 14:55:00+00:00,0,0.0,0.0,0.0,14,2,0,434.3666687011719,28.26700019836425,71.81966400146484,48.51333236694336,0.0,1.0,0
2021-12-22 15:00:00+00:00,0,0.0,0.0,0.0,15,2,0,433.5666809082031,28.227333068847656,71.9530029296875,48.22333145141602,0.0,1.0,0
2021-12-22 15:05:00+00:00,0,0.0,0.0,0.0,15,2,0,435.2857055664063,28.233572006225582,72.00250244140625,47.87857055664063,0.0,1.0,0
2021-12-22 15:10:00+00:00,0,0.0,0.0,0.0,15,2,0,435.6666564941406,28.21466636657715,72.09300231933594,48.51333236694336,0.0,1.0,0
2021-12-22 15:15:00+00:00,0,0.0,0.0,0.0,15,2,0,435.6551818847656,28.17827606201172,72.20689392089844,48.66896438598633,0.0,1.0,0
2021-12-22 15:20:00+00:00,0,0.0,0.0,0.0,15,2,0,436.0333251953125,28.18000030517578,72.28533172607422,49.36333465576172,0.0,1.0,0
2021-12-22 15:25:00+00:00,0,0.0,0.0,0.0,15,2,0,435.6000061035156,28.19099998474121,72.28500366210938,48.63999938964844,0.0,1.0,0
2021-12-22 15:30:00+00:00,0,0.0,0.0,0.0,15,2,0,434.3333435058594,28.24799919128418,72.15733337402344,48.38666534423828,0.0,1.0,0
2021-12-22 15:35:00+00:00,0,0.0,0.0,0.0,15,2,0,432.8333435058594,28.24266624450684,72.22200012207031,48.71666717529297,0.0,1.0,0
2021-12-22 15:40:00+00:00,0,0.0,0.0,0.0,15,2,0,432.3999938964844,28.226667404174805,72.27899932861328,48.8033332824707,0.0,1.0,0
2021-12-22 15:45:00+00:00,0,0.0,0.0,0.0,15,2,0,432.9333190917969,28.23166656494141,72.35966491699219,48.38999938964844,0.7799999713897705,1.0,0
2021-12-22 15:50:00+00:00,0,0.0,0.0,0.0,15,2,0,432.4333190917969,28.222665786743164,72.46333312988281,48.76333236694336,4.030000209808351,1.0,0
2021-12-22 15:55:00+00:00,0,0.0,0.0,0.0,15,2,0,431.7999877929688,28.22533416748047,72.51033020019531,48.63333511352539,8.193333625793457,1.0,0
2021-12-22 16:00:00+00:00,0,0.0,0.0,0.0,16,2,0,433.25,28.249286651611328,72.45464324951172,48.16071319580078,11.882143020629885,1.0,0
2021-12-22 16:05:00+00:00,0,0.0,0.0,0.0,16,2,0,431.23333740234375,28.243667602539062,72.50333404541016,48.52999877929688,13.56999969482422,1.0,0
2021-12-22 16:10:00+00:00,0,0.0,0.0,0.0,16,2,0,435.6206970214844,28.26793098449707,72.50068664550781,48.42413711547852,15.503448486328123,1.0,0
2021-12-22 16:15:00+00:00,0,0.0,0.0,0.0,16,2,0,433.3333435058594,28.29700088500977,72.36100006103516,48.5,15.333333015441896,1.0,0
2021-12-22 16:20:00+00:00,0,0.0,0.0,0.0,16,2,0,432.8999938964844,28.25300025939941,72.52266693115234,48.56000137329102,6.306666851043701,1.0,0
2021-12-22 16:25:00+00:00,0,0.0,0.0,0.0,16,2,0,430.5,28.22933387756348,72.6586685180664,48.78333282470703,2.5966665744781494,1.0,0
2021-12-22 16:30:00+00:00,0,0.0,0.0,0.0,16,2,0,433.4333190917969,28.26799964904785,72.55400085449219,48.83333206176758,0.7133333086967468,1.0,0
2021-12-22 16:35:00+00:00,0,0.0,0.0,0.0,16,2,0,433.1666564941406,28.22433280944824,72.74433135986328,48.83333206176758,0.5266666412353516,1.0,0
2021-12-22 16:40:00+00:00,0,0.0,0.0,0.0,16,2,0,430.1333312988281,28.23033332824707,72.74266815185547,48.49333190917969,1.2300000190734863,1.0,0
2021-12-22 16:45:00+00:00,0,0.0,0.0,0.0,16,2,0,435.1000061035156,28.256000518798828,72.7020034790039,48.85333251953125,0.8333333134651184,1.0,0
2021-12-22 16:50:00+00:00,0,0.0,0.0,0.0,16,2,0,434.71429443359375,28.24142837524414,72.8221435546875,48.44285583496094,0.0964285731315612,1.0,0
2021-12-22 16:55:00+00:00,0,0.0,0.0,0.0,16,2,0,432.1000061035156,28.25466728210449,72.79733276367188,48.61333465576172,0.0,1.0,0
2021-12-22 17:00:00+00:00,0,0.0,0.0,0.0,17,2,0,429.0344848632813,28.282758712768555,72.69517517089844,48.55172348022461,0.0,1.0,0
2021-12-22 17:05:00+00:00,0,0.0,0.0,0.0,17,2,0,432.8999938964844,28.23500061035156,72.87633514404297,48.68333435058594,0.0,1.0,0
2021-12-22 17:10:00+00:00,0,0.0,0.0,0.0,17,2,0,432.3999938964844,28.294666290283203,72.70800018310547,48.5,0.0,1.0,0
2021-12-22 17:15:00+00:00,0,0.0,0.0,0.0,17,2,0,434.5666809082031,28.2723331451416,72.83799743652344,48.4000015258789,0.0,1.0,0
2021-12-22 17:20:00+00:00,0,0.0,0.0,0.0,17,2,0,434.2000122070313,28.25433349609375,72.91766357421875,48.75,0.0,1.0,0
2021-12-22 17:25:00+00:00,0,0.0,0.0,0.0,17,2,0,431.3333435058594,28.297332763671875,72.72966766357422,48.7933349609375,0.9766666889190674,1.0,0
2021-12-22 17:30:00+00:00,0,0.0,0.0,0.0,17,2,0,434.3666687011719,28.24900054931641,72.94666290283203,48.64666748046875,2.463333368301392,1.0,0
2021-12-22 17:35:00+00:00,0,0.0,0.0,0.0,17,2,0,433.2000122070313,28.26266670227051,72.91266632080078,48.53333282470703,2.743333339691162,1.0,0
2021-12-22 17:40:00+00:00,0,0.0,0.0,0.0,17,2,0,429.1785583496094,28.239999771118164,72.97428894042969,48.31071472167969,3.032142877578736,1.0,0
2021-12-22 17:45:00+00:00,0,0.0,0.0,0.0,17,2,0,429.9333190917969,28.24099922180176,72.99500274658203,48.57666778564453,2.9733333587646484,1.0,0
2021-12-22 17:50:00+00:00,0,0.0,0.0,0.0,17,2,0,431.6333312988281,28.232666015625,72.98933410644531,49.0099983215332,2.746666669845581,1.0,0
2021-12-22 17:55:00+00:00,0,0.0,0.0,0.0,17,2,0,429.9310302734375,28.22724151611328,73.0137939453125,48.6655158996582,2.7620689868927,1.0,0
2021-12-22 18:00:00+00:00,0,0.0,0.0,0.0,18,2,0,434.5333251953125,28.257333755493164,72.89533233642578,48.88333511352539,3.140000104904175,1.0,0
2021-12-22 18:05:00+00:00,0,0.0,0.0,0.0,18,2,0,434.3333435058594,28.2586669921875,72.9143295288086,48.43000030517578,3.289999961853028,1.0,0
2021-12-22 18:10:00+00:00,0,0.0,0.0,0.0,18,2,0,433.23333740234375,28.238000869750977,72.98200225830078,48.34000015258789,3.046666622161865,1.0,0
2021-12-22 18:15:00+00:00,0,0.0,0.0,0.0,18,2,0,432.6333312988281,28.243667602539062,72.96833038330078,48.4366683959961,2.636666774749756,1.0,0
2021-12-22 18:20:00+00:00,0,0.0,0.0,0.0,18,2,0,433.3333435058594,28.267333984375,72.91999816894531,48.52333450317383,2.4233334064483643,1.0,0
2021-12-22 18:25:00+00:00,0,0.0,0.0,0.0,18,2,0,431.7999877929688,28.252666473388672,72.9356689453125,48.53666687011719,2.126666784286499,1.0,0
2021-12-22 18:30:00+00:00,0,0.0,0.0,0.0,18,2,0,429.9655151367188,28.22275924682617,73.039306640625,48.31724166870117,1.5862069129943848,1.0,0
2021-12-22 18:35:00+00:00,0,0.0,0.0,0.0,18,2,0,430.5517272949219,28.22206878662109,73.01758575439453,48.77241516113281,1.331034541130066,1.0,0
2021-12-22 18:40:00+00:00,0,0.0,0.0,0.0,18,2,0,432.6000061035156,28.18233299255371,73.1606674194336,54.32333374023438,38.663333892822266,1.0,0
2021-12-22 18:45:00+00:00,0,0.0,0.0,0.0,18,2,0,437.7930908203125,28.34482765197754,72.77827453613281,54.58275985717773,58.53103637695313,1.0,0
2021-12-22 18:50:00+00:00,0,0.0,0.0,0.0,18,2,0,451.8666687011719,28.28333282470703,73.21299743652344,52.62666702270508,30.296667098999023,1.0,0
2021-12-22 18:55:00+00:00,0,0.0,0.0,0.0,18,2,0,461.5,28.12833404541016,73.7509994506836,51.45000076293945,4.079999923706056,1.0,0
2021-12-22 19:00:00+00:00,0,0.0,0.0,0.0,19,2,0,458.7000122070313,28.02866744995117,74.0999984741211,50.44333267211914,7.246666431427003,1.0,0
2021-12-22 19:05:00+00:00,0,0.0,0.0,0.0,19,2,0,462.0333251953125,28.023332595825195,74.09700012207031,49.11333465576172,3.5799999237060547,1.0,0
2021-12-22 19:10:00+00:00,0,0.0,0.0,0.0,19,2,0,463.0666809082031,28.02300071716309,74.11966705322266,48.67666625976562,2.446666717529297,1.0,0
2021-12-22 19:15:00+00:00,0,0.0,0.0,0.0,19,2,0,462.6000061035156,28.01266670227051,74.14167022705078,48.97333145141602,2.7699999809265137,1.0,0
2021-12-22 19:20:00+00:00,0,0.0,0.0,0.0,19,2,0,466.6000061035156,27.98933410644531,74.20700073242188,48.68000030517578,3.033333301544189,1.0,0
2021-12-22 19:25:00+00:00,0,0.0,0.0,0.0,19,2,0,463.46429443359375,28.07535743713379,73.98714447021484,48.20000076293945,3.135714292526245,1.0,0
2021-12-22 19:30:00+00:00,0,0.0,0.0,0.0,19,2,0,464.3333435058594,28.27566719055176,73.28433227539062,48.65999984741211,3.2033333778381348,1.0,0
2021-12-22 19:35:00+00:00,0,0.0,0.0,0.0,19,2,0,464.5862121582031,28.280689239501957,73.25724029541016,48.18620681762695,3.0999999046325684,1.0,0
2021-12-22 19:40:00+00:00,0,0.0,0.0,0.0,19,2,0,463.6000061035156,28.253665924072266,73.32599639892578,48.56666564941406,2.7166666984558105,1.0,0
2021-12-22 19:45:00+00:00,0,0.0,0.0,0.0,19,2,0,466.8333435058594,28.28333282470703,73.24633026123047,48.52000045776367,2.440000057220459,1.0,0
2021-12-22 19:50:00+00:00,0,0.0,0.0,0.0,19,2,0,464.23333740234375,28.36666679382324,72.9703369140625,48.58666610717773,2.386666774749756,1.0,0
2021-12-22 19:55:00+00:00,0,0.0,0.0,0.0,19,2,0,462.1666564941406,28.39533424377441,72.87366485595703,48.6533317565918,2.549999952316284,1.0,0
2021-12-22 20:00:00+00:00,0,0.0,0.0,0.0,20,2,0,461.3666687011719,28.439666748046875,72.711669921875,48.57333374023438,2.746666669845581,1.0,0
2021-12-22 20:05:00+00:00,0,0.0,0.0,0.0,20,2,0,458.9666748046875,28.45833396911621,72.67933654785156,48.28333282470703,3.2300000190734863,1.0,0
2021-12-22 20:10:00+00:00,0,0.0,0.0,0.0,20,2,0,456.8666687011719,28.39299964904785,72.88500213623047,48.34999847412109,4.053333282470703,1.0,0
2021-12-22 20:15:00+00:00,0,0.0,0.0,0.0,20,2,0,456.46429443359375,28.40357208251953,72.84428405761719,48.19643020629883,5.20714282989502,1.0,0
2021-12-22 20:20:00+00:00,0,0.0,0.0,0.0,20,2,0,458.4333190917969,28.392333984375,72.8913345336914,48.33333206176758,6.21999979019165,1.0,0
2021-12-22 20:25:00+00:00,0,0.0,0.0,0.0,20,2,0,455.3666687011719,28.34133338928223,73.02333068847656,48.61666488647461,6.960000038146973,1.0,0
2021-12-22 20:30:00+00:00,0,0.0,0.0,0.0,20,2,0,453.7586059570313,28.40069007873535,72.83275604248047,48.44482803344727,7.782758712768555,1.0,0
2021-12-22 20:35:00+00:00,0,0.0,0.0,0.0,20,2,0,457.9666748046875,28.40833282470703,72.83466339111328,48.27666854858398,8.583333015441895,1.0,0
2021-12-22 20:40:00+00:00,0,0.0,0.0,0.0,20,2,0,456.2999877929688,28.41666603088379,72.84500122070312,48.68000030517578,9.58666706085205,1.0,0
2021-12-22 20:45:00+00:00,0,0.0,0.0,0.0,20,2,0,459.9666748046875,28.44833374023437,72.7030029296875,48.52666854858398,10.66333293914795,1.0,0
2021-12-22 20:50:00+00:00,0,0.0,0.0,0.0,20,2,0,457.1000061035156,28.419666290283203,72.80799865722656,48.36999893188477,11.56333351135254,1.0,0
2021-12-22 20:55:00+00:00,0,0.0,0.0,0.0,20,2,0,454.9333190917969,28.367000579833984,72.96299743652344,48.60333251953125,12.203332901000977,1.0,0
2021-12-22 21:00:00+00:00,0,0.0,0.0,0.0,21,2,0,452.1333312988281,28.437334060668945,72.77999877929688,48.48333358764648,13.043333053588867,1.0,0
2021-12-22 21:05:00+00:00,0,0.0,0.0,0.0,21,2,0,452.96429443359375,28.421072006225582,72.8471450805664,48.07857131958008,13.703571319580078,1.0,0
2021-12-22 21:10:00+00:00,0,0.0,0.0,0.0,21,2,0,453.3666687011719,28.42499923706055,72.85633087158203,48.5966682434082,14.443333625793455,1.0,0
2021-12-22 21:15:00+00:00,0,0.0,0.0,0.0,21,2,0,453.73333740234375,28.419666290283203,72.86599731445312,48.30666732788086,14.90333366394043,1.0,0
2021-12-22 21:20:00+00:00,0,0.0,0.0,0.0,21,2,0,453.3448181152344,28.42793083190918,72.83930969238281,48.58620834350586,15.341379165649414,1.0,0
2021-12-22 21:25:00+00:00,0,0.0,0.0,0.0,21,2,0,453.1666564941406,28.42566680908203,72.86833190917969,48.66666793823242,15.770000457763672,1.0,0
2021-12-22 21:30:00+00:00,0,0.0,0.0,0.0,21,2,0,454.3999938964844,28.433332443237305,72.79933166503906,48.76333236694336,16.30666732788086,1.0,0
2021-12-22 21:35:00+00:00,0,0.0,0.0,0.0,21,2,0,454.8999938964844,28.415000915527344,72.85900115966797,48.73333358764648,16.790000915527347,1.0,0
2021-12-22 21:40:00+00:00,0,0.0,0.0,0.0,21,2,0,453.0,28.392333984375,72.92433166503906,48.75333404541016,17.219999313354492,1.0,0
2021-12-22 21:45:00+00:00,0,0.0,0.0,0.0,21,2,0,451.0333251953125,28.36766624450684,72.99266815185547,48.52666854858398,17.746665954589844,1.0,0
2021-12-22 21:50:00+00:00,0,0.0,0.0,0.0,21,2,0,449.1000061035156,28.32433319091797,73.12300109863281,48.55666732788086,18.176666259765625,1.0,0
2021-12-22 21:55:00+00:00,0,0.0,0.0,0.0,21,2,0,449.0666809082031,28.321666717529297,73.10600280761719,48.68333435058594,18.780000686645508,1.0,0
2021-12-22 22:00:00+00:00,0,0.0,0.0,0.0,22,2,0,449.0,28.377857208251957,73.03035736083984,50.09285736083984,19.464284896850582,1.0,0
2021-12-22 22:05:00+00:00,0,0.0,0.0,0.0,22,2,0,441.73333740234375,28.244333267211918,69.97233581542969,54.6533317565918,19.86333274841309,1.0,0
2021-12-22 22:10:00+00:00,0,0.0,0.0,0.0,22,2,0,418.9666748046875,27.482999801635746,65.68367004394531,58.02666854858398,19.793333053588867,1.0,0
2021-12-22 22:15:00+00:00,0,0.0,0.0,0.0,22,2,0,409.1724243164063,27.01586151123047,62.91655349731445,57.45172500610352,22.996551513671875,1.0,0
2021-12-22 22:20:00+00:00,0,0.0,0.0,0.0,22,2,0,402.9333190917969,26.48166656494141,61.02533340454102,57.4033317565918,23.05666732788086,1.0,0
2021-12-22 22:25:00+00:00,0,0.0,0.0,0.0,22,2,0,400.0,26.01000022888184,60.31833267211914,54.88000106811523,22.803333282470703,1.0,0
2021-12-22 22:30:00+00:00,0,0.0,0.0,0.0,22,2,0,400.0,26.06266593933105,58.839332580566406,53.33666610717773,22.433332443237305,1.0,0
2021-12-22 22:35:00+00:00,0,0.0,0.0,0.0,22,2,0,400.0,25.997333526611328,58.51333236694336,52.356666564941406,22.020000457763672,1.0,0
2021-12-22 22:40:00+00:00,0,0.0,0.0,0.0,22,2,0,400.0,25.78400039672852,58.91033172607422,51.38000106811523,21.670000076293945,1.0,0
2021-12-22 22:45:00+00:00,0,0.0,0.0,0.0,22,2,0,400.0,25.45666694641113,60.0099983215332,50.5,20.91666603088379,1.0,0
2021-12-22 22:50:00+00:00,0,0.0,0.0,0.0,22,2,0,400.0,25.46857070922852,60.20000076293945,49.25714111328125,20.089284896850582,1.0,0
2021-12-22 22:55:00+00:00,0,0.0,0.0,0.0,22,2,0,403.5666809082031,25.38066673278809,60.908668518066406,48.96333312988281,19.540000915527344,1.0,0
2021-12-22 23:00:00+00:00,0,0.0,0.0,0.0,23,2,0,410.3666687011719,25.34366607666016,61.25799942016602,48.81333160400391,18.69333267211914,1.0,0
2021-12-22 23:05:00+00:00,0,0.0,0.0,0.0,23,2,0,415.6896667480469,25.34206962585449,61.88965606689453,49.1275863647461,17.996551513671875,1.0,0
2021-12-22 23:10:00+00:00,0,0.0,0.0,0.0,23,2,0,419.4333190917969,25.49933242797852,61.87300109863281,48.78333282470703,17.219999313354492,1.0,0
2021-12-22 23:15:00+00:00,0,0.0,0.0,0.0,23,2,0,426.7999877929688,25.44599914550781,62.352333068847656,48.81000137329102,16.50666618347168,1.0,0
2021-12-22 23:20:00+00:00,0,0.0,0.0,0.0,23,2,0,427.6000061035156,25.42033386230469,62.44300079345703,48.54666519165039,16.180000305175778,1.0,0
2021-12-22 23:25:00+00:00,0,0.0,0.0,0.0,23,2,0,427.1000061035156,25.49333381652832,62.18633270263672,49.0,16.066667556762695,1.0,0
2021-12-22 23:30:00+00:00,0,0.0,0.0,0.0,23,2,0,423.5666809082031,25.57200050354004,61.732666015625,48.67666625976562,16.00666618347168,1.0,0
2021-12-22 23:35:00+00:00,0,0.0,0.0,0.0,23,2,0,423.4666748046875,25.517333984375,61.75233459472656,49.24333190917969,16.233333587646484,1.0,0
2021-12-22 23:40:00+00:00,0,0.0,0.0,0.0,23,2,0,424.5357055664063,25.440357208251957,61.92964172363281,48.41428756713867,16.19285774230957,1.0,0
2021-12-22 23:45:00+00:00,0,0.0,0.0,0.0,23,2,0,424.4666748046875,25.468000411987305,62.0283317565918,48.893333435058594,16.360000610351562,1.0,0
2021-12-22 23:50:00+00:00,0,0.0,0.0,0.0,23,2,0,426.5,25.39200019836425,62.34533309936523,48.7599983215332,16.386667251586914,1.0,0
2021-12-22 23:55:00+00:00,0,0.0,0.0,0.0,23,2,0,426.7000122070313,25.428333282470703,62.34166717529297,48.5,16.299999237060547,1.0,0
2021-12-23 00:00:00+00:00,0,0.0,0.0,0.0,0,3,0,423.7586059570313,25.5472412109375,62.03241348266602,49.21724319458008,15.77931022644043,1.0,0
2021-12-23 00:05:00+00:00,0,0.0,0.0,0.0,0,3,0,421.8666687011719,25.45566749572754,62.24533462524414,48.92666625976562,15.126667022705078,1.0,0
2021-12-23 00:10:00+00:00,0,0.0,0.0,0.0,0,3,0,420.4333190917969,25.5396671295166,62.04966735839844,48.73666763305664,14.43000030517578,1.0,0
2021-12-23 00:15:00+00:00,0,0.0,0.0,0.0,0,3,0,417.1333312988281,25.5086669921875,62.19633483886719,48.78333282470703,13.84000015258789,1.0,0
2021-12-23 00:20:00+00:00,0,0.0,0.0,0.0,0,3,0,418.8999938964844,25.389333724975582,62.60400009155274,49.20333480834961,13.466666221618652,1.0,0
2021-12-23 00:25:00+00:00,0,0.0,0.0,0.0,0,3,0,421.3333435058594,25.270999908447266,63.01499938964844,48.91333389282226,13.359999656677244,1.0,0
2021-12-23 00:30:00+00:00,0,0.0,0.0,0.0,0,3,0,422.8999938964844,25.28066635131836,63.09299850463867,48.959999084472656,13.643333435058596,1.0,0
2021-12-23 00:35:00+00:00,0,0.0,0.0,0.0,0,3,0,420.5357055664063,25.35392951965332,62.77678680419922,48.72499847412109,13.46071434020996,1.0,0
2021-12-23 00:40:00+00:00,0,0.0,0.0,0.0,0,3,0,418.9333190917969,25.28366661071777,62.90933227539063,49.17666625976562,13.556666374206545,1.0,2
2021-12-23 00:45:00+00:00,0,0.0,0.0,0.0,0,3,0,415.5333251953125,25.26633262634277,63.00933456420898,48.83333206176758,13.283333778381348,1.0,2
2021-12-23 00:50:00+00:00,0,0.0,0.0,0.0,0,3,0,414.1724243164063,25.35379219055176,62.76137924194336,48.93793106079102,13.103447914123535,1.0,0
2021-12-23 00:55:00+00:00,0,0.0,0.0,0.0,0,3,0,417.3999938964844,25.23233413696289,63.1696662902832,48.97666549682617,12.723333358764648,1.0,0
2021-12-23 01:00:00+00:00,0,0.0,0.0,0.0,1,3,0,416.2999877929688,25.2810001373291,63.23833465576172,48.62333297729492,12.109999656677244,1.0,0
2021-12-23 01:05:00+00:00,0,0.0,0.0,0.0,1,3,0,418.2000122070313,25.507333755493164,64.76300048828125,48.93333435058594,11.756667137145994,1.0,0
2021-12-23 01:10:00+00:00,0,0.0,0.0,0.0,1,3,0,422.0,25.98433303833008,67.46666717529297,48.45000076293945,10.84666633605957,1.0,0
2021-12-23 01:15:00+00:00,0,0.0,0.0,0.0,1,3,0,421.3666687011719,26.257667541503903,70.47200012207031,48.28333282470703,7.493333339691162,1.0,0
2021-12-23 01:20:00+00:00,0,0.0,0.0,0.0,1,3,0,423.8333435058594,26.37133407592773,71.00833129882812,48.23333358764648,5.579999923706055,1.0,0
2021-12-23 01:25:00+00:00,0,0.0,0.0,0.0,1,3,0,424.7857055664063,26.44071388244629,71.17464447021484,47.88214111328125,4.578571319580078,1.0,0
2021-12-23 01:30:00+00:00,0,0.0,0.0,0.0,1,3,0,428.5333251953125,26.500333786010746,71.03533172607422,47.97999954223633,3.3399999141693115,1.0,0
2021-12-23 01:35:00+00:00,0,0.0,0.0,0.0,1,3,0,426.8666687011719,26.60733413696289,70.18666839599611,48.22333145141602,2.1433334350585938,1.0,0
2021-12-23 01:40:00+00:00,0,0.0,0.0,0.0,1,3,0,424.7999877929688,26.70000076293945,70.09566497802734,48.52999877929688,1.0900000333786009,1.0,0
2021-12-23 01:45:00+00:00,0,0.0,0.0,0.0,1,3,0,429.3793029785156,26.75758552551269,69.77103424072266,48.4000015258789,0.2862069010734558,1.0,0
2021-12-23 01:50:00+00:00,0,0.0,0.0,0.0,1,3,0,429.8999938964844,26.84433364868164,69.57133483886719,48.32666778564453,0.0,1.0,0
2021-12-23 01:55:00+00:00,0,0.0,0.0,0.0,1,3,0,426.3666687011719,26.91900062561035,69.19200134277344,48.59999847412109,0.0,1.0,0
2021-12-23 02:00:00+00:00,0,0.0,0.0,0.0,2,3,0,426.5666809082031,26.965665817260746,69.01933288574219,48.25666809082031,0.0,1.0,0
2021-12-23 02:05:00+00:00,0,0.0,0.0,0.0,2,3,0,426.76666259765625,27.047666549682614,68.82233428955078,48.32333374023438,0.0,1.0,0
2021-12-23 02:10:00+00:00,0,0.0,0.0,0.0,2,3,0,427.0666809082031,27.07200050354004,68.79233551025389,48.28666687011719,0.0,1.0,0
2021-12-23 02:15:00+00:00,0,0.0,0.0,0.0,2,3,0,426.8928527832031,27.10214233398437,68.71464538574219,47.98571395874024,0.0,1.0,0
2021-12-23 02:20:00+00:00,0,0.0,0.0,0.0,2,3,0,427.2000122070313,27.15566635131836,68.61666870117189,48.70000076293945,0.0,1.0,0
2021-12-23 02:25:00+00:00,0,0.0,0.0,0.0,2,3,0,422.4666748046875,27.19466590881348,68.54499816894531,48.33333206176758,0.0,1.0,0
2021-12-23 02:30:00+00:00,0,0.0,0.0,0.0,2,3,0,425.1000061035156,27.211334228515625,68.52899932861328,48.42333221435547,0.0,1.0,0
2021-12-23 02:35:00+00:00,0,0.0,0.0,0.0,2,3,0,422.5172424316406,27.198619842529297,68.61689758300781,48.79655075073242,0.0,1.0,0
2021-12-23 02:40:00+00:00,2,0.0,0.0,0.0,2,3,0,424.26666259765625,27.23233413696289,68.55999755859375,48.38333511352539,0.0,1.0,0
2021-12-23 02:45:00+00:00,2,0.0,0.0,0.0,2,3,0,426.3333435058594,27.23433303833008,68.54866790771484,48.7599983215332,0.0,1.0,0
2021-12-23 02:50:00+00:00,0,0.0,0.0,0.0,2,3,0,430.0666809082031,27.25,68.61066436767578,48.56000137329102,0.0,1.0,0
2021-12-23 02:55:00+00:00,0,0.0,0.0,0.0,2,3,0,426.9333190917969,27.24966621398925,68.58433532714844,48.40666580200195,0.0,1.0,0
2021-12-23 03:00:00+00:00,0,0.0,0.0,0.0,3,3,0,426.3666687011719,27.261999130249023,68.62833404541016,48.0433349609375,0.0,1.0,0
2021-12-23 03:05:00+00:00,0,0.0,0.0,0.0,3,3,0,426.3571472167969,27.2882137298584,68.65750122070311,48.16428756713867,0.0,1.0,0
2021-12-23 03:10:00+00:00,0,2.0,0.0,0.0,3,3,0,428.6000061035156,27.292667388916016,68.60600280761719,48.35333251953125,0.0,1.0,0
2021-12-23 03:15:00+00:00,0,2.0,0.0,0.0,3,3,0,426.4666748046875,27.32433319091797,68.60666656494139,48.41333389282226,0.0,1.0,0
2021-12-23 03:20:00+00:00,0,0.0,0.0,0.0,3,3,0,428.26666259765625,27.36899948120117,68.60099792480469,48.18333435058594,0.0,1.0,0
2021-12-23 03:25:00+00:00,0,0.0,0.0,0.0,3,3,0,428.1666564941406,27.37066650390625,68.63133239746094,48.39666748046875,0.0,1.0,0
2021-12-23 03:30:00+00:00,0,0.0,0.0,0.0,3,3,0,427.0,27.40586280822754,68.63896179199219,47.93448257446289,0.0,1.0,0
2021-12-23 03:35:00+00:00,0,0.0,0.0,0.0,3,3,0,426.5,27.406333923339844,68.79633331298828,47.77333450317383,0.0,1.0,0
2021-12-23 03:40:00+00:00,0,0.0,2.0,0.0,3,3,0,427.0666809082031,27.42900085449219,68.84633636474611,47.76333236694336,0.0,1.0,0
2021-12-23 03:45:00+00:00,0,0.0,2.0,0.0,3,3,0,429.6000061035156,27.44733238220215,68.875,48.06000137329102,0.0,1.0,0
2021-12-23 03:50:00+00:00,0,0.0,0.0,0.0,3,3,0,425.0,27.459333419799805,69.01667022705078,48.0433349609375,0.0,1.0,0
2021-12-23 03:55:00+00:00,0,0.0,0.0,0.0,3,3,0,428.73333740234375,27.48466682434082,69.06800079345703,47.8466682434082,0.0,1.0,0
2021-12-23 04:00:00+00:00,0,0.0,0.0,0.0,4,3,0,427.0,27.478214263916016,69.21607208251953,48.03571319580078,0.0,1.0,0
2021-12-23 04:05:00+00:00,0,0.0,0.0,0.0,4,3,0,427.76666259765625,27.48466682434082,69.27500152587889,47.99333190917969,0.0,1.0,0
2021-12-23 04:10:00+00:00,0,0.0,0.0,0.0,4,3,0,430.5,27.464000701904297,69.4183349609375,47.9366683959961,0.0,1.0,0
2021-12-23 04:15:00+00:00,0,0.0,0.0,0.0,4,3,0,432.0666809082031,27.45966720581055,69.46133422851561,47.856666564941406,0.0,1.0,0
2021-12-23 04:20:00+00:00,0,0.0,0.0,0.0,4,3,0,430.89654541015625,27.45586204528809,69.47206878662111,47.80344772338867,0.0,1.0,0
2021-12-23 04:25:00+00:00,0,0.0,0.0,0.0,4,3,0,430.3999938964844,27.46466636657715,69.48166656494139,47.72000122070313,0.0,1.0,0
2021-12-23 04:30:00+00:00,0,0.0,0.0,0.0,4,3,0,427.8666687011719,27.50633239746093,69.09967041015625,47.6533317565918,0.0,1.0,0
2021-12-23 04:35:00+00:00,0,0.0,0.0,0.0,4,3,0,427.23333740234375,27.560333251953125,68.98332977294922,47.88333511352539,0.0,1.0,0
2021-12-23 04:40:00+00:00,0,0.0,0.0,2.0,4,3,0,429.0666809082031,27.583999633789062,68.96299743652344,47.61333465576172,0.0,1.0,0
2021-12-23 04:45:00+00:00,0,0.0,0.0,2.0,4,3,0,426.4666748046875,27.62033271789551,68.98300170898439,47.709999084472656,0.0,1.0,0
2021-12-23 04:50:00+00:00,0,0.0,0.0,0.0,4,3,0,429.25,27.59357070922852,69.14214324951172,47.51785659790039,0.0,1.0,0
2021-12-23 04:55:00+00:00,0,0.0,0.0,0.0,4,3,0,431.0,27.554332733154297,69.39333343505861,47.73333358764648,0.0,1.0,0
2021-12-23 05:00:00+00:00,0,0.0,0.0,0.0,5,3,0,428.0,27.52733421325684,69.45633697509766,48.07666778564453,0.0,1.0,0
2021-12-23 05:05:00+00:00,0,0.0,0.0,0.0,5,3,0,426.7999877929688,27.51666641235352,69.77366638183594,47.52333450317383,0.0,1.0,0
2021-12-23 05:10:00+00:00,0,0.0,0.0,0.0,5,3,0,423.2000122070313,27.50833320617676,70.10066986083984,47.43999862670898,0.0,1.0,0
2021-12-23 05:15:00+00:00,0,0.0,0.0,0.0,5,3,0,423.7930908203125,27.481035232543945,70.56103515625,47.48275756835938,0.0,1.0,0
2021-12-23 05:20:00+00:00,0,0.0,0.0,0.0,5,3,0,422.0666809082031,27.47866630554199,70.61699676513672,47.78666687011719,0.0,1.0,0
2021-12-23 05:25:00+00:00,0,0.0,0.0,0.0,5,3,0,427.7999877929688,27.49633407592773,70.50933074951172,47.60333251953125,0.0,1.0,0
2021-12-23 05:30:00+00:00,0,0.0,0.0,0.0,5,3,0,425.1666564941406,27.49799919128418,70.77532958984375,47.47666549682617,0.0,1.0,0
2021-12-23 05:35:00+00:00,0,0.0,0.0,0.0,5,3,0,426.0333251953125,27.49233245849609,70.94100189208984,47.66333389282226,0.0,1.0,0
2021-12-23 05:40:00+00:00,0,0.0,0.0,0.0,5,3,0,428.21429443359375,27.4757137298584,70.9903564453125,47.19643020629883,0.0,1.0,0
2021-12-23 05:45:00+00:00,0,0.0,0.0,0.0,5,3,0,431.0,27.52199935913086,70.88800048828125,47.52000045776367,0.0,1.0,0
2021-12-23 05:50:00+00:00,0,0.0,0.0,0.0,5,3,0,430.9333190917969,27.56533241271973,70.7969970703125,47.5099983215332,0.0,1.0,0
2021-12-23 05:55:00+00:00,0,0.0,0.0,0.0,5,3,0,428.3666687011719,27.5629997253418,70.86566925048828,47.606666564941406,0.0,1.0,0
2021-12-23 06:00:00+00:00,0,0.0,0.0,0.0,6,3,0,429.7000122070313,27.59333419799805,70.83866882324219,47.8033332824707,0.0,1.0,0
2021-12-23 06:05:00+00:00,0,0.0,0.0,0.0,6,3,0,429.4827575683594,27.57724189758301,70.9051742553711,47.41724014282226,0.0,1.0,0
2021-12-23 06:10:00+00:00,0,0.0,0.0,0.0,6,3,0,429.9666748046875,27.570667266845703,70.9576644897461,47.44333267211914,0.0,1.0,0
2021-12-23 06:15:00+00:00,0,0.0,0.0,0.0,6,3,0,430.73333740234375,27.575666427612305,71.03700256347656,47.56000137329102,0.0,1.0,0
2021-12-23 06:20:00+00:00,0,0.0,0.0,0.0,6,3,0,431.2999877929688,27.60433387756348,71.00233459472656,47.459999084472656,0.0,1.0,0
2021-12-23 06:25:00+00:00,0,0.0,0.0,0.0,6,3,0,426.8666687011719,27.60700035095215,71.02799987792969,47.76333236694336,0.0,1.0,0
2021-12-23 06:30:00+00:00,0,0.0,0.0,0.0,6,3,0,425.0333251953125,27.59233283996582,71.08633422851562,47.54666519165039,0.0,1.0,0
2021-12-23 06:35:00+00:00,0,0.0,0.0,0.0,6,3,0,426.7857055664063,27.59535789489746,71.1546401977539,47.44643020629883,0.0,1.0,0
2021-12-23 06:40:00+00:00,0,0.0,0.0,0.0,6,3,0,427.2000122070313,27.61333274841309,71.18299865722656,47.48666763305664,0.0,1.0,0
2021-12-23 06:45:00+00:00,0,0.0,0.0,0.0,6,3,0,428.8999938964844,27.63733291625977,71.13200378417969,47.73666763305664,0.0,1.0,0
2021-12-23 06:50:00+00:00,0,0.0,0.0,0.0,6,3,0,426.2999877929688,27.618667602539062,71.26933288574219,47.71666717529297,0.0,1.0,0
2021-12-23 06:55:00+00:00,0,0.0,0.0,0.0,6,3,0,429.0,27.615333557128903,71.3653335571289,47.40666580200195,0.0,1.0,0
2021-12-23 07:00:00+00:00,0,0.0,0.0,0.0,7,3,0,427.6551818847656,27.65965461730957,71.35896301269531,47.41724014282226,0.0,1.0,0
2021-12-23 07:05:00+00:00,0,0.0,0.0,0.0,7,3,0,428.3333435058594,27.68166732788086,71.37899780273438,47.58333206176758,0.0,1.0,0
2021-12-23 07:10:00+00:00,0,0.0,0.0,0.0,7,3,0,427.2000122070313,27.71233367919922,71.35066986083984,47.52333450317383,0.0,1.0,0
2021-12-23 07:15:00+00:00,0,0.0,0.0,0.0,7,3,0,428.7000122070313,27.70833396911621,71.37533569335938,47.50333404541016,0.0,1.0,0
2021-12-23 07:20:00+00:00,0,0.0,0.0,0.0,7,3,0,428.0333251953125,27.68600082397461,71.47333526611328,47.67333221435547,0.0,1.0,0
2021-12-23 07:25:00+00:00,0,0.0,0.0,0.0,7,3,0,427.8928527832031,27.686786651611328,71.55892944335938,46.83571243286133,0.0,1.0,0
2021-12-23 07:30:00+00:00,0,0.0,0.0,0.0,7,3,0,430.0333251953125,27.65399932861328,71.71866607666016,47.143333435058594,0.0,1.0,0
2021-12-23 07:35:00+00:00,0,0.0,0.0,0.0,7,3,0,428.73333740234375,27.6733341217041,71.73233032226562,47.36333465576172,0.0,1.0,0
2021-12-23 07:40:00+00:00,0,0.0,0.0,0.0,7,3,0,429.6666564941406,27.66699981689453,71.85533142089844,47.33333206176758,0.0,1.0,0
2021-12-23 07:45:00+00:00,0,0.0,0.0,0.0,7,3,0,428.6333312988281,27.683332443237305,71.87866973876953,47.21333312988281,0.0,1.0,0
2021-12-23 07:50:00+00:00,0,0.0,0.0,0.0,7,3,0,427.1724243164063,27.682069778442383,71.94034576416016,47.18965530395508,0.0,1.0,0
2021-12-23 07:55:00+00:00,0,0.0,0.0,0.0,7,3,0,423.6333312988281,27.673999786376957,72.0076675415039,47.09999847412109,0.0,1.0,0
2021-12-23 08:00:00+00:00,0,0.0,0.0,0.0,8,3,0,425.9333190917969,27.685333251953125,72.02233123779297,47.2933349609375,0.0,1.0,0
2021-12-23 08:05:00+00:00,0,0.0,0.0,0.0,8,3,0,427.7000122070313,27.702667236328125,71.9886703491211,47.1966667175293,0.0,1.0,0
2021-12-23 08:10:00+00:00,0,0.0,0.0,0.0,8,3,0,432.2000122070313,27.721332550048828,72.02066802978516,47.31333160400391,0.0,1.0,0
2021-12-23 08:15:00+00:00,0,0.0,0.0,0.0,8,3,0,429.25,27.752500534057614,71.94964599609375,46.88214111328125,0.0,1.0,0
2021-12-23 08:20:00+00:00,0,0.0,0.0,0.0,8,3,0,426.5,27.732666015625,72.11166381835938,47.22000122070313,0.0,1.0,0
2021-12-23 08:25:00+00:00,0,0.0,0.0,0.0,8,3,0,425.6666564941406,27.719667434692383,72.20166778564453,47.27666854858398,0.0,1.0,0
2021-12-23 08:30:00+00:00,0,0.0,0.0,0.0,8,3,0,425.8999938964844,27.713666915893555,72.25733184814453,47.11000061035156,0.0,1.0,0
2021-12-23 08:35:00+00:00,0,0.0,0.0,0.0,8,3,0,430.7999877929688,27.73433303833008,72.25033569335938,47.15999984741211,0.0,1.0,0
2021-12-23 08:40:00+00:00,0,0.0,0.0,0.0,8,3,0,433.8999938964844,27.76099967956543,72.24833679199219,47.28666687011719,0.0,1.0,0
2021-12-23 08:45:00+00:00,0,0.0,0.0,0.0,8,3,0,432.9310302734375,27.79068946838379,72.17793273925781,47.11034393310547,0.0,1.0,0
2021-12-23 08:50:00+00:00,0,0.0,0.0,0.0,8,3,0,431.5333251953125,27.7983341217041,72.1796646118164,47.16666793823242,0.0,1.0,0
2021-12-23 08:55:00+00:00,0,0.0,0.0,0.0,8,3,0,434.23333740234375,27.795000076293945,72.25133514404297,47.22999954223633,0.0,1.0,0
2021-12-23 09:00:00+00:00,0,0.0,0.0,0.0,9,3,0,432.4333190917969,27.81733322143555,72.28199768066406,47.09999847412109,0.0,1.0,0
2021-12-23 09:05:00+00:00,0,0.0,0.0,0.0,9,3,0,433.5666809082031,27.82200050354004,72.31632995605469,47.06333160400391,0.0,1.0,0
2021-12-23 09:10:00+00:00,0,0.0,0.0,0.0,9,3,0,429.2857055664063,27.83285713195801,72.29535675048828,46.95357131958008,0.0,1.0,0
2021-12-23 09:15:00+00:00,0,0.0,0.0,0.0,9,3,0,427.5333251953125,27.847999572753903,72.3636703491211,46.97999954223633,0.0,1.0,0
2021-12-23 09:20:00+00:00,0,0.0,0.0,0.0,9,3,0,427.9333190917969,27.81266593933105,72.61866760253906,47.02333450317383,0.0,1.0,0
2021-12-23 09:25:00+00:00,0,0.0,0.0,0.0,9,3,0,431.6333312988281,27.757999420166016,72.92500305175781,47.09333419799805,0.0,1.0,0
2021-12-23 09:30:00+00:00,0,0.0,0.0,0.0,9,3,0,435.4333190917969,27.738666534423828,72.93033599853516,46.9900016784668,0.0,1.0,0
2021-12-23 09:35:00+00:00,0,0.0,0.0,0.0,9,3,0,431.1724243164063,27.74482727050781,72.87103271484375,47.14827728271485,0.0,1.0,0
2021-12-23 09:40:00+00:00,0,0.0,0.0,0.0,9,3,0,431.26666259765625,27.774333953857425,72.80899810791016,47.27666854858398,0.0,1.0,0
2021-12-23 09:45:00+00:00,0,0.0,0.0,0.0,9,3,0,431.6000061035156,27.820667266845703,72.68133544921875,47.11666488647461,0.0,1.0,0
2021-12-23 09:50:00+00:00,0,0.0,0.0,0.0,9,3,0,435.5333251953125,27.84433364868164,72.62933349609375,47.01333236694336,0.0,1.0,0
2021-12-23 09:55:00+00:00,0,0.0,0.0,0.0,9,3,0,434.2999877929688,27.85300064086914,72.60033416748047,47.04666519165039,0.0,1.0,0
2021-12-23 10:00:00+00:00,0,0.0,0.0,0.0,10,3,0,432.1428527832031,27.82678604125977,72.73678588867188,46.82143020629883,0.0,1.0,0
2021-12-23 10:05:00+00:00,0,0.0,0.0,0.0,10,3,0,430.8333435058594,27.82099914550781,72.79933166503906,47.12333297729492,0.0,1.0,0
2021-12-23 10:10:00+00:00,0,0.0,0.0,0.0,10,3,0,429.8333435058594,27.84866714477539,72.80999755859375,46.96666717529297,0.0,1.0,0
2021-12-23 10:15:00+00:00,0,0.0,0.0,0.0,10,3,0,430.5333251953125,27.865333557128903,72.83333587646484,47.15666580200195,0.0,1.0,0
2021-12-23 10:20:00+00:00,0,0.0,0.0,0.0,10,3,0,428.7999877929688,27.86233329772949,72.91666412353516,47.09333419799805,0.0,1.0,0
2021-12-23 10:25:00+00:00,0,0.0,0.0,0.0,10,3,0,429.1724243164063,27.878965377807614,72.91551971435547,47.16206741333008,0.0,1.0,0
2021-12-23 10:30:00+00:00,0,0.0,0.0,0.0,10,3,0,430.0,27.85333251953125,73.04133605957031,47.0433349609375,0.0,1.0,0
2021-12-23 10:35:00+00:00,0,0.0,0.0,0.0,10,3,0,426.8666687011719,27.86899948120117,72.97200012207031,47.16999816894531,0.0,1.0,0
2021-12-23 10:40:00+00:00,0,0.0,0.0,0.0,10,3,0,427.3666687011719,27.81133270263672,73.23066711425781,47.08333206176758,0.0,1.0,0
2021-12-23 10:45:00+00:00,0,0.0,0.0,0.0,10,3,0,430.7999877929688,27.821332931518555,73.23433685302734,47.15666580200195,0.0,1.0,0
2021-12-23 10:50:00+00:00,0,0.0,0.0,0.0,10,3,0,431.5357055664063,27.85357093811035,73.12464141845703,46.90357208251953,0.0,1.0,0
2021-12-23 10:55:00+00:00,0,0.0,0.0,0.0,10,3,0,433.1333312988281,27.8303337097168,73.20099639892578,47.11000061035156,0.0,1.0,0
2021-12-23 11:00:00+00:00,0,0.0,0.0,0.0,11,3,0,431.0,27.85566711425781,73.16100311279297,47.08333206176758,0.0,1.0,0
2021-12-23 11:05:00+00:00,0,0.0,0.0,0.0,11,3,0,430.6333312988281,27.917667388916016,72.97966766357422,46.98666763305664,0.0,1.0,0
2021-12-23 11:10:00+00:00,0,0.0,0.0,0.0,11,3,0,432.0666809082031,27.89200019836425,73.10199737548828,46.97333145141602,0.0,1.0,0
2021-12-23 11:15:00+00:00,0,0.0,0.0,0.0,11,3,0,430.8999938964844,27.87333297729492,73.32499694824219,46.94333267211914,0.0,1.0,0
2021-12-23 11:20:00+00:00,0,0.0,0.0,0.0,11,3,0,432.3448181152344,27.7951717376709,73.66275787353516,47.09654998779297,0.0,1.0,0
2021-12-23 11:25:00+00:00,0,0.0,0.0,0.0,11,3,0,430.7999877929688,27.79100036621093,73.69200134277344,47.00333404541016,0.0,1.0,0
2021-12-23 11:30:00+00:00,0,0.0,0.0,0.0,11,3,0,430.0333251953125,27.81366729736328,73.58399963378906,47.0099983215332,0.0,1.0,0
2021-12-23 11:35:00+00:00,0,0.0,0.0,0.0,11,3,0,426.26666259765625,27.844667434692383,73.46099853515625,47.09999847412109,0.0,1.0,0
2021-12-23 11:40:00+00:00,0,0.0,0.0,0.0,11,3,0,426.6896667480469,27.84930992126465,73.47379302978516,46.77241516113281,0.0,1.0,0
2021-12-23 11:45:00+00:00,0,0.0,0.0,0.0,11,3,0,429.5172424316406,27.8424129486084,73.57138061523438,46.99310302734375,0.0,1.0,0
2021-12-23 11:50:00+00:00,0,0.0,0.0,0.0,11,3,0,427.23333740234375,27.82366752624512,73.6780014038086,47.06333160400391,0.0,1.0,0
2021-12-23 11:55:00+00:00,0,0.0,0.0,0.0,11,3,0,425.5,27.833999633789062,73.70500183105469,47.12666702270508,0.0,1.0,0
2021-12-23 12:00:00+00:00,0,0.0,0.0,0.0,12,3,0,425.9666748046875,27.847999572753903,73.63766479492188,47.09000015258789,0.0,1.0,0
2021-12-23 12:05:00+00:00,0,0.0,0.0,0.0,12,3,0,428.5333251953125,27.83099937438965,73.72366333007812,47.07666778564453,0.0,1.0,0
2021-12-23 12:10:00+00:00,0,0.0,0.0,0.0,12,3,0,426.3448181152344,27.89413833618164,73.5196533203125,47.09999847412109,0.0,1.0,0
2021-12-23 12:15:00+00:00,0,0.0,0.0,0.0,12,3,0,424.4333190917969,27.90833282470703,73.4903335571289,47.06999969482422,0.0,1.0,0
2021-12-23 12:20:00+00:00,0,0.0,0.0,0.0,12,3,0,424.5333251953125,27.854999542236328,73.6933364868164,46.95000076293945,0.0,1.0,0
2021-12-23 12:25:00+00:00,0,0.0,0.0,0.0,12,3,0,424.5,27.875333786010746,73.64266967773438,47.1500015258789,0.0,1.0,0
2021-12-23 12:30:00+00:00,0,0.0,0.0,0.0,12,3,0,427.23333740234375,27.88500022888184,73.63800048828125,47.16666793823242,0.0,1.0,0
2021-12-23 12:35:00+00:00,0,0.0,0.0,0.0,12,3,0,427.75,27.899999618530277,73.6017837524414,46.81428527832031,0.0,1.0,0
2021-12-23 12:40:00+00:00,0,0.0,0.0,0.0,12,3,0,431.1333312988281,27.84000015258789,73.79533386230469,47.16333389282226,0.0,1.0,0
2021-12-23 12:45:00+00:00,0,0.0,0.0,0.0,12,3,0,427.0666809082031,27.81399917602539,73.93367004394531,47.25,0.0,1.0,0
2021-12-23 12:50:00+00:00,0,0.0,0.0,0.0,12,3,0,426.6666564941406,27.83366584777832,73.9229965209961,47.29666519165039,0.0,1.0,0
2021-12-23 12:55:00+00:00,0,0.0,0.0,0.0,12,3,0,422.3666687011719,27.87133407592773,73.8290023803711,47.11000061035156,0.0,1.0,0
2021-12-23 13:00:00+00:00,0,0.0,0.0,0.0,13,3,0,424.3666687011719,27.854999542236328,73.91600036621094,47.09999847412109,0.0,1.0,0
2021-12-23 13:05:00+00:00,0,0.0,0.0,0.0,13,3,0,426.4137878417969,27.847585678100582,73.9865493774414,47.30344772338867,0.0,1.0,0
2021-12-23 13:10:00+00:00,0,0.0,0.0,0.0,13,3,0,427.7000122070313,27.91833305358887,73.80733489990234,47.606666564941406,0.0,1.0,0
2021-12-23 13:15:00+00:00,0,0.0,0.0,0.0,13,3,0,429.0,27.93400001525879,73.7213363647461,47.36000061035156,0.0,1.0,0
2021-12-23 13:20:00+00:00,0,0.0,0.0,0.0,13,3,0,429.6333312988281,27.864665985107425,73.9749984741211,47.5533332824707,0.0,1.0,0
2021-12-23 13:25:00+00:00,0,0.0,0.0,0.0,13,3,0,431.2857055664063,27.85892868041992,74.05213928222656,47.07143020629883,0.0,1.0,0
2021-12-23 13:30:00+00:00,0,0.0,0.0,0.0,13,3,0,431.1333312988281,27.89266586303711,74.00199890136719,47.61333465576172,0.0,1.0,0
2021-12-23 13:35:00+00:00,0,0.0,0.0,0.0,13,3,0,430.3333435058594,27.891000747680664,74.02433013916016,47.58000183105469,0.0,1.0,0
2021-12-23 13:40:00+00:00,0,0.0,0.0,0.0,13,3,0,430.0,27.910999298095703,73.9606704711914,47.459999084472656,0.0,1.0,0
2021-12-23 13:45:00+00:00,0,0.0,0.0,0.0,13,3,0,430.0333251953125,27.97333335876465,73.75066375732422,47.3466682434082,0.0,1.0,0
2021-12-23 13:50:00+00:00,0,0.0,0.0,0.0,13,3,0,434.0666809082031,27.91600036621093,73.95700073242188,47.59333419799805,0.0,1.0,0
2021-12-23 13:55:00+00:00,0,0.0,0.0,0.0,13,3,0,428.9310302734375,28.19896507263184,73.10344696044922,47.358619689941406,0.0,1.0,0
