timestamp,occupant_count,rolling_mean,rolling_std,z_score,is_anomaly
2021-09-06 16:00:00+00:00,0,,,,False
2021-09-06 16:05:00+00:00,0,,,,False
2021-09-06 16:10:00+00:00,0,,,,False
2021-09-06 16:15:00+00:00,0,,,,False
2021-09-06 16:20:00+00:00,0,,,,False
2021-09-06 16:25:00+00:00,0,0.0,,,False
2021-09-06 16:30:00+00:00,0,0.0,,,False
2021-09-06 16:35:00+00:00,0,0.0,,,False
2021-09-06 16:40:00+00:00,0,0.0,,,False
2021-09-06 16:45:00+00:00,0,0.0,,,False
2021-09-06 16:50:00+00:00,0,0.0,,,False
2021-09-06 16:55:00+00:00,0,0.0,,,False
2021-09-06 17:00:00+00:00,0,0.0,,,False
2021-09-06 17:05:00+00:00,0,0.0,,,False
2021-09-06 17:10:00+00:00,0,0.0,,,False
2021-09-06 17:15:00+00:00,0,0.0,,,False
2021-09-06 17:20:00+00:00,0,0.0,,,False
2021-09-06 17:25:00+00:00,0,0.0,,,False
2021-09-06 17:30:00+00:00,0,0.0,,,False
2021-09-06 17:35:00+00:00,0,0.0,,,False
2021-09-06 17:40:00+00:00,0,0.0,,,False
2021-09-06 17:45:00+00:00,0,0.0,,,False
2021-09-06 17:50:00+00:00,0,0.0,,,False
2021-09-06 17:55:00+00:00,0,0.0,,,False
2021-09-06 18:00:00+00:00,0,0.0,,,False
2021-09-06 18:05:00+00:00,0,0.0,,,False
2021-09-06 18:10:00+00:00,0,0.0,,,False
2021-09-06 18:15:00+00:00,0,0.0,,,False
2021-09-06 18:20:00+00:00,0,0.0,,,False
2021-09-06 18:25:00+00:00,0,0.0,,,False
2021-09-06 18:30:00+00:00,0,0.0,,,False
2021-09-06 18:35:00+00:00,0,0.0,,,False
2021-09-06 18:40:00+00:00,0,0.0,,,False
2021-09-06 18:45:00+00:00,0,0.0,,,False
2021-09-06 18:50:00+00:00,0,0.0,,,False
2021-09-06 18:55:00+00:00,0,0.0,,,False
2021-09-06 19:00:00+00:00,0,0.0,,,False
2021-09-06 19:05:00+00:00,0,0.0,,,False
2021-09-06 19:10:00+00:00,0,0.0,,,False
2021-09-06 19:15:00+00:00,0,0.0,,,False
2021-09-06 19:20:00+00:00,0,0.0,,,False
2021-09-06 19:25:00+00:00,0,0.0,,,False
2021-09-06 19:30:00+00:00,0,0.0,,,False
2021-09-06 19:35:00+00:00,0,0.0,,,False
2021-09-06 19:40:00+00:00,0,0.0,,,False
2021-09-06 19:45:00+00:00,0,0.0,,,False
2021-09-06 19:50:00+00:00,0,0.0,,,False
2021-09-06 19:55:00+00:00,0,0.0,,,False
2021-09-06 20:00:00+00:00,0,0.0,,,False
2021-09-06 20:05:00+00:00,0,0.0,,,False
2021-09-06 20:10:00+00:00,0,0.0,,,False
2021-09-06 20:15:00+00:00,0,0.0,,,False
2021-09-06 20:20:00+00:00,0,0.0,,,False
2021-09-06 20:25:00+00:00,0,0.0,,,False
2021-09-06 20:30:00+00:00,0,0.0,,,False
2021-09-06 20:35:00+00:00,0,0.0,,,False
2021-09-06 20:40:00+00:00,0,0.0,,,False
2021-09-06 20:45:00+00:00,0,0.0,,,False
2021-09-06 20:50:00+00:00,0,0.0,,,False
2021-09-06 20:55:00+00:00,0,0.0,,,False
2021-09-06 21:00:00+00:00,0,0.0,,,False
2021-09-06 21:05:00+00:00,0,0.0,,,False
2021-09-06 21:10:00+00:00,0,0.0,,,False
2021-09-06 21:15:00+00:00,0,0.0,,,False
2021-09-06 21:20:00+00:00,0,0.0,,,False
2021-09-06 21:25:00+00:00,0,0.0,,,False
2021-09-06 21:30:00+00:00,0,0.0,,,False
2021-09-06 21:35:00+00:00,0,0.0,,,False
2021-09-06 21:40:00+00:00,0,0.0,,,False
2021-09-06 21:45:00+00:00,0,0.0,,,False
2021-09-06 21:50:00+00:00,0,0.0,,,False
2021-09-06 21:55:00+00:00,0,0.0,,,False
2021-09-06 22:00:00+00:00,0,0.0,,,False
2021-09-06 22:05:00+00:00,0,0.0,,,False
2021-09-06 22:10:00+00:00,0,0.0,,,False
2021-09-06 22:15:00+00:00,0,0.0,,,False
2021-09-06 22:20:00+00:00,0,0.0,,,False
2021-09-06 22:25:00+00:00,0,0.0,,,False
2021-09-06 22:30:00+00:00,0,0.0,,,False
2021-09-06 22:35:00+00:00,0,0.0,,,False
2021-09-06 22:40:00+00:00,0,0.0,,,False
2021-09-06 22:45:00+00:00,0,0.0,,,False
2021-09-06 22:50:00+00:00,0,0.0,,,False
2021-09-06 22:55:00+00:00,0,0.0,,,False
2021-09-06 23:00:00+00:00,0,0.0,,,False
2021-09-06 23:05:00+00:00,0,0.0,,,False
2021-09-06 23:10:00+00:00,0,0.0,,,False
2021-09-06 23:15:00+00:00,0,0.0,,,False
2021-09-06 23:20:00+00:00,0,0.0,,,False
2021-09-06 23:25:00+00:00,1,0.08333333333333333,0.28867513459481287,3.1754264805429417,True
2021-09-06 23:30:00+00:00,1,0.16666666666666666,0.38924947208076144,2.1408720964441885,False
2021-09-06 23:35:00+00:00,0,0.16666666666666666,0.38924947208076144,-0.42817441928883765,False
2021-09-06 23:40:00+00:00,0,0.16666666666666666,0.38924947208076144,-0.42817441928883765,False
2021-09-06 23:45:00+00:00,0,0.16666666666666666,0.38924947208076144,-0.42817441928883765,False
2021-09-06 23:50:00+00:00,0,0.16666666666666666,0.38924947208076144,-0.42817441928883765,False
2021-09-06 23:55:00+00:00,0,0.16666666666666666,0.38924947208076144,-0.42817441928883765,False
2021-09-07 00:00:00+00:00,0,0.16666666666666666,0.38924947208076144,-0.42817441928883765,False
2021-09-07 00:05:00+00:00,0,0.16666666666666666,0.38924947208076144,-0.42817441928883765,False
2021-09-07 00:10:00+00:00,1,0.25,0.45226701686664544,1.6583123951777,False
2021-09-07 00:15:00+00:00,1,0.3333333333333333,0.4923659639173309,1.3540064007726602,False
2021-09-07 00:20:00+00:00,1,0.4166666666666667,0.5149286505444373,1.1328430311977618,False
2021-09-07 00:25:00+00:00,1,0.4166666666666667,0.5149286505444373,1.1328430311977618,False
2021-09-07 00:30:00+00:00,1,0.4166666666666667,0.5149286505444373,1.1328430311977618,False
2021-09-07 00:35:00+00:00,1,0.5,0.5222329678670935,0.9574271077563381,False
2021-09-07 00:40:00+00:00,1,0.5833333333333334,0.5149286505444373,0.8091735937126869,False
2021-09-07 00:45:00+00:00,3,0.8333333333333334,0.834847109936722,2.5952855808902435,False
2021-09-07 00:50:00+00:00,5,1.25,1.4222261679238197,2.6367114349149463,False
2021-09-07 00:55:00+00:00,7,1.8333333333333333,2.124888588879783,2.4315000295570672,False
2021-09-07 01:00:00+00:00,12,2.8333333333333335,3.5376760048302214,2.591154943005186,False
2021-09-07 01:05:00+00:00,20,4.5,5.962000884388944,2.5997983396120583,False
2021-09-07 01:10:00+00:00,23,6.333333333333333,7.866307130972442,2.11874090207387,False
2021-09-07 01:15:00+00:00,23,8.166666666666666,8.993263472109993,1.6493827162224959,False
2021-09-07 01:20:00+00:00,23,10.0,9.62005480989867,1.351343652078104,False
2021-09-07 01:25:00+00:00,24,11.916666666666666,9.949493667640793,1.2144671615433587,False
2021-09-07 01:30:00+00:00,24,13.833333333333334,9.870371949640116,1.0300185969220088,False
2021-09-07 01:35:00+00:00,24,15.75,9.37234810978066,0.8802489945279117,False
2021-09-07 01:40:00+00:00,24,17.666666666666668,8.38107536312759,0.7556707294623234,False
2021-09-07 01:45:00+00:00,24,19.416666666666668,7.140897999721343,0.6418427113105644,False
2021-09-07 01:50:00+00:00,24,21.0,5.592202363356257,0.5364612732289427,False
2021-09-07 01:55:00+00:00,23,22.333333333333332,3.446561747421324,0.19342948582466565,False
2021-09-07 02:00:00+00:00,24,23.333333333333332,1.1547005383792754,0.5773502691896149,False
2021-09-07 02:05:00+00:00,24,23.666666666666668,0.4923659639173871,0.6770032003862504,False
2021-09-07 02:10:00+00:00,24,23.75,0.4522670168667061,0.5527707983924924,False
2021-09-07 02:15:00+00:00,24,23.833333333333332,0.38924947208083094,0.42817441928876426,False
2021-09-07 02:20:00+00:00,24,23.916666666666668,0.28867513459490446,0.2886751345947172,False
2021-09-07 02:25:00+00:00,20,23.583333333333332,1.16450015288134,-3.0771428620829613,True
2021-09-07 02:30:00+00:00,12,22.583333333333332,3.528026317499597,-2.9997886582756594,False
2021-09-07 02:35:00+00:00,8,21.25,5.446016058467969,-2.432971158687216,False
2021-09-07 02:40:00+00:00,7,19.833333333333332,6.7262488983403195,-1.90794802977034,False
2021-09-07 02:45:00+00:00,7,18.416666666666668,7.513119837788416,-1.5195640310759786,False
2021-09-07 02:50:00+00:00,7,17.0,7.954415583355412,-1.2571633824268582,False
2021-09-07 02:55:00+00:00,7,15.666666666666666,8.1946028062082,-1.057606679862608,False
2021-09-07 03:00:00+00:00,7,14.25,8.091802810701264,-0.895968447280006,False
2021-09-07 03:05:00+00:00,7,12.833333333333334,7.708712111905761,-0.7567195724333785,False
2021-09-07 03:10:00+00:00,7,11.416666666666666,6.999458853541778,-0.6310011615300517,False
2021-09-07 03:15:00+00:00,7,10.0,5.846521887568568,-0.5131255911961753,False
2021-09-07 03:20:00+00:00,7,8.583333333333334,3.8720051965905697,-0.4089181839754533,False
2021-09-07 03:25:00+00:00,7,7.5,1.4459976109624848,-0.34578203740405217,False
2021-09-07 03:30:00+00:00,8,7.166666666666667,0.38924947208091515,2.140872096443342,False
2021-09-07 03:35:00+00:00,8,7.166666666666667,0.38924947208091515,2.140872096443342,False
2021-09-07 03:40:00+00:00,8,7.25,0.45226701686677856,1.6583123951772119,False
2021-09-07 03:45:00+00:00,10,7.5,0.9045340337333587,2.763853991962626,False
2021-09-07 03:50:00+00:00,21,8.666666666666666,3.984819679582505,3.095079407614629,True
2021-09-07 03:55:00+00:00,24,10.083333333333334,5.900051360844769,2.35873652880779,False
2021-09-07 04:00:00+00:00,30,12.0,8.124038404635971,2.215646837627986,False
2021-09-07 04:05:00+00:00,31,14.0,9.601136296387963,1.7706237548565535,False
2021-09-07 04:10:00+00:00,31,16.0,10.470738447519539,1.4325637179442123,False
2021-09-07 04:15:00+00:00,31,18.0,10.879505336348553,1.1949072681243007,False
2021-09-07 04:20:00+00:00,31,20.0,10.879505336348553,1.0110753807205621,False
2021-09-07 04:25:00+00:00,31,22.0,10.47073844751954,0.8595382307665272,False
2021-09-07 04:30:00+00:00,31,23.916666666666668,9.755728697757165,0.7260691182363226,False
2021-09-07 04:35:00+00:00,31,25.833333333333332,8.526251796479505,0.6059716262191539,False
2021-09-07 04:40:00+00:00,31,27.75,6.496502555571402,0.5002691790235346,False
2021-09-07 04:45:00+00:00,31,29.5,3.343922574136324,0.448574979457299,False
2021-09-07 04:50:00+00:00,31,30.333333333333332,2.015094553763268,0.3308364192745406,False
2021-09-07 04:55:00+00:00,31,30.916666666666668,0.2886751345953764,0.28867513459424526,False
2021-09-07 05:00:00+00:00,31,31.0,5.708508067793708e-07,0.0,False
2021-09-07 05:05:00+00:00,31,31.0,5.708508067793708e-07,0.0,False
2021-09-07 05:10:00+00:00,31,31.0,5.708508067793708e-07,0.0,False
2021-09-07 05:15:00+00:00,31,31.0,5.708508067793708e-07,0.0,False
2021-09-07 05:20:00+00:00,4,28.75,7.794228634059968,-3.1754264805429337,True
2021-09-07 05:25:00+00:00,0,26.166666666666668,11.32040260553994,-2.3114607826634463,False
2021-09-07 05:30:00+00:00,0,23.583333333333332,13.453342493314608,-1.7529720472850994,False
2021-09-07 05:35:00+00:00,3,21.25,14.441889828487893,-1.2636850313038863,False
2021-09-07 05:40:00+00:00,4,19.0,14.881348912465754,-1.0079731406226793,False
2021-09-07 05:45:00+00:00,11,17.333333333333332,14.531053477002805,-0.43584818838886097,False
2021-09-07 05:50:00+00:00,15,16.0,13.882624850051695,-0.07203248742951347,False
2021-09-07 05:55:00+00:00,27,15.666666666666666,13.533348260926239,0.8374374999315702,False
2021-09-07 06:00:00+00:00,30,15.583333333333334,13.433055114044974,1.0732232202035168,False
2021-09-07 06:05:00+00:00,37,16.083333333333332,14.151507040423349,1.478052239024356,False
2021-09-07 06:10:00+00:00,38,16.666666666666668,14.944341180973266,1.4275191575855053,False
2021-09-07 06:15:00+00:00,38,17.25,15.673515588695825,1.3238893267165586,False
2021-09-07 06:20:00+00:00,38,20.083333333333332,16.127099346545037,1.1109664721266206,False
2021-09-07 06:25:00+00:00,38,23.25,15.545388091298687,0.948834465461567,False
2021-09-07 06:30:00+00:00,38,26.416666666666668,14.189998611911866,0.816302640340616,False
2021-09-07 06:35:00+00:00,38,29.333333333333332,12.426755104380327,0.6974199293274671,False
2021-09-07 06:40:00+00:00,38,32.166666666666664,9.703170365994575,0.6011780802877225,False
2021-09-07 06:45:00+00:00,38,34.416666666666664,7.140897999721351,0.5018043015700775,False
2021-09-07 06:50:00+00:00,38,36.333333333333336,3.7254245232977192,0.4473763073829081,False
2021-09-07 06:55:00+00:00,38,37.25,2.3011854652449704,0.32591897147245347,False
2021-09-07 07:00:00+00:00,32,37.416666666666664,1.7298624923456798,-3.131270081081247,True
2021-09-07 07:05:00+00:00,35,37.25,1.8647446815242275,-1.206599499809737,False
2021-09-07 07:10:00+00:00,38,37.25,1.8647446815242275,0.4021998332699123,False
2021-09-07 07:15:00+00:00,38,37.25,1.8647446815242275,0.4021998332699123,False
2021-09-07 07:20:00+00:00,38,37.25,1.8647446815242275,0.4021998332699123,False
2021-09-07 07:25:00+00:00,38,37.25,1.8647446815242275,0.4021998332699123,False
2021-09-07 07:30:00+00:00,38,37.25,1.8647446815242275,0.4021998332699123,False
2021-09-07 07:35:00+00:00,38,37.25,1.8647446815242275,0.4021998332699123,False
2021-09-07 07:40:00+00:00,38,37.25,1.8647446815242275,0.4021998332699123,False
2021-09-07 07:45:00+00:00,38,37.25,1.8647446815242275,0.4021998332699123,False
2021-09-07 07:50:00+00:00,38,37.25,1.8647446815242275,0.4021998332699123,False
2021-09-07 07:55:00+00:00,38,37.25,1.8647446815242275,0.4021998332699123,False
2021-09-07 08:00:00+00:00,25,36.666666666666664,3.773913650631716,-3.0913973521131783,True
2021-09-07 08:05:00+00:00,28,36.083333333333336,4.521832559590177,-1.7876233201491976,False
2021-09-07 08:10:00+00:00,35,35.833333333333336,4.489043901713961,-0.18563715383027574,False
2021-09-07 08:15:00+00:00,36,35.666666666666664,4.438126822992989,0.07510676161988133,False
2021-09-07 08:20:00+00:00,36,35.5,4.379705261980346,0.11416293336915505,False
2021-09-07 08:25:00+00:00,36,35.333333333333336,4.3134743080329985,0.15455445403375387,False
2021-09-07 08:30:00+00:00,36,35.166666666666664,4.239067936433329,0.1965840948598919,False
2021-09-07 08:35:00+00:00,36,35.0,4.156047072968185,0.24061325159289287,False
2021-09-07 08:40:00+00:00,36,34.833333333333336,4.063883796954788,0.28708169941790385,False
2021-09-07 08:45:00+00:00,36,34.666666666666664,3.96194014303218,0.3365354561648929,False
2021-09-07 08:50:00+00:00,36,34.5,3.849439156316407,0.38966715386024575,False
2021-09-07 08:55:00+00:00,36,34.333333333333336,3.7254245232977183,0.4473763073829082,False
2021-09-07 09:00:00+00:00,36,35.25,2.3011854652449695,0.3259189714724536,False
2021-09-07 09:05:00+00:00,36,35.916666666666664,0.2886751345950945,0.2886751345945395,False
2021-09-07 09:10:00+00:00,36,36.0,4.0348366405146806e-07,0.0,False
2021-09-07 09:15:00+00:00,30,35.5,1.7320508075689243,-3.1754264805428556,True
2021-09-07 09:20:00+00:00,20,34.166666666666664,4.783177592227581,-2.961768906445534,False
2021-09-07 09:25:00+00:00,10,32.0,8.399134154509898,-2.619317610040452,False
2021-09-07 09:30:00+00:00,8,29.666666666666668,10.747797519266525,-2.0159169009117406,False
2021-09-07 09:35:00+00:00,3,26.916666666666668,12.971705805912793,-1.8437564823405814,False
2021-09-07 09:40:00+00:00,3,24.166666666666668,14.3008793965669,-1.4800954598461955,False
2021-09-07 09:45:00+00:00,3,21.416666666666668,14.97548501769314,-1.2297876592916932,False
2021-09-07 09:50:00+00:00,5,18.833333333333332,14.904748074070739,-0.9281158772081959,False
2021-09-07 09:55:00+00:00,6,16.333333333333332,14.265873668133745,-0.724339327104467,False
2021-09-07 10:00:00+00:00,8,14.0,12.989506254175827,-0.4619113215385795,False
2021-09-07 10:05:00+00:00,11,11.916666666666666,10.991387813220236,-0.08339862829370069,False
2021-09-07 10:10:00+00:00,11,9.833333333333334,7.963933853582832,0.14649376653747614,False
2021-09-07 10:15:00+00:00,12,8.333333333333334,4.942088872556089,0.7419264932745404,False
2021-09-07 10:20:00+00:00,21,8.416666666666666,5.160308893737676,2.438484515646711,False
2021-09-07 10:25:00+00:00,24,9.583333333333334,6.855102059227457,2.1030564595695265,False
2021-09-07 10:30:00+00:00,24,10.916666666666666,7.982461836407189,1.6390098194596552,False
2021-09-07 10:35:00+00:00,28,13.0,8.93410218310615,1.6789599774629955,False
2021-09-07 10:40:00+00:00,28,15.083333333333334,9.297686255029792,1.389234516240974,False
2021-09-07 10:45:00+00:00,29,17.25,9.255219657527913,1.2695538771403343,False
2021-09-07 10:50:00+00:00,30,19.333333333333332,9.058730929915418,1.1775012139328729,False
2021-09-07 10:55:00+00:00,30,21.333333333333332,8.478135872866632,1.022237293271438,False
2021-09-07 11:00:00+00:00,30,23.166666666666668,7.673251454161271,0.8905394765380139,False
2021-09-07 11:05:00+00:00,30,24.75,6.850680125492531,0.7663472682754328,False
2021-09-07 11:10:00+00:00,30,26.333333333333332,5.432784876575887,0.6749147536608613,False
2021-09-07 11:15:00+00:00,30,27.833333333333332,3.099364548752014,0.6990680291349061,False
2021-09-07 11:20:00+00:00,30,28.583333333333332,2.2746961169005844,0.622793812387109,False
2021-09-07 11:25:00+00:00,29,29.0,1.758098145983114,0.0,False
2021-09-07 11:30:00+00:00,30,29.5,0.7977240352175737,0.6267831705279238,False
2021-09-07 11:35:00+00:00,30,29.666666666666668,0.6513389472790619,0.5117663157190532,False
2021-09-07 11:40:00+00:00,30,29.833333333333332,0.38924947208098226,0.42817441928859784,False
2021-09-07 11:45:00+00:00,30,29.916666666666668,0.28867513459511007,0.2886751345945116,False
2021-09-07 11:50:00+00:00,30,29.916666666666668,0.28867513459511007,0.2886751345945116,False
2021-09-07 11:55:00+00:00,30,29.916666666666668,0.28867513459511007,0.2886751345945116,False
2021-09-07 12:00:00+00:00,30,29.916666666666668,0.28867513459511007,0.2886751345945116,False
2021-09-07 12:05:00+00:00,30,29.916666666666668,0.28867513459511007,0.2886751345945116,False
2021-09-07 12:10:00+00:00,28,29.75,0.6215815605081992,-2.8153988328888273,False
2021-09-07 12:15:00+00:00,30,29.75,0.6215815605081992,0.40219983326983244,False
2021-09-07 12:20:00+00:00,30,29.75,0.6215815605081992,0.40219983326983244,False
2021-09-07 12:25:00+00:00,30,29.833333333333332,0.5773502691897746,0.28867513459474053,False
2021-09-07 12:30:00+00:00,30,29.833333333333332,0.5773502691897746,0.28867513459474053,False
2021-09-07 12:35:00+00:00,30,29.833333333333332,0.5773502691897746,0.28867513459474053,False
2021-09-07 12:40:00+00:00,30,29.833333333333332,0.5773502691897746,0.28867513459474053,False
2021-09-07 12:45:00+00:00,30,29.833333333333332,0.5773502691897746,0.28867513459474053,False
2021-09-07 12:50:00+00:00,30,29.833333333333332,0.5773502691897746,0.28867513459474053,False
2021-09-07 12:55:00+00:00,30,29.833333333333332,0.5773502691897746,0.28867513459474053,False
2021-09-07 13:00:00+00:00,9,28.083333333333332,6.037132572419614,-3.1609929224537385,True
2021-09-07 13:05:00+00:00,6,26.083333333333332,8.72257607208636,-2.302454362949406,False
2021-09-07 13:10:00+00:00,6,24.25,10.428326807307112,-1.750041050421651,False
2021-09-07 13:15:00+00:00,6,22.25,11.474279537691727,-1.4162109217071595,False
2021-09-07 13:20:00+00:00,6,20.25,12.076460950581062,-1.179981458004413,False
2021-09-07 13:25:00+00:00,6,18.25,12.300221727491529,-0.9959170063268631,False
2021-09-07 13:30:00+00:00,6,16.25,12.166459109894191,-0.8424801256812955,False
2021-09-07 13:35:00+00:00,6,14.25,11.662878172763675,-0.7073725608543378,False
2021-09-07 13:40:00+00:00,6,12.25,10.737572097334416,-0.5820682686313745,False
2021-09-07 13:45:00+00:00,6,10.25,9.265036917946368,-0.458713768508332,False
2021-09-07 13:50:00+00:00,6,8.25,6.903556395734806,-0.3259189714724584,False
2021-09-07 13:55:00+00:00,6,6.25,0.8660254037844538,-0.2886751345948078,False
2021-09-07 14:00:00+00:00,5,5.916666666666667,0.2886751345948129,-3.175426480542942,True
2021-09-07 14:05:00+00:00,5,5.833333333333333,0.3892494720807615,-2.140872096444187,False
2021-09-07 14:10:00+00:00,5,5.75,0.4522670168666453,-1.6583123951777006,False
2021-09-07 14:15:00+00:00,5,5.666666666666667,0.4923659639173307,-1.3540064007726613,False
2021-09-07 14:20:00+00:00,2,5.333333333333333,1.1547005383792512,-2.886751345948129,False
2021-09-07 14:25:00+00:00,2,5.0,1.4770978917519926,-2.03100960115899,False
2021-09-07 14:30:00+00:00,1,4.583333333333333,1.831955405041456,-1.9560155904844445,False
2021-09-07 14:35:00+00:00,1,4.166666666666667,2.037526724122938,-1.5541718443127523,False
2021-09-07 14:40:00+00:00,1,3.75,2.1373305355470444,-1.2866517154288184,False
2021-09-07 14:45:00+00:00,1,3.3333333333333335,2.146173479954639,-1.0872063023454426,False
2021-09-07 14:50:00+00:00,1,2.9166666666666665,2.065224325624583,-0.9280670592948839,False
2021-09-07 14:55:00+00:00,1,2.5,1.8829377433825432,-0.7966275068156917,False
2021-09-07 15:00:00+00:00,1,2.1666666666666665,1.7494587907710368,-0.6668729053929203,False
2021-09-07 15:05:00+00:00,1,1.8333333333333333,1.5275252316519459,-0.5455447255899812,False
2021-09-07 15:10:00+00:00,1,1.5,1.1677484162422833,-0.42817441928883804,False
2021-09-07 15:15:00+00:00,0,1.0833333333333333,0.5149286505444342,-2.1038513436529986,False
2021-09-07 15:20:00+00:00,0,0.9166666666666666,0.5149286505444339,-1.780181906167923,False
2021-09-07 15:25:00+00:00,0,0.75,0.4522670168666415,-1.6583123951777143,False
2021-09-07 15:30:00+00:00,0,0.6666666666666666,0.49236596391732723,-1.3540064007726702,False
2021-09-07 15:35:00+00:00,0,0.5833333333333334,0.5149286505444336,-1.13284303119777,False
2021-09-07 15:40:00+00:00,0,0.5,0.5222329678670898,-0.9574271077563449,False
2021-09-07 15:45:00+00:00,0,0.4166666666666667,0.5149286505444334,-0.8091735937126932,False
2021-09-07 15:50:00+00:00,0,0.3333333333333333,0.49236596391732684,-0.6770032003863357,False
2021-09-07 15:55:00+00:00,0,0.25,0.45226701686664084,-0.5527707983925723,False
2021-09-07 16:00:00+00:00,0,0.16666666666666666,0.389249472080756,-0.42817441928884364,False
2021-09-07 16:05:00+00:00,0,0.08333333333333333,0.28867513459480526,-0.28867513459482047,False
2021-09-07 16:10:00+00:00,0,0.0,,,False
2021-09-07 16:15:00+00:00,0,0.0,,,False
2021-09-07 16:20:00+00:00,0,0.0,,,False
2021-09-07 16:25:00+00:00,0,0.0,,,False
2021-09-07 16:30:00+00:00,0,0.0,,,False
2021-09-07 16:35:00+00:00,0,0.0,,,False
2021-09-07 16:40:00+00:00,0,0.0,,,False
2021-09-07 16:45:00+00:00,0,0.0,,,False
2021-09-07 16:50:00+00:00,0,0.0,,,False
2021-09-07 16:55:00+00:00,0,0.0,,,False
2021-09-07 17:00:00+00:00,0,0.0,,,False
2021-09-07 17:05:00+00:00,0,0.0,,,False
2021-09-07 17:10:00+00:00,0,0.0,,,False
2021-09-07 17:15:00+00:00,0,0.0,,,False
2021-09-07 17:20:00+00:00,0,0.0,,,False
2021-09-07 17:25:00+00:00,0,0.0,,,False
2021-09-07 17:30:00+00:00,0,0.0,,,False
2021-09-07 17:35:00+00:00,0,0.0,,,False
2021-09-07 17:40:00+00:00,0,0.0,,,False
2021-09-07 17:45:00+00:00,0,0.0,,,False
2021-09-07 17:50:00+00:00,0,0.0,,,False
2021-09-07 17:55:00+00:00,0,0.0,,,False
2021-09-07 18:00:00+00:00,0,0.0,,,False
2021-09-07 18:05:00+00:00,0,0.0,,,False
2021-09-07 18:10:00+00:00,0,0.0,,,False
2021-09-07 18:15:00+00:00,0,0.0,,,False
2021-09-07 18:20:00+00:00,0,0.0,,,False
2021-09-07 18:25:00+00:00,0,0.0,,,False
2021-09-07 18:30:00+00:00,0,0.0,,,False
2021-09-07 18:35:00+00:00,0,0.0,,,False
2021-09-07 18:40:00+00:00,0,0.0,,,False
2021-09-07 18:45:00+00:00,0,0.0,,,False
2021-09-07 18:50:00+00:00,0,0.0,,,False
2021-09-07 18:55:00+00:00,0,0.0,,,False
2021-09-07 19:00:00+00:00,0,0.0,,,False
2021-09-07 19:05:00+00:00,0,0.0,,,False
2021-09-07 19:10:00+00:00,0,0.0,,,False
2021-09-07 19:15:00+00:00,0,0.0,,,False
2021-09-07 19:20:00+00:00,0,0.0,,,False
2021-09-07 19:25:00+00:00,0,0.0,,,False
2021-09-07 19:30:00+00:00,0,0.0,,,False
2021-09-07 19:35:00+00:00,0,0.0,,,False
2021-09-07 19:40:00+00:00,0,0.0,,,False
2021-09-07 19:45:00+00:00,0,0.0,,,False
2021-09-07 19:50:00+00:00,0,0.0,,,False
2021-09-07 19:55:00+00:00,0,0.0,,,False
2021-09-07 20:00:00+00:00,0,0.0,,,False
2021-09-07 20:05:00+00:00,0,0.0,,,False
2021-09-07 20:10:00+00:00,0,0.0,,,False
2021-09-07 20:15:00+00:00,0,0.0,,,False
2021-09-07 20:20:00+00:00,0,0.0,,,False
2021-09-07 20:25:00+00:00,0,0.0,,,False
2021-09-07 20:30:00+00:00,0,0.0,,,False
2021-09-07 20:35:00+00:00,0,0.0,,,False
2021-09-07 20:40:00+00:00,0,0.0,,,False
2021-09-07 20:45:00+00:00,0,0.0,,,False
2021-09-07 20:50:00+00:00,0,0.0,,,False
2021-09-07 20:55:00+00:00,0,0.0,,,False
2021-09-07 21:00:00+00:00,0,0.0,,,False
2021-09-07 21:05:00+00:00,0,0.0,,,False
2021-09-07 21:10:00+00:00,0,0.0,,,False
2021-09-07 21:15:00+00:00,0,0.0,,,False
2021-09-07 21:20:00+00:00,0,0.0,,,False
2021-09-07 21:25:00+00:00,0,0.0,,,False
2021-09-07 21:30:00+00:00,0,0.0,,,False
2021-09-07 21:35:00+00:00,0,0.0,,,False
2021-09-07 21:40:00+00:00,0,0.0,,,False
2021-09-07 21:45:00+00:00,0,0.0,,,False
2021-09-07 21:50:00+00:00,0,0.0,,,False
2021-09-07 21:55:00+00:00,0,0.0,,,False
2021-09-07 22:00:00+00:00,0,0.0,,,False
2021-09-07 22:05:00+00:00,0,0.0,,,False
2021-09-07 22:10:00+00:00,0,0.0,,,False
2021-09-07 22:15:00+00:00,0,0.0,,,False
2021-09-07 22:20:00+00:00,0,0.0,,,False
2021-09-07 22:25:00+00:00,0,0.0,,,False
2021-09-07 22:30:00+00:00,0,0.0,,,False
2021-09-07 22:35:00+00:00,0,0.0,,,False
2021-09-07 22:40:00+00:00,0,0.0,,,False
2021-09-07 22:45:00+00:00,0,0.0,,,False
2021-09-07 22:50:00+00:00,0,0.0,,,False
2021-09-07 22:55:00+00:00,0,0.0,,,False
2021-09-07 23:00:00+00:00,0,0.0,,,False
2021-09-07 23:05:00+00:00,0,0.0,,,False
2021-09-07 23:10:00+00:00,0,0.0,,,False
2021-09-07 23:15:00+00:00,0,0.0,,,False
2021-09-07 23:20:00+00:00,0,0.0,,,False
2021-09-07 23:25:00+00:00,0,0.0,,,False
2021-09-07 23:30:00+00:00,0,0.0,,,False
2021-09-07 23:35:00+00:00,0,0.0,,,False
2021-09-07 23:40:00+00:00,0,0.0,,,False
2021-09-07 23:45:00+00:00,0,0.0,,,False
2021-09-07 23:50:00+00:00,0,0.0,,,False
2021-09-07 23:55:00+00:00,0,0.0,,,False
2021-09-08 00:00:00+00:00,0,0.0,,,False
2021-09-08 00:05:00+00:00,0,0.0,,,False
2021-09-08 00:10:00+00:00,0,0.0,,,False
2021-09-08 00:15:00+00:00,0,0.0,,,False
2021-09-08 00:20:00+00:00,0,0.0,,,False
2021-09-08 00:25:00+00:00,0,0.0,,,False
2021-09-08 00:30:00+00:00,0,0.0,,,False
2021-09-08 00:35:00+00:00,0,0.0,,,False
2021-09-08 00:40:00+00:00,0,0.0,,,False
2021-09-08 00:45:00+00:00,0,0.0,,,False
2021-09-08 00:50:00+00:00,0,0.0,,,False
2021-09-08 00:55:00+00:00,0,0.0,,,False
2021-09-08 01:00:00+00:00,0,0.0,,,False
2021-09-08 01:05:00+00:00,0,0.0,,,False
2021-09-08 01:10:00+00:00,0,0.0,,,False
2021-09-08 01:15:00+00:00,0,0.0,,,False
2021-09-08 01:20:00+00:00,0,0.0,,,False
2021-09-08 01:25:00+00:00,0,0.0,,,False
2021-09-08 01:30:00+00:00,0,0.0,,,False
2021-09-08 01:35:00+00:00,0,0.0,,,False
2021-09-08 01:40:00+00:00,0,0.0,,,False
2021-09-08 01:45:00+00:00,0,0.0,,,False
2021-09-08 01:50:00+00:00,0,0.0,,,False
2021-09-08 01:55:00+00:00,0,0.0,,,False
2021-09-08 02:00:00+00:00,0,0.0,,,False
2021-09-08 02:05:00+00:00,0,0.0,,,False
2021-09-08 02:10:00+00:00,0,0.0,,,False
2021-09-08 02:15:00+00:00,0,0.0,,,False
2021-09-08 02:20:00+00:00,0,0.0,,,False
2021-09-08 02:25:00+00:00,0,0.0,,,False
2021-09-08 02:30:00+00:00,0,0.0,,,False
2021-09-08 02:35:00+00:00,0,0.0,,,False
2021-09-08 02:40:00+00:00,2,0.16666666666666666,0.5773502691896257,3.1754264805429417,True
2021-09-08 02:45:00+00:00,3,0.4166666666666667,0.996204919895622,2.5931746388122674,False
2021-09-08 02:50:00+00:00,3,0.6666666666666666,1.2309149097933274,1.8956089610817242,False
2021-09-08 02:55:00+00:00,3,0.9166666666666666,1.378954368902449,1.510806579474795,False
2021-09-08 03:00:00+00:00,6,1.4166666666666667,1.9752253419585197,2.3204103531745717,False
2021-09-08 03:05:00+00:00,12,2.4166666666666665,3.579190699111471,2.6775140357043234,False
2021-09-08 03:10:00+00:00,14,3.5833333333333335,4.7950416309375505,2.1723829464708833,False
2021-09-08 03:15:00+00:00,12,4.583333333333333,5.212891944424172,1.4227547291863019,False
2021-09-08 03:20:00+00:00,12,5.583333333333333,5.401318581998513,1.187981521410735,False
2021-09-08 03:25:00+00:00,12,6.583333333333333,5.384461369758747,1.0059811547890003,False
2021-09-08 03:30:00+00:00,12,7.583333333333333,5.16030889373765,0.8558919160879229,False
2021-09-08 03:35:00+00:00,12,8.583333333333334,4.699290726623896,0.7270600746852061,False
2021-09-08 03:40:00+00:00,12,9.416666666666666,4.294993561924128,0.6014754844419412,False
2021-09-08 03:45:00+00:00,12,10.166666666666666,3.833662699947625,0.478219780096559,False
2021-09-08 03:50:00+00:00,12,10.916666666666666,3.1176428547376926,0.34748474530591533,False
2021-09-08 03:55:00+00:00,12,11.666666666666666,1.8748737331221907,0.17778975055468957,False
2021-09-08 04:00:00+00:00,12,12.166666666666666,0.5773502691896495,-0.2886751345948,False
2021-09-08 04:05:00+00:00,12,12.166666666666666,0.5773502691896495,-0.2886751345948,False
2021-09-08 04:10:00+00:00,12,12.0,,,False
2021-09-08 04:15:00+00:00,11,11.916666666666666,0.28867513459481275,-3.175426480542941,True
2021-09-08 04:20:00+00:00,11,11.833333333333334,0.3892494720807612,-2.140872096444191,False
2021-09-08 04:25:00+00:00,11,11.75,0.4522670168666449,-1.658312395177702,False
2021-09-08 04:30:00+00:00,11,11.666666666666666,0.49236596391733006,-1.3540064007726613,False
2021-09-08 04:35:00+00:00,11,11.583333333333334,0.5149286505444358,-1.1328430311977662,False
2021-09-08 04:40:00+00:00,11,11.5,0.5222329678670916,-0.9574271077563415,False
2021-09-08 04:45:00+00:00,4,10.833333333333334,2.2087978356535647,-3.0936888940365193,True
2021-09-08 04:50:00+00:00,4,10.166666666666666,2.918073253904279,-2.113266573557015,False
2021-09-08 04:55:00+00:00,5,9.583333333333334,3.203927514028915,-1.430535901097783,False
2021-09-08 05:00:00+00:00,5,9.0,3.357488238658069,-1.1913667943625417,False
2021-09-08 05:05:00+00:00,9,8.75,3.22278817739603,0.07757258195045158,False
2021-09-08 05:10:00+00:00,11,8.666666666666666,3.143053909621638,0.7423777639290385,False
2021-09-08 05:15:00+00:00,12,8.75,3.22278817739603,1.0084435653558705,False
2021-09-08 05:20:00+00:00,12,8.833333333333334,3.2983007562664546,0.9600903315594563,False
2021-09-08 05:25:00+00:00,12,8.916666666666666,3.369875458538578,0.9149695207639781,False
2021-09-08 05:30:00+00:00,13,9.083333333333334,3.5280263174995854,1.110158007393358,False
2021-09-08 05:35:00+00:00,13,9.25,3.671140521319324,1.0214809207718194,False
2021-09-08 05:40:00+00:00,13,9.416666666666666,3.800916954758376,0.9427549657056704,False
2021-09-08 05:45:00+00:00,12,10.083333333333334,3.4498572653828936,0.5555785411469591,False
2021-09-08 05:50:00+00:00,12,10.75,2.895921897490266,0.4316414752356772,False
2021-09-08 05:55:00+00:00,12,11.333333333333334,2.2696949467968457,0.29372522840900417,False
2021-09-08 06:00:00+00:00,12,11.916666666666666,1.0836246694508247,0.07690239589651168,False
2021-09-08 06:05:00+00:00,12,12.166666666666666,0.5773502691896121,-0.2886751345948187,False
2021-09-08 06:10:00+00:00,12,12.25,0.4522670168666278,-0.5527707983925882,False
2021-09-08 06:15:00+00:00,12,12.25,0.4522670168666278,-0.5527707983925882,False
2021-09-08 06:20:00+00:00,12,12.25,0.4522670168666278,-0.5527707983925882,False
2021-09-08 06:25:00+00:00,12,12.25,0.4522670168666278,-0.5527707983925882,False
2021-09-08 06:30:00+00:00,12,12.166666666666666,0.389249472080741,-0.42817441928885863,False
2021-09-08 06:35:00+00:00,12,12.083333333333334,0.288675134594785,-0.28867513459484284,False
2021-09-08 06:40:00+00:00,13,12.083333333333334,0.28867513459481275,3.175426480542941,True
2021-09-08 06:45:00+00:00,13,12.166666666666666,0.3892494720807612,2.140872096444191,False
2021-09-08 06:50:00+00:00,13,12.25,0.4522670168666449,1.658312395177702,False
2021-09-08 06:55:00+00:00,13,12.333333333333334,0.49236596391733006,1.3540064007726613,False
2021-09-08 07:00:00+00:00,13,12.416666666666666,0.5149286505444358,1.1328430311977662,False
2021-09-08 07:05:00+00:00,13,12.5,0.5222329678670916,0.9574271077563415,False
2021-09-08 07:10:00+00:00,13,12.583333333333334,0.5149286505444348,0.8091735937126897,False
2021-09-08 07:15:00+00:00,13,12.666666666666666,0.492365963917328,0.6770032003863352,False
2021-09-08 07:20:00+00:00,10,12.5,0.9045340337332896,-2.7638539919628373,False
2021-09-08 07:25:00+00:00,10,12.333333333333334,1.1547005383792506,-2.0207259421636925,False
2021-09-08 07:30:00+00:00,11,12.25,1.2154310870109937,-1.0284416890093036,False
2021-09-08 07:35:00+00:00,5,11.666666666666666,2.4246211825330324,-2.749570413181788,False
2021-09-08 07:40:00+00:00,5,11.0,3.0451153135353146,-1.9703687322875556,False
2021-09-08 07:45:00+00:00,11,10.833333333333334,2.979729497586633,0.05593348886254746,False
2021-09-08 07:50:00+00:00,11,10.666666666666666,2.902454551623924,0.11484532398511937,False
2021-09-08 07:55:00+00:00,11,10.5,2.8123105996832782,0.17778975055468976,False
2021-09-08 08:00:00+00:00,11,10.333333333333334,2.708012801545322,0.24618298195866506,False
2021-09-08 08:05:00+00:00,11,10.166666666666666,2.587850400809465,0.32201758381113216,False
2021-09-08 08:10:00+00:00,11,10.0,2.449489742783181,0.4082482904638625,False
2021-09-08 08:15:00+00:00,11,9.833333333333334,2.289634084831954,0.5095428454683809,False
2021-09-08 08:20:00+00:00,11,9.916666666666666,2.314316444667976,0.4681007801803675,False
2021-09-08 08:25:00+00:00,9,9.833333333333334,2.3290003057626336,-0.3578073095445378,False
2021-09-08 08:30:00+00:00,9,9.666666666666666,2.309401076758507,-0.28867513459481214,False
2021-09-08 08:35:00+00:00,9,10.0,1.8090680674665858,-0.5527707983925654,False
2021-09-08 08:40:00+00:00,5,10.0,1.8090680674665858,-2.763853991962827,False
2021-09-08 08:45:00+00:00,5,9.5,2.276360731917988,-1.9768395829814045,False
2021-09-08 08:50:00+00:00,3,8.833333333333334,2.886751345948132,-2.020725942163688,False
2021-09-08 08:55:00+00:00,3,8.166666666666666,3.2427074359478585,-1.5933187833691895,False
2021-09-08 09:00:00+00:00,0,7.25,3.8641710859922083,-1.8762109230312218,False
2021-09-08 09:05:00+00:00,0,6.333333333333333,4.185110693297315,-1.5133012714517955,False
2021-09-08 09:10:00+00:00,0,5.416666666666667,4.273774855458759,-1.267419751826217,False
2021-09-08 09:15:00+00:00,0,4.5,4.145095678246548,-1.085620296683618,False
2021-09-08 09:20:00+00:00,0,3.5833333333333335,3.776923551668943,-0.9487439404882669,False
2021-09-08 09:25:00+00:00,0,2.8333333333333335,3.48590234394413,-0.8127976787001882,False
2021-09-08 09:30:00+00:00,0,2.0833333333333335,2.968266507678529,-0.7018686927012836,False
2021-09-08 09:35:00+00:00,0,1.3333333333333333,2.059714602177756,-0.6473388749701473,False
2021-09-08 09:40:00+00:00,0,0.9166666666666666,1.7298624923456412,-0.5299072444906846,False
2021-09-08 09:45:00+00:00,0,0.5,1.1677484162422982,-0.4281744192888326,False
2021-09-08 09:50:00+00:00,0,0.25,0.8660254037844576,-0.2886751345948066,False
2021-09-08 09:55:00+00:00,0,0.0,,,False
2021-09-08 10:00:00+00:00,0,0.0,,,False
2021-09-08 10:05:00+00:00,0,0.0,,,False
2021-09-08 10:10:00+00:00,0,0.0,,,False
2021-09-08 10:15:00+00:00,0,0.0,,,False
2021-09-08 10:20:00+00:00,0,0.0,,,False
2021-09-08 10:25:00+00:00,0,0.0,,,False
2021-09-08 10:30:00+00:00,3,0.25,0.8660254037844386,3.1754264805429417,True
2021-09-08 10:35:00+00:00,3,0.5,1.1677484162422844,2.140872096444188,False
2021-09-08 10:40:00+00:00,4,0.8333333333333334,1.5275252316519468,2.0730699572419273,False
2021-09-08 10:45:00+00:00,4,1.1666666666666667,1.7494587907710375,1.6195484845256631,False
2021-09-08 10:50:00+00:00,4,1.5,1.8829377433825438,1.3277125113594856,False
2021-09-08 10:55:00+00:00,4,1.8333333333333333,1.9462473604038077,1.1132534901509779,False
2021-09-08 11:00:00+00:00,4,2.1666666666666665,1.9462473604038077,0.9419837224354427,False
2021-09-08 11:05:00+00:00,3,2.4166666666666665,1.8319554050414568,0.31842114263700255,False
2021-09-08 11:10:00+00:00,3,2.6666666666666665,1.6696942198734441,0.19963735237617267,False
2021-09-08 11:15:00+00:00,3,2.9166666666666665,1.443375672974065,0.05773502691896266,False
2021-09-08 11:20:00+00:00,4,3.25,1.138180365958993,0.6589465276604687,False
2021-09-08 11:25:00+00:00,4,3.5833333333333335,0.5149286505444389,0.8091735937126842,False
2021-09-08 11:30:00+00:00,0,3.3333333333333335,1.1547005383792524,-2.886751345948127,False
2021-09-08 11:35:00+00:00,0,3.0833333333333335,1.505042031024887,-2.04866925293354,False
2021-09-08 11:40:00+00:00,0,2.75,1.7122552910761246,-1.6060689164357436,False
2021-09-08 11:45:00+00:00,0,2.4166666666666665,1.8319554050414568,-1.3191733052104386,False
2021-09-08 11:50:00+00:00,0,2.0833333333333335,1.8809249819912515,-1.1076110707657258,False
2021-09-08 11:55:00+00:00,0,1.75,1.8647446815241835,-0.9384662776298175,False
2021-09-08 12:00:00+00:00,0,1.4166666666666667,1.7816403745544231,-0.7951473748011385,False
2021-09-08 12:05:00+00:00,0,1.1666666666666667,1.7494587907710377,-0.6668729053929202,False
2021-09-08 12:10:00+00:00,0,0.9166666666666666,1.6764862244009229,-0.5467785260175515,False
2021-09-08 12:15:00+00:00,4,1.0,1.809068067466582,1.6583123951776997,False
2021-09-08 12:20:00+00:00,4,1.0,1.809068067466582,1.6583123951776997,False
2021-09-08 12:25:00+00:00,5,1.0833333333333333,1.97522534195852,1.9828961199855433,False
2021-09-08 12:30:00+00:00,5,1.5,2.23606797749979,1.5652475842498528,False
2021-09-08 12:35:00+00:00,5,1.9166666666666667,2.3915887961137825,1.2892405828057074,False
2021-09-08 12:40:00+00:00,5,2.3333333333333335,2.461829819586655,1.083205120618128,False
2021-09-08 12:45:00+00:00,5,2.75,2.4541245430351073,0.916823885888587,False
2021-09-08 12:50:00+00:00,5,3.1666666666666665,2.3677121037112197,0.7743058501325877,False
2021-09-08 12:55:00+00:00,5,3.5833333333333335,2.193309385519075,0.6459037088064045,False
2021-09-08 13:00:00+00:00,5,4.0,1.9069251784911856,0.5244044240850755,False
2021-09-08 13:05:00+00:00,5,4.416666666666667,1.4433756729740659,0.40414518843273745,False
2021-09-08 13:10:00+00:00,3,4.666666666666667,0.6513389472789332,-2.5588315785957816,False
2021-09-08 13:15:00+00:00,3,4.583333333333333,0.792961461098762,-1.9967342815619278,False
2021-09-08 13:20:00+00:00,3,4.5,0.9045340337332933,-1.6583123951776955,False
2021-09-08 13:25:00+00:00,3,4.333333333333333,0.9847319278346639,-1.3540064007726569,False
2021-09-08 13:30:00+00:00,2,4.083333333333333,1.1645001528813164,-1.7890365477226884,False
2021-09-08 13:35:00+00:00,2,3.8333333333333335,1.2673044646258487,-1.4466400020729002,False
2021-09-08 13:40:00+00:00,2,3.5833333333333335,1.3113721705515073,-1.2073867120936772,False
2021-09-08 13:45:00+00:00,1,3.25,1.42222616792382,-1.5820268609489676,False
2021-09-08 13:50:00+00:00,1,2.9166666666666665,1.4433756729740645,-1.3279056191361391,False
2021-09-08 13:55:00+00:00,1,2.5833333333333335,1.3789543689024488,-1.1482130004008444,False
2021-09-08 14:00:00+00:00,1,2.25,1.2154310870109937,-1.0284416890093036,False
2021-09-08 14:05:00+00:00,1,1.9166666666666667,0.9003366373785188,-1.0181376927364587,False
2021-09-08 14:10:00+00:00,1,1.75,0.8660254037844372,-0.8660254037844402,False
2021-09-08 14:15:00+00:00,1,1.5833333333333333,0.7929614610987572,-0.7356389458386094,False
2021-09-08 14:20:00+00:00,1,1.4166666666666667,0.6685579234215191,-0.6232319625115902,False
2021-09-08 14:25:00+00:00,1,1.25,0.45226701686664145,-0.5527707983925715,False
2021-09-08 14:30:00+00:00,1,1.1666666666666667,0.3892494720807566,-0.4281744192888432,False
2021-09-08 14:35:00+00:00,1,1.0833333333333333,0.28867513459480587,-0.28867513459481964,False
2021-09-08 14:40:00+00:00,1,1.0,,,False
2021-09-08 14:45:00+00:00,1,1.0,,,False
2021-09-08 14:50:00+00:00,0,0.9166666666666666,0.28867513459481287,-3.1754264805429417,True
2021-09-08 14:55:00+00:00,0,0.8333333333333334,0.38924947208076144,-2.1408720964441885,False
2021-09-08 15:00:00+00:00,1,0.8333333333333334,0.38924947208076144,0.4281744192888376,False
2021-09-08 15:05:00+00:00,1,0.8333333333333334,0.38924947208076144,0.4281744192888376,False
2021-09-08 15:10:00+00:00,1,0.8333333333333334,0.38924947208076144,0.4281744192888376,False
2021-09-08 15:15:00+00:00,1,0.8333333333333334,0.38924947208076144,0.4281744192888376,False
2021-09-08 15:20:00+00:00,1,0.8333333333333334,0.38924947208076144,0.4281744192888376,False
2021-09-08 15:25:00+00:00,1,0.8333333333333334,0.38924947208076144,0.4281744192888376,False
2021-09-08 15:30:00+00:00,0,0.75,0.45226701686664544,-1.6583123951777,False
2021-09-08 15:35:00+00:00,0,0.6666666666666666,0.4923659639173309,-1.35400640077266,False
2021-09-08 15:40:00+00:00,0,0.5833333333333334,0.5149286505444373,-1.132843031197762,False
2021-09-08 15:45:00+00:00,0,0.5,0.5222329678670935,-0.9574271077563381,False
2021-09-08 15:50:00+00:00,0,0.5,0.5222329678670935,-0.9574271077563381,False
2021-09-08 15:55:00+00:00,0,0.5,0.5222329678670935,-0.9574271077563381,False
2021-09-09 16:00:00+00:00,0,0.4166666666666667,0.5149286505444373,-0.809173593712687,False
2021-09-09 16:05:00+00:00,0,0.3333333333333333,0.49236596391733106,-0.6770032003863298,False
2021-09-09 16:10:00+00:00,0,0.25,0.45226701686664567,-0.5527707983925664,False
2021-09-09 16:15:00+00:00,0,0.16666666666666666,0.3892494720807618,-0.42817441928883726,False
2021-09-09 16:20:00+00:00,0,0.08333333333333333,0.2886751345948134,-0.2886751345948123,False
2021-09-09 16:25:00+00:00,0,0.0,,,False
2021-09-09 16:30:00+00:00,0,0.0,,,False
2021-09-09 16:35:00+00:00,0,0.0,,,False
2021-09-09 16:40:00+00:00,0,0.0,,,False
2021-09-09 16:45:00+00:00,0,0.0,,,False
2021-09-09 16:50:00+00:00,0,0.0,,,False
2021-09-09 16:55:00+00:00,0,0.0,,,False
2021-09-09 17:00:00+00:00,0,0.0,,,False
2021-09-09 17:05:00+00:00,0,0.0,,,False
2021-09-09 17:10:00+00:00,0,0.0,,,False
2021-09-09 17:15:00+00:00,0,0.0,,,False
2021-09-09 17:20:00+00:00,0,0.0,,,False
2021-09-09 17:25:00+00:00,0,0.0,,,False
2021-09-09 17:30:00+00:00,0,0.0,,,False
2021-09-09 17:35:00+00:00,0,0.0,,,False
2021-09-09 17:40:00+00:00,0,0.0,,,False
2021-09-09 17:45:00+00:00,0,0.0,,,False
2021-09-09 17:50:00+00:00,0,0.0,,,False
2021-09-09 17:55:00+00:00,0,0.0,,,False
2021-09-09 18:00:00+00:00,0,0.0,,,False
2021-09-09 18:05:00+00:00,0,0.0,,,False
2021-09-09 18:10:00+00:00,0,0.0,,,False
2021-09-09 18:15:00+00:00,0,0.0,,,False
2021-09-09 18:20:00+00:00,0,0.0,,,False
2021-09-09 18:25:00+00:00,0,0.0,,,False
2021-09-09 18:30:00+00:00,0,0.0,,,False
2021-09-09 18:35:00+00:00,0,0.0,,,False
2021-09-09 18:40:00+00:00,0,0.0,,,False
2021-09-09 18:45:00+00:00,0,0.0,,,False
2021-09-09 18:50:00+00:00,0,0.0,,,False
2021-09-09 18:55:00+00:00,0,0.0,,,False
2021-09-09 19:00:00+00:00,0,0.0,,,False
2021-09-09 19:05:00+00:00,0,0.0,,,False
2021-09-09 19:10:00+00:00,0,0.0,,,False
2021-09-09 19:15:00+00:00,0,0.0,,,False
2021-09-09 19:20:00+00:00,0,0.0,,,False
2021-09-09 19:25:00+00:00,0,0.0,,,False
2021-09-09 19:30:00+00:00,0,0.0,,,False
2021-09-09 19:35:00+00:00,0,0.0,,,False
2021-09-09 19:40:00+00:00,0,0.0,,,False
2021-09-09 19:45:00+00:00,0,0.0,,,False
2021-09-09 19:50:00+00:00,0,0.0,,,False
2021-09-09 19:55:00+00:00,0,0.0,,,False
2021-09-09 20:00:00+00:00,0,0.0,,,False
2021-09-09 20:05:00+00:00,0,0.0,,,False
2021-09-09 20:10:00+00:00,0,0.0,,,False
2021-09-09 20:15:00+00:00,0,0.0,,,False
2021-09-09 20:20:00+00:00,0,0.0,,,False
2021-09-09 20:25:00+00:00,0,0.0,,,False
2021-09-09 20:30:00+00:00,0,0.0,,,False
2021-09-09 20:35:00+00:00,0,0.0,,,False
2021-09-09 20:40:00+00:00,0,0.0,,,False
2021-09-09 20:45:00+00:00,0,0.0,,,False
2021-09-09 20:50:00+00:00,0,0.0,,,False
2021-09-09 20:55:00+00:00,0,0.0,,,False
2021-09-09 21:00:00+00:00,0,0.0,,,False
2021-09-09 21:05:00+00:00,0,0.0,,,False
2021-09-09 21:10:00+00:00,0,0.0,,,False
2021-09-09 21:15:00+00:00,0,0.0,,,False
2021-09-09 21:20:00+00:00,0,0.0,,,False
2021-09-09 21:25:00+00:00,0,0.0,,,False
2021-09-09 21:30:00+00:00,0,0.0,,,False
2021-09-09 21:35:00+00:00,0,0.0,,,False
2021-09-09 21:40:00+00:00,0,0.0,,,False
2021-09-09 21:45:00+00:00,0,0.0,,,False
2021-09-09 21:50:00+00:00,0,0.0,,,False
2021-09-09 21:55:00+00:00,0,0.0,,,False
2021-09-09 22:00:00+00:00,0,0.0,,,False
2021-09-09 22:05:00+00:00,0,0.0,,,False
2021-09-09 22:10:00+00:00,0,0.0,,,False
2021-09-09 22:15:00+00:00,0,0.0,,,False
2021-09-09 22:20:00+00:00,0,0.0,,,False
2021-09-09 22:25:00+00:00,0,0.0,,,False
2021-09-09 22:30:00+00:00,0,0.0,,,False
2021-09-09 22:35:00+00:00,0,0.0,,,False
2021-09-09 22:40:00+00:00,0,0.0,,,False
2021-09-09 22:45:00+00:00,0,0.0,,,False
2021-09-09 22:50:00+00:00,0,0.0,,,False
2021-09-09 22:55:00+00:00,0,0.0,,,False
2021-09-09 23:00:00+00:00,0,0.0,,,False
2021-09-09 23:05:00+00:00,0,0.0,,,False
2021-09-09 23:10:00+00:00,0,0.0,,,False
2021-09-09 23:15:00+00:00,0,0.0,,,False
2021-09-09 23:20:00+00:00,0,0.0,,,False
2021-09-09 23:25:00+00:00,0,0.0,,,False
2021-09-09 23:30:00+00:00,0,0.0,,,False
2021-09-09 23:35:00+00:00,0,0.0,,,False
2021-09-09 23:40:00+00:00,0,0.0,,,False
2021-09-09 23:45:00+00:00,0,0.0,,,False
2021-09-09 23:50:00+00:00,0,0.0,,,False
2021-09-09 23:55:00+00:00,0,0.0,,,False
2021-09-10 00:00:00+00:00,0,0.0,,,False
2021-09-10 00:05:00+00:00,0,0.0,,,False
2021-09-10 00:10:00+00:00,0,0.0,,,False
2021-09-10 00:15:00+00:00,0,0.0,,,False
2021-09-10 00:20:00+00:00,0,0.0,,,False
2021-09-10 00:25:00+00:00,0,0.0,,,False
2021-09-10 00:30:00+00:00,0,0.0,,,False
2021-09-10 00:35:00+00:00,0,0.0,,,False
2021-09-10 00:40:00+00:00,0,0.0,,,False
2021-09-10 00:45:00+00:00,0,0.0,,,False
2021-09-10 00:50:00+00:00,0,0.0,,,False
2021-09-10 00:55:00+00:00,0,0.0,,,False
2021-09-10 01:00:00+00:00,0,0.0,,,False
2021-09-10 01:05:00+00:00,0,0.0,,,False
2021-09-10 01:10:00+00:00,0,0.0,,,False
2021-09-10 01:15:00+00:00,0,0.0,,,False
2021-09-10 01:20:00+00:00,0,0.0,,,False
2021-09-10 01:25:00+00:00,0,0.0,,,False
2021-09-10 01:30:00+00:00,0,0.0,,,False
2021-09-10 01:35:00+00:00,0,0.0,,,False
2021-09-10 01:40:00+00:00,0,0.0,,,False
2021-09-10 01:45:00+00:00,0,0.0,,,False
2021-09-10 01:50:00+00:00,0,0.0,,,False
2021-09-10 01:55:00+00:00,0,0.0,,,False
2021-09-10 02:00:00+00:00,0,0.0,,,False
2021-09-10 02:05:00+00:00,0,0.0,,,False
2021-09-10 02:10:00+00:00,0,0.0,,,False
2021-09-10 02:15:00+00:00,0,0.0,,,False
2021-09-10 02:20:00+00:00,0,0.0,,,False
2021-09-10 02:25:00+00:00,0,0.0,,,False
2021-09-10 02:30:00+00:00,0,0.0,,,False
2021-09-10 02:35:00+00:00,0,0.0,,,False
2021-09-10 02:40:00+00:00,0,0.0,,,False
2021-09-10 02:45:00+00:00,0,0.0,,,False
2021-09-10 02:50:00+00:00,0,0.0,,,False
2021-09-10 02:55:00+00:00,0,0.0,,,False
2021-09-10 03:00:00+00:00,0,0.0,,,False
2021-09-10 03:05:00+00:00,0,0.0,,,False
2021-09-10 03:10:00+00:00,0,0.0,,,False
2021-09-10 03:15:00+00:00,0,0.0,,,False
2021-09-10 03:20:00+00:00,0,0.0,,,False
2021-09-10 03:25:00+00:00,0,0.0,,,False
2021-09-10 03:30:00+00:00,0,0.0,,,False
2021-09-10 03:35:00+00:00,0,0.0,,,False
2021-09-10 03:40:00+00:00,0,0.0,,,False
2021-09-10 03:45:00+00:00,0,0.0,,,False
2021-09-10 03:50:00+00:00,0,0.0,,,False
2021-09-10 03:55:00+00:00,0,0.0,,,False
2021-09-10 04:00:00+00:00,0,0.0,,,False
2021-09-10 04:05:00+00:00,0,0.0,,,False
2021-09-10 04:10:00+00:00,0,0.0,,,False
2021-09-10 04:15:00+00:00,0,0.0,,,False
2021-09-10 04:20:00+00:00,0,0.0,,,False
2021-09-10 04:25:00+00:00,0,0.0,,,False
2021-09-10 04:30:00+00:00,0,0.0,,,False
2021-09-10 04:35:00+00:00,0,0.0,,,False
2021-09-10 04:40:00+00:00,0,0.0,,,False
2021-09-10 04:45:00+00:00,0,0.0,,,False
2021-09-10 04:50:00+00:00,0,0.0,,,False
2021-09-10 04:55:00+00:00,0,0.0,,,False
2021-09-10 05:00:00+00:00,0,0.0,,,False
2021-09-10 05:05:00+00:00,0,0.0,,,False
2021-09-10 05:10:00+00:00,0,0.0,,,False
2021-09-10 05:15:00+00:00,0,0.0,,,False
2021-09-10 05:20:00+00:00,0,0.0,,,False
2021-09-10 05:25:00+00:00,0,0.0,,,False
2021-09-10 05:30:00+00:00,0,0.0,,,False
2021-09-10 05:35:00+00:00,0,0.0,,,False
2021-09-10 05:40:00+00:00,0,0.0,,,False
2021-09-10 05:45:00+00:00,0,0.0,,,False
2021-09-10 05:50:00+00:00,0,0.0,,,False
2021-09-10 05:55:00+00:00,0,0.0,,,False
2021-09-10 06:00:00+00:00,0,0.0,,,False
2021-09-10 06:05:00+00:00,0,0.0,,,False
2021-09-10 06:10:00+00:00,0,0.0,,,False
2021-09-10 06:15:00+00:00,0,0.0,,,False
2021-09-10 06:20:00+00:00,0,0.0,,,False
2021-09-10 06:25:00+00:00,0,0.0,,,False
2021-09-10 06:30:00+00:00,0,0.0,,,False
2021-09-10 06:35:00+00:00,0,0.0,,,False
2021-09-10 06:40:00+00:00,0,0.0,,,False
2021-09-10 06:45:00+00:00,0,0.0,,,False
2021-09-10 06:50:00+00:00,0,0.0,,,False
2021-09-10 06:55:00+00:00,0,0.0,,,False
2021-09-10 07:00:00+00:00,0,0.0,,,False
2021-09-10 07:05:00+00:00,0,0.0,,,False
2021-09-10 07:10:00+00:00,0,0.0,,,False
2021-09-10 07:15:00+00:00,0,0.0,,,False
2021-09-10 07:20:00+00:00,0,0.0,,,False
2021-09-10 07:25:00+00:00,0,0.0,,,False
2021-09-10 07:30:00+00:00,0,0.0,,,False
2021-09-10 07:35:00+00:00,0,0.0,,,False
2021-09-10 07:40:00+00:00,0,0.0,,,False
2021-09-10 07:45:00+00:00,1,0.08333333333333333,0.28867513459481287,3.1754264805429417,True
2021-09-10 07:50:00+00:00,1,0.16666666666666666,0.38924947208076144,2.1408720964441885,False
2021-09-10 07:55:00+00:00,1,0.25,0.45226701686664544,1.6583123951777,False
2021-09-10 08:00:00+00:00,1,0.3333333333333333,0.4923659639173309,1.3540064007726602,False
2021-09-10 08:05:00+00:00,1,0.4166666666666667,0.5149286505444373,1.1328430311977618,False
2021-09-10 08:10:00+00:00,1,0.5,0.5222329678670935,0.9574271077563381,False
2021-09-10 08:15:00+00:00,1,0.5833333333333334,0.5149286505444373,0.8091735937126869,False
2021-09-10 08:20:00+00:00,1,0.6666666666666666,0.49236596391733095,0.6770032003863301,False
2021-09-10 08:25:00+00:00,1,0.75,0.4522670168666455,0.5527707983925666,False
2021-09-10 08:30:00+00:00,1,0.8333333333333334,0.38924947208076166,0.42817441928883737,False
2021-09-10 08:35:00+00:00,1,0.9166666666666666,0.2886751345948132,0.2886751345948127,False
2021-09-10 08:40:00+00:00,1,1.0,,,False
2021-09-10 08:45:00+00:00,1,1.0,,,False
2021-09-10 08:50:00+00:00,1,1.0,,,False
2021-09-10 08:55:00+00:00,1,1.0,,,False
2021-09-10 09:00:00+00:00,1,1.0,,,False
2021-09-10 09:05:00+00:00,1,1.0,,,False
2021-09-10 09:10:00+00:00,1,1.0,,,False
2021-09-10 09:15:00+00:00,1,1.0,,,False
2021-09-10 09:20:00+00:00,0,0.9166666666666666,0.28867513459481287,-3.1754264805429417,True
2021-09-10 09:25:00+00:00,0,0.8333333333333334,0.38924947208076144,-2.1408720964441885,False
2021-09-10 09:30:00+00:00,0,0.75,0.45226701686664544,-1.6583123951777,False
2021-09-10 09:35:00+00:00,0,0.6666666666666666,0.4923659639173309,-1.35400640077266,False
2021-09-10 09:40:00+00:00,0,0.5833333333333334,0.5149286505444373,-1.132843031197762,False
2021-09-10 09:45:00+00:00,1,0.5833333333333334,0.5149286505444373,0.8091735937126869,False
2021-09-10 09:50:00+00:00,1,0.5833333333333334,0.5149286505444373,0.8091735937126869,False
2021-09-10 09:55:00+00:00,1,0.5833333333333334,0.5149286505444373,0.8091735937126869,False
2021-09-10 10:00:00+00:00,2,0.6666666666666666,0.6513389472789296,2.047065262876636,False
2021-09-10 10:05:00+00:00,2,0.75,0.753778361444409,1.6583123951777,False
2021-09-10 10:10:00+00:00,2,0.8333333333333334,0.8348471099367217,1.3974614666332084,False
2021-09-10 10:15:00+00:00,3,1.0,1.0444659357341868,1.9148542155126766,False
2021-09-10 10:20:00+00:00,3,1.25,1.138180365958992,1.5375418978744284,False
2021-09-10 10:25:00+00:00,3,1.5,1.1677484162422842,1.2845232578665131,False
2021-09-10 10:30:00+00:00,3,1.75,1.138180365958992,1.0982442127674488,False
2021-09-10 10:35:00+00:00,3,2.0,1.0444659357341866,0.9574271077563385,False
2021-09-10 10:40:00+00:00,3,2.25,0.866025403784438,0.8660254037844393,False
2021-09-10 10:45:00+00:00,3,2.4166666666666665,0.7929614610987583,0.7356389458386087,False
2021-09-10 10:50:00+00:00,3,2.5833333333333335,0.6685579234215204,0.6232319625115885,False
2021-09-10 10:55:00+00:00,3,2.75,0.4522670168666436,0.5527707983925688,False
2021-09-10 11:00:00+00:00,3,2.8333333333333335,0.3892494720807592,0.42817441928883976,False
2021-09-10 11:05:00+00:00,3,2.9166666666666665,0.2886751345948097,0.2886751345948166,False
2021-09-10 11:10:00+00:00,3,3.0,,,False
2021-09-10 11:15:00+00:00,3,3.0,,,False
2021-09-10 11:20:00+00:00,3,3.0,,,False
2021-09-10 11:25:00+00:00,3,3.0,,,False
2021-09-10 11:30:00+00:00,3,3.0,,,False
2021-09-10 11:35:00+00:00,3,3.0,,,False
2021-09-10 11:40:00+00:00,2,2.9166666666666665,0.28867513459481287,-3.1754264805429413,True
2021-09-10 11:45:00+00:00,2,2.8333333333333335,0.38924947208076144,-2.140872096444189,False
2021-09-10 11:50:00+00:00,2,2.75,0.4522670168666453,-1.6583123951777006,False
2021-09-10 11:55:00+00:00,2,2.6666666666666665,0.49236596391733073,-1.3540064007726602,False
2021-09-10 12:00:00+00:00,2,2.5833333333333335,0.5149286505444369,-1.1328430311977629,False
2021-09-10 12:05:00+00:00,3,2.5833333333333335,0.5149286505444369,0.8091735937126873,False
2021-09-10 12:10:00+00:00,3,2.5833333333333335,0.5149286505444369,0.8091735937126873,False
2021-09-10 12:15:00+00:00,3,2.5833333333333335,0.5149286505444369,0.8091735937126873,False
2021-09-10 12:20:00+00:00,3,2.5833333333333335,0.5149286505444369,0.8091735937126873,False
2021-09-10 12:25:00+00:00,3,2.5833333333333335,0.5149286505444369,0.8091735937126873,False
2021-09-10 12:30:00+00:00,3,2.5833333333333335,0.5149286505444369,0.8091735937126873,False
2021-09-10 12:35:00+00:00,3,2.5833333333333335,0.5149286505444369,0.8091735937126873,False
2021-09-10 12:40:00+00:00,3,2.6666666666666665,0.4923659639173306,0.6770032003863308,False
2021-09-10 12:45:00+00:00,3,2.75,0.45226701686664517,0.5527707983925669,False
2021-09-10 12:50:00+00:00,3,2.8333333333333335,0.38924947208076116,0.4281744192888376,False
2021-09-10 12:55:00+00:00,2,2.8333333333333335,0.38924947208076116,-2.1408720964441903,False
2021-09-10 13:00:00+00:00,2,2.8333333333333335,0.38924947208076116,-2.1408720964441903,False
2021-09-10 13:05:00+00:00,2,2.75,0.45226701686664517,-1.658312395177701,False
2021-09-10 13:10:00+00:00,2,2.6666666666666665,0.4923659639173306,-1.3540064007726607,False
2021-09-10 13:15:00+00:00,2,2.5833333333333335,0.5149286505444369,-1.1328430311977629,False
2021-09-10 13:20:00+00:00,2,2.5,0.5222329678670932,-0.9574271077563388,False
2021-09-10 13:25:00+00:00,2,2.4166666666666665,0.5149286505444367,-0.8091735937126876,False
2021-09-10 13:30:00+00:00,2,2.3333333333333335,0.4923659639173303,-0.6770032003863312,False
2021-09-10 13:35:00+00:00,2,2.25,0.4522670168666446,-0.5527707983925676,False
2021-09-10 13:40:00+00:00,2,2.1666666666666665,0.38924947208076044,-0.4281744192888384,False
2021-09-10 13:45:00+00:00,2,2.0833333333333335,0.2886751345948113,-0.288675134594815,False
2021-09-10 13:50:00+00:00,2,2.0,,,False
2021-09-10 13:55:00+00:00,2,2.0,,,False
2021-09-10 14:00:00+00:00,2,2.0,,,False
2021-09-10 14:05:00+00:00,2,2.0,,,False
2021-09-10 14:10:00+00:00,1,1.9166666666666667,0.2886751345948129,-3.1754264805429417,True
2021-09-10 14:15:00+00:00,1,1.8333333333333333,0.38924947208076155,-2.1408720964441876,False
2021-09-10 14:20:00+00:00,1,1.75,0.4522670168666455,-1.6583123951776997,False
2021-09-10 14:25:00+00:00,1,1.6666666666666667,0.49236596391733106,-1.3540064007726598,False
2021-09-10 14:30:00+00:00,1,1.5833333333333333,0.5149286505444375,-1.132843031197761,False
2021-09-10 14:35:00+00:00,1,1.5,0.5222329678670937,-0.9574271077563378,False
2021-09-10 14:40:00+00:00,1,1.4166666666666667,0.5149286505444375,-0.8091735937126868,False
2021-09-10 14:45:00+00:00,0,1.25,0.6215815605080615,-2.010999166349608,False
2021-09-10 14:50:00+00:00,0,1.0833333333333333,0.668557923421522,-1.6204031025301269,False
2021-09-10 14:55:00+00:00,0,0.9166666666666666,0.6685579234215221,-1.371110317525492,False
2021-09-10 15:00:00+00:00,0,0.75,0.6215815605080619,-1.206599499809764,False
2021-09-10 15:05:00+00:00,0,0.5833333333333334,0.5149286505444383,-1.1328430311977598,False
2021-09-10 15:10:00+00:00,0,0.5,0.5222329678670946,-0.9574271077563361,False
2021-09-10 15:15:00+00:00,0,0.4166666666666667,0.5149286505444384,-0.8091735937126853,False
2021-09-10 15:20:00+00:00,0,0.3333333333333333,0.49236596391733223,-0.6770032003863282,False
2021-09-10 15:25:00+00:00,0,0.25,0.45226701686664694,-0.5527707983925648,False
2021-09-10 15:30:00+00:00,0,0.16666666666666666,0.38924947208076327,-0.42817441928883565,False
2021-09-10 15:35:00+00:00,0,0.08333333333333333,0.28867513459481536,-0.28867513459481037,False
2021-09-10 15:40:00+00:00,0,0.0,,,False
2021-09-10 15:45:00+00:00,0,0.0,,,False
2021-09-10 15:50:00+00:00,0,0.0,,,False
2021-09-10 15:55:00+00:00,0,0.0,,,False
2021-09-12 16:00:00+00:00,0,0.0,,,False
2021-09-12 16:05:00+00:00,0,0.0,,,False
2021-09-12 16:10:00+00:00,0,0.0,,,False
2021-09-12 16:15:00+00:00,0,0.0,,,False
2021-09-12 16:20:00+00:00,0,0.0,,,False
2021-09-12 16:25:00+00:00,0,0.0,,,False
2021-09-12 16:30:00+00:00,0,0.0,,,False
2021-09-12 16:35:00+00:00,0,0.0,,,False
2021-09-12 16:40:00+00:00,0,0.0,,,False
2021-09-12 16:45:00+00:00,0,0.0,,,False
2021-09-12 16:50:00+00:00,0,0.0,,,False
2021-09-12 16:55:00+00:00,0,0.0,,,False
2021-09-12 17:00:00+00:00,0,0.0,,,False
2021-09-12 17:05:00+00:00,0,0.0,,,False
2021-09-12 17:10:00+00:00,0,0.0,,,False
2021-09-12 17:15:00+00:00,0,0.0,,,False
2021-09-12 17:20:00+00:00,0,0.0,,,False
2021-09-12 17:25:00+00:00,0,0.0,,,False
2021-09-12 17:30:00+00:00,0,0.0,,,False
2021-09-12 17:35:00+00:00,0,0.0,,,False
2021-09-12 17:40:00+00:00,0,0.0,,,False
2021-09-12 17:45:00+00:00,0,0.0,,,False
2021-09-12 17:50:00+00:00,0,0.0,,,False
2021-09-12 17:55:00+00:00,0,0.0,,,False
2021-09-12 18:00:00+00:00,0,0.0,,,False
2021-09-12 18:05:00+00:00,0,0.0,,,False
2021-09-12 18:10:00+00:00,0,0.0,,,False
2021-09-12 18:15:00+00:00,0,0.0,,,False
2021-09-12 18:20:00+00:00,0,0.0,,,False
2021-09-12 18:25:00+00:00,0,0.0,,,False
2021-09-12 18:30:00+00:00,0,0.0,,,False
2021-09-12 18:35:00+00:00,0,0.0,,,False
2021-09-12 18:40:00+00:00,0,0.0,,,False
2021-09-12 18:45:00+00:00,0,0.0,,,False
2021-09-12 18:50:00+00:00,0,0.0,,,False
2021-09-12 18:55:00+00:00,0,0.0,,,False
2021-09-12 19:00:00+00:00,0,0.0,,,False
2021-09-12 19:05:00+00:00,0,0.0,,,False
2021-09-12 19:10:00+00:00,0,0.0,,,False
2021-09-12 19:15:00+00:00,0,0.0,,,False
2021-09-12 19:20:00+00:00,0,0.0,,,False
2021-09-12 19:25:00+00:00,0,0.0,,,False
2021-09-12 19:30:00+00:00,0,0.0,,,False
2021-09-12 19:35:00+00:00,0,0.0,,,False
2021-09-12 19:40:00+00:00,0,0.0,,,False
2021-09-12 19:45:00+00:00,0,0.0,,,False
2021-09-12 19:50:00+00:00,0,0.0,,,False
2021-09-12 19:55:00+00:00,0,0.0,,,False
2021-09-12 20:00:00+00:00,0,0.0,,,False
2021-09-12 20:05:00+00:00,0,0.0,,,False
2021-09-12 20:10:00+00:00,0,0.0,,,False
2021-09-12 20:15:00+00:00,0,0.0,,,False
2021-09-12 20:20:00+00:00,0,0.0,,,False
2021-09-12 20:25:00+00:00,0,0.0,,,False
2021-09-12 20:30:00+00:00,0,0.0,,,False
2021-09-12 20:35:00+00:00,0,0.0,,,False
2021-09-12 20:40:00+00:00,0,0.0,,,False
2021-09-12 20:45:00+00:00,0,0.0,,,False
2021-09-12 20:50:00+00:00,0,0.0,,,False
2021-09-12 20:55:00+00:00,0,0.0,,,False
2021-09-12 21:00:00+00:00,0,0.0,,,False
2021-09-12 21:05:00+00:00,0,0.0,,,False
2021-09-12 21:10:00+00:00,0,0.0,,,False
2021-09-12 21:15:00+00:00,0,0.0,,,False
2021-09-12 21:20:00+00:00,0,0.0,,,False
2021-09-12 21:25:00+00:00,0,0.0,,,False
2021-09-12 21:30:00+00:00,0,0.0,,,False
2021-09-12 21:35:00+00:00,0,0.0,,,False
2021-09-12 21:40:00+00:00,0,0.0,,,False
2021-09-12 21:45:00+00:00,0,0.0,,,False
2021-09-12 21:50:00+00:00,0,0.0,,,False
2021-09-12 21:55:00+00:00,0,0.0,,,False
2021-09-12 22:00:00+00:00,0,0.0,,,False
2021-09-12 22:05:00+00:00,0,0.0,,,False
2021-09-12 22:10:00+00:00,0,0.0,,,False
2021-09-12 22:15:00+00:00,0,0.0,,,False
2021-09-12 22:20:00+00:00,0,0.0,,,False
2021-09-12 22:25:00+00:00,0,0.0,,,False
2021-09-12 22:30:00+00:00,0,0.0,,,False
2021-09-12 22:35:00+00:00,0,0.0,,,False
2021-09-12 22:40:00+00:00,0,0.0,,,False
2021-09-12 22:45:00+00:00,0,0.0,,,False
2021-09-12 22:50:00+00:00,0,0.0,,,False
2021-09-12 22:55:00+00:00,0,0.0,,,False
2021-09-12 23:00:00+00:00,0,0.0,,,False
2021-09-12 23:05:00+00:00,0,0.0,,,False
2021-09-12 23:10:00+00:00,0,0.0,,,False
2021-09-12 23:15:00+00:00,0,0.0,,,False
2021-09-12 23:20:00+00:00,0,0.0,,,False
2021-09-12 23:25:00+00:00,0,0.0,,,False
2021-09-12 23:30:00+00:00,0,0.0,,,False
2021-09-12 23:35:00+00:00,0,0.0,,,False
2021-09-12 23:40:00+00:00,1,0.08333333333333333,0.28867513459481287,3.1754264805429417,True
2021-09-12 23:45:00+00:00,1,0.16666666666666666,0.38924947208076144,2.1408720964441885,False
2021-09-12 23:50:00+00:00,1,0.25,0.45226701686664544,1.6583123951777,False
2021-09-12 23:55:00+00:00,1,0.3333333333333333,0.4923659639173309,1.3540064007726602,False
2021-09-13 00:00:00+00:00,1,0.4166666666666667,0.5149286505444373,1.1328430311977618,False
2021-09-13 00:05:00+00:00,0,0.4166666666666667,0.5149286505444373,-0.809173593712687,False
2021-09-13 00:10:00+00:00,0,0.4166666666666667,0.5149286505444373,-0.809173593712687,False
2021-09-13 00:15:00+00:00,0,0.4166666666666667,0.5149286505444373,-0.809173593712687,False
2021-09-13 00:20:00+00:00,0,0.4166666666666667,0.5149286505444373,-0.809173593712687,False
2021-09-13 00:25:00+00:00,0,0.4166666666666667,0.5149286505444373,-0.809173593712687,False
2021-09-13 00:30:00+00:00,0,0.4166666666666667,0.5149286505444373,-0.809173593712687,False
2021-09-13 00:35:00+00:00,0,0.4166666666666667,0.5149286505444373,-0.809173593712687,False
2021-09-13 00:40:00+00:00,0,0.3333333333333333,0.4923659639173309,-0.67700320038633,False
2021-09-13 00:45:00+00:00,0,0.25,0.45226701686664544,-0.5527707983925666,False
2021-09-13 00:50:00+00:00,0,0.16666666666666666,0.38924947208076144,-0.42817441928883765,False
2021-09-13 00:55:00+00:00,0,0.08333333333333333,0.28867513459481287,-0.28867513459481287,False
2021-09-13 01:00:00+00:00,0,0.0,,,False
2021-09-13 01:05:00+00:00,0,0.0,,,False
2021-09-13 01:10:00+00:00,0,0.0,,,False
2021-09-13 01:15:00+00:00,0,0.0,,,False
2021-09-13 01:20:00+00:00,0,0.0,,,False
2021-09-13 01:25:00+00:00,0,0.0,,,False
2021-09-13 01:30:00+00:00,0,0.0,,,False
2021-09-13 01:35:00+00:00,0,0.0,,,False
2021-09-13 01:40:00+00:00,0,0.0,,,False
2021-09-13 01:45:00+00:00,0,0.0,,,False
2021-09-13 01:50:00+00:00,0,0.0,,,False
2021-09-13 01:55:00+00:00,0,0.0,,,False
2021-09-13 02:00:00+00:00,0,0.0,,,False
2021-09-13 02:05:00+00:00,0,0.0,,,False
2021-09-13 02:10:00+00:00,0,0.0,,,False
2021-09-13 02:15:00+00:00,0,0.0,,,False
2021-09-13 02:20:00+00:00,0,0.0,,,False
2021-09-13 02:25:00+00:00,0,0.0,,,False
2021-09-13 02:30:00+00:00,0,0.0,,,False
2021-09-13 02:35:00+00:00,0,0.0,,,False
2021-09-13 02:40:00+00:00,0,0.0,,,False
2021-09-13 02:45:00+00:00,0,0.0,,,False
2021-09-13 02:50:00+00:00,0,0.0,,,False
2021-09-13 02:55:00+00:00,0,0.0,,,False
2021-09-13 03:00:00+00:00,0,0.0,,,False
2021-09-13 03:05:00+00:00,0,0.0,,,False
2021-09-13 03:10:00+00:00,0,0.0,,,False
2021-09-13 03:15:00+00:00,0,0.0,,,False
2021-09-13 03:20:00+00:00,1,0.08333333333333333,0.28867513459481287,3.1754264805429417,True
2021-09-13 03:25:00+00:00,0,0.08333333333333333,0.28867513459481287,-0.28867513459481287,False
2021-09-13 03:30:00+00:00,0,0.08333333333333333,0.28867513459481287,-0.28867513459481287,False
2021-09-13 03:35:00+00:00,1,0.16666666666666666,0.38924947208076144,2.1408720964441885,False
2021-09-13 03:40:00+00:00,1,0.25,0.45226701686664544,1.6583123951777,False
2021-09-13 03:45:00+00:00,1,0.3333333333333333,0.4923659639173309,1.3540064007726602,False
2021-09-13 03:50:00+00:00,1,0.4166666666666667,0.5149286505444373,1.1328430311977618,False
2021-09-13 03:55:00+00:00,2,0.5833333333333334,0.6685579234215214,2.1189886725393987,False
2021-09-13 04:00:00+00:00,2,0.75,0.7537783614444091,1.6583123951776997,False
2021-09-13 04:05:00+00:00,2,0.9166666666666666,0.7929614610987591,1.3661866137002718,False
2021-09-13 04:10:00+00:00,2,1.0833333333333333,0.7929614610987591,1.1560040577463837,False
2021-09-13 04:15:00+00:00,4,1.4166666666666667,1.0836246694508318,2.3839742727918294,False
2021-09-13 04:20:00+00:00,5,1.75,1.4847711791873706,2.1888894703483914,False
2021-09-13 04:25:00+00:00,5,2.1666666666666665,1.6422453217986943,1.7252801976199768,False
2021-09-13 04:30:00+00:00,5,2.5833333333333335,1.6764862244009227,1.4415070231371814,False
2021-09-13 04:35:00+00:00,5,2.9166666666666665,1.7298624923456323,1.204334646569744,False
2021-09-13 04:40:00+00:00,5,3.25,1.7122552910761242,1.022043855913655,False
2021-09-13 04:45:00+00:00,5,3.5833333333333335,1.621353717973928,0.8737554618476208,False
2021-09-13 04:50:00+00:00,5,3.9166666666666665,1.4433756729740645,0.7505553499465135,False
2021-09-13 04:55:00+00:00,5,4.166666666666667,1.337115846843043,0.6232319625115875,False
2021-09-13 05:00:00+00:00,4,4.333333333333333,1.1547005383792517,-0.2886751345948126,False
2021-09-13 05:05:00+00:00,5,4.583333333333333,0.90033663737852,0.4627898603347536,False
2021-09-13 05:10:00+00:00,5,4.833333333333333,0.3892494720807609,0.42817441928883904,False
2021-09-13 05:15:00+00:00,5,4.916666666666667,0.2886751345948118,0.2886751345948129,False
2021-09-13 05:20:00+00:00,5,4.916666666666667,0.2886751345948118,0.2886751345948129,False
2021-09-13 05:25:00+00:00,6,5.0,0.42640143271121994,2.3452078799117198,False
2021-09-13 05:30:00+00:00,6,5.083333333333333,0.5149286505444364,1.7801819061679152,False
2021-09-13 05:35:00+00:00,7,5.25,0.7537783614444082,2.3216373532487826,False
2021-09-13 05:40:00+00:00,5,5.25,0.7537783614444082,-0.33166247903554036,False
2021-09-13 05:45:00+00:00,4,5.166666666666667,0.8348471099367212,-1.39746146663321,False
2021-09-13 05:50:00+00:00,4,5.083333333333333,0.9003366373785194,-1.203253636870359,False
2021-09-13 05:55:00+00:00,4,5.0,0.9534625892455918,-1.048808848170152,False
2021-09-13 06:00:00+00:00,4,5.0,0.9534625892455918,-1.048808848170152,False
2021-09-13 06:05:00+00:00,8,5.25,1.288057028664068,2.1349986365527722,False
2021-09-13 06:10:00+00:00,8,5.5,1.5075567228888174,1.6583123951777008,False
2021-09-13 06:15:00+00:00,9,5.833333333333333,1.800673274757039,1.7586014692720635,False
2021-09-13 06:20:00+00:00,9,6.166666666666667,1.9924098397912429,1.422063511606728,False
2021-09-13 06:25:00+00:00,9,6.416666666666667,2.1514618004482147,1.2007339999228184,False
2021-09-13 06:30:00+00:00,9,6.666666666666667,2.2696949467968475,1.0280382994315145,False
2021-09-13 06:35:00+00:00,9,6.833333333333333,2.3677121037112174,0.9150887319748773,False
2021-09-13 06:40:00+00:00,9,7.166666666666667,2.367712103711217,0.7743058501325883,False
2021-09-13 06:45:00+00:00,8,7.5,2.153221687695818,0.23221018200641225,False
2021-09-13 06:50:00+00:00,8,7.833333333333333,1.8504708655481212,0.09006716602225415,False
2021-09-13 06:55:00+00:00,8,8.166666666666666,1.4034589305344698,-0.11875421719907082,False
2021-09-13 07:00:00+00:00,9,8.583333333333334,0.5149286505444243,0.8091735937127063,False
2021-09-13 07:05:00+00:00,9,8.666666666666666,0.4923659639173172,0.6770032003863501,False
2021-09-13 07:10:00+00:00,9,8.75,0.45226701686663023,0.5527707983925852,False
2021-09-13 07:15:00+00:00,9,8.75,0.45226701686663023,0.5527707983925852,False
2021-09-13 07:20:00+00:00,8,8.666666666666666,0.4923659639173172,-1.3540064007726966,False
2021-09-13 07:25:00+00:00,9,8.666666666666666,0.4923659639173172,0.6770032003863501,False
2021-09-13 07:30:00+00:00,9,8.666666666666666,0.4923659639173172,0.6770032003863501,False
2021-09-13 07:35:00+00:00,9,8.666666666666666,0.4923659639173172,0.6770032003863501,False
2021-09-13 07:40:00+00:00,9,8.666666666666666,0.4923659639173172,0.6770032003863501,False
2021-09-13 07:45:00+00:00,5,8.416666666666666,1.1645001528813095,-2.934019938265226,False
2021-09-13 07:50:00+00:00,0,7.75,2.7010099121355577,-2.8692971340754725,False
2021-09-13 07:55:00+00:00,4,7.416666666666667,2.906367096044422,-1.1755798747229023,False
2021-09-13 08:00:00+00:00,4,7.0,3.0151134457776347,-0.9949874371066204,False
2021-09-13 08:05:00+00:00,0,6.25,3.54516315818917,-1.7629654041627891,False
2021-09-13 08:10:00+00:00,0,5.5,3.849439156316386,-1.4287795641542422,False
2021-09-13 08:15:00+00:00,0,4.75,3.9800639556304973,-1.1934481588619432,False
2021-09-13 08:20:00+00:00,0,4.083333333333333,4.055486369964728,-1.0068664916678902,False
2021-09-13 08:25:00+00:00,0,3.3333333333333335,3.8924947208076146,-0.8563488385776754,False
2021-09-13 08:30:00+00:00,0,2.5833333333333335,3.553700589355817,-0.7269417522317537,False
2021-09-13 08:35:00+00:00,0,1.8333333333333333,2.979729497586632,-0.6152683774880244,False
2021-09-13 08:40:00+00:00,0,1.0833333333333333,1.9752253419585213,-0.5484606289321711,False
2021-09-13 08:45:00+00:00,0,0.6666666666666666,1.5569978883230486,-0.42817441928883687,False
2021-09-13 08:50:00+00:00,0,0.6666666666666666,1.5569978883230486,-0.42817441928883687,False
2021-09-13 08:55:00+00:00,0,0.3333333333333333,1.1547005383792555,-0.28867513459481187,False
2021-09-13 09:00:00+00:00,0,0.0,,,False
2021-09-13 09:05:00+00:00,4,0.3333333333333333,1.1547005383792515,3.1754264805429417,True
2021-09-13 09:10:00+00:00,4,0.6666666666666666,1.5569978883230458,2.1408720964441885,False
2021-09-13 09:15:00+00:00,4,1.0,1.8090680674665818,1.6583123951777,False
2021-09-13 09:20:00+00:00,4,1.3333333333333333,1.9694638556693236,1.3540064007726602,False
2021-09-13 09:25:00+00:00,4,1.6666666666666667,2.059714602177749,1.1328430311977618,False
2021-09-13 09:30:00+00:00,4,2.0,2.088931871468374,0.9574271077563381,False
2021-09-13 09:35:00+00:00,4,2.3333333333333335,2.059714602177749,0.8091735937126869,False
2021-09-13 09:40:00+00:00,4,2.6666666666666665,1.9694638556693238,0.6770032003863301,False
2021-09-13 09:45:00+00:00,4,3.0,1.809068067466582,0.5527707983925666,False
2021-09-13 09:50:00+00:00,0,3.0,1.809068067466582,-1.6583123951776997,False
2021-09-13 09:55:00+00:00,0,3.0,1.809068067466582,-1.6583123951776997,False
2021-09-13 10:00:00+00:00,0,3.0,1.809068067466582,-1.6583123951776997,False
2021-09-13 10:05:00+00:00,1,2.75,1.8647446815241833,-0.9384662776298176,False
2021-09-13 10:10:00+00:00,4,2.75,1.8647446815241833,0.6703330554498698,False
2021-09-13 10:15:00+00:00,5,2.8333333333333335,1.9462473604038075,1.1132534901509776,False
2021-09-13 10:20:00+00:00,7,3.0833333333333335,2.2746961169005466,1.7218417165996813,False
2021-09-13 10:25:00+00:00,10,3.5833333333333335,3.0289011909011534,2.11848002369387,False
2021-09-13 10:30:00+00:00,14,4.416666666666667,4.273774855458757,2.2423580224617696,False
2021-09-13 10:35:00+00:00,15,5.333333333333333,5.245488682206027,1.842853402669298,False
2021-09-13 10:40:00+00:00,16,6.333333333333333,6.050294257807683,1.5977184339740482,False
2021-09-13 10:45:00+00:00,16,7.333333333333333,6.596601512532914,1.3138078221339924,False
2021-09-13 10:50:00+00:00,16,8.666666666666666,6.596601512532914,1.1116835418056858,False
2021-09-13 10:55:00+00:00,16,10.0,6.295741706611196,0.9530251207255476,False
2021-09-13 11:00:00+00:00,16,11.333333333333334,5.646130345536481,0.8265247844226401,False
2021-09-13 11:05:00+00:00,16,12.583333333333334,4.737823307909416,0.7211469159187122,False
2021-09-13 11:10:00+00:00,16,13.583333333333334,3.9648073054937987,0.6095294122662743,False
2021-09-13 11:15:00+00:00,16,14.5,2.938769068226299,0.5104177855340394,False
2021-09-13 11:20:00+00:00,13,15.0,1.8586407545691805,-1.0760551736979347,False
2021-09-13 11:25:00+00:00,13,15.25,1.2154310870110108,-1.85119504021672,False
2021-09-13 11:30:00+00:00,13,15.166666666666666,1.3371158468430577,-1.62040310253011,False
2021-09-13 11:35:00+00:00,15,15.166666666666666,1.3371158468430577,-0.12464639250231574,False
2021-09-13 11:40:00+00:00,15,15.083333333333334,1.3113721705515213,-0.06354666905756173,False
2021-09-13 11:45:00+00:00,15,15.0,1.2792042981336773,0.0,False
2021-09-13 11:50:00+00:00,15,14.916666666666666,1.2401124093721603,0.067198209374845,False
2021-09-13 11:55:00+00:00,15,14.833333333333334,1.193416282879725,0.1396550969327298,False
2021-09-13 12:00:00+00:00,15,14.75,1.1381803659590073,0.21964884255348682,False
2021-09-13 12:05:00+00:00,15,14.666666666666666,1.073086739977335,0.3106303720986939,False
2021-09-13 12:10:00+00:00,15,14.583333333333334,0.9962049198956376,0.41825397400197145,False
2021-09-13 12:15:00+00:00,15,14.5,0.9045340337333075,0.5527707983925565,False
2021-09-13 12:20:00+00:00,15,14.666666666666666,0.7784989441615435,0.4281744192888271,False
2021-09-13 12:25:00+00:00,15,14.833333333333334,0.5773502691896549,0.28867513459479727,False
2021-09-13 12:30:00+00:00,15,15.0,,,False
2021-09-13 12:35:00+00:00,15,15.0,,,False
2021-09-13 12:40:00+00:00,15,15.0,,,False
2021-09-13 12:45:00+00:00,15,15.0,,,False
2021-09-13 12:50:00+00:00,14,14.916666666666666,0.28867513459481275,-3.175426480542941,True
2021-09-13 12:55:00+00:00,15,14.916666666666666,0.28867513459481275,0.2886751345948151,False
2021-09-13 13:00:00+00:00,15,14.916666666666666,0.28867513459481275,0.2886751345948151,False
2021-09-13 13:05:00+00:00,15,14.916666666666666,0.28867513459481275,0.2886751345948151,False
2021-09-13 13:10:00+00:00,15,14.916666666666666,0.28867513459481275,0.2886751345948151,False
2021-09-13 13:15:00+00:00,15,14.916666666666666,0.28867513459481275,0.2886751345948151,False
2021-09-13 13:20:00+00:00,15,14.916666666666666,0.28867513459481275,0.2886751345948151,False
2021-09-13 13:25:00+00:00,15,14.916666666666666,0.28867513459481275,0.2886751345948151,False
2021-09-13 13:30:00+00:00,15,14.916666666666666,0.28867513459481275,0.2886751345948151,False
2021-09-13 13:35:00+00:00,9,14.416666666666666,1.729862492345632,-3.1312700810813343,True
2021-09-13 13:40:00+00:00,5,13.583333333333334,3.2039275140289165,-2.6790035966013015,False
2021-09-13 13:45:00+00:00,1,12.416666666666666,4.79504163093755,-2.3809317093320885,False
2021-09-13 13:50:00+00:00,1,11.333333333333334,5.773502691896256,-1.7897858344878403,False
2021-09-13 13:55:00+00:00,0,10.083333333333334,6.487166818676187,-1.554350861504592,False
2021-09-13 14:00:00+00:00,0,8.833333333333334,6.8865261506976365,-1.2826980018711578,False
2021-09-13 14:05:00+00:00,0,7.583333333333333,7.025386865223907,-1.0794186112185928,False
2021-09-13 14:10:00+00:00,0,6.333333333333333,6.919449969382528,-0.9152943313930054,False
2021-09-13 14:15:00+00:00,0,5.083333333333333,6.556860852757532,-0.7752693625022564,False
2021-09-13 14:20:00+00:00,0,3.8333333333333335,5.89041337233387,-0.6507749271617773,False
2021-09-13 14:25:00+00:00,0,2.5833333333333335,4.795041630937548,-0.5387509707247794,False
2021-09-13 14:30:00+00:00,0,1.3333333333333333,2.806917861068943,-0.47501686879628435,False
2021-09-13 14:35:00+00:00,0,0.5833333333333334,1.4433756729740534,-0.4041451884327411,False
2021-09-13 14:40:00+00:00,0,0.16666666666666666,0.3892494720807196,-0.4281744192888837,False
2021-09-13 14:45:00+00:00,0,0.08333333333333333,0.28867513459475586,-0.2886751345948699,False
2021-09-13 14:50:00+00:00,0,0.0,,,False
2021-09-13 14:55:00+00:00,0,0.0,,,False
2021-09-13 15:00:00+00:00,0,0.0,,,False
2021-09-13 15:05:00+00:00,0,0.0,,,False
2021-09-13 15:10:00+00:00,0,0.0,,,False
2021-09-13 15:15:00+00:00,0,0.0,,,False
2021-09-13 15:20:00+00:00,0,0.0,,,False
2021-09-13 15:25:00+00:00,0,0.0,,,False
2021-09-13 15:30:00+00:00,0,0.0,,,False
2021-09-13 15:35:00+00:00,0,0.0,,,False
2021-09-13 15:40:00+00:00,0,0.0,,,False
2021-09-13 15:45:00+00:00,0,0.0,,,False
2021-09-13 15:50:00+00:00,0,0.0,,,False
2021-09-13 15:55:00+00:00,0,0.0,,,False
2021-09-13 16:00:00+00:00,0,0.0,,,False
2021-09-13 16:05:00+00:00,0,0.0,,,False
2021-09-13 16:10:00+00:00,0,0.0,,,False
2021-09-13 16:15:00+00:00,0,0.0,,,False
2021-09-13 16:20:00+00:00,0,0.0,,,False
2021-09-13 16:25:00+00:00,0,0.0,,,False
2021-09-13 16:30:00+00:00,0,0.0,,,False
2021-09-13 16:35:00+00:00,0,0.0,,,False
2021-09-13 16:40:00+00:00,0,0.0,,,False
2021-09-13 16:45:00+00:00,0,0.0,,,False
2021-09-13 16:50:00+00:00,0,0.0,,,False
2021-09-13 16:55:00+00:00,0,0.0,,,False
2021-09-13 17:00:00+00:00,0,0.0,,,False
2021-09-13 17:05:00+00:00,0,0.0,,,False
2021-09-13 17:10:00+00:00,0,0.0,,,False
2021-09-13 17:15:00+00:00,0,0.0,,,False
2021-09-13 17:20:00+00:00,0,0.0,,,False
2021-09-13 17:25:00+00:00,0,0.0,,,False
2021-09-13 17:30:00+00:00,0,0.0,,,False
2021-09-13 17:35:00+00:00,0,0.0,,,False
2021-09-13 17:40:00+00:00,0,0.0,,,False
2021-09-13 17:45:00+00:00,0,0.0,,,False
2021-09-13 17:50:00+00:00,0,0.0,,,False
2021-09-13 17:55:00+00:00,0,0.0,,,False
2021-09-13 18:00:00+00:00,0,0.0,,,False
2021-09-13 18:05:00+00:00,0,0.0,,,False
2021-09-13 18:10:00+00:00,0,0.0,,,False
2021-09-13 18:15:00+00:00,0,0.0,,,False
2021-09-13 18:20:00+00:00,0,0.0,,,False
2021-09-13 18:25:00+00:00,0,0.0,,,False
2021-09-13 18:30:00+00:00,0,0.0,,,False
2021-09-13 18:35:00+00:00,0,0.0,,,False
2021-09-13 18:40:00+00:00,0,0.0,,,False
2021-09-13 18:45:00+00:00,0,0.0,,,False
2021-09-13 18:50:00+00:00,0,0.0,,,False
2021-09-13 18:55:00+00:00,0,0.0,,,False
2021-09-13 19:00:00+00:00,0,0.0,,,False
2021-09-13 19:05:00+00:00,0,0.0,,,False
2021-09-13 19:10:00+00:00,0,0.0,,,False
2021-09-13 19:15:00+00:00,0,0.0,,,False
2021-09-13 19:20:00+00:00,0,0.0,,,False
2021-09-13 19:25:00+00:00,0,0.0,,,False
2021-09-13 19:30:00+00:00,0,0.0,,,False
2021-09-13 19:35:00+00:00,0,0.0,,,False
2021-09-13 19:40:00+00:00,0,0.0,,,False
2021-09-13 19:45:00+00:00,0,0.0,,,False
2021-09-13 19:50:00+00:00,0,0.0,,,False
2021-09-13 19:55:00+00:00,0,0.0,,,False
2021-09-13 20:00:00+00:00,0,0.0,,,False
2021-09-13 20:05:00+00:00,0,0.0,,,False
2021-09-13 20:10:00+00:00,0,0.0,,,False
2021-09-13 20:15:00+00:00,0,0.0,,,False
2021-09-13 20:20:00+00:00,0,0.0,,,False
2021-09-13 20:25:00+00:00,0,0.0,,,False
2021-09-13 20:30:00+00:00,0,0.0,,,False
2021-09-13 20:35:00+00:00,0,0.0,,,False
2021-09-13 20:40:00+00:00,0,0.0,,,False
2021-09-13 20:45:00+00:00,0,0.0,,,False
2021-09-13 20:50:00+00:00,0,0.0,,,False
2021-09-13 20:55:00+00:00,0,0.0,,,False
2021-09-13 21:00:00+00:00,0,0.0,,,False
2021-09-13 21:05:00+00:00,0,0.0,,,False
2021-09-13 21:10:00+00:00,0,0.0,,,False
2021-09-13 21:15:00+00:00,0,0.0,,,False
2021-09-13 21:20:00+00:00,0,0.0,,,False
2021-09-13 21:25:00+00:00,0,0.0,,,False
2021-09-13 21:30:00+00:00,0,0.0,,,False
2021-09-13 21:35:00+00:00,0,0.0,,,False
2021-09-13 21:40:00+00:00,0,0.0,,,False
2021-09-13 21:45:00+00:00,0,0.0,,,False
2021-09-13 21:50:00+00:00,0,0.0,,,False
2021-09-13 21:55:00+00:00,0,0.0,,,False
2021-09-13 22:00:00+00:00,0,0.0,,,False
2021-09-13 22:05:00+00:00,0,0.0,,,False
2021-09-13 22:10:00+00:00,0,0.0,,,False
2021-09-13 22:15:00+00:00,0,0.0,,,False
2021-09-13 22:20:00+00:00,0,0.0,,,False
2021-09-13 22:25:00+00:00,0,0.0,,,False
2021-09-13 22:30:00+00:00,0,0.0,,,False
2021-09-13 22:35:00+00:00,0,0.0,,,False
2021-09-13 22:40:00+00:00,0,0.0,,,False
2021-09-13 22:45:00+00:00,0,0.0,,,False
2021-09-13 22:50:00+00:00,0,0.0,,,False
2021-09-13 22:55:00+00:00,0,0.0,,,False
2021-09-13 23:00:00+00:00,0,0.0,,,False
2021-09-13 23:05:00+00:00,0,0.0,,,False
2021-09-13 23:10:00+00:00,0,0.0,,,False
2021-09-13 23:15:00+00:00,0,0.0,,,False
2021-09-13 23:20:00+00:00,0,0.0,,,False
2021-09-13 23:25:00+00:00,1,0.08333333333333333,0.28867513459481287,3.1754264805429417,True
2021-09-13 23:30:00+00:00,1,0.16666666666666666,0.38924947208076144,2.1408720964441885,False
2021-09-13 23:35:00+00:00,0,0.16666666666666666,0.38924947208076144,-0.42817441928883765,False
2021-09-13 23:40:00+00:00,0,0.16666666666666666,0.38924947208076144,-0.42817441928883765,False
2021-09-13 23:45:00+00:00,0,0.16666666666666666,0.38924947208076144,-0.42817441928883765,False
2021-09-13 23:50:00+00:00,0,0.16666666666666666,0.38924947208076144,-0.42817441928883765,False
2021-09-13 23:55:00+00:00,0,0.16666666666666666,0.38924947208076144,-0.42817441928883765,False
2021-09-14 00:00:00+00:00,0,0.16666666666666666,0.38924947208076144,-0.42817441928883765,False
2021-09-14 00:05:00+00:00,0,0.16666666666666666,0.38924947208076144,-0.42817441928883765,False
2021-09-14 00:10:00+00:00,0,0.16666666666666666,0.38924947208076144,-0.42817441928883765,False
2021-09-14 00:15:00+00:00,0,0.16666666666666666,0.38924947208076144,-0.42817441928883765,False
2021-09-14 00:20:00+00:00,0,0.16666666666666666,0.38924947208076144,-0.42817441928883765,False
2021-09-14 00:25:00+00:00,0,0.08333333333333333,0.28867513459481287,-0.28867513459481287,False
2021-09-14 00:30:00+00:00,0,0.0,,,False
2021-09-14 00:35:00+00:00,1,0.08333333333333333,0.28867513459481287,3.1754264805429417,True
2021-09-14 00:40:00+00:00,2,0.25,0.621581560508061,2.815398832889453,False
2021-09-14 00:45:00+00:00,6,0.75,1.764549903980152,2.9752629767840517,False
2021-09-14 00:50:00+00:00,9,1.5,2.9387690682262932,2.5520889276702023,False
2021-09-14 00:55:00+00:00,11,2.4166666666666665,3.9648073054937956,2.164880326325046,False
2021-09-14 01:00:00+00:00,27,4.666666666666667,8.037789534819918,2.7785416919147656,False
2021-09-14 01:05:00+00:00,30,7.166666666666667,10.684171243082693,2.137117874080915,False
2021-09-14 01:10:00+00:00,31,9.75,12.403262034275867,1.713258975040321,False
2021-09-14 01:15:00+00:00,31,12.333333333333334,13.377955634912869,1.3953302863370005,False
2021-09-14 01:20:00+00:00,31,14.916666666666666,13.767275648721457,1.1682291939020606,False
2021-09-14 01:25:00+00:00,31,17.5,13.6215070585253,0.9910797639348392,False
2021-09-14 01:30:00+00:00,30,20.0,12.848770722948913,0.7782845702226763,False
2021-09-14 01:35:00+00:00,29,22.333333333333332,11.56274057898774,0.5765645800945836,False
2021-09-14 01:40:00+00:00,31,24.75,9.82691110258874,0.6360086027799253,False
2021-09-14 01:45:00+00:00,31,26.833333333333332,7.963933853582818,0.5231920233481304,False
2021-09-14 01:50:00+00:00,31,28.666666666666668,5.69422887002643,0.40977161027292913,False
2021-09-14 01:55:00+00:00,31,30.333333333333332,1.230914909793353,0.5416025603090537,False
2021-09-14 02:00:00+00:00,30,30.583333333333332,0.6685579234215687,-0.8725247475161595,False
2021-09-14 02:05:00+00:00,27,30.333333333333332,1.230914909793353,-2.7080128015452627,False
2021-09-14 02:10:00+00:00,31,30.333333333333332,1.230914909793353,0.5416025603090537,False
2021-09-14 02:15:00+00:00,31,30.333333333333332,1.230914909793353,0.5416025603090537,False
2021-09-14 02:20:00+00:00,8,28.416666666666668,6.542981435141484,-3.1203919603090213,True
2021-09-14 02:25:00+00:00,5,26.25,9.323723407620918,-2.2791323885295567,False
2021-09-14 02:30:00+00:00,2,23.916666666666668,11.540114489217274,-1.8991723771150557,False
2021-09-14 02:35:00+00:00,2,21.666666666666668,12.998834446583931,-1.512956161376071,False
2021-09-14 02:40:00+00:00,2,19.25,13.77827670976705,-1.2519707916572715,False
2021-09-14 02:45:00+00:00,2,16.833333333333332,14.070170466973632,-1.0542397740063663,False
2021-09-14 02:50:00+00:00,1,14.333333333333334,13.989173302842802,-0.9531180324018008,False
2021-09-14 02:55:00+00:00,1,11.833333333333334,13.408500243796055,-0.8079451941946887,False
2021-09-14 03:00:00+00:00,1,9.416666666666666,12.41303078757696,-0.6780508975366532,False
2021-09-14 03:05:00+00:00,1,7.25,11.282528730096576,-0.5539538298119185,False
2021-09-14 03:10:00+00:00,1,4.75,8.529361054615999,-0.43965778632041147,False
2021-09-14 03:15:00+00:00,1,2.25,2.1373305355470755,-0.5848416888312726,False
2021-09-14 03:20:00+00:00,1,1.6666666666666667,1.1547005383793087,-0.5773502691895972,False
2021-09-14 03:25:00+00:00,1,1.3333333333333333,0.49236596391746607,-0.677003200386144,False
2021-09-14 03:30:00+00:00,1,1.25,0.45226701686679277,-0.5527707983923865,False
2021-09-14 03:35:00+00:00,1,1.1666666666666667,0.38924947208093286,-0.4281744192886493,False
2021-09-14 03:40:00+00:00,3,1.25,0.6215815605081683,2.815398832888967,False
2021-09-14 03:45:00+00:00,3,1.3333333333333333,0.7784989441616084,2.1408720964439536,False
2021-09-14 03:50:00+00:00,7,1.8333333333333333,1.8006732747570766,2.869297134075412,False
2021-09-14 03:55:00+00:00,21,3.5,5.791843794980548,3.021490326649732,True
2021-09-14 04:00:00+00:00,30,5.916666666666667,9.510361175947516,2.5323258378706015,False
2021-09-14 04:05:00+00:00,34,8.666666666666666,12.316532373073592,2.056855985595189,False
2021-09-14 04:10:00+00:00,34,11.416666666666666,14.01595411297318,1.6112590802812476,False
2021-09-14 04:15:00+00:00,34,14.166666666666666,14.989895586593317,1.323113507946773,False
2021-09-14 04:20:00+00:00,35,17.0,15.480192622715125,1.1627762288685861,False
2021-09-14 04:25:00+00:00,35,19.833333333333332,15.396772585857278,0.9850549251209975,False
2021-09-14 04:30:00+00:00,35,22.666666666666668,14.729891274876984,0.837299685597057,False
2021-09-14 04:35:00+00:00,35,25.5,13.392670994377353,0.7093431925557184,False
2021-09-14 04:40:00+00:00,35,28.166666666666668,11.566671033096728,0.5907778749633769,False
2021-09-14 04:45:00+00:00,35,30.833333333333332,8.5262517964795,0.48868679533802767,False
2021-09-14 04:50:00+00:00,35,33.166666666666664,4.086192567289252,0.44866542707984874,False
2021-09-14 04:55:00+00:00,35,34.333333333333336,1.4354811251306367,0.46442036401279324,False
2021-09-14 05:00:00+00:00,35,34.75,0.4522670168669435,0.5527707983922023,False
2021-09-14 05:05:00+00:00,35,34.833333333333336,0.38924947208111066,0.42817441928844746,False
2021-09-14 05:10:00+00:00,35,34.916666666666664,0.28867513459528693,0.288675134594347,False
2021-09-14 05:15:00+00:00,35,35.0,5.2455089099959e-07,0.0,False
2021-09-14 05:20:00+00:00,35,35.0,5.2455089099959e-07,0.0,False
2021-09-14 05:25:00+00:00,1,32.166666666666664,9.814954576223649,-3.175426480542938,True
2021-09-14 05:30:00+00:00,1,29.333333333333332,13.234482050745896,-2.140872096444187,False
2021-09-14 05:35:00+00:00,0,26.416666666666668,15.529785652875011,-1.7010322780453948,False
2021-09-14 05:40:00+00:00,2,23.666666666666668,16.74587239961664,-1.2938511741653231,False
2021-09-14 05:45:00+00:00,0,20.75,17.617785435075646,-1.1777870763874987,False
2021-09-14 05:50:00+00:00,4,18.166666666666668,17.6111190772056,-0.8044160399212137,False
2021-09-14 05:55:00+00:00,4,15.583333333333334,17.185926236489568,-0.6740011084616042,False
2021-09-14 06:00:00+00:00,5,13.083333333333334,16.261825533960494,-0.4970741640569474,False
2021-09-14 06:05:00+00:00,6,10.666666666666666,14.797624707016215,-0.3153659292666066,False
2021-09-14 06:10:00+00:00,6,8.25,12.678722333105954,-0.17746267651314745,False
2021-09-14 06:15:00+00:00,6,5.833333333333333,9.475646615818807,0.017588949168749157,False
2021-09-14 06:20:00+00:00,6,3.4166666666666665,2.4664414311580343,1.0473929365192411,False
2021-09-14 06:25:00+00:00,6,3.8333333333333335,2.443296332763699,0.8867801410792743,False
2021-09-14 06:30:00+00:00,6,4.25,2.3403573930646377,0.7477490425974727,False
2021-09-14 06:35:00+00:00,6,4.75,1.959823739755359,0.6378124596837648,False
2021-09-14 06:40:00+00:00,6,5.083333333333333,1.7816403745543101,0.5145071248713577,False
2021-09-14 06:45:00+00:00,6,5.583333333333333,0.7929614610985132,0.5254563898848832,False
2021-09-14 06:50:00+00:00,6,5.75,0.6215815605077507,0.40219983327012265,False
2021-09-14 06:55:00+00:00,6,5.916666666666667,0.2886751345941517,0.288675134595473,False
2021-09-14 07:00:00+00:00,6,6.0,,,False
2021-09-14 07:05:00+00:00,6,6.0,,,False
2021-09-14 07:10:00+00:00,6,6.0,,,False
2021-09-14 07:15:00+00:00,5,5.916666666666667,0.2886751345948129,-3.175426480542942,True
2021-09-14 07:20:00+00:00,6,5.916666666666667,0.2886751345948129,0.2886751345948118,False
2021-09-14 07:25:00+00:00,6,5.916666666666667,0.2886751345948129,0.2886751345948118,False
2021-09-14 07:30:00+00:00,6,5.916666666666667,0.2886751345948129,0.2886751345948118,False
2021-09-14 07:35:00+00:00,6,5.916666666666667,0.2886751345948129,0.2886751345948118,False
2021-09-14 07:40:00+00:00,6,5.916666666666667,0.2886751345948129,0.2886751345948118,False
2021-09-14 07:45:00+00:00,6,5.916666666666667,0.2886751345948129,0.2886751345948118,False
2021-09-14 07:50:00+00:00,6,5.916666666666667,0.2886751345948129,0.2886751345948118,False
2021-09-14 07:55:00+00:00,5,5.833333333333333,0.3892494720807615,-2.140872096444187,False
2021-09-14 08:00:00+00:00,6,5.833333333333333,0.3892494720807615,0.42817441928883837,False
2021-09-14 08:05:00+00:00,6,5.833333333333333,0.3892494720807615,0.42817441928883837,False
2021-09-14 08:10:00+00:00,6,5.833333333333333,0.3892494720807615,0.42817441928883837,False
2021-09-14 08:15:00+00:00,6,5.916666666666667,0.2886751345948129,0.2886751345948118,False
2021-09-14 08:20:00+00:00,6,5.916666666666667,0.2886751345948129,0.2886751345948118,False
2021-09-14 08:25:00+00:00,6,5.916666666666667,0.2886751345948129,0.2886751345948118,False
2021-09-14 08:30:00+00:00,6,5.916666666666667,0.2886751345948129,0.2886751345948118,False
2021-09-14 08:35:00+00:00,6,5.916666666666667,0.2886751345948129,0.2886751345948118,False
2021-09-14 08:40:00+00:00,6,5.916666666666667,0.2886751345948129,0.2886751345948118,False
2021-09-14 08:45:00+00:00,6,5.916666666666667,0.2886751345948129,0.2886751345948118,False
2021-09-14 08:50:00+00:00,6,5.916666666666667,0.2886751345948129,0.2886751345948118,False
2021-09-14 08:55:00+00:00,6,6.0,,,False
2021-09-14 09:00:00+00:00,6,6.0,,,False
2021-09-14 09:05:00+00:00,6,6.0,,,False
2021-09-14 09:10:00+00:00,5,5.916666666666667,0.2886751345948129,-3.175426480542942,True
2021-09-14 09:15:00+00:00,5,5.833333333333333,0.3892494720807615,-2.140872096444187,False
2021-09-14 09:20:00+00:00,6,5.833333333333333,0.3892494720807615,0.42817441928883837,False
2021-09-14 09:25:00+00:00,6,5.833333333333333,0.3892494720807615,0.42817441928883837,False
2021-09-14 09:30:00+00:00,3,5.583333333333333,0.9003366373785199,-2.8692971340754703,False
2021-09-14 09:35:00+00:00,0,5.083333333333333,1.831955405041456,-2.7748128144081656,False
2021-09-14 09:40:00+00:00,0,4.583333333333333,2.3143164446679725,-1.9804263776861721,False
2021-09-14 09:45:00+00:00,0,4.083333333333333,2.6097137890209456,-1.564667110436362,False
2021-09-14 09:50:00+00:00,1,3.6666666666666665,2.6742316936860857,-0.9971711400185406,False
2021-09-14 09:55:00+00:00,2,3.3333333333333335,2.605355789115718,-0.5117663157191591,False
2021-09-14 10:00:00+00:00,3,3.0833333333333335,2.466441431158123,-0.033786868919974365,False
2021-09-14 10:05:00+00:00,5,3.0,2.3741027013091984,0.8424235391742322,False
2021-09-14 10:10:00+00:00,7,3.1666666666666665,2.5878504008094625,1.4812808855312085,False
2021-09-14 10:15:00+00:00,7,3.3333333333333335,2.7743413086658415,1.3216350328683737,False
2021-09-14 10:20:00+00:00,7,3.4166666666666665,2.8749176536296672,1.2464125116102964,False
2021-09-14 10:25:00+00:00,8,3.5833333333333335,3.0883456393154547,1.430107631231859,False
2021-09-14 10:30:00+00:00,11,4.25,3.744693214767702,1.8025508667520387,False
2021-09-14 10:35:00+00:00,14,5.416666666666667,4.4201672805312215,1.9418571263442717,False
2021-09-14 10:40:00+00:00,15,6.666666666666667,4.849242365066063,1.7184815082386182,False
2021-09-14 10:45:00+00:00,15,7.916666666666667,4.907477288111817,1.443375672974065,False
2021-09-14 10:50:00+00:00,15,9.083333333333334,4.776045022883059,1.2388213759122126,False
2021-09-14 10:55:00+00:00,15,10.166666666666666,4.489043901713941,1.076695492215601,False
2021-09-14 11:00:00+00:00,15,11.166666666666666,4.063883796954766,0.9432684409445484,False
2021-09-14 11:05:00+00:00,15,12.0,3.6927447293799776,0.812403840463597,False
2021-09-14 11:10:00+00:00,15,12.666666666666666,3.4200832880164866,0.6822445937234982,False
2021-09-14 11:15:00+00:00,15,13.333333333333334,2.9644356609443814,0.5622205563860055,False
2021-09-14 11:20:00+00:00,15,14.0,2.21564683762798,0.45133546692422194,False
2021-09-14 11:25:00+00:00,15,14.583333333333334,1.1645001528812966,0.35780730954454326,False
2021-09-14 11:30:00+00:00,15,14.916666666666666,0.28867513459473804,0.2886751345948898,False
2021-09-14 11:35:00+00:00,14,14.916666666666666,0.28867513459481275,-3.175426480542941,True
2021-09-14 11:40:00+00:00,14,14.833333333333334,0.3892494720807612,-2.140872096444191,False
2021-09-14 11:45:00+00:00,15,14.833333333333334,0.3892494720807612,0.4281744192888364,False
2021-09-14 11:50:00+00:00,15,14.833333333333334,0.3892494720807612,0.4281744192888364,False
2021-09-14 11:55:00+00:00,15,14.833333333333334,0.3892494720807612,0.4281744192888364,False
2021-09-14 12:00:00+00:00,15,14.833333333333334,0.3892494720807612,0.4281744192888364,False
2021-09-14 12:05:00+00:00,15,14.833333333333334,0.3892494720807612,0.4281744192888364,False
2021-09-14 12:10:00+00:00,15,14.833333333333334,0.3892494720807612,0.4281744192888364,False
2021-09-14 12:15:00+00:00,15,14.833333333333334,0.3892494720807612,0.4281744192888364,False
2021-09-14 12:20:00+00:00,15,14.833333333333334,0.3892494720807612,0.4281744192888364,False
2021-09-14 12:25:00+00:00,15,14.833333333333334,0.3892494720807612,0.4281744192888364,False
2021-09-14 12:30:00+00:00,15,14.833333333333334,0.3892494720807612,0.4281744192888364,False
2021-09-14 12:35:00+00:00,15,14.916666666666666,0.2886751345948128,0.28867513459481503,False
2021-09-14 12:40:00+00:00,15,15.0,,,False
2021-09-14 12:45:00+00:00,15,15.0,,,False
2021-09-14 12:50:00+00:00,15,15.0,,,False
2021-09-14 12:55:00+00:00,15,15.0,,,False
2021-09-14 13:00:00+00:00,15,15.0,,,False
2021-09-14 13:05:00+00:00,13,14.833333333333334,0.5773502691896258,-3.175426480542942,True
2021-09-14 13:10:00+00:00,15,14.833333333333334,0.5773502691896258,0.2886751345948118,False
2021-09-14 13:15:00+00:00,14,14.75,0.6215815605080611,-1.2065994998097653,False
2021-09-14 13:20:00+00:00,14,14.666666666666666,0.6513389472789297,-1.0235326314383169,False
2021-09-14 13:25:00+00:00,14,14.583333333333334,0.6685579234215214,-0.8725247475162239,False
2021-09-14 13:30:00+00:00,14,14.5,0.6741998624632419,-0.7416198487095664,False
2021-09-14 13:35:00+00:00,1,13.333333333333334,3.9389277113386476,-3.131139801786776,True
2021-09-14 13:40:00+00:00,1,12.166666666666666,5.254146991287987,-2.1253053417010133,False
2021-09-14 13:45:00+00:00,1,11.0,6.0603030227268935,-1.6500825061880158,False
2021-09-14 13:50:00+00:00,1,9.833333333333334,6.548189664234527,-1.3489733477910704,False
2021-09-14 13:55:00+00:00,1,8.666666666666666,6.786796450506385,-1.1296444091961284,False
2021-09-14 14:00:00+00:00,1,7.5,6.802405991465614,-0.9555442600978218,False
2021-09-14 14:05:00+00:00,1,6.5,6.802405991465614,-0.8085374508520031,False
2021-09-14 14:10:00+00:00,1,5.333333333333333,6.400757530925302,-0.67700320038633,False
2021-09-14 14:15:00+00:00,1,4.25,5.8794712192663905,-0.5527707983925667,False
2021-09-14 14:20:00+00:00,1,3.1666666666666665,5.0602431370499,-0.42817441928883754,False
2021-09-14 14:25:00+00:00,1,2.0833333333333335,3.7527767497325684,-0.28867513459481287,False
2021-09-14 14:30:00+00:00,1,1.0,,,False
2021-09-14 14:35:00+00:00,0,0.9166666666666666,0.28867513459481287,-3.1754264805429417,True
2021-09-14 14:40:00+00:00,0,0.8333333333333334,0.38924947208076144,-2.1408720964441885,False
2021-09-14 14:45:00+00:00,0,0.75,0.45226701686664544,-1.6583123951777,False
2021-09-14 14:50:00+00:00,0,0.6666666666666666,0.4923659639173309,-1.35400640077266,False
2021-09-14 14:55:00+00:00,0,0.5833333333333334,0.5149286505444373,-1.132843031197762,False
2021-09-14 15:00:00+00:00,0,0.5,0.5222329678670935,-0.9574271077563381,False
2021-09-14 15:05:00+00:00,0,0.4166666666666667,0.5149286505444373,-0.809173593712687,False
2021-09-14 15:10:00+00:00,0,0.3333333333333333,0.49236596391733106,-0.6770032003863298,False
2021-09-14 15:15:00+00:00,0,0.25,0.45226701686664567,-0.5527707983925664,False
2021-09-14 15:20:00+00:00,0,0.16666666666666666,0.3892494720807618,-0.42817441928883726,False
2021-09-14 15:25:00+00:00,0,0.08333333333333333,0.2886751345948134,-0.2886751345948123,False
2021-09-14 15:30:00+00:00,0,0.0,,,False
2021-09-14 15:35:00+00:00,0,0.0,,,False
2021-09-14 15:40:00+00:00,0,0.0,,,False
2021-09-14 15:45:00+00:00,0,0.0,,,False
2021-09-14 15:50:00+00:00,0,0.0,,,False
2021-09-14 15:55:00+00:00,0,0.0,,,False
2021-09-14 16:00:00+00:00,0,0.0,,,False
2021-09-14 16:05:00+00:00,0,0.0,,,False
2021-09-14 16:10:00+00:00,0,0.0,,,False
2021-09-14 16:15:00+00:00,0,0.0,,,False
2021-09-14 16:20:00+00:00,0,0.0,,,False
2021-09-14 16:25:00+00:00,0,0.0,,,False
2021-09-14 16:30:00+00:00,0,0.0,,,False
2021-09-14 16:35:00+00:00,0,0.0,,,False
2021-09-14 16:40:00+00:00,0,0.0,,,False
2021-09-14 16:45:00+00:00,0,0.0,,,False
2021-09-14 16:50:00+00:00,0,0.0,,,False
2021-09-14 16:55:00+00:00,0,0.0,,,False
2021-09-14 17:00:00+00:00,0,0.0,,,False
2021-09-14 17:05:00+00:00,0,0.0,,,False
2021-09-14 17:10:00+00:00,0,0.0,,,False
2021-09-14 17:15:00+00:00,0,0.0,,,False
2021-09-14 17:20:00+00:00,0,0.0,,,False
2021-09-14 17:25:00+00:00,0,0.0,,,False
2021-09-14 17:30:00+00:00,0,0.0,,,False
2021-09-14 17:35:00+00:00,0,0.0,,,False
2021-09-14 17:40:00+00:00,0,0.0,,,False
2021-09-14 17:45:00+00:00,0,0.0,,,False
2021-09-14 17:50:00+00:00,0,0.0,,,False
2021-09-14 17:55:00+00:00,0,0.0,,,False
2021-09-14 18:00:00+00:00,0,0.0,,,False
2021-09-14 18:05:00+00:00,0,0.0,,,False
2021-09-14 18:10:00+00:00,0,0.0,,,False
2021-09-14 18:15:00+00:00,0,0.0,,,False
2021-09-14 18:20:00+00:00,0,0.0,,,False
2021-09-14 18:25:00+00:00,0,0.0,,,False
2021-09-14 18:30:00+00:00,0,0.0,,,False
2021-09-14 18:35:00+00:00,0,0.0,,,False
2021-09-14 18:40:00+00:00,0,0.0,,,False
2021-09-14 18:45:00+00:00,0,0.0,,,False
2021-09-14 18:50:00+00:00,0,0.0,,,False
2021-09-14 18:55:00+00:00,0,0.0,,,False
2021-09-14 19:00:00+00:00,0,0.0,,,False
2021-09-14 19:05:00+00:00,0,0.0,,,False
2021-09-14 19:10:00+00:00,0,0.0,,,False
2021-09-14 19:15:00+00:00,0,0.0,,,False
2021-09-14 19:20:00+00:00,0,0.0,,,False
2021-09-14 19:25:00+00:00,0,0.0,,,False
2021-09-14 19:30:00+00:00,0,0.0,,,False
2021-09-14 19:35:00+00:00,0,0.0,,,False
2021-09-14 19:40:00+00:00,0,0.0,,,False
2021-09-14 19:45:00+00:00,0,0.0,,,False
2021-09-14 19:50:00+00:00,0,0.0,,,False
2021-09-14 19:55:00+00:00,0,0.0,,,False
2021-09-14 20:00:00+00:00,0,0.0,,,False
2021-09-14 20:05:00+00:00,0,0.0,,,False
2021-09-14 20:10:00+00:00,0,0.0,,,False
2021-09-14 20:15:00+00:00,0,0.0,,,False
2021-09-14 20:20:00+00:00,0,0.0,,,False
2021-09-14 20:25:00+00:00,0,0.0,,,False
2021-09-14 20:30:00+00:00,0,0.0,,,False
2021-09-14 20:35:00+00:00,0,0.0,,,False
2021-09-14 20:40:00+00:00,0,0.0,,,False
2021-09-14 20:45:00+00:00,0,0.0,,,False
2021-09-14 20:50:00+00:00,0,0.0,,,False
2021-09-14 20:55:00+00:00,0,0.0,,,False
2021-09-14 21:00:00+00:00,0,0.0,,,False
2021-09-14 21:05:00+00:00,0,0.0,,,False
2021-09-14 21:10:00+00:00,0,0.0,,,False
2021-09-14 21:15:00+00:00,0,0.0,,,False
2021-09-14 21:20:00+00:00,0,0.0,,,False
2021-09-14 21:25:00+00:00,0,0.0,,,False
2021-09-14 21:30:00+00:00,0,0.0,,,False
2021-09-14 21:35:00+00:00,0,0.0,,,False
2021-09-14 21:40:00+00:00,0,0.0,,,False
2021-09-14 21:45:00+00:00,0,0.0,,,False
2021-09-14 21:50:00+00:00,0,0.0,,,False
2021-09-14 21:55:00+00:00,0,0.0,,,False
2021-09-14 22:00:00+00:00,0,0.0,,,False
2021-09-14 22:05:00+00:00,0,0.0,,,False
2021-09-14 22:10:00+00:00,0,0.0,,,False
2021-09-14 22:15:00+00:00,0,0.0,,,False
2021-09-14 22:20:00+00:00,0,0.0,,,False
2021-09-14 22:25:00+00:00,0,0.0,,,False
2021-09-14 22:30:00+00:00,0,0.0,,,False
2021-09-14 22:35:00+00:00,0,0.0,,,False
2021-09-14 22:40:00+00:00,0,0.0,,,False
2021-09-14 22:45:00+00:00,0,0.0,,,False
2021-09-14 22:50:00+00:00,0,0.0,,,False
2021-09-14 22:55:00+00:00,0,0.0,,,False
2021-09-14 23:00:00+00:00,0,0.0,,,False
2021-09-14 23:05:00+00:00,0,0.0,,,False
2021-09-14 23:10:00+00:00,0,0.0,,,False
2021-09-14 23:15:00+00:00,0,0.0,,,False
2021-09-14 23:20:00+00:00,0,0.0,,,False
2021-09-14 23:25:00+00:00,0,0.0,,,False
2021-09-14 23:30:00+00:00,0,0.0,,,False
2021-09-14 23:35:00+00:00,0,0.0,,,False
2021-09-14 23:40:00+00:00,0,0.0,,,False
2021-09-14 23:45:00+00:00,0,0.0,,,False
2021-09-14 23:50:00+00:00,0,0.0,,,False
2021-09-14 23:55:00+00:00,0,0.0,,,False
2021-09-15 00:00:00+00:00,0,0.0,,,False
2021-09-15 00:05:00+00:00,0,0.0,,,False
2021-09-15 00:10:00+00:00,0,0.0,,,False
2021-09-15 00:15:00+00:00,0,0.0,,,False
2021-09-15 00:20:00+00:00,0,0.0,,,False
2021-09-15 00:25:00+00:00,0,0.0,,,False
2021-09-15 00:30:00+00:00,0,0.0,,,False
2021-09-15 00:35:00+00:00,0,0.0,,,False
2021-09-15 00:40:00+00:00,0,0.0,,,False
2021-09-15 00:45:00+00:00,0,0.0,,,False
2021-09-15 00:50:00+00:00,0,0.0,,,False
2021-09-15 00:55:00+00:00,0,0.0,,,False
2021-09-15 01:00:00+00:00,0,0.0,,,False
2021-09-15 01:05:00+00:00,0,0.0,,,False
2021-09-15 01:10:00+00:00,0,0.0,,,False
2021-09-15 01:15:00+00:00,0,0.0,,,False
2021-09-15 01:20:00+00:00,0,0.0,,,False
2021-09-15 01:25:00+00:00,0,0.0,,,False
2021-09-15 01:30:00+00:00,0,0.0,,,False
2021-09-15 01:35:00+00:00,0,0.0,,,False
2021-09-15 01:40:00+00:00,0,0.0,,,False
2021-09-15 01:45:00+00:00,0,0.0,,,False
2021-09-15 01:50:00+00:00,0,0.0,,,False
2021-09-15 01:55:00+00:00,0,0.0,,,False
2021-09-15 02:00:00+00:00,0,0.0,,,False
2021-09-15 02:05:00+00:00,0,0.0,,,False
2021-09-15 02:10:00+00:00,0,0.0,,,False
2021-09-15 02:15:00+00:00,0,0.0,,,False
2021-09-15 02:20:00+00:00,0,0.0,,,False
2021-09-15 02:25:00+00:00,0,0.0,,,False
2021-09-15 02:30:00+00:00,0,0.0,,,False
2021-09-15 02:35:00+00:00,0,0.0,,,False
2021-09-15 02:40:00+00:00,0,0.0,,,False
2021-09-15 02:45:00+00:00,0,0.0,,,False
2021-09-15 02:50:00+00:00,0,0.0,,,False
2021-09-15 02:55:00+00:00,0,0.0,,,False
2021-09-15 03:00:00+00:00,0,0.0,,,False
2021-09-15 03:05:00+00:00,0,0.0,,,False
2021-09-15 03:10:00+00:00,0,0.0,,,False
2021-09-15 03:15:00+00:00,0,0.0,,,False
2021-09-15 03:20:00+00:00,0,0.0,,,False
2021-09-15 03:25:00+00:00,0,0.0,,,False
2021-09-15 03:30:00+00:00,0,0.0,,,False
2021-09-15 03:35:00+00:00,0,0.0,,,False
2021-09-15 03:40:00+00:00,0,0.0,,,False
2021-09-15 03:45:00+00:00,0,0.0,,,False
2021-09-15 03:50:00+00:00,1,0.08333333333333333,0.28867513459481287,3.1754264805429417,True
2021-09-15 03:55:00+00:00,1,0.16666666666666666,0.38924947208076144,2.1408720964441885,False
2021-09-15 04:00:00+00:00,1,0.25,0.45226701686664544,1.6583123951777,False
2021-09-15 04:05:00+00:00,1,0.3333333333333333,0.4923659639173309,1.3540064007726602,False
2021-09-15 04:10:00+00:00,2,0.5,0.674199862463242,2.224859546128699,False
2021-09-15 04:15:00+00:00,2,0.6666666666666666,0.778498944161523,1.7126976771553506,False
2021-09-15 04:20:00+00:00,2,0.8333333333333334,0.834847109936722,1.397461466633208,False
2021-09-15 04:25:00+00:00,2,1.0,0.8528028654224418,1.1726039399558574,False
2021-09-15 04:30:00+00:00,2,1.1666666666666667,0.834847109936722,0.9981867618808629,False
2021-09-15 04:35:00+00:00,2,1.3333333333333333,0.7784989441615231,0.8563488385776752,False
2021-09-15 04:40:00+00:00,2,1.5,0.6741998624632424,0.741619848709566,False
2021-09-15 04:45:00+00:00,2,1.6666666666666667,0.4923659639173315,0.6770032003863291,False
2021-09-15 04:50:00+00:00,2,1.75,0.45226701686664617,0.5527707983925657,False
2021-09-15 04:55:00+00:00,2,1.8333333333333333,0.38924947208076255,0.42817441928883665,False
2021-09-15 05:00:00+00:00,2,1.9166666666666667,0.28867513459481453,0.288675134594811,False
2021-09-15 05:05:00+00:00,2,2.0,,,False
2021-09-15 05:10:00+00:00,2,2.0,,,False
2021-09-15 05:15:00+00:00,2,2.0,,,False
2021-09-15 05:20:00+00:00,2,2.0,,,False
2021-09-15 05:25:00+00:00,2,2.0,,,False
2021-09-15 05:30:00+00:00,2,2.0,,,False
2021-09-15 05:35:00+00:00,2,2.0,,,False
2021-09-15 05:40:00+00:00,2,2.0,,,False
2021-09-15 05:45:00+00:00,2,2.0,,,False
2021-09-15 05:50:00+00:00,3,2.0833333333333335,0.28867513459481287,3.1754264805429413,True
2021-09-15 05:55:00+00:00,3,2.1666666666666665,0.38924947208076144,2.140872096444189,False
2021-09-15 06:00:00+00:00,3,2.25,0.4522670168666453,1.6583123951777006,False
2021-09-15 06:05:00+00:00,3,2.3333333333333335,0.49236596391733073,1.3540064007726602,False
2021-09-15 06:10:00+00:00,3,2.4166666666666665,0.5149286505444369,1.1328430311977629,False
2021-09-15 06:15:00+00:00,3,2.5,0.5222329678670932,0.9574271077563388,False
2021-09-15 06:20:00+00:00,3,2.5833333333333335,0.5149286505444367,0.8091735937126876,False
2021-09-15 06:25:00+00:00,3,2.6666666666666665,0.4923659639173303,0.6770032003863312,False
2021-09-15 06:30:00+00:00,3,2.75,0.4522670168666446,0.5527707983925676,False
2021-09-15 06:35:00+00:00,3,2.8333333333333335,0.38924947208076044,0.4281744192888384,False
2021-09-15 06:40:00+00:00,3,2.9166666666666665,0.2886751345948113,0.288675134594815,False
2021-09-15 06:45:00+00:00,3,3.0,,,False
2021-09-15 06:50:00+00:00,2,2.9166666666666665,0.28867513459481287,-3.1754264805429413,True
2021-09-15 06:55:00+00:00,2,2.8333333333333335,0.38924947208076144,-2.140872096444189,False
2021-09-15 07:00:00+00:00,2,2.75,0.4522670168666453,-1.6583123951777006,False
2021-09-15 07:05:00+00:00,2,2.6666666666666665,0.49236596391733073,-1.3540064007726602,False
2021-09-15 07:10:00+00:00,2,2.5833333333333335,0.5149286505444369,-1.1328430311977629,False
2021-09-15 07:15:00+00:00,2,2.5,0.5222329678670932,-0.9574271077563388,False
2021-09-15 07:20:00+00:00,2,2.4166666666666665,0.5149286505444367,-0.8091735937126876,False
2021-09-15 07:25:00+00:00,2,2.3333333333333335,0.4923659639173303,-0.6770032003863312,False
2021-09-15 07:30:00+00:00,2,2.25,0.4522670168666446,-0.5527707983925676,False
2021-09-15 07:35:00+00:00,2,2.1666666666666665,0.38924947208076044,-0.4281744192888384,False
2021-09-15 07:40:00+00:00,2,2.0833333333333335,0.2886751345948113,-0.288675134594815,False
2021-09-15 07:45:00+00:00,2,2.0,,,False
2021-09-15 07:50:00+00:00,2,2.0,,,False
2021-09-15 07:55:00+00:00,2,2.0,,,False
2021-09-15 08:00:00+00:00,2,2.0,,,False
2021-09-15 08:05:00+00:00,1,1.9166666666666667,0.2886751345948129,-3.1754264805429417,True
2021-09-15 08:10:00+00:00,1,1.8333333333333333,0.38924947208076155,-2.1408720964441876,False
2021-09-15 08:15:00+00:00,1,1.75,0.4522670168666455,-1.6583123951776997,False
2021-09-15 08:20:00+00:00,1,1.6666666666666667,0.49236596391733106,-1.3540064007726598,False
2021-09-15 08:25:00+00:00,1,1.5833333333333333,0.5149286505444375,-1.132843031197761,False
2021-09-15 08:30:00+00:00,1,1.5,0.5222329678670937,-0.9574271077563378,False
2021-09-15 08:35:00+00:00,1,1.4166666666666667,0.5149286505444375,-0.8091735937126868,False
2021-09-15 08:40:00+00:00,1,1.3333333333333333,0.49236596391733134,-0.6770032003863293,False
2021-09-15 08:45:00+00:00,1,1.25,0.45226701686664594,-0.552770798392566,False
2021-09-15 08:50:00+00:00,1,1.1666666666666667,0.38924947208076227,-0.428174419288837,False
2021-09-15 08:55:00+00:00,1,1.0833333333333333,0.2886751345948142,-0.2886751345948113,False
2021-09-15 09:00:00+00:00,1,1.0,,,False
2021-09-15 09:05:00+00:00,1,1.0,,,False
2021-09-15 09:10:00+00:00,1,1.0,,,False
2021-09-15 09:15:00+00:00,1,1.0,,,False
2021-09-15 09:20:00+00:00,2,1.0833333333333333,0.2886751345948129,3.1754264805429417,True
2021-09-15 09:25:00+00:00,2,1.1666666666666667,0.38924947208076155,2.1408720964441876,False
2021-09-15 09:30:00+00:00,2,1.25,0.4522670168666455,1.6583123951776997,False
2021-09-15 09:35:00+00:00,2,1.3333333333333333,0.49236596391733106,1.3540064007726598,False
2021-09-15 09:40:00+00:00,2,1.4166666666666667,0.5149286505444375,1.132843031197761,False
2021-09-15 09:45:00+00:00,2,1.5,0.5222329678670937,0.9574271077563378,False
2021-09-15 09:50:00+00:00,2,1.5833333333333333,0.5149286505444375,0.8091735937126868,False
2021-09-15 09:55:00+00:00,2,1.6666666666666667,0.49236596391733134,0.6770032003863293,False
2021-09-15 10:00:00+00:00,2,1.75,0.45226701686664594,0.552770798392566,False
2021-09-15 10:05:00+00:00,2,1.8333333333333333,0.38924947208076227,0.428174419288837,False
2021-09-15 10:10:00+00:00,2,1.9166666666666667,0.2886751345948142,0.2886751345948113,False
2021-09-15 10:15:00+00:00,2,2.0,,,False
2021-09-15 10:20:00+00:00,2,2.0,,,False
2021-09-15 10:25:00+00:00,2,2.0,,,False
2021-09-15 10:30:00+00:00,2,2.0,,,False
2021-09-15 10:35:00+00:00,1,1.9166666666666667,0.2886751345948129,-3.1754264805429417,True
2021-09-15 10:40:00+00:00,2,1.9166666666666667,0.2886751345948129,0.2886751345948126,False
2021-09-15 10:45:00+00:00,2,1.9166666666666667,0.2886751345948129,0.2886751345948126,False
2021-09-15 10:50:00+00:00,2,1.9166666666666667,0.2886751345948129,0.2886751345948126,False
2021-09-15 10:55:00+00:00,2,1.9166666666666667,0.2886751345948129,0.2886751345948126,False
2021-09-15 11:00:00+00:00,2,1.9166666666666667,0.2886751345948129,0.2886751345948126,False
2021-09-15 11:05:00+00:00,2,1.9166666666666667,0.2886751345948129,0.2886751345948126,False
2021-09-15 11:10:00+00:00,2,1.9166666666666667,0.2886751345948129,0.2886751345948126,False
2021-09-15 11:15:00+00:00,2,1.9166666666666667,0.2886751345948129,0.2886751345948126,False
2021-09-15 11:20:00+00:00,2,1.9166666666666667,0.2886751345948129,0.2886751345948126,False
2021-09-15 11:25:00+00:00,2,1.9166666666666667,0.2886751345948129,0.2886751345948126,False
2021-09-15 11:30:00+00:00,2,1.9166666666666667,0.2886751345948129,0.2886751345948126,False
2021-09-15 11:35:00+00:00,2,2.0,,,False
2021-09-15 11:40:00+00:00,2,2.0,,,False
2021-09-15 11:45:00+00:00,2,2.0,,,False
2021-09-15 11:50:00+00:00,2,2.0,,,False
2021-09-15 11:55:00+00:00,2,2.0,,,False
2021-09-15 12:00:00+00:00,2,2.0,,,False
2021-09-15 12:05:00+00:00,2,2.0,,,False
2021-09-15 12:10:00+00:00,2,2.0,,,False
2021-09-15 12:15:00+00:00,2,2.0,,,False
2021-09-15 12:20:00+00:00,2,2.0,,,False
2021-09-15 12:25:00+00:00,2,2.0,,,False
2021-09-15 12:30:00+00:00,2,2.0,,,False
2021-09-15 12:35:00+00:00,2,2.0,,,False
2021-09-15 12:40:00+00:00,2,2.0,,,False
2021-09-15 12:45:00+00:00,2,2.0,,,False
2021-09-15 12:50:00+00:00,2,2.0,,,False
2021-09-15 12:55:00+00:00,2,2.0,,,False
2021-09-15 13:00:00+00:00,2,2.0,,,False
2021-09-15 13:05:00+00:00,0,1.8333333333333333,0.5773502691896257,-3.1754264805429417,True
2021-09-15 13:10:00+00:00,0,1.6666666666666667,0.7784989441615229,-2.1408720964441885,False
2021-09-15 13:15:00+00:00,0,1.5,0.9045340337332909,-1.6583123951777,False
2021-09-15 13:20:00+00:00,0,1.3333333333333333,0.9847319278346618,-1.35400640077266,False
2021-09-15 13:25:00+00:00,0,1.1666666666666667,1.0298573010888745,-1.132843031197762,False
2021-09-15 13:30:00+00:00,0,1.0,1.044465935734187,-0.9574271077563381,False
2021-09-15 13:35:00+00:00,0,0.8333333333333334,1.0298573010888745,-0.809173593712687,False
2021-09-15 13:40:00+00:00,0,0.6666666666666666,0.9847319278346621,-0.6770032003863298,False
2021-09-15 13:45:00+00:00,0,0.5,0.9045340337332913,-0.5527707983925664,False
2021-09-15 13:50:00+00:00,0,0.3333333333333333,0.7784989441615237,-0.42817441928883726,False
2021-09-15 13:55:00+00:00,0,0.16666666666666666,0.5773502691896268,-0.2886751345948123,False
2021-09-15 14:00:00+00:00,0,0.0,,,False
2021-09-15 14:05:00+00:00,0,0.0,,,False
2021-09-15 14:10:00+00:00,0,0.0,,,False
2021-09-15 14:15:00+00:00,0,0.0,,,False
2021-09-15 14:20:00+00:00,0,0.0,,,False
2021-09-15 14:25:00+00:00,0,0.0,,,False
2021-09-15 14:30:00+00:00,0,0.0,,,False
2021-09-15 14:35:00+00:00,0,0.0,,,False
2021-09-15 14:40:00+00:00,0,0.0,,,False
2021-09-15 14:45:00+00:00,0,0.0,,,False
2021-09-15 14:50:00+00:00,0,0.0,,,False
2021-09-15 14:55:00+00:00,0,0.0,,,False
2021-09-15 15:00:00+00:00,0,0.0,,,False
2021-09-15 15:05:00+00:00,0,0.0,,,False
2021-09-15 15:10:00+00:00,0,0.0,,,False
2021-09-15 15:15:00+00:00,0,0.0,,,False
2021-09-15 15:20:00+00:00,0,0.0,,,False
2021-09-15 15:25:00+00:00,0,0.0,,,False
2021-09-15 15:30:00+00:00,0,0.0,,,False
2021-09-15 15:35:00+00:00,0,0.0,,,False
2021-09-15 15:40:00+00:00,0,0.0,,,False
2021-09-15 15:45:00+00:00,0,0.0,,,False
2021-09-15 15:50:00+00:00,0,0.0,,,False
2021-09-15 15:55:00+00:00,0,0.0,,,False
2021-09-15 16:00:00+00:00,0,0.0,,,False
2021-09-15 16:05:00+00:00,0,0.0,,,False
2021-09-15 16:10:00+00:00,0,0.0,,,False
2021-09-15 16:15:00+00:00,0,0.0,,,False
2021-09-15 16:20:00+00:00,0,0.0,,,False
2021-09-15 16:25:00+00:00,0,0.0,,,False
2021-09-15 16:30:00+00:00,0,0.0,,,False
2021-09-15 16:35:00+00:00,0,0.0,,,False
2021-09-15 16:40:00+00:00,0,0.0,,,False
2021-09-15 16:45:00+00:00,0,0.0,,,False
2021-09-15 16:50:00+00:00,0,0.0,,,False
2021-09-15 16:55:00+00:00,0,0.0,,,False
2021-09-15 17:00:00+00:00,0,0.0,,,False
2021-09-15 17:05:00+00:00,0,0.0,,,False
2021-09-15 17:10:00+00:00,0,0.0,,,False
2021-09-15 17:15:00+00:00,0,0.0,,,False
2021-09-15 17:20:00+00:00,0,0.0,,,False
2021-09-15 17:25:00+00:00,0,0.0,,,False
2021-09-15 17:30:00+00:00,0,0.0,,,False
2021-09-15 17:35:00+00:00,0,0.0,,,False
2021-09-15 17:40:00+00:00,0,0.0,,,False
2021-09-15 17:45:00+00:00,0,0.0,,,False
2021-09-15 17:50:00+00:00,0,0.0,,,False
2021-09-15 17:55:00+00:00,0,0.0,,,False
2021-09-15 18:00:00+00:00,0,0.0,,,False
2021-09-15 18:05:00+00:00,0,0.0,,,False
2021-09-15 18:10:00+00:00,0,0.0,,,False
2021-09-15 18:15:00+00:00,0,0.0,,,False
2021-09-15 18:20:00+00:00,0,0.0,,,False
2021-09-15 18:25:00+00:00,0,0.0,,,False
2021-09-15 18:30:00+00:00,0,0.0,,,False
2021-09-15 18:35:00+00:00,0,0.0,,,False
2021-09-15 18:40:00+00:00,0,0.0,,,False
2021-09-15 18:45:00+00:00,0,0.0,,,False
2021-09-15 18:50:00+00:00,0,0.0,,,False
2021-09-15 18:55:00+00:00,0,0.0,,,False
2021-09-15 19:00:00+00:00,0,0.0,,,False
2021-09-15 19:05:00+00:00,0,0.0,,,False
2021-09-15 19:10:00+00:00,0,0.0,,,False
2021-09-15 19:15:00+00:00,0,0.0,,,False
2021-09-15 19:20:00+00:00,0,0.0,,,False
2021-09-15 19:25:00+00:00,0,0.0,,,False
2021-09-15 19:30:00+00:00,0,0.0,,,False
2021-09-15 19:35:00+00:00,0,0.0,,,False
2021-09-15 19:40:00+00:00,0,0.0,,,False
2021-09-15 19:45:00+00:00,0,0.0,,,False
2021-09-15 19:50:00+00:00,0,0.0,,,False
2021-09-15 19:55:00+00:00,0,0.0,,,False
2021-09-15 20:00:00+00:00,0,0.0,,,False
2021-09-15 20:05:00+00:00,0,0.0,,,False
2021-09-15 20:10:00+00:00,0,0.0,,,False
2021-09-15 20:15:00+00:00,0,0.0,,,False
2021-09-15 20:20:00+00:00,0,0.0,,,False
2021-09-15 20:25:00+00:00,0,0.0,,,False
2021-09-15 20:30:00+00:00,0,0.0,,,False
2021-09-15 20:35:00+00:00,0,0.0,,,False
2021-09-15 20:40:00+00:00,0,0.0,,,False
2021-09-15 20:45:00+00:00,0,0.0,,,False
2021-09-15 20:50:00+00:00,0,0.0,,,False
2021-09-15 20:55:00+00:00,0,0.0,,,False
2021-09-15 21:00:00+00:00,0,0.0,,,False
2021-09-15 21:05:00+00:00,0,0.0,,,False
2021-09-15 21:10:00+00:00,0,0.0,,,False
2021-09-15 21:15:00+00:00,0,0.0,,,False
2021-09-15 21:20:00+00:00,0,0.0,,,False
2021-09-15 21:25:00+00:00,0,0.0,,,False
2021-09-15 21:30:00+00:00,0,0.0,,,False
2021-09-15 21:35:00+00:00,0,0.0,,,False
2021-09-15 21:40:00+00:00,0,0.0,,,False
2021-09-15 21:45:00+00:00,0,0.0,,,False
2021-09-15 21:50:00+00:00,0,0.0,,,False
2021-09-15 21:55:00+00:00,0,0.0,,,False
2021-09-15 22:00:00+00:00,0,0.0,,,False
2021-09-15 22:05:00+00:00,0,0.0,,,False
2021-09-15 22:10:00+00:00,0,0.0,,,False
2021-09-15 22:15:00+00:00,0,0.0,,,False
2021-09-15 22:20:00+00:00,0,0.0,,,False
2021-09-15 22:25:00+00:00,0,0.0,,,False
2021-09-15 22:30:00+00:00,0,0.0,,,False
2021-09-15 22:35:00+00:00,0,0.0,,,False
2021-09-15 22:40:00+00:00,0,0.0,,,False
2021-09-15 22:45:00+00:00,0,0.0,,,False
2021-09-15 22:50:00+00:00,0,0.0,,,False
2021-09-15 22:55:00+00:00,0,0.0,,,False
2021-09-15 23:00:00+00:00,0,0.0,,,False
2021-09-15 23:05:00+00:00,0,0.0,,,False
2021-09-15 23:10:00+00:00,0,0.0,,,False
2021-09-15 23:15:00+00:00,0,0.0,,,False
2021-09-15 23:20:00+00:00,0,0.0,,,False
2021-09-15 23:25:00+00:00,0,0.0,,,False
2021-09-15 23:30:00+00:00,0,0.0,,,False
2021-09-15 23:35:00+00:00,0,0.0,,,False
2021-09-15 23:40:00+00:00,0,0.0,,,False
2021-09-15 23:45:00+00:00,0,0.0,,,False
2021-09-15 23:50:00+00:00,0,0.0,,,False
2021-09-15 23:55:00+00:00,0,0.0,,,False
2021-09-16 00:00:00+00:00,0,0.0,,,False
2021-09-16 00:05:00+00:00,0,0.0,,,False
2021-09-16 00:10:00+00:00,0,0.0,,,False
2021-09-16 00:15:00+00:00,0,0.0,,,False
2021-09-16 00:20:00+00:00,0,0.0,,,False
2021-09-16 00:25:00+00:00,0,0.0,,,False
2021-09-16 00:30:00+00:00,0,0.0,,,False
2021-09-16 00:35:00+00:00,0,0.0,,,False
2021-09-16 00:40:00+00:00,0,0.0,,,False
2021-09-16 00:45:00+00:00,0,0.0,,,False
2021-09-16 00:50:00+00:00,0,0.0,,,False
2021-09-16 00:55:00+00:00,0,0.0,,,False
2021-09-16 01:00:00+00:00,0,0.0,,,False
2021-09-16 01:05:00+00:00,0,0.0,,,False
2021-09-16 01:10:00+00:00,0,0.0,,,False
2021-09-16 01:15:00+00:00,0,0.0,,,False
2021-09-16 01:20:00+00:00,0,0.0,,,False
2021-09-16 01:25:00+00:00,0,0.0,,,False
2021-09-16 01:30:00+00:00,0,0.0,,,False
2021-09-16 01:35:00+00:00,0,0.0,,,False
2021-09-16 01:40:00+00:00,0,0.0,,,False
2021-09-16 01:45:00+00:00,0,0.0,,,False
2021-09-16 01:50:00+00:00,0,0.0,,,False
2021-09-16 01:55:00+00:00,0,0.0,,,False
2021-09-16 02:00:00+00:00,0,0.0,,,False
2021-09-16 02:05:00+00:00,0,0.0,,,False
2021-09-16 02:10:00+00:00,0,0.0,,,False
2021-09-16 02:15:00+00:00,0,0.0,,,False
2021-09-16 02:20:00+00:00,0,0.0,,,False
2021-09-16 02:25:00+00:00,0,0.0,,,False
2021-09-16 02:30:00+00:00,0,0.0,,,False
2021-09-16 02:35:00+00:00,0,0.0,,,False
2021-09-16 02:40:00+00:00,0,0.0,,,False
2021-09-16 02:45:00+00:00,0,0.0,,,False
2021-09-16 02:50:00+00:00,0,0.0,,,False
2021-09-16 02:55:00+00:00,0,0.0,,,False
2021-09-16 03:00:00+00:00,0,0.0,,,False
2021-09-16 03:05:00+00:00,0,0.0,,,False
2021-09-16 03:10:00+00:00,0,0.0,,,False
2021-09-16 03:15:00+00:00,0,0.0,,,False
2021-09-16 03:20:00+00:00,0,0.0,,,False
2021-09-16 03:25:00+00:00,0,0.0,,,False
2021-09-16 03:30:00+00:00,0,0.0,,,False
2021-09-16 03:35:00+00:00,0,0.0,,,False
2021-09-16 03:40:00+00:00,0,0.0,,,False
2021-09-16 03:45:00+00:00,0,0.0,,,False
2021-09-16 03:50:00+00:00,0,0.0,,,False
2021-09-16 03:55:00+00:00,0,0.0,,,False
2021-09-16 04:00:00+00:00,0,0.0,,,False
2021-09-16 04:05:00+00:00,0,0.0,,,False
2021-09-16 04:10:00+00:00,0,0.0,,,False
2021-09-16 04:15:00+00:00,0,0.0,,,False
2021-09-16 04:20:00+00:00,0,0.0,,,False
2021-09-16 04:25:00+00:00,0,0.0,,,False
2021-09-16 04:30:00+00:00,0,0.0,,,False
2021-09-16 04:35:00+00:00,0,0.0,,,False
2021-09-16 04:40:00+00:00,0,0.0,,,False
2021-09-16 04:45:00+00:00,0,0.0,,,False
2021-09-16 04:50:00+00:00,0,0.0,,,False
2021-09-16 04:55:00+00:00,0,0.0,,,False
2021-09-16 05:00:00+00:00,0,0.0,,,False
2021-09-16 05:05:00+00:00,0,0.0,,,False
2021-09-16 05:10:00+00:00,0,0.0,,,False
2021-09-16 05:15:00+00:00,0,0.0,,,False
2021-09-16 05:20:00+00:00,0,0.0,,,False
2021-09-16 05:25:00+00:00,0,0.0,,,False
2021-09-16 05:30:00+00:00,0,0.0,,,False
2021-09-16 05:35:00+00:00,0,0.0,,,False
2021-09-16 05:40:00+00:00,0,0.0,,,False
2021-09-16 05:45:00+00:00,0,0.0,,,False
2021-09-16 05:50:00+00:00,0,0.0,,,False
2021-09-16 05:55:00+00:00,0,0.0,,,False
2021-09-16 06:00:00+00:00,5,0.4166666666666667,1.4433756729740643,3.1754264805429417,True
2021-09-16 06:05:00+00:00,8,1.0833333333333333,2.6097137890209456,2.6503544931881238,False
2021-09-16 06:10:00+00:00,8,1.75,3.250874008352495,1.9225598974127658,False
2021-09-16 06:15:00+00:00,9,2.5,3.801913393877543,1.709665456995247,False
2021-09-16 06:20:00+00:00,9,3.25,4.136863106707347,1.3899420531168112,False
2021-09-16 06:25:00+00:00,9,4.0,4.30644337539164,1.16105091003206,False
2021-09-16 06:30:00+00:00,9,4.75,4.330127018922194,0.9814954576223637,False
2021-09-16 06:35:00+00:00,9,5.5,4.210376791603423,0.8312795203934961,False
2021-09-16 06:40:00+00:00,9,6.25,3.93411651165452,0.6990133596331819,False
2021-09-16 06:45:00+00:00,9,7.0,3.464101615137755,0.5773502691896257,False
2021-09-16 06:50:00+00:00,9,7.75,2.7010099121355604,0.4627898603347532,False
2021-09-16 06:55:00+00:00,9,8.5,1.1677484162422853,0.4281744192888373,False
2021-09-16 07:00:00+00:00,9,8.833333333333334,0.38924947208076405,0.4281744192888333,False
2021-09-16 07:05:00+00:00,9,8.916666666666666,0.28867513459481603,0.2886751345948118,False
2021-09-16 07:10:00+00:00,9,9.0,,,False
2021-09-16 07:15:00+00:00,10,9.083333333333334,0.28867513459481275,3.175426480542941,True
2021-09-16 07:20:00+00:00,9,9.083333333333334,0.28867513459481275,-0.2886751345948151,False
2021-09-16 07:25:00+00:00,10,9.166666666666666,0.3892494720807612,2.140872096444191,False
2021-09-16 07:30:00+00:00,10,9.25,0.4522670168666449,1.658312395177702,False
2021-09-16 07:35:00+00:00,10,9.333333333333334,0.49236596391733006,1.3540064007726613,False
2021-09-16 07:40:00+00:00,10,9.416666666666666,0.5149286505444358,1.1328430311977662,False
2021-09-16 07:45:00+00:00,10,9.5,0.5222329678670916,0.9574271077563415,False
2021-09-16 07:50:00+00:00,10,9.583333333333334,0.5149286505444348,0.8091735937126897,False
2021-09-16 07:55:00+00:00,10,9.666666666666666,0.492365963917328,0.6770032003863352,False
2021-09-16 08:00:00+00:00,10,9.75,0.45226701686664206,0.5527707983925708,False
2021-09-16 08:05:00+00:00,10,9.833333333333334,0.38924947208075716,0.42817441928884087,False
2021-09-16 08:10:00+00:00,10,9.916666666666666,0.28867513459480626,0.2886751345948216,False
2021-09-16 08:15:00+00:00,10,9.916666666666666,0.28867513459480626,0.2886751345948216,False
2021-09-16 08:20:00+00:00,10,10.0,,,False
2021-09-16 08:25:00+00:00,10,10.0,,,False
2021-09-16 08:30:00+00:00,10,10.0,,,False
2021-09-16 08:35:00+00:00,10,10.0,,,False
2021-09-16 08:40:00+00:00,10,10.0,,,False
2021-09-16 08:45:00+00:00,10,10.0,,,False
2021-09-16 08:50:00+00:00,5,9.583333333333334,1.4433756729740645,-3.1754264805429417,True
2021-09-16 08:55:00+00:00,6,9.25,1.7645499039801524,-1.8418294618186983,False
2021-09-16 09:00:00+00:00,9,9.166666666666666,1.749458790771038,-0.09526755791327395,False
2021-09-16 09:05:00+00:00,9,9.083333333333334,1.7298624923456327,-0.04817338586279009,False
2021-09-16 09:10:00+00:00,9,9.0,1.705605730844884,0.0,False
2021-09-16 09:15:00+00:00,9,8.916666666666666,1.676486224400923,0.049707138728868665,False
2021-09-16 09:20:00+00:00,9,8.833333333333334,1.6422453217986948,0.10148707044823353,False
2021-09-16 09:25:00+00:00,9,8.75,1.6025547785276544,0.15600090764428487,False
2021-09-16 09:30:00+00:00,9,8.666666666666666,1.5569978883230466,0.2140872096444191,False
2021-09-16 09:35:00+00:00,9,8.583333333333334,1.505042031024887,0.2768471963423699,False
2021-09-16 09:40:00+00:00,9,8.5,1.4459976109624433,0.3457820374040621,False
2021-09-16 09:45:00+00:00,9,8.416666666666666,1.37895436890245,0.4230258422529427,False
2021-09-16 09:50:00+00:00,5,8.416666666666666,1.37895436890245,-2.477722790338661,False
2021-09-16 09:55:00+00:00,2,8.083333333333334,2.2343733444579588,-2.722612739908559,False
2021-09-16 10:00:00+00:00,1,7.416666666666667,2.9987371079213068,-2.139789663360865,False
2021-09-16 10:05:00+00:00,1,6.75,3.467380462644282,-1.6583123951777,False
2021-09-16 10:10:00+00:00,1,6.083333333333333,3.752776749732568,-1.3545525546371986,False
2021-09-16 10:15:00+00:00,1,5.416666666666667,3.8954129979043848,-1.1338121706331783,False
2021-09-16 10:20:00+00:00,1,4.75,3.9109403658780773,-0.9588486781127528,False
2021-09-16 10:25:00+00:00,1,4.083333333333333,3.800916954758378,-0.8112077611885995,False
2021-09-16 10:30:00+00:00,0,3.3333333333333335,3.6265017787828477,-0.9191594370186936,False
2021-09-16 10:35:00+00:00,0,2.5833333333333335,3.260182184907446,-0.7923892552055867,False
2021-09-16 10:40:00+00:00,0,1.8333333333333333,2.6227443411030156,-0.6990133596331812,False
2021-09-16 10:45:00+00:00,0,1.0833333333333333,1.3789543689024553,-0.7856194213268897,False
2021-09-16 10:50:00+00:00,0,0.6666666666666666,0.6513389472789444,-1.0235326314382946,False
2021-09-16 10:55:00+00:00,0,0.5,0.5222329678671127,-0.9574271077563029,False
2021-09-16 11:00:00+00:00,0,0.4166666666666667,0.5149286505444571,-0.8091735937126558,False
2021-09-16 11:05:00+00:00,0,0.3333333333333333,0.4923659639173522,-0.6770032003863007,False
2021-09-16 11:10:00+00:00,2,0.4166666666666667,0.6685579234215367,2.3682814575439797,False
2021-09-16 11:15:00+00:00,2,0.5,0.7977240352174781,1.8803495115839968,False
2021-09-16 11:20:00+00:00,2,0.5833333333333334,0.9003366373785309,1.5734855251381419,False
2021-09-16 11:25:00+00:00,2,0.6666666666666666,0.9847319278346716,1.354006400772647,False
2021-09-16 11:30:00+00:00,2,0.8333333333333334,1.0298573010888834,1.132843031197752,False
2021-09-16 11:35:00+00:00,2,1.0,1.0444659357341954,0.9574271077563304,False
2021-09-16 11:40:00+00:00,2,1.1666666666666667,1.0298573010888825,0.8091735937126807,False
2021-09-16 11:45:00+00:00,2,1.3333333333333333,0.9847319278346701,0.6770032003863244,False
2021-09-16 11:50:00+00:00,2,1.5,0.9045340337332995,0.5527707983925614,False
2021-09-16 11:55:00+00:00,2,1.6666666666666667,0.7784989441615326,0.4281744192888322,False
2021-09-16 12:00:00+00:00,2,1.8333333333333333,0.5773502691896383,0.28867513459480676,False
2021-09-16 12:05:00+00:00,2,2.0,,,False
2021-09-16 12:10:00+00:00,2,2.0,,,False
2021-09-16 12:15:00+00:00,2,2.0,,,False
2021-09-16 12:20:00+00:00,2,2.0,,,False
2021-09-16 12:25:00+00:00,2,2.0,,,False
2021-09-16 12:30:00+00:00,1,1.9166666666666667,0.2886751345948129,-3.1754264805429417,True
2021-09-16 12:35:00+00:00,2,1.9166666666666667,0.2886751345948129,0.2886751345948126,False
2021-09-16 12:40:00+00:00,2,1.9166666666666667,0.2886751345948129,0.2886751345948126,False
2021-09-16 12:45:00+00:00,2,1.9166666666666667,0.2886751345948129,0.2886751345948126,False
2021-09-16 12:50:00+00:00,2,1.9166666666666667,0.2886751345948129,0.2886751345948126,False
2021-09-16 12:55:00+00:00,2,1.9166666666666667,0.2886751345948129,0.2886751345948126,False
2021-09-16 13:00:00+00:00,2,1.9166666666666667,0.2886751345948129,0.2886751345948126,False
2021-09-16 13:05:00+00:00,2,1.9166666666666667,0.2886751345948129,0.2886751345948126,False
2021-09-16 13:10:00+00:00,2,1.9166666666666667,0.2886751345948129,0.2886751345948126,False
2021-09-16 13:15:00+00:00,2,1.9166666666666667,0.2886751345948129,0.2886751345948126,False
2021-09-16 13:20:00+00:00,2,1.9166666666666667,0.2886751345948129,0.2886751345948126,False
2021-09-16 13:25:00+00:00,2,1.9166666666666667,0.2886751345948129,0.2886751345948126,False
2021-09-16 13:30:00+00:00,2,2.0,,,False
2021-09-16 13:35:00+00:00,2,2.0,,,False
2021-09-16 13:40:00+00:00,2,2.0,,,False
2021-09-16 13:45:00+00:00,2,2.0,,,False
2021-09-16 13:50:00+00:00,2,2.0,,,False
2021-09-16 13:55:00+00:00,2,2.0,,,False
2021-09-16 14:00:00+00:00,2,2.0,,,False
2021-09-16 14:05:00+00:00,2,2.0,,,False
2021-09-16 14:10:00+00:00,2,2.0,,,False
2021-09-16 14:15:00+00:00,2,2.0,,,False
2021-09-16 14:20:00+00:00,2,2.0,,,False
2021-09-16 14:25:00+00:00,2,2.0,,,False
2021-09-16 14:30:00+00:00,2,2.0,,,False
2021-09-16 14:35:00+00:00,2,2.0,,,False
2021-09-16 14:40:00+00:00,2,2.0,,,False
2021-09-16 14:45:00+00:00,2,2.0,,,False
2021-09-16 14:50:00+00:00,2,2.0,,,False
2021-09-16 14:55:00+00:00,2,2.0,,,False
2021-09-16 15:00:00+00:00,0,1.8333333333333333,0.5773502691896257,-3.1754264805429417,True
2021-09-16 15:05:00+00:00,0,1.6666666666666667,0.7784989441615229,-2.1408720964441885,False
2021-09-16 15:10:00+00:00,0,1.5,0.9045340337332909,-1.6583123951777,False
2021-09-16 15:15:00+00:00,0,1.3333333333333333,0.9847319278346618,-1.35400640077266,False
2021-09-16 15:20:00+00:00,0,1.1666666666666667,1.0298573010888745,-1.132843031197762,False
2021-09-16 15:25:00+00:00,0,1.0,1.044465935734187,-0.9574271077563381,False
2021-09-16 15:30:00+00:00,0,0.8333333333333334,1.0298573010888745,-0.809173593712687,False
2021-09-16 15:35:00+00:00,0,0.6666666666666666,0.9847319278346621,-0.6770032003863298,False
2021-09-16 15:40:00+00:00,0,0.5,0.9045340337332913,-0.5527707983925664,False
2021-09-16 15:45:00+00:00,0,0.3333333333333333,0.7784989441615237,-0.42817441928883726,False
2021-09-16 15:50:00+00:00,0,0.16666666666666666,0.5773502691896268,-0.2886751345948123,False
2021-09-16 15:55:00+00:00,0,0.0,,,False
2021-09-16 16:00:00+00:00,0,0.0,,,False
2021-09-16 16:05:00+00:00,0,0.0,,,False
2021-09-16 16:10:00+00:00,0,0.0,,,False
2021-09-16 16:15:00+00:00,0,0.0,,,False
2021-09-16 16:20:00+00:00,0,0.0,,,False
2021-09-16 16:25:00+00:00,0,0.0,,,False
2021-09-16 16:30:00+00:00,0,0.0,,,False
2021-09-16 16:35:00+00:00,0,0.0,,,False
2021-09-16 16:40:00+00:00,0,0.0,,,False
2021-09-16 16:45:00+00:00,0,0.0,,,False
2021-09-16 16:50:00+00:00,0,0.0,,,False
2021-09-16 16:55:00+00:00,0,0.0,,,False
2021-09-16 17:00:00+00:00,0,0.0,,,False
2021-09-16 17:05:00+00:00,0,0.0,,,False
2021-09-16 17:10:00+00:00,0,0.0,,,False
2021-09-16 17:15:00+00:00,0,0.0,,,False
2021-09-16 17:20:00+00:00,0,0.0,,,False
2021-09-16 17:25:00+00:00,0,0.0,,,False
2021-09-16 17:30:00+00:00,0,0.0,,,False
2021-09-16 17:35:00+00:00,0,0.0,,,False
2021-09-16 17:40:00+00:00,0,0.0,,,False
2021-09-16 17:45:00+00:00,0,0.0,,,False
2021-09-16 17:50:00+00:00,0,0.0,,,False
2021-09-16 17:55:00+00:00,0,0.0,,,False
2021-09-16 18:00:00+00:00,0,0.0,,,False
2021-09-16 18:05:00+00:00,0,0.0,,,False
2021-09-16 18:10:00+00:00,0,0.0,,,False
2021-09-16 18:15:00+00:00,0,0.0,,,False
2021-09-16 18:20:00+00:00,0,0.0,,,False
2021-09-16 18:25:00+00:00,0,0.0,,,False
2021-09-16 18:30:00+00:00,0,0.0,,,False
2021-09-16 18:35:00+00:00,0,0.0,,,False
2021-09-16 18:40:00+00:00,0,0.0,,,False
2021-09-16 18:45:00+00:00,0,0.0,,,False
2021-09-16 18:50:00+00:00,0,0.0,,,False
2021-09-16 18:55:00+00:00,0,0.0,,,False
2021-09-16 19:00:00+00:00,0,0.0,,,False
2021-09-16 19:05:00+00:00,0,0.0,,,False
2021-09-16 19:10:00+00:00,0,0.0,,,False
2021-09-16 19:15:00+00:00,0,0.0,,,False
2021-09-16 19:20:00+00:00,0,0.0,,,False
2021-09-16 19:25:00+00:00,0,0.0,,,False
2021-09-16 19:30:00+00:00,0,0.0,,,False
2021-09-16 19:35:00+00:00,0,0.0,,,False
2021-09-16 19:40:00+00:00,0,0.0,,,False
2021-09-16 19:45:00+00:00,0,0.0,,,False
2021-09-16 19:50:00+00:00,0,0.0,,,False
2021-09-16 19:55:00+00:00,0,0.0,,,False
2021-09-16 20:00:00+00:00,0,0.0,,,False
2021-09-16 20:05:00+00:00,0,0.0,,,False
2021-09-16 20:10:00+00:00,0,0.0,,,False
2021-09-16 20:15:00+00:00,0,0.0,,,False
2021-09-16 20:20:00+00:00,0,0.0,,,False
2021-09-16 20:25:00+00:00,0,0.0,,,False
2021-09-16 20:30:00+00:00,0,0.0,,,False
2021-09-16 20:35:00+00:00,0,0.0,,,False
2021-09-16 20:40:00+00:00,0,0.0,,,False
2021-09-16 20:45:00+00:00,0,0.0,,,False
2021-09-16 20:50:00+00:00,0,0.0,,,False
2021-09-16 20:55:00+00:00,0,0.0,,,False
2021-09-16 21:00:00+00:00,0,0.0,,,False
2021-09-16 21:05:00+00:00,0,0.0,,,False
2021-09-16 21:10:00+00:00,0,0.0,,,False
2021-09-16 21:15:00+00:00,0,0.0,,,False
2021-09-16 21:20:00+00:00,0,0.0,,,False
2021-09-16 21:25:00+00:00,0,0.0,,,False
2021-09-16 21:30:00+00:00,0,0.0,,,False
2021-09-16 21:35:00+00:00,0,0.0,,,False
2021-09-16 21:40:00+00:00,0,0.0,,,False
2021-09-16 21:45:00+00:00,0,0.0,,,False
2021-09-16 21:50:00+00:00,0,0.0,,,False
2021-09-16 21:55:00+00:00,0,0.0,,,False
2021-09-16 22:00:00+00:00,0,0.0,,,False
2021-09-16 22:05:00+00:00,0,0.0,,,False
2021-09-16 22:10:00+00:00,0,0.0,,,False
2021-09-16 22:15:00+00:00,0,0.0,,,False
2021-09-16 22:20:00+00:00,0,0.0,,,False
2021-09-16 22:25:00+00:00,0,0.0,,,False
2021-09-16 22:30:00+00:00,0,0.0,,,False
2021-09-16 22:35:00+00:00,0,0.0,,,False
2021-09-16 22:40:00+00:00,0,0.0,,,False
2021-09-16 22:45:00+00:00,0,0.0,,,False
2021-09-16 22:50:00+00:00,0,0.0,,,False
2021-09-16 22:55:00+00:00,0,0.0,,,False
2021-09-16 23:00:00+00:00,0,0.0,,,False
2021-09-16 23:05:00+00:00,0,0.0,,,False
2021-09-16 23:10:00+00:00,0,0.0,,,False
2021-09-16 23:15:00+00:00,0,0.0,,,False
2021-09-16 23:20:00+00:00,0,0.0,,,False
2021-09-16 23:25:00+00:00,0,0.0,,,False
2021-09-16 23:30:00+00:00,0,0.0,,,False
2021-09-16 23:35:00+00:00,0,0.0,,,False
2021-09-16 23:40:00+00:00,0,0.0,,,False
2021-09-16 23:45:00+00:00,0,0.0,,,False
2021-09-16 23:50:00+00:00,0,0.0,,,False
2021-09-16 23:55:00+00:00,0,0.0,,,False
2021-09-17 00:00:00+00:00,0,0.0,,,False
2021-09-17 00:05:00+00:00,0,0.0,,,False
2021-09-17 00:10:00+00:00,0,0.0,,,False
2021-09-17 00:15:00+00:00,0,0.0,,,False
2021-09-17 00:20:00+00:00,0,0.0,,,False
2021-09-17 00:25:00+00:00,0,0.0,,,False
2021-09-17 00:30:00+00:00,0,0.0,,,False
2021-09-17 00:35:00+00:00,0,0.0,,,False
2021-09-17 00:40:00+00:00,0,0.0,,,False
2021-09-17 00:45:00+00:00,0,0.0,,,False
2021-09-17 00:50:00+00:00,0,0.0,,,False
2021-09-17 00:55:00+00:00,0,0.0,,,False
2021-09-17 01:00:00+00:00,0,0.0,,,False
2021-09-17 01:05:00+00:00,0,0.0,,,False
2021-09-17 01:10:00+00:00,0,0.0,,,False
2021-09-17 01:15:00+00:00,0,0.0,,,False
2021-09-17 01:20:00+00:00,0,0.0,,,False
2021-09-17 01:25:00+00:00,0,0.0,,,False
2021-09-17 01:30:00+00:00,0,0.0,,,False
2021-09-17 01:35:00+00:00,0,0.0,,,False
2021-09-17 01:40:00+00:00,0,0.0,,,False
2021-09-17 01:45:00+00:00,0,0.0,,,False
2021-09-17 01:50:00+00:00,0,0.0,,,False
2021-09-17 01:55:00+00:00,0,0.0,,,False
2021-09-17 02:00:00+00:00,0,0.0,,,False
2021-09-17 02:05:00+00:00,0,0.0,,,False
2021-09-17 02:10:00+00:00,0,0.0,,,False
2021-09-17 02:15:00+00:00,0,0.0,,,False
2021-09-17 02:20:00+00:00,0,0.0,,,False
2021-09-17 02:25:00+00:00,0,0.0,,,False
2021-09-17 02:30:00+00:00,0,0.0,,,False
2021-09-17 02:35:00+00:00,0,0.0,,,False
2021-09-17 02:40:00+00:00,0,0.0,,,False
2021-09-17 02:45:00+00:00,0,0.0,,,False
2021-09-17 02:50:00+00:00,0,0.0,,,False
2021-09-17 02:55:00+00:00,0,0.0,,,False
2021-09-17 03:00:00+00:00,0,0.0,,,False
2021-09-17 03:05:00+00:00,0,0.0,,,False
2021-09-17 03:10:00+00:00,0,0.0,,,False
2021-09-17 03:15:00+00:00,0,0.0,,,False
2021-09-17 03:20:00+00:00,0,0.0,,,False
2021-09-17 03:25:00+00:00,0,0.0,,,False
2021-09-17 03:30:00+00:00,0,0.0,,,False
2021-09-17 03:35:00+00:00,0,0.0,,,False
2021-09-17 03:40:00+00:00,0,0.0,,,False
2021-09-17 03:45:00+00:00,0,0.0,,,False
2021-09-17 03:50:00+00:00,0,0.0,,,False
2021-09-17 03:55:00+00:00,0,0.0,,,False
2021-09-17 04:00:00+00:00,0,0.0,,,False
2021-09-17 04:05:00+00:00,0,0.0,,,False
2021-09-17 04:10:00+00:00,0,0.0,,,False
2021-09-17 04:15:00+00:00,0,0.0,,,False
2021-09-17 04:20:00+00:00,0,0.0,,,False
2021-09-17 04:25:00+00:00,0,0.0,,,False
2021-09-17 04:30:00+00:00,0,0.0,,,False
2021-09-17 04:35:00+00:00,0,0.0,,,False
2021-09-17 04:40:00+00:00,0,0.0,,,False
2021-09-17 04:45:00+00:00,0,0.0,,,False
2021-09-17 04:50:00+00:00,0,0.0,,,False
2021-09-17 04:55:00+00:00,0,0.0,,,False
2021-09-17 05:00:00+00:00,0,0.0,,,False
2021-09-17 05:05:00+00:00,0,0.0,,,False
2021-09-17 05:10:00+00:00,0,0.0,,,False
2021-09-17 05:15:00+00:00,0,0.0,,,False
2021-09-17 05:20:00+00:00,0,0.0,,,False
2021-09-17 05:25:00+00:00,0,0.0,,,False
2021-09-17 05:30:00+00:00,0,0.0,,,False
2021-09-17 05:35:00+00:00,0,0.0,,,False
2021-09-17 05:40:00+00:00,0,0.0,,,False
2021-09-17 05:45:00+00:00,0,0.0,,,False
2021-09-17 05:50:00+00:00,0,0.0,,,False
2021-09-17 05:55:00+00:00,0,0.0,,,False
2021-09-17 06:00:00+00:00,0,0.0,,,False
2021-09-17 06:05:00+00:00,1,0.08333333333333333,0.28867513459481287,3.1754264805429417,True
2021-09-17 06:10:00+00:00,0,0.08333333333333333,0.28867513459481287,-0.28867513459481287,False
2021-09-17 06:15:00+00:00,0,0.08333333333333333,0.28867513459481287,-0.28867513459481287,False
2021-09-17 06:20:00+00:00,0,0.08333333333333333,0.28867513459481287,-0.28867513459481287,False
2021-09-17 06:25:00+00:00,0,0.08333333333333333,0.28867513459481287,-0.28867513459481287,False
2021-09-17 06:30:00+00:00,0,0.08333333333333333,0.28867513459481287,-0.28867513459481287,False
2021-09-17 06:35:00+00:00,0,0.08333333333333333,0.28867513459481287,-0.28867513459481287,False
2021-09-17 06:40:00+00:00,0,0.08333333333333333,0.28867513459481287,-0.28867513459481287,False
2021-09-17 06:45:00+00:00,0,0.08333333333333333,0.28867513459481287,-0.28867513459481287,False
2021-09-17 06:50:00+00:00,1,0.16666666666666666,0.38924947208076144,2.1408720964441885,False
2021-09-17 06:55:00+00:00,1,0.25,0.45226701686664544,1.6583123951777,False
2021-09-17 07:00:00+00:00,1,0.3333333333333333,0.4923659639173309,1.3540064007726602,False
2021-09-17 07:05:00+00:00,1,0.3333333333333333,0.4923659639173309,1.3540064007726602,False
2021-09-17 07:10:00+00:00,1,0.4166666666666667,0.5149286505444373,1.1328430311977618,False
2021-09-17 07:15:00+00:00,1,0.5,0.5222329678670935,0.9574271077563381,False
2021-09-17 07:20:00+00:00,1,0.5833333333333334,0.5149286505444373,0.8091735937126869,False
2021-09-17 07:25:00+00:00,1,0.6666666666666666,0.49236596391733095,0.6770032003863301,False
2021-09-17 07:30:00+00:00,1,0.75,0.4522670168666455,0.5527707983925666,False
2021-09-17 07:35:00+00:00,1,0.8333333333333334,0.38924947208076166,0.42817441928883737,False
2021-09-17 07:40:00+00:00,1,0.9166666666666666,0.2886751345948132,0.2886751345948127,False
2021-09-17 07:45:00+00:00,1,1.0,,,False
2021-09-17 07:50:00+00:00,1,1.0,,,False
2021-09-17 07:55:00+00:00,1,1.0,,,False
2021-09-17 08:00:00+00:00,1,1.0,,,False
2021-09-17 08:05:00+00:00,1,1.0,,,False
2021-09-17 08:10:00+00:00,1,1.0,,,False
2021-09-17 08:15:00+00:00,1,1.0,,,False
2021-09-17 08:20:00+00:00,1,1.0,,,False
2021-09-17 08:25:00+00:00,1,1.0,,,False
2021-09-17 08:30:00+00:00,1,1.0,,,False
2021-09-17 08:35:00+00:00,0,0.9166666666666666,0.28867513459481287,-3.1754264805429417,True
2021-09-17 08:40:00+00:00,1,0.9166666666666666,0.28867513459481287,0.28867513459481303,False
2021-09-17 08:45:00+00:00,0,0.8333333333333334,0.38924947208076144,-2.1408720964441885,False
2021-09-17 08:50:00+00:00,0,0.75,0.45226701686664544,-1.6583123951777,False
2021-09-17 08:55:00+00:00,0,0.6666666666666666,0.4923659639173309,-1.35400640077266,False
2021-09-17 09:00:00+00:00,0,0.5833333333333334,0.5149286505444373,-1.132843031197762,False
2021-09-17 09:05:00+00:00,0,0.5,0.5222329678670935,-0.9574271077563381,False
2021-09-17 09:10:00+00:00,0,0.4166666666666667,0.5149286505444373,-0.809173593712687,False
2021-09-17 09:15:00+00:00,0,0.3333333333333333,0.49236596391733106,-0.6770032003863298,False
2021-09-17 09:20:00+00:00,0,0.25,0.45226701686664567,-0.5527707983925664,False
2021-09-17 09:25:00+00:00,0,0.16666666666666666,0.3892494720807618,-0.42817441928883726,False
2021-09-17 09:30:00+00:00,0,0.08333333333333333,0.2886751345948134,-0.2886751345948123,False
2021-09-17 09:35:00+00:00,0,0.08333333333333333,0.2886751345948134,-0.2886751345948123,False
2021-09-17 09:40:00+00:00,0,0.0,,,False
2021-09-17 09:45:00+00:00,0,0.0,,,False
2021-09-17 09:50:00+00:00,0,0.0,,,False
2021-09-17 09:55:00+00:00,0,0.0,,,False
2021-09-17 10:00:00+00:00,0,0.0,,,False
2021-09-17 10:05:00+00:00,0,0.0,,,False
2021-09-17 10:10:00+00:00,0,0.0,,,False
2021-09-17 10:15:00+00:00,0,0.0,,,False
2021-09-17 10:20:00+00:00,0,0.0,,,False
2021-09-17 10:25:00+00:00,0,0.0,,,False
2021-09-17 10:30:00+00:00,0,0.0,,,False
2021-09-17 10:35:00+00:00,0,0.0,,,False
2021-09-17 10:40:00+00:00,0,0.0,,,False
2021-09-17 10:45:00+00:00,0,0.0,,,False
2021-09-17 10:50:00+00:00,0,0.0,,,False
2021-09-17 10:55:00+00:00,0,0.0,,,False
2021-09-17 11:00:00+00:00,0,0.0,,,False
2021-09-17 11:05:00+00:00,0,0.0,,,False
2021-09-17 11:10:00+00:00,0,0.0,,,False
2021-09-17 11:15:00+00:00,0,0.0,,,False
2021-09-17 11:20:00+00:00,0,0.0,,,False
2021-09-17 11:25:00+00:00,0,0.0,,,False
2021-09-17 11:30:00+00:00,0,0.0,,,False
2021-09-17 11:35:00+00:00,0,0.0,,,False
2021-09-17 11:40:00+00:00,0,0.0,,,False
2021-09-17 11:45:00+00:00,0,0.0,,,False
2021-09-17 11:50:00+00:00,0,0.0,,,False
2021-09-17 11:55:00+00:00,0,0.0,,,False
2021-09-17 12:00:00+00:00,0,0.0,,,False
2021-09-17 12:05:00+00:00,0,0.0,,,False
2021-09-17 12:10:00+00:00,0,0.0,,,False
2021-09-17 12:15:00+00:00,0,0.0,,,False
2021-09-17 12:20:00+00:00,0,0.0,,,False
2021-09-17 12:25:00+00:00,0,0.0,,,False
2021-09-17 12:30:00+00:00,0,0.0,,,False
2021-09-17 12:35:00+00:00,0,0.0,,,False
2021-09-17 12:40:00+00:00,0,0.0,,,False
2021-09-17 12:45:00+00:00,0,0.0,,,False
2021-09-17 12:50:00+00:00,0,0.0,,,False
2021-09-17 12:55:00+00:00,0,0.0,,,False
2021-09-17 13:00:00+00:00,0,0.0,,,False
2021-09-17 13:05:00+00:00,0,0.0,,,False
2021-09-17 13:10:00+00:00,0,0.0,,,False
2021-09-17 13:15:00+00:00,0,0.0,,,False
2021-09-17 13:20:00+00:00,0,0.0,,,False
2021-09-17 13:25:00+00:00,0,0.0,,,False
2021-09-17 13:30:00+00:00,0,0.0,,,False
2021-09-17 13:35:00+00:00,0,0.0,,,False
2021-09-17 13:40:00+00:00,0,0.0,,,False
2021-09-17 13:45:00+00:00,0,0.0,,,False
2021-09-17 13:50:00+00:00,0,0.0,,,False
2021-09-17 13:55:00+00:00,0,0.0,,,False
2021-09-17 14:00:00+00:00,0,0.0,,,False
2021-09-17 14:05:00+00:00,0,0.0,,,False
2021-09-17 14:10:00+00:00,0,0.0,,,False
2021-09-17 14:15:00+00:00,0,0.0,,,False
2021-09-17 14:20:00+00:00,0,0.0,,,False
2021-09-17 14:25:00+00:00,0,0.0,,,False
2021-09-17 14:30:00+00:00,0,0.0,,,False
2021-09-17 14:35:00+00:00,0,0.0,,,False
2021-09-17 14:40:00+00:00,0,0.0,,,False
2021-09-17 14:45:00+00:00,0,0.0,,,False
2021-09-17 14:50:00+00:00,0,0.0,,,False
2021-09-17 14:55:00+00:00,0,0.0,,,False
2021-09-17 15:00:00+00:00,0,0.0,,,False
2021-09-17 15:05:00+00:00,0,0.0,,,False
2021-09-17 15:10:00+00:00,0,0.0,,,False
2021-09-17 15:15:00+00:00,0,0.0,,,False
2021-09-17 15:20:00+00:00,0,0.0,,,False
2021-09-17 15:25:00+00:00,0,0.0,,,False
2021-09-17 15:30:00+00:00,0,0.0,,,False
2021-09-17 15:35:00+00:00,0,0.0,,,False
2021-09-17 15:40:00+00:00,0,0.0,,,False
2021-09-17 15:45:00+00:00,0,0.0,,,False
2021-09-17 15:50:00+00:00,0,0.0,,,False
2021-09-17 15:55:00+00:00,0,0.0,,,False
2021-09-19 16:00:00+00:00,0,0.0,,,False
2021-09-19 16:05:00+00:00,0,0.0,,,False
2021-09-19 16:10:00+00:00,0,0.0,,,False
2021-09-19 16:15:00+00:00,0,0.0,,,False
2021-09-19 16:20:00+00:00,0,0.0,,,False
2021-09-19 16:25:00+00:00,0,0.0,,,False
2021-09-19 16:30:00+00:00,0,0.0,,,False
2021-09-19 16:35:00+00:00,0,0.0,,,False
2021-09-19 16:40:00+00:00,0,0.0,,,False
2021-09-19 16:45:00+00:00,0,0.0,,,False
2021-09-19 16:50:00+00:00,0,0.0,,,False
2021-09-19 16:55:00+00:00,0,0.0,,,False
2021-09-19 17:00:00+00:00,0,0.0,,,False
2021-09-19 17:05:00+00:00,0,0.0,,,False
2021-09-19 17:10:00+00:00,0,0.0,,,False
2021-09-19 17:15:00+00:00,0,0.0,,,False
2021-09-19 17:20:00+00:00,0,0.0,,,False
2021-09-19 17:25:00+00:00,0,0.0,,,False
2021-09-19 17:30:00+00:00,0,0.0,,,False
2021-09-19 17:35:00+00:00,0,0.0,,,False
2021-09-19 17:40:00+00:00,0,0.0,,,False
2021-09-19 17:45:00+00:00,0,0.0,,,False
2021-09-19 17:50:00+00:00,0,0.0,,,False
2021-09-19 17:55:00+00:00,0,0.0,,,False
2021-09-19 18:00:00+00:00,0,0.0,,,False
2021-09-19 18:05:00+00:00,0,0.0,,,False
2021-09-19 18:10:00+00:00,0,0.0,,,False
2021-09-19 18:15:00+00:00,0,0.0,,,False
2021-09-19 18:20:00+00:00,0,0.0,,,False
2021-09-19 18:25:00+00:00,0,0.0,,,False
2021-09-19 18:30:00+00:00,0,0.0,,,False
2021-09-19 18:35:00+00:00,0,0.0,,,False
2021-09-19 18:40:00+00:00,0,0.0,,,False
2021-09-19 18:45:00+00:00,0,0.0,,,False
2021-09-19 18:50:00+00:00,0,0.0,,,False
2021-09-19 18:55:00+00:00,0,0.0,,,False
2021-09-19 19:00:00+00:00,0,0.0,,,False
2021-09-19 19:05:00+00:00,0,0.0,,,False
2021-09-19 19:10:00+00:00,0,0.0,,,False
2021-09-19 19:15:00+00:00,0,0.0,,,False
2021-09-19 19:20:00+00:00,0,0.0,,,False
2021-09-19 19:25:00+00:00,0,0.0,,,False
2021-09-19 19:30:00+00:00,0,0.0,,,False
2021-09-19 19:35:00+00:00,0,0.0,,,False
2021-09-19 19:40:00+00:00,0,0.0,,,False
2021-09-19 19:45:00+00:00,0,0.0,,,False
2021-09-19 19:50:00+00:00,0,0.0,,,False
2021-09-19 19:55:00+00:00,0,0.0,,,False
2021-09-19 20:00:00+00:00,0,0.0,,,False
2021-09-19 20:05:00+00:00,0,0.0,,,False
2021-09-19 20:10:00+00:00,0,0.0,,,False
2021-09-19 20:15:00+00:00,0,0.0,,,False
2021-09-19 20:20:00+00:00,0,0.0,,,False
2021-09-19 20:25:00+00:00,0,0.0,,,False
2021-09-19 20:30:00+00:00,0,0.0,,,False
2021-09-19 20:35:00+00:00,0,0.0,,,False
2021-09-19 20:40:00+00:00,0,0.0,,,False
2021-09-19 20:45:00+00:00,0,0.0,,,False
2021-09-19 20:50:00+00:00,0,0.0,,,False
2021-09-19 20:55:00+00:00,0,0.0,,,False
2021-09-19 21:00:00+00:00,0,0.0,,,False
2021-09-19 21:05:00+00:00,0,0.0,,,False
2021-09-19 21:10:00+00:00,0,0.0,,,False
2021-09-19 21:15:00+00:00,0,0.0,,,False
2021-09-19 21:20:00+00:00,0,0.0,,,False
2021-09-19 21:25:00+00:00,0,0.0,,,False
2021-09-19 21:30:00+00:00,0,0.0,,,False
2021-09-19 21:35:00+00:00,0,0.0,,,False
2021-09-19 21:40:00+00:00,0,0.0,,,False
2021-09-19 21:45:00+00:00,0,0.0,,,False
2021-09-19 21:50:00+00:00,0,0.0,,,False
2021-09-19 21:55:00+00:00,0,0.0,,,False
2021-09-19 22:00:00+00:00,0,0.0,,,False
2021-09-19 22:05:00+00:00,0,0.0,,,False
2021-09-19 22:10:00+00:00,0,0.0,,,False
2021-09-19 22:15:00+00:00,0,0.0,,,False
2021-09-19 22:20:00+00:00,0,0.0,,,False
2021-09-19 22:25:00+00:00,0,0.0,,,False
2021-09-19 22:30:00+00:00,0,0.0,,,False
2021-09-19 22:35:00+00:00,0,0.0,,,False
2021-09-19 22:40:00+00:00,0,0.0,,,False
2021-09-19 22:45:00+00:00,0,0.0,,,False
2021-09-19 22:50:00+00:00,0,0.0,,,False
2021-09-19 22:55:00+00:00,0,0.0,,,False
2021-09-19 23:00:00+00:00,0,0.0,,,False
2021-09-19 23:05:00+00:00,0,0.0,,,False
2021-09-19 23:10:00+00:00,0,0.0,,,False
2021-09-19 23:15:00+00:00,0,0.0,,,False
2021-09-19 23:20:00+00:00,0,0.0,,,False
2021-09-19 23:25:00+00:00,0,0.0,,,False
2021-09-19 23:30:00+00:00,1,0.08333333333333333,0.28867513459481287,3.1754264805429417,True
2021-09-19 23:35:00+00:00,1,0.16666666666666666,0.38924947208076144,2.1408720964441885,False
2021-09-19 23:40:00+00:00,1,0.25,0.45226701686664544,1.6583123951777,False
2021-09-19 23:45:00+00:00,1,0.3333333333333333,0.4923659639173309,1.3540064007726602,False
2021-09-19 23:50:00+00:00,1,0.4166666666666667,0.5149286505444373,1.1328430311977618,False
2021-09-19 23:55:00+00:00,1,0.5,0.5222329678670935,0.9574271077563381,False
2021-09-20 00:00:00+00:00,0,0.5,0.5222329678670935,-0.9574271077563381,False
2021-09-20 00:05:00+00:00,0,0.5,0.5222329678670935,-0.9574271077563381,False
2021-09-20 00:10:00+00:00,0,0.5,0.5222329678670935,-0.9574271077563381,False
2021-09-20 00:15:00+00:00,0,0.5,0.5222329678670935,-0.9574271077563381,False
2021-09-20 00:20:00+00:00,0,0.5,0.5222329678670935,-0.9574271077563381,False
2021-09-20 00:25:00+00:00,0,0.5,0.5222329678670935,-0.9574271077563381,False
2021-09-20 00:30:00+00:00,0,0.4166666666666667,0.5149286505444373,-0.809173593712687,False
2021-09-20 00:35:00+00:00,0,0.3333333333333333,0.4923659639173309,-0.67700320038633,False
2021-09-20 00:40:00+00:00,0,0.25,0.45226701686664544,-0.5527707983925666,False
2021-09-20 00:45:00+00:00,0,0.16666666666666666,0.38924947208076144,-0.42817441928883765,False
2021-09-20 00:50:00+00:00,0,0.08333333333333333,0.28867513459481287,-0.28867513459481287,False
2021-09-20 00:55:00+00:00,0,0.0,,,False
2021-09-20 01:00:00+00:00,0,0.0,,,False
2021-09-20 01:05:00+00:00,0,0.0,,,False
2021-09-20 01:10:00+00:00,0,0.0,,,False
2021-09-20 01:15:00+00:00,0,0.0,,,False
2021-09-20 01:20:00+00:00,0,0.0,,,False
2021-09-20 01:25:00+00:00,0,0.0,,,False
2021-09-20 01:30:00+00:00,0,0.0,,,False
2021-09-20 01:35:00+00:00,0,0.0,,,False
2021-09-20 01:40:00+00:00,0,0.0,,,False
2021-09-20 01:45:00+00:00,0,0.0,,,False
2021-09-20 01:50:00+00:00,0,0.0,,,False
2021-09-20 01:55:00+00:00,1,0.08333333333333333,0.28867513459481287,3.1754264805429417,True
2021-09-20 02:00:00+00:00,1,0.16666666666666666,0.38924947208076144,2.1408720964441885,False
2021-09-20 02:05:00+00:00,2,0.3333333333333333,0.6513389472789296,2.558831578595795,False
2021-09-20 02:10:00+00:00,3,0.5833333333333334,0.996204919895622,2.425873049211476,False
2021-09-20 02:15:00+00:00,3,0.8333333333333334,1.1934162828797101,1.8155162601255164,False
2021-09-20 02:20:00+00:00,4,1.1666666666666667,1.4668044012461756,1.9316367819227802,False
2021-09-20 02:25:00+00:00,6,1.6666666666666667,1.9694638556693238,2.2002604012555724,False
2021-09-20 02:30:00+00:00,6,2.1666666666666665,2.2495790852081776,1.7040224807115836,False
2021-09-20 02:35:00+00:00,6,2.6666666666666665,2.3868325657594203,1.3965509693273204,False
2021-09-20 02:40:00+00:00,6,3.1666666666666665,2.4058010698889443,1.1777089007047972,False
2021-09-20 02:45:00+00:00,6,3.6666666666666665,2.3094010767585034,1.010362971081845,False
2021-09-20 02:50:00+00:00,6,4.166666666666667,2.0816659994661335,0.8807048459279788,False
2021-09-20 02:55:00+00:00,6,4.583333333333333,1.8809249819912517,0.7531755281206935,False
2021-09-20 03:00:00+00:00,6,5.0,1.5374122295716157,0.6504436355879905,False
2021-09-20 03:05:00+00:00,6,5.333333333333333,1.2309149097933285,0.5416025603090637,False
2021-09-20 03:10:00+00:00,6,5.583333333333333,0.9962049198956235,0.4182539740019783,False
2021-09-20 03:15:00+00:00,6,5.833333333333333,0.5773502691896287,0.2886751345948119,False
2021-09-20 03:20:00+00:00,6,6.0,,,False
2021-09-20 03:25:00+00:00,6,6.0,,,False
2021-09-20 03:30:00+00:00,6,6.0,,,False
2021-09-20 03:35:00+00:00,6,6.0,,,False
2021-09-20 03:40:00+00:00,6,6.0,,,False
2021-09-20 03:45:00+00:00,6,6.0,,,False
2021-09-20 03:50:00+00:00,6,6.0,,,False
2021-09-20 03:55:00+00:00,6,6.0,,,False
2021-09-20 04:00:00+00:00,6,6.0,,,False
2021-09-20 04:05:00+00:00,6,6.0,,,False
2021-09-20 04:10:00+00:00,6,6.0,,,False
2021-09-20 04:15:00+00:00,6,6.0,,,False
2021-09-20 04:20:00+00:00,6,6.0,,,False
2021-09-20 04:25:00+00:00,6,6.0,,,False
2021-09-20 04:30:00+00:00,6,6.0,,,False
2021-09-20 04:35:00+00:00,4,5.833333333333333,0.5773502691896257,-3.1754264805429413,True
2021-09-20 04:40:00+00:00,6,5.833333333333333,0.5773502691896257,0.2886751345948134,False
2021-09-20 04:45:00+00:00,6,5.833333333333333,0.5773502691896257,0.2886751345948134,False
2021-09-20 04:50:00+00:00,0,5.333333333333333,1.7752507291971888,-3.004270464795243,True
2021-09-20 04:55:00+00:00,0,4.833333333333333,2.3290003057626296,-2.0752823953583213,False
2021-09-20 05:00:00+00:00,0,4.333333333333333,2.6742316936860857,-1.6204031025301284,False
2021-09-20 05:05:00+00:00,0,3.8333333333333335,2.8867513459481287,-1.3279056191361394,False
2021-09-20 05:10:00+00:00,0,3.3333333333333335,2.994945236510506,-1.1129864054599854,False
2021-09-20 05:15:00+00:00,0,2.8333333333333335,3.0100840620497724,-0.9412804675640596,False
2021-09-20 05:20:00+00:00,0,2.3333333333333335,2.933608802492351,-0.7953798513799686,False
2021-09-20 05:25:00+00:00,0,1.8333333333333333,2.7579087378048976,-0.6647548949689098,False
2021-09-20 05:30:00+00:00,0,1.3333333333333333,2.4618298195866544,-0.5416025603090641,False
2021-09-20 05:35:00+00:00,0,1.0,2.3354968324845684,-0.4281744192888377,False
2021-09-20 05:40:00+00:00,0,0.5,1.7320508075688767,-0.288675134594813,False
2021-09-20 05:45:00+00:00,0,0.0,,,False
2021-09-20 05:50:00+00:00,0,0.0,,,False
2021-09-20 05:55:00+00:00,1,0.08333333333333333,0.28867513459481287,3.1754264805429417,True
2021-09-20 06:00:00+00:00,7,0.6666666666666666,2.0150945537631877,3.1429459831082553,True
2021-09-20 06:05:00+00:00,7,1.25,2.70100991213556,2.128833357539865,False
2021-09-20 06:10:00+00:00,7,1.8333333333333333,3.128558579902059,1.6514527488337494,False
2021-09-20 06:15:00+00:00,8,2.5,3.529099807960304,1.5584710830773605,False
2021-09-20 06:20:00+00:00,8,3.1666666666666665,3.7618499639825025,1.284828842088242,False
2021-09-20 06:25:00+00:00,8,3.8333333333333335,3.857303187304296,1.0802020127379646,False
2021-09-20 06:30:00+00:00,8,4.5,3.825750075000148,0.914853278804383,False
2021-09-20 06:35:00+00:00,8,5.166666666666667,3.6639108100829128,0.7733084892612918,False
2021-09-20 06:40:00+00:00,9,5.916666666666667,3.4234042953903314,0.9006629271001063,False
2021-09-20 06:45:00+00:00,11,6.833333333333333,3.1574826950748234,1.3196166278808152,False
2021-09-20 06:50:00+00:00,11,7.75,2.5271255679850255,1.286046107551098,False
2021-09-20 06:55:00+00:00,11,8.583333333333334,1.56427928995103,1.544907410199313,False
2021-09-20 07:00:00+00:00,11,8.916666666666666,1.6213537179739284,1.2849345027170895,False
2021-09-20 07:05:00+00:00,11,9.25,1.6025547785276548,1.0920063535099938,False
2021-09-20 07:10:00+00:00,11,9.583333333333334,1.5050420310248873,0.9412804675640585,False
2021-09-20 07:15:00+00:00,11,9.833333333333334,1.4668044012461765,0.7953798513799675,False
2021-09-20 07:20:00+00:00,11,10.083333333333334,1.37895436890245,0.6647548949689088,False
2021-09-20 07:25:00+00:00,11,10.333333333333334,1.230914909793328,0.5416025603090632,False
2021-09-20 07:30:00+00:00,9,10.416666666666666,1.0836246694508325,-1.3073407302406794,False
2021-09-20 07:35:00+00:00,9,10.5,0.9045340337332919,-1.6583123951776981,False
2021-09-20 07:40:00+00:00,9,10.5,0.9045340337332919,-1.6583123951776981,False
2021-09-20 07:45:00+00:00,9,10.333333333333334,0.9847319278346632,-1.3540064007726589,False
2021-09-20 07:50:00+00:00,9,10.166666666666666,1.0298573010888763,-1.1328430311977593,False
2021-09-20 07:55:00+00:00,9,10.0,1.0444659357341892,-0.9574271077563361,False
2021-09-20 08:00:00+00:00,9,9.833333333333334,1.029857301088877,-0.8091735937126857,False
2021-09-20 08:05:00+00:00,9,9.666666666666666,0.984731927834665,-0.6770032003863272,False
2021-09-20 08:10:00+00:00,10,9.583333333333334,0.9003366373785239,0.4627898603347506,False
2021-09-20 08:15:00+00:00,10,9.5,0.7977240352174703,0.6267831705280051,False
2021-09-20 08:20:00+00:00,11,9.5,0.7977240352174703,1.8803495115840152,False
2021-09-20 08:25:00+00:00,11,9.5,0.7977240352174703,1.8803495115840152,False
2021-09-20 08:30:00+00:00,11,9.666666666666666,0.8876253645985984,1.5021352323976156,False
2021-09-20 08:35:00+00:00,11,9.833333333333334,0.9374368665610956,1.244528253882824,False
2021-09-20 08:40:00+00:00,11,10.0,0.9534625892455956,1.0488088481701479,False
2021-09-20 08:45:00+00:00,11,10.166666666666666,0.9374368665610954,0.8889487527734469,False
2021-09-20 08:50:00+00:00,11,10.333333333333334,0.8876253645985979,0.7510676161988072,False
2021-09-20 08:55:00+00:00,11,10.5,0.7977240352174693,0.6267831705280059,False
2021-09-20 09:00:00+00:00,11,10.666666666666666,0.6513389472789339,0.5117663157191565,False
2021-09-20 09:05:00+00:00,10,10.75,0.45226701686665144,-1.658312395177678,False
2021-09-20 09:10:00+00:00,8,10.583333333333334,0.9003366373785234,-2.86929713407546,False
2021-09-20 09:15:00+00:00,10,10.583333333333334,0.9003366373785234,-0.6479058044686528,False
2021-09-20 09:20:00+00:00,10,10.5,0.9045340337332947,-0.5527707983925644,False
2021-09-20 09:25:00+00:00,10,10.416666666666666,0.9003366373785242,-0.46278986033475045,False
2021-09-20 09:30:00+00:00,11,10.416666666666666,0.9003366373785242,0.6479058044686522,False
2021-09-20 09:35:00+00:00,11,10.416666666666666,0.9003366373785242,0.6479058044686522,False
2021-09-20 09:40:00+00:00,11,10.416666666666666,0.9003366373785242,0.6479058044686522,False
2021-09-20 09:45:00+00:00,11,10.416666666666666,0.9003366373785242,0.6479058044686522,False
2021-09-20 09:50:00+00:00,11,10.416666666666666,0.9003366373785242,0.6479058044686522,False
2021-09-20 09:55:00+00:00,11,10.416666666666666,0.9003366373785242,0.6479058044686522,False
2021-09-20 10:00:00+00:00,11,10.416666666666666,0.9003366373785242,0.6479058044686522,False
2021-09-20 10:05:00+00:00,11,10.5,0.9045340337332947,0.5527707983925644,False
2021-09-20 10:10:00+00:00,11,10.75,0.45226701686665055,0.5527707983925604,False
2021-09-20 10:15:00+00:00,4,10.25,2.0056737702645666,-3.1161598125579357,True
2021-09-20 10:20:00+00:00,1,9.5,3.3439225741362786,-2.5419248835913955,False
2021-09-20 10:25:00+00:00,1,8.75,4.13686310670735,-1.8734001585487443,False
2021-09-20 10:30:00+00:00,1,7.916666666666667,4.621261798043975,-1.4967052222824206,False
2021-09-20 10:35:00+00:00,1,7.083333333333333,4.9074772881118225,-1.2396049897306662,False
2021-09-20 10:40:00+00:00,1,6.25,5.029458673202772,-1.043849913306234,False
2021-09-20 10:45:00+00:00,1,5.416666666666667,4.999242366841628,-0.8834672021426689,False
2021-09-20 10:50:00+00:00,1,4.583333333333333,4.8139632761626325,-0.7443624156995492,False
2021-09-20 10:55:00+00:00,1,3.75,4.454313537562117,-0.6173790813803148,False
2021-09-20 11:00:00+00:00,1,2.9166666666666665,3.8720051965905595,-0.4950062227071288,False
2021-09-20 11:05:00+00:00,1,2.0833333333333335,2.9374798516394867,-0.3687968558247969,False
2021-09-20 11:10:00+00:00,1,1.25,0.866025403784477,-0.2886751345948001,False
2021-09-20 11:15:00+00:00,0,0.9166666666666666,0.28867513459481287,-3.1754264805429417,True
2021-09-20 11:20:00+00:00,0,0.8333333333333334,0.38924947208076144,-2.1408720964441885,False
2021-09-20 11:25:00+00:00,0,0.75,0.45226701686664544,-1.6583123951777,False
2021-09-20 11:30:00+00:00,0,0.6666666666666666,0.4923659639173309,-1.35400640077266,False
2021-09-20 11:35:00+00:00,0,0.5833333333333334,0.5149286505444373,-1.132843031197762,False
2021-09-20 11:40:00+00:00,0,0.5,0.5222329678670935,-0.9574271077563381,False
2021-09-20 11:45:00+00:00,0,0.4166666666666667,0.5149286505444373,-0.809173593712687,False
2021-09-20 11:50:00+00:00,0,0.3333333333333333,0.49236596391733106,-0.6770032003863298,False
2021-09-20 11:55:00+00:00,0,0.25,0.45226701686664567,-0.5527707983925664,False
2021-09-20 12:00:00+00:00,0,0.16666666666666666,0.3892494720807618,-0.42817441928883726,False
2021-09-20 12:05:00+00:00,0,0.08333333333333333,0.2886751345948134,-0.2886751345948123,False
2021-09-20 12:10:00+00:00,0,0.0,,,False
2021-09-20 12:15:00+00:00,0,0.0,,,False
2021-09-20 12:20:00+00:00,0,0.0,,,False
2021-09-20 12:25:00+00:00,0,0.0,,,False
2021-09-20 12:30:00+00:00,0,0.0,,,False
2021-09-20 12:35:00+00:00,0,0.0,,,False
2021-09-20 12:40:00+00:00,0,0.0,,,False
2021-09-20 12:45:00+00:00,0,0.0,,,False
2021-09-20 12:50:00+00:00,0,0.0,,,False
2021-09-20 12:55:00+00:00,0,0.0,,,False
2021-09-20 13:00:00+00:00,0,0.0,,,False
2021-09-20 13:05:00+00:00,0,0.0,,,False
2021-09-20 13:10:00+00:00,0,0.0,,,False
2021-09-20 13:15:00+00:00,0,0.0,,,False
2021-09-20 13:20:00+00:00,0,0.0,,,False
2021-09-20 13:25:00+00:00,0,0.0,,,False
2021-09-20 13:30:00+00:00,0,0.0,,,False
2021-09-20 13:35:00+00:00,0,0.0,,,False
2021-09-20 13:40:00+00:00,0,0.0,,,False
2021-09-20 13:45:00+00:00,0,0.0,,,False
2021-09-20 13:50:00+00:00,0,0.0,,,False
2021-09-20 13:55:00+00:00,0,0.0,,,False
2021-09-20 14:00:00+00:00,0,0.0,,,False
2021-09-20 14:05:00+00:00,0,0.0,,,False
2021-09-20 14:10:00+00:00,0,0.0,,,False
2021-09-20 14:15:00+00:00,0,0.0,,,False
2021-09-20 14:20:00+00:00,0,0.0,,,False
2021-09-20 14:25:00+00:00,0,0.0,,,False
2021-09-20 14:30:00+00:00,0,0.0,,,False
2021-09-20 14:35:00+00:00,0,0.0,,,False
2021-09-20 14:40:00+00:00,0,0.0,,,False
2021-09-20 14:45:00+00:00,0,0.0,,,False
2021-09-20 14:50:00+00:00,0,0.0,,,False
2021-09-20 14:55:00+00:00,0,0.0,,,False
2021-09-20 15:00:00+00:00,0,0.0,,,False
2021-09-20 15:05:00+00:00,0,0.0,,,False
2021-09-20 15:10:00+00:00,0,0.0,,,False
2021-09-20 15:15:00+00:00,0,0.0,,,False
2021-09-20 15:20:00+00:00,0,0.0,,,False
2021-09-20 15:25:00+00:00,0,0.0,,,False
2021-09-20 15:30:00+00:00,0,0.0,,,False
2021-09-20 15:35:00+00:00,0,0.0,,,False
2021-09-20 15:40:00+00:00,0,0.0,,,False
2021-09-20 15:45:00+00:00,0,0.0,,,False
2021-09-20 15:50:00+00:00,0,0.0,,,False
2021-09-20 15:55:00+00:00,0,0.0,,,False
2021-09-20 16:00:00+00:00,0,0.0,,,False
2021-09-20 16:05:00+00:00,0,0.0,,,False
2021-09-20 16:10:00+00:00,0,0.0,,,False
2021-09-20 16:15:00+00:00,0,0.0,,,False
2021-09-20 16:20:00+00:00,0,0.0,,,False
2021-09-20 16:25:00+00:00,0,0.0,,,False
2021-09-20 16:30:00+00:00,0,0.0,,,False
2021-09-20 16:35:00+00:00,0,0.0,,,False
2021-09-20 16:40:00+00:00,0,0.0,,,False
2021-09-20 16:45:00+00:00,0,0.0,,,False
2021-09-20 16:50:00+00:00,0,0.0,,,False
2021-09-20 16:55:00+00:00,0,0.0,,,False
2021-09-20 17:00:00+00:00,0,0.0,,,False
2021-09-20 17:05:00+00:00,0,0.0,,,False
2021-09-20 17:10:00+00:00,0,0.0,,,False
2021-09-20 17:15:00+00:00,0,0.0,,,False
2021-09-20 17:20:00+00:00,0,0.0,,,False
2021-09-20 17:25:00+00:00,0,0.0,,,False
2021-09-20 17:30:00+00:00,0,0.0,,,False
2021-09-20 17:35:00+00:00,0,0.0,,,False
2021-09-20 17:40:00+00:00,0,0.0,,,False
2021-09-20 17:45:00+00:00,0,0.0,,,False
2021-09-20 17:50:00+00:00,0,0.0,,,False
2021-09-20 17:55:00+00:00,0,0.0,,,False
2021-09-20 18:00:00+00:00,0,0.0,,,False
2021-09-20 18:05:00+00:00,0,0.0,,,False
2021-09-20 18:10:00+00:00,0,0.0,,,False
2021-09-20 18:15:00+00:00,0,0.0,,,False
2021-09-20 18:20:00+00:00,0,0.0,,,False
2021-09-20 18:25:00+00:00,0,0.0,,,False
2021-09-20 18:30:00+00:00,0,0.0,,,False
2021-09-20 18:35:00+00:00,0,0.0,,,False
2021-09-20 18:40:00+00:00,0,0.0,,,False
2021-09-20 18:45:00+00:00,0,0.0,,,False
2021-09-20 18:50:00+00:00,0,0.0,,,False
2021-09-20 18:55:00+00:00,0,0.0,,,False
2021-09-20 19:00:00+00:00,0,0.0,,,False
2021-09-20 19:05:00+00:00,0,0.0,,,False
2021-09-20 19:10:00+00:00,0,0.0,,,False
2021-09-20 19:15:00+00:00,0,0.0,,,False
2021-09-20 19:20:00+00:00,0,0.0,,,False
2021-09-20 19:25:00+00:00,0,0.0,,,False
2021-09-20 19:30:00+00:00,0,0.0,,,False
2021-09-20 19:35:00+00:00,0,0.0,,,False
2021-09-20 19:40:00+00:00,0,0.0,,,False
2021-09-20 19:45:00+00:00,0,0.0,,,False
2021-09-20 19:50:00+00:00,0,0.0,,,False
2021-09-20 19:55:00+00:00,0,0.0,,,False
2021-09-20 20:00:00+00:00,0,0.0,,,False
2021-09-20 20:05:00+00:00,0,0.0,,,False
2021-09-20 20:10:00+00:00,0,0.0,,,False
2021-09-20 20:15:00+00:00,0,0.0,,,False
2021-09-20 20:20:00+00:00,0,0.0,,,False
2021-09-20 20:25:00+00:00,0,0.0,,,False
2021-09-20 20:30:00+00:00,0,0.0,,,False
2021-09-20 20:35:00+00:00,0,0.0,,,False
2021-09-20 20:40:00+00:00,0,0.0,,,False
2021-09-20 20:45:00+00:00,0,0.0,,,False
2021-09-20 20:50:00+00:00,0,0.0,,,False
2021-09-20 20:55:00+00:00,0,0.0,,,False
2021-09-20 21:00:00+00:00,0,0.0,,,False
2021-09-20 21:05:00+00:00,0,0.0,,,False
2021-09-20 21:10:00+00:00,0,0.0,,,False
2021-09-20 21:15:00+00:00,0,0.0,,,False
2021-09-20 21:20:00+00:00,0,0.0,,,False
2021-09-20 21:25:00+00:00,0,0.0,,,False
2021-09-20 21:30:00+00:00,0,0.0,,,False
2021-09-20 21:35:00+00:00,0,0.0,,,False
2021-09-20 21:40:00+00:00,0,0.0,,,False
2021-09-20 21:45:00+00:00,0,0.0,,,False
2021-09-20 21:50:00+00:00,0,0.0,,,False
2021-09-20 21:55:00+00:00,0,0.0,,,False
2021-09-20 22:00:00+00:00,0,0.0,,,False
2021-09-20 22:05:00+00:00,0,0.0,,,False
2021-09-20 22:10:00+00:00,0,0.0,,,False
2021-09-20 22:15:00+00:00,0,0.0,,,False
2021-09-20 22:20:00+00:00,0,0.0,,,False
2021-09-20 22:25:00+00:00,0,0.0,,,False
2021-09-20 22:30:00+00:00,0,0.0,,,False
2021-09-20 22:35:00+00:00,0,0.0,,,False
2021-09-20 22:40:00+00:00,0,0.0,,,False
2021-09-20 22:45:00+00:00,0,0.0,,,False
2021-09-20 22:50:00+00:00,0,0.0,,,False
2021-09-20 22:55:00+00:00,0,0.0,,,False
2021-09-20 23:00:00+00:00,0,0.0,,,False
2021-09-20 23:05:00+00:00,0,0.0,,,False
2021-09-20 23:10:00+00:00,0,0.0,,,False
2021-09-20 23:15:00+00:00,0,0.0,,,False
2021-09-20 23:20:00+00:00,0,0.0,,,False
2021-09-20 23:25:00+00:00,0,0.0,,,False
2021-09-20 23:30:00+00:00,0,0.0,,,False
2021-09-20 23:35:00+00:00,0,0.0,,,False
2021-09-20 23:40:00+00:00,0,0.0,,,False
2021-09-20 23:45:00+00:00,0,0.0,,,False
2021-09-20 23:50:00+00:00,0,0.0,,,False
2021-09-20 23:55:00+00:00,0,0.0,,,False
2021-09-21 00:00:00+00:00,0,0.0,,,False
2021-09-21 00:05:00+00:00,0,0.0,,,False
2021-09-21 00:10:00+00:00,0,0.0,,,False
2021-09-21 00:15:00+00:00,0,0.0,,,False
2021-09-21 00:20:00+00:00,0,0.0,,,False
2021-09-21 00:25:00+00:00,0,0.0,,,False
2021-09-21 00:30:00+00:00,0,0.0,,,False
2021-09-21 00:35:00+00:00,0,0.0,,,False
2021-09-21 00:40:00+00:00,0,0.0,,,False
2021-09-21 00:45:00+00:00,0,0.0,,,False
2021-09-21 00:50:00+00:00,0,0.0,,,False
2021-09-21 00:55:00+00:00,0,0.0,,,False
2021-09-21 01:00:00+00:00,0,0.0,,,False
2021-09-21 01:05:00+00:00,0,0.0,,,False
2021-09-21 01:10:00+00:00,0,0.0,,,False
2021-09-21 01:15:00+00:00,0,0.0,,,False
2021-09-21 01:20:00+00:00,0,0.0,,,False
2021-09-21 01:25:00+00:00,0,0.0,,,False
2021-09-21 01:30:00+00:00,0,0.0,,,False
2021-09-21 01:35:00+00:00,0,0.0,,,False
2021-09-21 01:40:00+00:00,0,0.0,,,False
2021-09-21 01:45:00+00:00,0,0.0,,,False
2021-09-21 01:50:00+00:00,0,0.0,,,False
2021-09-21 01:55:00+00:00,0,0.0,,,False
2021-09-21 02:00:00+00:00,0,0.0,,,False
2021-09-21 02:05:00+00:00,0,0.0,,,False
2021-09-21 02:10:00+00:00,0,0.0,,,False
2021-09-21 02:15:00+00:00,0,0.0,,,False
2021-09-21 02:20:00+00:00,0,0.0,,,False
2021-09-21 02:25:00+00:00,0,0.0,,,False
2021-09-21 02:30:00+00:00,0,0.0,,,False
2021-09-21 02:35:00+00:00,0,0.0,,,False
2021-09-21 02:40:00+00:00,0,0.0,,,False
2021-09-21 02:45:00+00:00,0,0.0,,,False
2021-09-21 02:50:00+00:00,0,0.0,,,False
2021-09-21 02:55:00+00:00,1,0.08333333333333333,0.28867513459481287,3.1754264805429417,True
2021-09-21 03:00:00+00:00,1,0.16666666666666666,0.38924947208076144,2.1408720964441885,False
2021-09-21 03:05:00+00:00,1,0.25,0.45226701686664544,1.6583123951777,False
2021-09-21 03:10:00+00:00,1,0.3333333333333333,0.4923659639173309,1.3540064007726602,False
2021-09-21 03:15:00+00:00,1,0.4166666666666667,0.5149286505444373,1.1328430311977618,False
2021-09-21 03:20:00+00:00,1,0.5,0.5222329678670935,0.9574271077563381,False
2021-09-21 03:25:00+00:00,1,0.5833333333333334,0.5149286505444373,0.8091735937126869,False
2021-09-21 03:30:00+00:00,1,0.6666666666666666,0.49236596391733095,0.6770032003863301,False
2021-09-21 03:35:00+00:00,1,0.75,0.4522670168666455,0.5527707983925666,False
2021-09-21 03:40:00+00:00,1,0.8333333333333334,0.38924947208076166,0.42817441928883737,False
2021-09-21 03:45:00+00:00,1,0.9166666666666666,0.2886751345948132,0.2886751345948127,False
2021-09-21 03:50:00+00:00,1,1.0,,,False
2021-09-21 03:55:00+00:00,1,1.0,,,False
2021-09-21 04:00:00+00:00,1,1.0,,,False
2021-09-21 04:05:00+00:00,1,1.0,,,False
2021-09-21 04:10:00+00:00,1,1.0,,,False
2021-09-21 04:15:00+00:00,1,1.0,,,False
2021-09-21 04:20:00+00:00,1,1.0,,,False
2021-09-21 04:25:00+00:00,1,1.0,,,False
2021-09-21 04:30:00+00:00,1,1.0,,,False
2021-09-21 04:35:00+00:00,1,1.0,,,False
2021-09-21 04:40:00+00:00,1,1.0,,,False
2021-09-21 04:45:00+00:00,1,1.0,,,False
2021-09-21 04:50:00+00:00,1,1.0,,,False
2021-09-21 04:55:00+00:00,1,1.0,,,False
2021-09-21 05:00:00+00:00,1,1.0,,,False
2021-09-21 05:05:00+00:00,1,1.0,,,False
2021-09-21 05:10:00+00:00,1,1.0,,,False
2021-09-21 05:15:00+00:00,1,1.0,,,False
2021-09-21 05:20:00+00:00,1,1.0,,,False
2021-09-21 05:25:00+00:00,1,1.0,,,False
2021-09-21 05:30:00+00:00,1,1.0,,,False
2021-09-21 05:35:00+00:00,1,1.0,,,False
2021-09-21 05:40:00+00:00,1,1.0,,,False
2021-09-21 05:45:00+00:00,1,1.0,,,False
2021-09-21 05:50:00+00:00,1,1.0,,,False
2021-09-21 05:55:00+00:00,1,1.0,,,False
2021-09-21 06:00:00+00:00,1,1.0,,,False
2021-09-21 06:05:00+00:00,1,1.0,,,False
2021-09-21 06:10:00+00:00,1,1.0,,,False
2021-09-21 06:15:00+00:00,2,1.0833333333333333,0.2886751345948129,3.1754264805429417,True
2021-09-21 06:20:00+00:00,1,1.0833333333333333,0.2886751345948129,-0.2886751345948126,False
2021-09-21 06:25:00+00:00,3,1.25,0.621581560508061,2.815398832889453,False
2021-09-21 06:30:00+00:00,3,1.4166666666666667,0.7929614610987591,1.9967342815619353,False
2021-09-21 06:35:00+00:00,3,1.5833333333333333,0.90033663737852,1.5734855251381612,False
2021-09-21 06:40:00+00:00,3,1.75,0.9653072991634227,1.2949244257070307,False
2021-09-21 06:45:00+00:00,3,1.9166666666666667,0.996204919895622,1.0874603324051444,False
2021-09-21 06:50:00+00:00,3,2.0833333333333335,0.996204919895622,0.9201587428043528,False
2021-09-21 06:55:00+00:00,3,2.25,0.965307299163423,0.7769546554242182,False
2021-09-21 07:00:00+00:00,3,2.4166666666666665,0.9003366373785201,0.6479058044686546,False
2021-09-21 07:05:00+00:00,3,2.5833333333333335,0.7929614610987591,0.5254563898847197,False
2021-09-21 07:10:00+00:00,3,2.75,0.6215815605080609,0.402199833269922,False
2021-09-21 07:15:00+00:00,3,2.8333333333333335,0.5773502691896255,0.28867513459481275,False
2021-09-21 07:20:00+00:00,3,3.0,,,False
2021-09-21 07:25:00+00:00,3,3.0,,,False
2021-09-21 07:30:00+00:00,3,3.0,,,False
2021-09-21 07:35:00+00:00,3,3.0,,,False
2021-09-21 07:40:00+00:00,3,3.0,,,False
2021-09-21 07:45:00+00:00,3,3.0,,,False
2021-09-21 07:50:00+00:00,3,3.0,,,False
2021-09-21 07:55:00+00:00,3,3.0,,,False
2021-09-21 08:00:00+00:00,3,3.0,,,False
2021-09-21 08:05:00+00:00,3,3.0,,,False
2021-09-21 08:10:00+00:00,3,3.0,,,False
2021-09-21 08:15:00+00:00,3,3.0,,,False
2021-09-21 08:20:00+00:00,3,3.0,,,False
2021-09-21 08:25:00+00:00,3,3.0,,,False
2021-09-21 08:30:00+00:00,3,3.0,,,False
2021-09-21 08:35:00+00:00,3,3.0,,,False
2021-09-21 08:40:00+00:00,3,3.0,,,False
2021-09-21 08:45:00+00:00,3,3.0,,,False
2021-09-21 08:50:00+00:00,3,3.0,,,False
2021-09-21 08:55:00+00:00,3,3.0,,,False
2021-09-21 09:00:00+00:00,3,3.0,,,False
2021-09-21 09:05:00+00:00,3,3.0,,,False
2021-09-21 09:10:00+00:00,3,3.0,,,False
2021-09-21 09:15:00+00:00,3,3.0,,,False
2021-09-21 09:20:00+00:00,3,3.0,,,False
2021-09-21 09:25:00+00:00,3,3.0,,,False
2021-09-21 09:30:00+00:00,3,3.0,,,False
2021-09-21 09:35:00+00:00,3,3.0,,,False
2021-09-21 09:40:00+00:00,3,3.0,,,False
2021-09-21 09:45:00+00:00,3,3.0,,,False
2021-09-21 09:50:00+00:00,3,3.0,,,False
2021-09-21 09:55:00+00:00,3,3.0,,,False
2021-09-21 10:00:00+00:00,3,3.0,,,False
2021-09-21 10:05:00+00:00,3,3.0,,,False
2021-09-21 10:10:00+00:00,3,3.0,,,False
2021-09-21 10:15:00+00:00,3,3.0,,,False
2021-09-21 10:20:00+00:00,3,3.0,,,False
2021-09-21 10:25:00+00:00,3,3.0,,,False
2021-09-21 10:30:00+00:00,3,3.0,,,False
2021-09-21 10:35:00+00:00,3,3.0,,,False
2021-09-21 10:40:00+00:00,3,3.0,,,False
2021-09-21 10:45:00+00:00,3,3.0,,,False
2021-09-21 10:50:00+00:00,0,2.75,0.8660254037844386,-3.1754264805429417,True
2021-09-21 10:55:00+00:00,0,2.5,1.1677484162422844,-2.140872096444188,False
2021-09-21 11:00:00+00:00,0,2.25,1.3568010505999362,-1.6583123951777001,False
2021-09-21 11:05:00+00:00,0,2.0,1.4770978917519928,-1.35400640077266,False
2021-09-21 11:10:00+00:00,0,1.75,1.5447859516333116,-1.132843031197762,False
2021-09-21 11:15:00+00:00,0,1.5,1.5666989036012804,-0.9574271077563382,False
2021-09-21 11:20:00+00:00,0,1.25,1.5447859516333116,-0.8091735937126872,False
2021-09-21 11:25:00+00:00,0,1.0,1.4770978917519924,-0.6770032003863302,False
2021-09-21 11:30:00+00:00,0,0.75,1.356801050599936,-0.5527707983925668,False
2021-09-21 11:35:00+00:00,0,0.5,1.167748416242284,-0.4281744192888378,False
2021-09-21 11:40:00+00:00,0,0.25,0.866025403784438,-0.2886751345948131,False
2021-09-21 11:45:00+00:00,0,0.0,,,False
2021-09-21 11:50:00+00:00,0,0.0,,,False
2021-09-21 11:55:00+00:00,0,0.0,,,False
2021-09-21 12:00:00+00:00,0,0.0,,,False
2021-09-21 12:05:00+00:00,0,0.0,,,False
2021-09-21 12:10:00+00:00,0,0.0,,,False
2021-09-21 12:15:00+00:00,0,0.0,,,False
2021-09-21 12:20:00+00:00,0,0.0,,,False
2021-09-21 12:25:00+00:00,0,0.0,,,False
2021-09-21 12:30:00+00:00,0,0.0,,,False
2021-09-21 12:35:00+00:00,0,0.0,,,False
2021-09-21 12:40:00+00:00,0,0.0,,,False
2021-09-21 12:45:00+00:00,0,0.0,,,False
2021-09-21 12:50:00+00:00,0,0.0,,,False
2021-09-21 12:55:00+00:00,0,0.0,,,False
2021-09-21 13:00:00+00:00,0,0.0,,,False
2021-09-21 13:05:00+00:00,0,0.0,,,False
2021-09-21 13:10:00+00:00,0,0.0,,,False
2021-09-21 13:15:00+00:00,0,0.0,,,False
2021-09-21 13:20:00+00:00,0,0.0,,,False
2021-09-21 13:25:00+00:00,0,0.0,,,False
2021-09-21 13:30:00+00:00,0,0.0,,,False
2021-09-21 13:35:00+00:00,0,0.0,,,False
2021-09-21 13:40:00+00:00,0,0.0,,,False
2021-09-21 13:45:00+00:00,0,0.0,,,False
2021-09-21 13:50:00+00:00,0,0.0,,,False
2021-09-21 13:55:00+00:00,0,0.0,,,False
2021-09-21 14:00:00+00:00,0,0.0,,,False
2021-09-21 14:05:00+00:00,0,0.0,,,False
2021-09-21 14:10:00+00:00,0,0.0,,,False
2021-09-21 14:15:00+00:00,0,0.0,,,False
2021-09-21 14:20:00+00:00,0,0.0,,,False
2021-09-21 14:25:00+00:00,0,0.0,,,False
2021-09-21 14:30:00+00:00,0,0.0,,,False
2021-09-21 14:35:00+00:00,0,0.0,,,False
2021-09-21 14:40:00+00:00,0,0.0,,,False
2021-09-21 14:45:00+00:00,0,0.0,,,False
2021-09-21 14:50:00+00:00,0,0.0,,,False
2021-09-21 14:55:00+00:00,0,0.0,,,False
2021-09-21 15:00:00+00:00,0,0.0,,,False
2021-09-21 15:05:00+00:00,0,0.0,,,False
2021-09-21 15:10:00+00:00,0,0.0,,,False
2021-09-21 15:15:00+00:00,0,0.0,,,False
2021-09-21 15:20:00+00:00,0,0.0,,,False
2021-09-21 15:25:00+00:00,0,0.0,,,False
2021-09-21 15:30:00+00:00,0,0.0,,,False
2021-09-21 15:35:00+00:00,0,0.0,,,False
2021-09-21 15:40:00+00:00,0,0.0,,,False
2021-09-21 15:45:00+00:00,0,0.0,,,False
2021-09-21 15:50:00+00:00,0,0.0,,,False
2021-09-21 15:55:00+00:00,0,0.0,,,False
2021-09-21 16:00:00+00:00,0,0.0,,,False
2021-09-21 16:05:00+00:00,0,0.0,,,False
2021-09-21 16:10:00+00:00,0,0.0,,,False
2021-09-21 16:15:00+00:00,0,0.0,,,False
2021-09-21 16:20:00+00:00,0,0.0,,,False
2021-09-21 16:25:00+00:00,0,0.0,,,False
2021-09-21 16:30:00+00:00,0,0.0,,,False
2021-09-21 16:35:00+00:00,0,0.0,,,False
2021-09-21 16:40:00+00:00,0,0.0,,,False
2021-09-21 16:45:00+00:00,0,0.0,,,False
2021-09-21 16:50:00+00:00,0,0.0,,,False
2021-09-21 16:55:00+00:00,0,0.0,,,False
2021-09-21 17:00:00+00:00,0,0.0,,,False
2021-09-21 17:05:00+00:00,0,0.0,,,False
2021-09-21 17:10:00+00:00,0,0.0,,,False
2021-09-21 17:15:00+00:00,0,0.0,,,False
2021-09-21 17:20:00+00:00,0,0.0,,,False
2021-09-21 17:25:00+00:00,0,0.0,,,False
2021-09-21 17:30:00+00:00,0,0.0,,,False
2021-09-21 17:35:00+00:00,0,0.0,,,False
2021-09-21 17:40:00+00:00,0,0.0,,,False
2021-09-21 17:45:00+00:00,0,0.0,,,False
2021-09-21 17:50:00+00:00,0,0.0,,,False
2021-09-21 17:55:00+00:00,0,0.0,,,False
2021-09-21 18:00:00+00:00,0,0.0,,,False
2021-09-21 18:05:00+00:00,0,0.0,,,False
2021-09-21 18:10:00+00:00,0,0.0,,,False
2021-09-21 18:15:00+00:00,0,0.0,,,False
2021-09-21 18:20:00+00:00,0,0.0,,,False
2021-09-21 18:25:00+00:00,0,0.0,,,False
2021-09-21 18:30:00+00:00,0,0.0,,,False
2021-09-21 18:35:00+00:00,0,0.0,,,False
2021-09-21 18:40:00+00:00,0,0.0,,,False
2021-09-21 18:45:00+00:00,0,0.0,,,False
2021-09-21 18:50:00+00:00,0,0.0,,,False
2021-09-21 18:55:00+00:00,0,0.0,,,False
2021-09-21 19:00:00+00:00,0,0.0,,,False
2021-09-21 19:05:00+00:00,0,0.0,,,False
2021-09-21 19:10:00+00:00,0,0.0,,,False
2021-09-21 19:15:00+00:00,0,0.0,,,False
2021-09-21 19:20:00+00:00,0,0.0,,,False
2021-09-21 19:25:00+00:00,0,0.0,,,False
2021-09-21 19:30:00+00:00,0,0.0,,,False
2021-09-21 19:35:00+00:00,0,0.0,,,False
2021-09-21 19:40:00+00:00,0,0.0,,,False
2021-09-21 19:45:00+00:00,0,0.0,,,False
2021-09-21 19:50:00+00:00,0,0.0,,,False
2021-09-21 19:55:00+00:00,0,0.0,,,False
2021-09-21 20:00:00+00:00,0,0.0,,,False
2021-09-21 20:05:00+00:00,0,0.0,,,False
2021-09-21 20:10:00+00:00,0,0.0,,,False
2021-09-21 20:15:00+00:00,0,0.0,,,False
2021-09-21 20:20:00+00:00,0,0.0,,,False
2021-09-21 20:25:00+00:00,0,0.0,,,False
2021-09-21 20:30:00+00:00,0,0.0,,,False
2021-09-21 20:35:00+00:00,0,0.0,,,False
2021-09-21 20:40:00+00:00,0,0.0,,,False
2021-09-21 20:45:00+00:00,0,0.0,,,False
2021-09-21 20:50:00+00:00,0,0.0,,,False
2021-09-21 20:55:00+00:00,0,0.0,,,False
2021-09-21 21:00:00+00:00,0,0.0,,,False
2021-09-21 21:05:00+00:00,0,0.0,,,False
2021-09-21 21:10:00+00:00,0,0.0,,,False
2021-09-21 21:15:00+00:00,0,0.0,,,False
2021-09-21 21:20:00+00:00,0,0.0,,,False
2021-09-21 21:25:00+00:00,0,0.0,,,False
2021-09-21 21:30:00+00:00,0,0.0,,,False
2021-09-21 21:35:00+00:00,0,0.0,,,False
2021-09-21 21:40:00+00:00,0,0.0,,,False
2021-09-21 21:45:00+00:00,0,0.0,,,False
2021-09-21 21:50:00+00:00,0,0.0,,,False
2021-09-21 21:55:00+00:00,0,0.0,,,False
2021-09-21 22:00:00+00:00,0,0.0,,,False
2021-09-21 22:05:00+00:00,0,0.0,,,False
2021-09-21 22:10:00+00:00,0,0.0,,,False
2021-09-21 22:15:00+00:00,0,0.0,,,False
2021-09-21 22:20:00+00:00,0,0.0,,,False
2021-09-21 22:25:00+00:00,0,0.0,,,False
2021-09-21 22:30:00+00:00,0,0.0,,,False
2021-09-21 22:35:00+00:00,0,0.0,,,False
2021-09-21 22:40:00+00:00,0,0.0,,,False
2021-09-21 22:45:00+00:00,0,0.0,,,False
2021-09-21 22:50:00+00:00,0,0.0,,,False
2021-09-21 22:55:00+00:00,0,0.0,,,False
2021-09-21 23:00:00+00:00,0,0.0,,,False
2021-09-21 23:05:00+00:00,0,0.0,,,False
2021-09-21 23:10:00+00:00,0,0.0,,,False
2021-09-21 23:15:00+00:00,0,0.0,,,False
2021-09-21 23:20:00+00:00,0,0.0,,,False
2021-09-21 23:25:00+00:00,0,0.0,,,False
2021-09-21 23:30:00+00:00,0,0.0,,,False
2021-09-21 23:35:00+00:00,0,0.0,,,False
2021-09-21 23:40:00+00:00,0,0.0,,,False
2021-09-21 23:45:00+00:00,0,0.0,,,False
2021-09-21 23:50:00+00:00,0,0.0,,,False
2021-09-21 23:55:00+00:00,0,0.0,,,False
2021-09-22 00:00:00+00:00,0,0.0,,,False
2021-09-22 00:05:00+00:00,0,0.0,,,False
2021-09-22 00:10:00+00:00,0,0.0,,,False
2021-09-22 00:15:00+00:00,0,0.0,,,False
2021-09-22 00:20:00+00:00,0,0.0,,,False
2021-09-22 00:25:00+00:00,0,0.0,,,False
2021-09-22 00:30:00+00:00,0,0.0,,,False
2021-09-22 00:35:00+00:00,0,0.0,,,False
2021-09-22 00:40:00+00:00,0,0.0,,,False
2021-09-22 00:45:00+00:00,0,0.0,,,False
2021-09-22 00:50:00+00:00,0,0.0,,,False
2021-09-22 00:55:00+00:00,0,0.0,,,False
2021-09-22 01:00:00+00:00,0,0.0,,,False
2021-09-22 01:05:00+00:00,0,0.0,,,False
2021-09-22 01:10:00+00:00,0,0.0,,,False
2021-09-22 01:15:00+00:00,0,0.0,,,False
2021-09-22 01:20:00+00:00,0,0.0,,,False
2021-09-22 01:25:00+00:00,0,0.0,,,False
2021-09-22 01:30:00+00:00,0,0.0,,,False
2021-09-22 01:35:00+00:00,0,0.0,,,False
2021-09-22 01:40:00+00:00,0,0.0,,,False
2021-09-22 01:45:00+00:00,0,0.0,,,False
2021-09-22 01:50:00+00:00,0,0.0,,,False
2021-09-22 01:55:00+00:00,0,0.0,,,False
2021-09-22 02:00:00+00:00,0,0.0,,,False
2021-09-22 02:05:00+00:00,0,0.0,,,False
2021-09-22 02:10:00+00:00,0,0.0,,,False
2021-09-22 02:15:00+00:00,0,0.0,,,False
2021-09-22 02:20:00+00:00,0,0.0,,,False
2021-09-22 02:25:00+00:00,0,0.0,,,False
2021-09-22 02:30:00+00:00,0,0.0,,,False
2021-09-22 02:35:00+00:00,0,0.0,,,False
2021-09-22 02:40:00+00:00,0,0.0,,,False
2021-09-22 02:45:00+00:00,0,0.0,,,False
2021-09-22 02:50:00+00:00,0,0.0,,,False
2021-09-22 02:55:00+00:00,0,0.0,,,False
2021-09-22 03:00:00+00:00,0,0.0,,,False
2021-09-22 03:05:00+00:00,0,0.0,,,False
2021-09-22 03:10:00+00:00,0,0.0,,,False
2021-09-22 03:15:00+00:00,0,0.0,,,False
2021-09-22 03:20:00+00:00,0,0.0,,,False
2021-09-22 03:25:00+00:00,0,0.0,,,False
2021-09-22 03:30:00+00:00,0,0.0,,,False
2021-09-22 03:35:00+00:00,0,0.0,,,False
2021-09-22 03:40:00+00:00,0,0.0,,,False
2021-09-22 03:45:00+00:00,0,0.0,,,False
2021-09-22 03:50:00+00:00,0,0.0,,,False
2021-09-22 03:55:00+00:00,0,0.0,,,False
2021-09-22 04:00:00+00:00,0,0.0,,,False
2021-09-22 04:05:00+00:00,0,0.0,,,False
2021-09-22 04:10:00+00:00,0,0.0,,,False
2021-09-22 04:15:00+00:00,0,0.0,,,False
2021-09-22 04:20:00+00:00,0,0.0,,,False
2021-09-22 04:25:00+00:00,0,0.0,,,False
2021-09-22 04:30:00+00:00,0,0.0,,,False
2021-09-22 04:35:00+00:00,0,0.0,,,False
2021-09-22 04:40:00+00:00,0,0.0,,,False
2021-09-22 04:45:00+00:00,0,0.0,,,False
2021-09-22 04:50:00+00:00,0,0.0,,,False
2021-09-22 04:55:00+00:00,0,0.0,,,False
2021-09-22 05:00:00+00:00,0,0.0,,,False
2021-09-22 05:05:00+00:00,0,0.0,,,False
2021-09-22 05:10:00+00:00,0,0.0,,,False
2021-09-22 05:15:00+00:00,0,0.0,,,False
2021-09-22 05:20:00+00:00,0,0.0,,,False
2021-09-22 05:25:00+00:00,0,0.0,,,False
2021-09-22 05:30:00+00:00,0,0.0,,,False
2021-09-22 05:35:00+00:00,0,0.0,,,False
2021-09-22 05:40:00+00:00,0,0.0,,,False
2021-09-22 05:45:00+00:00,0,0.0,,,False
2021-09-22 05:50:00+00:00,0,0.0,,,False
2021-09-22 05:55:00+00:00,0,0.0,,,False
2021-09-22 06:00:00+00:00,0,0.0,,,False
2021-09-22 06:05:00+00:00,0,0.0,,,False
2021-09-22 06:10:00+00:00,0,0.0,,,False
2021-09-22 06:15:00+00:00,0,0.0,,,False
2021-09-22 06:20:00+00:00,0,0.0,,,False
2021-09-22 06:25:00+00:00,0,0.0,,,False
2021-09-22 06:30:00+00:00,0,0.0,,,False
2021-09-22 06:35:00+00:00,0,0.0,,,False
2021-09-22 06:40:00+00:00,0,0.0,,,False
2021-09-22 06:45:00+00:00,0,0.0,,,False
2021-09-22 06:50:00+00:00,0,0.0,,,False
2021-09-22 06:55:00+00:00,0,0.0,,,False
2021-09-22 07:00:00+00:00,0,0.0,,,False
2021-09-22 07:05:00+00:00,0,0.0,,,False
2021-09-22 07:10:00+00:00,0,0.0,,,False
2021-09-22 07:15:00+00:00,0,0.0,,,False
2021-09-22 07:20:00+00:00,0,0.0,,,False
2021-09-22 07:25:00+00:00,0,0.0,,,False
2021-09-22 07:30:00+00:00,0,0.0,,,False
2021-09-22 07:35:00+00:00,0,0.0,,,False
2021-09-22 07:40:00+00:00,0,0.0,,,False
2021-09-22 07:45:00+00:00,0,0.0,,,False
2021-09-22 07:50:00+00:00,0,0.0,,,False
2021-09-22 07:55:00+00:00,0,0.0,,,False
2021-09-22 08:00:00+00:00,0,0.0,,,False
2021-09-22 08:05:00+00:00,0,0.0,,,False
2021-09-22 08:10:00+00:00,0,0.0,,,False
2021-09-22 08:15:00+00:00,0,0.0,,,False
2021-09-22 08:20:00+00:00,0,0.0,,,False
2021-09-22 08:25:00+00:00,0,0.0,,,False
2021-09-22 08:30:00+00:00,0,0.0,,,False
2021-09-22 08:35:00+00:00,0,0.0,,,False
2021-09-22 08:40:00+00:00,0,0.0,,,False
2021-09-22 08:45:00+00:00,0,0.0,,,False
2021-09-22 08:50:00+00:00,0,0.0,,,False
2021-09-22 08:55:00+00:00,0,0.0,,,False
2021-09-22 09:00:00+00:00,0,0.0,,,False
2021-09-22 09:05:00+00:00,0,0.0,,,False
2021-09-22 09:10:00+00:00,0,0.0,,,False
2021-09-22 09:15:00+00:00,0,0.0,,,False
2021-09-22 09:20:00+00:00,0,0.0,,,False
2021-09-22 09:25:00+00:00,0,0.0,,,False
2021-09-22 09:30:00+00:00,0,0.0,,,False
2021-09-22 09:35:00+00:00,0,0.0,,,False
2021-09-22 09:40:00+00:00,0,0.0,,,False
2021-09-22 09:45:00+00:00,0,0.0,,,False
2021-09-22 09:50:00+00:00,0,0.0,,,False
2021-09-22 09:55:00+00:00,0,0.0,,,False
2021-09-22 10:00:00+00:00,0,0.0,,,False
2021-09-22 10:05:00+00:00,0,0.0,,,False
2021-09-22 10:10:00+00:00,0,0.0,,,False
2021-09-22 10:15:00+00:00,0,0.0,,,False
2021-09-22 10:20:00+00:00,0,0.0,,,False
2021-09-22 10:25:00+00:00,0,0.0,,,False
2021-09-22 10:30:00+00:00,0,0.0,,,False
2021-09-22 10:35:00+00:00,0,0.0,,,False
2021-09-22 10:40:00+00:00,0,0.0,,,False
2021-09-22 10:45:00+00:00,0,0.0,,,False
2021-09-22 10:50:00+00:00,0,0.0,,,False
2021-09-22 10:55:00+00:00,0,0.0,,,False
2021-09-22 11:00:00+00:00,0,0.0,,,False
2021-09-22 11:05:00+00:00,0,0.0,,,False
2021-09-22 11:10:00+00:00,0,0.0,,,False
2021-09-22 11:15:00+00:00,0,0.0,,,False
2021-09-22 11:20:00+00:00,0,0.0,,,False
2021-09-22 11:25:00+00:00,0,0.0,,,False
2021-09-22 11:30:00+00:00,0,0.0,,,False
2021-09-22 11:35:00+00:00,0,0.0,,,False
2021-09-22 11:40:00+00:00,0,0.0,,,False
2021-09-22 11:45:00+00:00,0,0.0,,,False
2021-09-22 11:50:00+00:00,0,0.0,,,False
2021-09-22 11:55:00+00:00,0,0.0,,,False
2021-09-22 12:00:00+00:00,0,0.0,,,False
2021-09-22 12:05:00+00:00,0,0.0,,,False
2021-09-22 12:10:00+00:00,0,0.0,,,False
2021-09-22 12:15:00+00:00,0,0.0,,,False
2021-09-22 12:20:00+00:00,0,0.0,,,False
2021-09-22 12:25:00+00:00,0,0.0,,,False
2021-09-22 12:30:00+00:00,0,0.0,,,False
2021-09-22 12:35:00+00:00,0,0.0,,,False
2021-09-22 12:40:00+00:00,0,0.0,,,False
2021-09-22 12:45:00+00:00,0,0.0,,,False
2021-09-22 12:50:00+00:00,0,0.0,,,False
2021-09-22 12:55:00+00:00,0,0.0,,,False
2021-09-22 13:00:00+00:00,0,0.0,,,False
2021-09-22 13:05:00+00:00,0,0.0,,,False
2021-09-22 13:10:00+00:00,0,0.0,,,False
2021-09-22 13:15:00+00:00,0,0.0,,,False
2021-09-22 13:20:00+00:00,0,0.0,,,False
2021-09-22 13:25:00+00:00,0,0.0,,,False
2021-09-22 13:30:00+00:00,0,0.0,,,False
2021-09-22 13:35:00+00:00,0,0.0,,,False
2021-09-22 13:40:00+00:00,0,0.0,,,False
2021-09-22 13:45:00+00:00,0,0.0,,,False
2021-09-22 13:50:00+00:00,0,0.0,,,False
2021-09-22 13:55:00+00:00,0,0.0,,,False
2021-09-22 14:00:00+00:00,0,0.0,,,False
2021-09-22 14:05:00+00:00,0,0.0,,,False
2021-09-22 14:10:00+00:00,0,0.0,,,False
2021-09-22 14:15:00+00:00,0,0.0,,,False
2021-09-22 14:20:00+00:00,0,0.0,,,False
2021-09-22 14:25:00+00:00,0,0.0,,,False
2021-09-22 14:30:00+00:00,0,0.0,,,False
2021-09-22 14:35:00+00:00,0,0.0,,,False
2021-09-22 14:40:00+00:00,0,0.0,,,False
2021-09-22 14:45:00+00:00,0,0.0,,,False
2021-09-22 14:50:00+00:00,0,0.0,,,False
2021-09-22 14:55:00+00:00,0,0.0,,,False
2021-09-22 15:00:00+00:00,0,0.0,,,False
2021-09-22 15:05:00+00:00,0,0.0,,,False
2021-09-22 15:10:00+00:00,0,0.0,,,False
2021-09-22 15:15:00+00:00,0,0.0,,,False
2021-09-22 15:20:00+00:00,0,0.0,,,False
2021-09-22 15:25:00+00:00,0,0.0,,,False
2021-09-22 15:30:00+00:00,0,0.0,,,False
2021-09-22 15:35:00+00:00,0,0.0,,,False
2021-09-22 15:40:00+00:00,0,0.0,,,False
2021-09-22 15:45:00+00:00,0,0.0,,,False
2021-09-22 15:50:00+00:00,0,0.0,,,False
2021-09-22 15:55:00+00:00,0,0.0,,,False
2021-09-22 16:00:00+00:00,0,0.0,,,False
2021-09-22 16:05:00+00:00,0,0.0,,,False
2021-09-22 16:10:00+00:00,0,0.0,,,False
2021-09-22 16:15:00+00:00,0,0.0,,,False
2021-09-22 16:20:00+00:00,0,0.0,,,False
2021-09-22 16:25:00+00:00,0,0.0,,,False
2021-09-22 16:30:00+00:00,0,0.0,,,False
2021-09-22 16:35:00+00:00,0,0.0,,,False
2021-09-22 16:40:00+00:00,0,0.0,,,False
2021-09-22 16:45:00+00:00,0,0.0,,,False
2021-09-22 16:50:00+00:00,0,0.0,,,False
2021-09-22 16:55:00+00:00,0,0.0,,,False
2021-09-22 17:00:00+00:00,0,0.0,,,False
2021-09-22 17:05:00+00:00,0,0.0,,,False
2021-09-22 17:10:00+00:00,0,0.0,,,False
2021-09-22 17:15:00+00:00,0,0.0,,,False
2021-09-22 17:20:00+00:00,0,0.0,,,False
2021-09-22 17:25:00+00:00,0,0.0,,,False
2021-09-22 17:30:00+00:00,0,0.0,,,False
2021-09-22 17:35:00+00:00,0,0.0,,,False
2021-09-22 17:40:00+00:00,0,0.0,,,False
2021-09-22 17:45:00+00:00,0,0.0,,,False
2021-09-22 17:50:00+00:00,0,0.0,,,False
2021-09-22 17:55:00+00:00,0,0.0,,,False
2021-09-22 18:00:00+00:00,0,0.0,,,False
2021-09-22 18:05:00+00:00,0,0.0,,,False
2021-09-22 18:10:00+00:00,0,0.0,,,False
2021-09-22 18:15:00+00:00,0,0.0,,,False
2021-09-22 18:20:00+00:00,0,0.0,,,False
2021-09-22 18:25:00+00:00,0,0.0,,,False
2021-09-22 18:30:00+00:00,0,0.0,,,False
2021-09-22 18:35:00+00:00,0,0.0,,,False
2021-09-22 18:40:00+00:00,0,0.0,,,False
2021-09-22 18:45:00+00:00,0,0.0,,,False
2021-09-22 18:50:00+00:00,0,0.0,,,False
2021-09-22 18:55:00+00:00,0,0.0,,,False
2021-09-22 19:00:00+00:00,0,0.0,,,False
2021-09-22 19:05:00+00:00,0,0.0,,,False
2021-09-22 19:10:00+00:00,0,0.0,,,False
2021-09-22 19:15:00+00:00,0,0.0,,,False
2021-09-22 19:20:00+00:00,0,0.0,,,False
2021-09-22 19:25:00+00:00,0,0.0,,,False
2021-09-22 19:30:00+00:00,0,0.0,,,False
2021-09-22 19:35:00+00:00,0,0.0,,,False
2021-09-22 19:40:00+00:00,0,0.0,,,False
2021-09-22 19:45:00+00:00,0,0.0,,,False
2021-09-22 19:50:00+00:00,0,0.0,,,False
2021-09-22 19:55:00+00:00,0,0.0,,,False
2021-09-22 20:00:00+00:00,0,0.0,,,False
2021-09-22 20:05:00+00:00,0,0.0,,,False
2021-09-22 20:10:00+00:00,0,0.0,,,False
2021-09-22 20:15:00+00:00,0,0.0,,,False
2021-09-22 20:20:00+00:00,0,0.0,,,False
2021-09-22 20:25:00+00:00,0,0.0,,,False
2021-09-22 20:30:00+00:00,0,0.0,,,False
2021-09-22 20:35:00+00:00,0,0.0,,,False
2021-09-22 20:40:00+00:00,0,0.0,,,False
2021-09-22 20:45:00+00:00,0,0.0,,,False
2021-09-22 20:50:00+00:00,0,0.0,,,False
2021-09-22 20:55:00+00:00,0,0.0,,,False
2021-09-22 21:00:00+00:00,0,0.0,,,False
2021-09-22 21:05:00+00:00,0,0.0,,,False
2021-09-22 21:10:00+00:00,0,0.0,,,False
2021-09-22 21:15:00+00:00,0,0.0,,,False
2021-09-22 21:20:00+00:00,0,0.0,,,False
2021-09-22 21:25:00+00:00,0,0.0,,,False
2021-09-22 21:30:00+00:00,0,0.0,,,False
2021-09-22 21:35:00+00:00,0,0.0,,,False
2021-09-22 21:40:00+00:00,0,0.0,,,False
2021-09-22 21:45:00+00:00,0,0.0,,,False
2021-09-22 21:50:00+00:00,0,0.0,,,False
2021-09-22 21:55:00+00:00,0,0.0,,,False
2021-09-22 22:00:00+00:00,0,0.0,,,False
2021-09-22 22:05:00+00:00,0,0.0,,,False
2021-09-22 22:10:00+00:00,0,0.0,,,False
2021-09-22 22:15:00+00:00,0,0.0,,,False
2021-09-22 22:20:00+00:00,0,0.0,,,False
2021-09-22 22:25:00+00:00,0,0.0,,,False
2021-09-22 22:30:00+00:00,0,0.0,,,False
2021-09-22 22:35:00+00:00,0,0.0,,,False
2021-09-22 22:40:00+00:00,0,0.0,,,False
2021-09-22 22:45:00+00:00,0,0.0,,,False
2021-09-22 22:50:00+00:00,0,0.0,,,False
2021-09-22 22:55:00+00:00,0,0.0,,,False
2021-09-22 23:00:00+00:00,0,0.0,,,False
2021-09-22 23:05:00+00:00,0,0.0,,,False
2021-09-22 23:10:00+00:00,0,0.0,,,False
2021-09-22 23:15:00+00:00,0,0.0,,,False
2021-09-22 23:20:00+00:00,0,0.0,,,False
2021-09-22 23:25:00+00:00,0,0.0,,,False
2021-09-22 23:30:00+00:00,0,0.0,,,False
2021-09-22 23:35:00+00:00,0,0.0,,,False
2021-09-22 23:40:00+00:00,0,0.0,,,False
2021-09-22 23:45:00+00:00,0,0.0,,,False
2021-09-22 23:50:00+00:00,0,0.0,,,False
2021-09-22 23:55:00+00:00,0,0.0,,,False
2021-09-23 00:00:00+00:00,0,0.0,,,False
2021-09-23 00:05:00+00:00,0,0.0,,,False
2021-09-23 00:10:00+00:00,0,0.0,,,False
2021-09-23 00:15:00+00:00,0,0.0,,,False
2021-09-23 00:20:00+00:00,0,0.0,,,False
2021-09-23 00:25:00+00:00,0,0.0,,,False
2021-09-23 00:30:00+00:00,0,0.0,,,False
2021-09-23 00:35:00+00:00,0,0.0,,,False
2021-09-23 00:40:00+00:00,0,0.0,,,False
2021-09-23 00:45:00+00:00,0,0.0,,,False
2021-09-23 00:50:00+00:00,0,0.0,,,False
2021-09-23 00:55:00+00:00,0,0.0,,,False
2021-09-23 01:00:00+00:00,0,0.0,,,False
2021-09-23 01:05:00+00:00,0,0.0,,,False
2021-09-23 01:10:00+00:00,0,0.0,,,False
2021-09-23 01:15:00+00:00,0,0.0,,,False
2021-09-23 01:20:00+00:00,0,0.0,,,False
2021-09-23 01:25:00+00:00,0,0.0,,,False
2021-09-23 01:30:00+00:00,0,0.0,,,False
2021-09-23 01:35:00+00:00,0,0.0,,,False
2021-09-23 01:40:00+00:00,0,0.0,,,False
2021-09-23 01:45:00+00:00,0,0.0,,,False
2021-09-23 01:50:00+00:00,0,0.0,,,False
2021-09-23 01:55:00+00:00,0,0.0,,,False
2021-09-23 02:00:00+00:00,0,0.0,,,False
2021-09-23 02:05:00+00:00,0,0.0,,,False
2021-09-23 02:10:00+00:00,0,0.0,,,False
2021-09-23 02:15:00+00:00,0,0.0,,,False
2021-09-23 02:20:00+00:00,0,0.0,,,False
2021-09-23 02:25:00+00:00,0,0.0,,,False
2021-09-23 02:30:00+00:00,0,0.0,,,False
2021-09-23 02:35:00+00:00,0,0.0,,,False
2021-09-23 02:40:00+00:00,0,0.0,,,False
2021-09-23 02:45:00+00:00,0,0.0,,,False
2021-09-23 02:50:00+00:00,0,0.0,,,False
2021-09-23 02:55:00+00:00,0,0.0,,,False
2021-09-23 03:00:00+00:00,0,0.0,,,False
2021-09-23 03:05:00+00:00,0,0.0,,,False
2021-09-23 03:10:00+00:00,0,0.0,,,False
2021-09-23 03:15:00+00:00,0,0.0,,,False
2021-09-23 03:20:00+00:00,0,0.0,,,False
2021-09-23 03:25:00+00:00,0,0.0,,,False
2021-09-23 03:30:00+00:00,0,0.0,,,False
2021-09-23 03:35:00+00:00,0,0.0,,,False
2021-09-23 03:40:00+00:00,0,0.0,,,False
2021-09-23 03:45:00+00:00,0,0.0,,,False
2021-09-23 03:50:00+00:00,0,0.0,,,False
2021-09-23 03:55:00+00:00,0,0.0,,,False
2021-09-23 04:00:00+00:00,0,0.0,,,False
2021-09-23 04:05:00+00:00,0,0.0,,,False
2021-09-23 04:10:00+00:00,0,0.0,,,False
2021-09-23 04:15:00+00:00,0,0.0,,,False
2021-09-23 04:20:00+00:00,0,0.0,,,False
2021-09-23 04:25:00+00:00,0,0.0,,,False
2021-09-23 04:30:00+00:00,0,0.0,,,False
2021-09-23 04:35:00+00:00,0,0.0,,,False
2021-09-23 04:40:00+00:00,0,0.0,,,False
2021-09-23 04:45:00+00:00,0,0.0,,,False
2021-09-23 04:50:00+00:00,0,0.0,,,False
2021-09-23 04:55:00+00:00,0,0.0,,,False
2021-09-23 05:00:00+00:00,0,0.0,,,False
2021-09-23 05:05:00+00:00,0,0.0,,,False
2021-09-23 05:10:00+00:00,0,0.0,,,False
2021-09-23 05:15:00+00:00,0,0.0,,,False
2021-09-23 05:20:00+00:00,0,0.0,,,False
2021-09-23 05:25:00+00:00,0,0.0,,,False
2021-09-23 05:30:00+00:00,0,0.0,,,False
2021-09-23 05:35:00+00:00,0,0.0,,,False
2021-09-23 05:40:00+00:00,0,0.0,,,False
2021-09-23 05:45:00+00:00,0,0.0,,,False
2021-09-23 05:50:00+00:00,0,0.0,,,False
2021-09-23 05:55:00+00:00,0,0.0,,,False
2021-09-23 06:00:00+00:00,0,0.0,,,False
2021-09-23 06:05:00+00:00,0,0.0,,,False
2021-09-23 06:10:00+00:00,0,0.0,,,False
2021-09-23 06:15:00+00:00,0,0.0,,,False
2021-09-23 06:20:00+00:00,0,0.0,,,False
2021-09-23 06:25:00+00:00,0,0.0,,,False
2021-09-23 06:30:00+00:00,0,0.0,,,False
2021-09-23 06:35:00+00:00,0,0.0,,,False
2021-09-23 06:40:00+00:00,0,0.0,,,False
2021-09-23 06:45:00+00:00,0,0.0,,,False
2021-09-23 06:50:00+00:00,0,0.0,,,False
2021-09-23 06:55:00+00:00,0,0.0,,,False
2021-09-23 07:00:00+00:00,0,0.0,,,False
2021-09-23 07:05:00+00:00,0,0.0,,,False
2021-09-23 07:10:00+00:00,0,0.0,,,False
2021-09-23 07:15:00+00:00,0,0.0,,,False
2021-09-23 07:20:00+00:00,0,0.0,,,False
2021-09-23 07:25:00+00:00,0,0.0,,,False
2021-09-23 07:30:00+00:00,0,0.0,,,False
2021-09-23 07:35:00+00:00,0,0.0,,,False
2021-09-23 07:40:00+00:00,0,0.0,,,False
2021-09-23 07:45:00+00:00,0,0.0,,,False
2021-09-23 07:50:00+00:00,0,0.0,,,False
2021-09-23 07:55:00+00:00,0,0.0,,,False
2021-09-23 08:00:00+00:00,0,0.0,,,False
2021-09-23 08:05:00+00:00,0,0.0,,,False
2021-09-23 08:10:00+00:00,0,0.0,,,False
2021-09-23 08:15:00+00:00,0,0.0,,,False
2021-09-23 08:20:00+00:00,0,0.0,,,False
2021-09-23 08:25:00+00:00,0,0.0,,,False
2021-09-23 08:30:00+00:00,0,0.0,,,False
2021-09-23 08:35:00+00:00,0,0.0,,,False
2021-09-23 08:40:00+00:00,0,0.0,,,False
2021-09-23 08:45:00+00:00,0,0.0,,,False
2021-09-23 08:50:00+00:00,0,0.0,,,False
2021-09-23 08:55:00+00:00,0,0.0,,,False
2021-09-23 09:00:00+00:00,0,0.0,,,False
2021-09-23 09:05:00+00:00,0,0.0,,,False
2021-09-23 09:10:00+00:00,0,0.0,,,False
2021-09-23 09:15:00+00:00,0,0.0,,,False
2021-09-23 09:20:00+00:00,0,0.0,,,False
2021-09-23 09:25:00+00:00,0,0.0,,,False
2021-09-23 09:30:00+00:00,0,0.0,,,False
2021-09-23 09:35:00+00:00,0,0.0,,,False
2021-09-23 09:40:00+00:00,0,0.0,,,False
2021-09-23 09:45:00+00:00,0,0.0,,,False
2021-09-23 09:50:00+00:00,0,0.0,,,False
2021-09-23 09:55:00+00:00,0,0.0,,,False
2021-09-23 10:00:00+00:00,0,0.0,,,False
2021-09-23 10:05:00+00:00,0,0.0,,,False
2021-09-23 10:10:00+00:00,0,0.0,,,False
2021-09-23 10:15:00+00:00,0,0.0,,,False
2021-09-23 10:20:00+00:00,0,0.0,,,False
2021-09-23 10:25:00+00:00,0,0.0,,,False
2021-09-23 10:30:00+00:00,0,0.0,,,False
2021-09-23 10:35:00+00:00,0,0.0,,,False
2021-09-23 10:40:00+00:00,0,0.0,,,False
2021-09-23 10:45:00+00:00,0,0.0,,,False
2021-09-23 10:50:00+00:00,0,0.0,,,False
2021-09-23 10:55:00+00:00,0,0.0,,,False
2021-09-23 11:00:00+00:00,0,0.0,,,False
2021-09-23 11:05:00+00:00,0,0.0,,,False
2021-09-23 11:10:00+00:00,0,0.0,,,False
2021-09-23 11:15:00+00:00,0,0.0,,,False
2021-09-23 11:20:00+00:00,0,0.0,,,False
2021-09-23 11:25:00+00:00,0,0.0,,,False
2021-09-23 11:30:00+00:00,0,0.0,,,False
2021-09-23 11:35:00+00:00,0,0.0,,,False
2021-09-23 11:40:00+00:00,0,0.0,,,False
2021-09-23 11:45:00+00:00,0,0.0,,,False
2021-09-23 11:50:00+00:00,0,0.0,,,False
2021-09-23 11:55:00+00:00,0,0.0,,,False
2021-09-23 12:00:00+00:00,0,0.0,,,False
2021-09-23 12:05:00+00:00,0,0.0,,,False
2021-09-23 12:10:00+00:00,0,0.0,,,False
2021-09-23 12:15:00+00:00,0,0.0,,,False
2021-09-23 12:20:00+00:00,0,0.0,,,False
2021-09-23 12:25:00+00:00,0,0.0,,,False
2021-09-23 12:30:00+00:00,0,0.0,,,False
2021-09-23 12:35:00+00:00,0,0.0,,,False
2021-09-23 12:40:00+00:00,0,0.0,,,False
2021-09-23 12:45:00+00:00,0,0.0,,,False
2021-09-23 12:50:00+00:00,0,0.0,,,False
2021-09-23 12:55:00+00:00,0,0.0,,,False
2021-09-23 13:00:00+00:00,0,0.0,,,False
2021-09-23 13:05:00+00:00,0,0.0,,,False
2021-09-23 13:10:00+00:00,0,0.0,,,False
2021-09-23 13:15:00+00:00,0,0.0,,,False
2021-09-23 13:20:00+00:00,0,0.0,,,False
2021-09-23 13:25:00+00:00,0,0.0,,,False
2021-09-23 13:30:00+00:00,0,0.0,,,False
2021-09-23 13:35:00+00:00,0,0.0,,,False
2021-09-23 13:40:00+00:00,0,0.0,,,False
2021-09-23 13:45:00+00:00,0,0.0,,,False
2021-09-23 13:50:00+00:00,0,0.0,,,False
2021-09-23 13:55:00+00:00,0,0.0,,,False
2021-09-23 14:00:00+00:00,0,0.0,,,False
2021-09-23 14:05:00+00:00,0,0.0,,,False
2021-09-23 14:10:00+00:00,0,0.0,,,False
2021-09-23 14:15:00+00:00,0,0.0,,,False
2021-09-23 14:20:00+00:00,0,0.0,,,False
2021-09-23 14:25:00+00:00,0,0.0,,,False
2021-09-23 14:30:00+00:00,0,0.0,,,False
2021-09-23 14:35:00+00:00,0,0.0,,,False
2021-09-23 14:40:00+00:00,0,0.0,,,False
2021-09-23 14:45:00+00:00,0,0.0,,,False
2021-09-23 14:50:00+00:00,0,0.0,,,False
2021-09-23 14:55:00+00:00,0,0.0,,,False
2021-09-23 15:00:00+00:00,0,0.0,,,False
2021-09-23 15:05:00+00:00,0,0.0,,,False
2021-09-23 15:10:00+00:00,0,0.0,,,False
2021-09-23 15:15:00+00:00,0,0.0,,,False
2021-09-23 15:20:00+00:00,0,0.0,,,False
2021-09-23 15:25:00+00:00,0,0.0,,,False
2021-09-23 15:30:00+00:00,0,0.0,,,False
2021-09-23 15:35:00+00:00,0,0.0,,,False
2021-09-23 15:40:00+00:00,0,0.0,,,False
2021-09-23 15:45:00+00:00,0,0.0,,,False
2021-09-23 15:50:00+00:00,0,0.0,,,False
2021-09-23 15:55:00+00:00,0,0.0,,,False
2021-09-23 16:00:00+00:00,0,0.0,,,False
2021-09-23 16:05:00+00:00,0,0.0,,,False
2021-09-23 16:10:00+00:00,0,0.0,,,False
2021-09-23 16:15:00+00:00,0,0.0,,,False
2021-09-23 16:20:00+00:00,0,0.0,,,False
2021-09-23 16:25:00+00:00,0,0.0,,,False
2021-09-23 16:30:00+00:00,0,0.0,,,False
2021-09-23 16:35:00+00:00,0,0.0,,,False
2021-09-23 16:40:00+00:00,0,0.0,,,False
2021-09-23 16:45:00+00:00,0,0.0,,,False
2021-09-23 16:50:00+00:00,0,0.0,,,False
2021-09-23 16:55:00+00:00,0,0.0,,,False
2021-09-23 17:00:00+00:00,0,0.0,,,False
2021-09-23 17:05:00+00:00,0,0.0,,,False
2021-09-23 17:10:00+00:00,0,0.0,,,False
2021-09-23 17:15:00+00:00,0,0.0,,,False
2021-09-23 17:20:00+00:00,0,0.0,,,False
2021-09-23 17:25:00+00:00,0,0.0,,,False
2021-09-23 17:30:00+00:00,0,0.0,,,False
2021-09-23 17:35:00+00:00,0,0.0,,,False
2021-09-23 17:40:00+00:00,0,0.0,,,False
2021-09-23 17:45:00+00:00,0,0.0,,,False
2021-09-23 17:50:00+00:00,0,0.0,,,False
2021-09-23 17:55:00+00:00,0,0.0,,,False
2021-09-23 18:00:00+00:00,0,0.0,,,False
2021-09-23 18:05:00+00:00,0,0.0,,,False
2021-09-23 18:10:00+00:00,0,0.0,,,False
2021-09-23 18:15:00+00:00,0,0.0,,,False
2021-09-23 18:20:00+00:00,0,0.0,,,False
2021-09-23 18:25:00+00:00,0,0.0,,,False
2021-09-23 18:30:00+00:00,0,0.0,,,False
2021-09-23 18:35:00+00:00,0,0.0,,,False
2021-09-23 18:40:00+00:00,0,0.0,,,False
2021-09-23 18:45:00+00:00,0,0.0,,,False
2021-09-23 18:50:00+00:00,0,0.0,,,False
2021-09-23 18:55:00+00:00,0,0.0,,,False
2021-09-23 19:00:00+00:00,0,0.0,,,False
2021-09-23 19:05:00+00:00,0,0.0,,,False
2021-09-23 19:10:00+00:00,0,0.0,,,False
2021-09-23 19:15:00+00:00,0,0.0,,,False
2021-09-23 19:20:00+00:00,0,0.0,,,False
2021-09-23 19:25:00+00:00,0,0.0,,,False
2021-09-23 19:30:00+00:00,0,0.0,,,False
2021-09-23 19:35:00+00:00,0,0.0,,,False
2021-09-23 19:40:00+00:00,0,0.0,,,False
2021-09-23 19:45:00+00:00,0,0.0,,,False
2021-09-23 19:50:00+00:00,0,0.0,,,False
2021-09-23 19:55:00+00:00,0,0.0,,,False
2021-09-23 20:00:00+00:00,0,0.0,,,False
2021-09-23 20:05:00+00:00,0,0.0,,,False
2021-09-23 20:10:00+00:00,0,0.0,,,False
2021-09-23 20:15:00+00:00,0,0.0,,,False
2021-09-23 20:20:00+00:00,0,0.0,,,False
2021-09-23 20:25:00+00:00,0,0.0,,,False
2021-09-23 20:30:00+00:00,0,0.0,,,False
2021-09-23 20:35:00+00:00,0,0.0,,,False
2021-09-23 20:40:00+00:00,0,0.0,,,False
2021-09-23 20:45:00+00:00,0,0.0,,,False
2021-09-23 20:50:00+00:00,0,0.0,,,False
2021-09-23 20:55:00+00:00,0,0.0,,,False
2021-09-23 21:00:00+00:00,0,0.0,,,False
2021-09-23 21:05:00+00:00,0,0.0,,,False
2021-09-23 21:10:00+00:00,0,0.0,,,False
2021-09-23 21:15:00+00:00,0,0.0,,,False
2021-09-23 21:20:00+00:00,0,0.0,,,False
2021-09-23 21:25:00+00:00,0,0.0,,,False
2021-09-23 21:30:00+00:00,0,0.0,,,False
2021-09-23 21:35:00+00:00,0,0.0,,,False
2021-09-23 21:40:00+00:00,0,0.0,,,False
2021-09-23 21:45:00+00:00,0,0.0,,,False
2021-09-23 21:50:00+00:00,0,0.0,,,False
2021-09-23 21:55:00+00:00,0,0.0,,,False
2021-09-23 22:00:00+00:00,0,0.0,,,False
2021-09-23 22:05:00+00:00,0,0.0,,,False
2021-09-23 22:10:00+00:00,0,0.0,,,False
2021-09-23 22:15:00+00:00,0,0.0,,,False
2021-09-23 22:20:00+00:00,0,0.0,,,False
2021-09-23 22:25:00+00:00,0,0.0,,,False
2021-09-23 22:30:00+00:00,0,0.0,,,False
2021-09-23 22:35:00+00:00,0,0.0,,,False
2021-09-23 22:40:00+00:00,0,0.0,,,False
2021-09-23 22:45:00+00:00,0,0.0,,,False
2021-09-23 22:50:00+00:00,0,0.0,,,False
2021-09-23 22:55:00+00:00,0,0.0,,,False
2021-09-23 23:00:00+00:00,0,0.0,,,False
2021-09-23 23:05:00+00:00,0,0.0,,,False
2021-09-23 23:10:00+00:00,0,0.0,,,False
2021-09-23 23:15:00+00:00,0,0.0,,,False
2021-09-23 23:20:00+00:00,0,0.0,,,False
2021-09-23 23:25:00+00:00,0,0.0,,,False
2021-09-23 23:30:00+00:00,0,0.0,,,False
2021-09-23 23:35:00+00:00,0,0.0,,,False
2021-09-23 23:40:00+00:00,0,0.0,,,False
2021-09-23 23:45:00+00:00,0,0.0,,,False
2021-09-23 23:50:00+00:00,0,0.0,,,False
2021-09-23 23:55:00+00:00,0,0.0,,,False
2021-09-24 00:00:00+00:00,0,0.0,,,False
2021-09-24 00:05:00+00:00,0,0.0,,,False
2021-09-24 00:10:00+00:00,0,0.0,,,False
2021-09-24 00:15:00+00:00,0,0.0,,,False
2021-09-24 00:20:00+00:00,0,0.0,,,False
2021-09-24 00:25:00+00:00,0,0.0,,,False
2021-09-24 00:30:00+00:00,0,0.0,,,False
2021-09-24 00:35:00+00:00,0,0.0,,,False
2021-09-24 00:40:00+00:00,0,0.0,,,False
2021-09-24 00:45:00+00:00,0,0.0,,,False
2021-09-24 00:50:00+00:00,0,0.0,,,False
2021-09-24 00:55:00+00:00,0,0.0,,,False
2021-09-24 01:00:00+00:00,0,0.0,,,False
2021-09-24 01:05:00+00:00,0,0.0,,,False
2021-09-24 01:10:00+00:00,0,0.0,,,False
2021-09-24 01:15:00+00:00,0,0.0,,,False
2021-09-24 01:20:00+00:00,0,0.0,,,False
2021-09-24 01:25:00+00:00,0,0.0,,,False
2021-09-24 01:30:00+00:00,0,0.0,,,False
2021-09-24 01:35:00+00:00,0,0.0,,,False
2021-09-24 01:40:00+00:00,0,0.0,,,False
2021-09-24 01:45:00+00:00,0,0.0,,,False
2021-09-24 01:50:00+00:00,0,0.0,,,False
2021-09-24 01:55:00+00:00,0,0.0,,,False
2021-09-24 02:00:00+00:00,0,0.0,,,False
2021-09-24 02:05:00+00:00,0,0.0,,,False
2021-09-24 02:10:00+00:00,0,0.0,,,False
2021-09-24 02:15:00+00:00,0,0.0,,,False
2021-09-24 02:20:00+00:00,0,0.0,,,False
2021-09-24 02:25:00+00:00,0,0.0,,,False
2021-09-24 02:30:00+00:00,0,0.0,,,False
2021-09-24 02:35:00+00:00,0,0.0,,,False
2021-09-24 02:40:00+00:00,0,0.0,,,False
2021-09-24 02:45:00+00:00,0,0.0,,,False
2021-09-24 02:50:00+00:00,0,0.0,,,False
2021-09-24 02:55:00+00:00,0,0.0,,,False
2021-09-24 03:00:00+00:00,0,0.0,,,False
2021-09-24 03:05:00+00:00,0,0.0,,,False
2021-09-24 03:10:00+00:00,0,0.0,,,False
2021-09-24 03:15:00+00:00,0,0.0,,,False
2021-09-24 03:20:00+00:00,0,0.0,,,False
2021-09-24 03:25:00+00:00,0,0.0,,,False
2021-09-24 03:30:00+00:00,0,0.0,,,False
2021-09-24 03:35:00+00:00,0,0.0,,,False
2021-09-24 03:40:00+00:00,0,0.0,,,False
2021-09-24 03:45:00+00:00,0,0.0,,,False
2021-09-24 03:50:00+00:00,0,0.0,,,False
2021-09-24 03:55:00+00:00,0,0.0,,,False
2021-09-24 04:00:00+00:00,0,0.0,,,False
2021-09-24 04:05:00+00:00,0,0.0,,,False
2021-09-24 04:10:00+00:00,0,0.0,,,False
2021-09-24 04:15:00+00:00,0,0.0,,,False
2021-09-24 04:20:00+00:00,0,0.0,,,False
2021-09-24 04:25:00+00:00,0,0.0,,,False
2021-09-24 04:30:00+00:00,0,0.0,,,False
2021-09-24 04:35:00+00:00,0,0.0,,,False
2021-09-24 04:40:00+00:00,0,0.0,,,False
2021-09-24 04:45:00+00:00,0,0.0,,,False
2021-09-24 04:50:00+00:00,0,0.0,,,False
2021-09-24 04:55:00+00:00,0,0.0,,,False
2021-09-24 05:00:00+00:00,0,0.0,,,False
2021-09-24 05:05:00+00:00,0,0.0,,,False
2021-09-24 05:10:00+00:00,0,0.0,,,False
2021-09-24 05:15:00+00:00,0,0.0,,,False
2021-09-24 05:20:00+00:00,0,0.0,,,False
2021-09-24 05:25:00+00:00,0,0.0,,,False
2021-09-24 05:30:00+00:00,0,0.0,,,False
2021-09-24 05:35:00+00:00,0,0.0,,,False
2021-09-24 05:40:00+00:00,0,0.0,,,False
2021-09-24 05:45:00+00:00,0,0.0,,,False
2021-09-24 05:50:00+00:00,0,0.0,,,False
2021-09-24 05:55:00+00:00,0,0.0,,,False
2021-09-24 06:00:00+00:00,0,0.0,,,False
2021-09-24 06:05:00+00:00,0,0.0,,,False
2021-09-24 06:10:00+00:00,0,0.0,,,False
2021-09-24 06:15:00+00:00,0,0.0,,,False
2021-09-24 06:20:00+00:00,0,0.0,,,False
2021-09-24 06:25:00+00:00,0,0.0,,,False
2021-09-24 06:30:00+00:00,0,0.0,,,False
2021-09-24 06:35:00+00:00,0,0.0,,,False
2021-09-24 06:40:00+00:00,0,0.0,,,False
2021-09-24 06:45:00+00:00,0,0.0,,,False
2021-09-24 06:50:00+00:00,0,0.0,,,False
2021-09-24 06:55:00+00:00,0,0.0,,,False
2021-09-24 07:00:00+00:00,0,0.0,,,False
2021-09-24 07:05:00+00:00,0,0.0,,,False
2021-09-24 07:10:00+00:00,0,0.0,,,False
2021-09-24 07:15:00+00:00,0,0.0,,,False
2021-09-24 07:20:00+00:00,0,0.0,,,False
2021-09-24 07:25:00+00:00,0,0.0,,,False
2021-09-24 07:30:00+00:00,0,0.0,,,False
2021-09-24 07:35:00+00:00,0,0.0,,,False
2021-09-24 07:40:00+00:00,0,0.0,,,False
2021-09-24 07:45:00+00:00,0,0.0,,,False
2021-09-24 07:50:00+00:00,0,0.0,,,False
2021-09-24 07:55:00+00:00,0,0.0,,,False
2021-09-24 08:00:00+00:00,0,0.0,,,False
2021-09-24 08:05:00+00:00,0,0.0,,,False
2021-09-24 08:10:00+00:00,0,0.0,,,False
2021-09-24 08:15:00+00:00,0,0.0,,,False
2021-09-24 08:20:00+00:00,0,0.0,,,False
2021-09-24 08:25:00+00:00,0,0.0,,,False
2021-09-24 08:30:00+00:00,0,0.0,,,False
2021-09-24 08:35:00+00:00,0,0.0,,,False
2021-09-24 08:40:00+00:00,0,0.0,,,False
2021-09-24 08:45:00+00:00,0,0.0,,,False
2021-09-24 08:50:00+00:00,0,0.0,,,False
2021-09-24 08:55:00+00:00,0,0.0,,,False
2021-09-24 09:00:00+00:00,0,0.0,,,False
2021-09-24 09:05:00+00:00,0,0.0,,,False
2021-09-24 09:10:00+00:00,0,0.0,,,False
2021-09-24 09:15:00+00:00,0,0.0,,,False
2021-09-24 09:20:00+00:00,0,0.0,,,False
2021-09-24 09:25:00+00:00,0,0.0,,,False
2021-09-24 09:30:00+00:00,0,0.0,,,False
2021-09-24 09:35:00+00:00,0,0.0,,,False
2021-09-24 09:40:00+00:00,0,0.0,,,False
2021-09-24 09:45:00+00:00,0,0.0,,,False
2021-09-24 09:50:00+00:00,0,0.0,,,False
2021-09-24 09:55:00+00:00,0,0.0,,,False
2021-09-24 10:00:00+00:00,0,0.0,,,False
2021-09-24 10:05:00+00:00,0,0.0,,,False
2021-09-24 10:10:00+00:00,0,0.0,,,False
2021-09-24 10:15:00+00:00,0,0.0,,,False
2021-09-24 10:20:00+00:00,0,0.0,,,False
2021-09-24 10:25:00+00:00,0,0.0,,,False
2021-09-24 10:30:00+00:00,0,0.0,,,False
2021-09-24 10:35:00+00:00,0,0.0,,,False
2021-09-24 10:40:00+00:00,0,0.0,,,False
2021-09-24 10:45:00+00:00,0,0.0,,,False
2021-09-24 10:50:00+00:00,0,0.0,,,False
2021-09-24 10:55:00+00:00,0,0.0,,,False
2021-09-24 11:00:00+00:00,0,0.0,,,False
2021-09-24 11:05:00+00:00,0,0.0,,,False
2021-09-24 11:10:00+00:00,0,0.0,,,False
2021-09-24 11:15:00+00:00,0,0.0,,,False
2021-09-24 11:20:00+00:00,0,0.0,,,False
2021-09-24 11:25:00+00:00,0,0.0,,,False
2021-09-24 11:30:00+00:00,0,0.0,,,False
2021-09-24 11:35:00+00:00,0,0.0,,,False
2021-09-24 11:40:00+00:00,0,0.0,,,False
2021-09-24 11:45:00+00:00,0,0.0,,,False
2021-09-24 11:50:00+00:00,0,0.0,,,False
2021-09-24 11:55:00+00:00,0,0.0,,,False
2021-09-24 12:00:00+00:00,0,0.0,,,False
2021-09-24 12:05:00+00:00,0,0.0,,,False
2021-09-24 12:10:00+00:00,0,0.0,,,False
2021-09-24 12:15:00+00:00,0,0.0,,,False
2021-09-24 12:20:00+00:00,0,0.0,,,False
2021-09-24 12:25:00+00:00,0,0.0,,,False
2021-09-24 12:30:00+00:00,0,0.0,,,False
2021-09-24 12:35:00+00:00,0,0.0,,,False
2021-09-24 12:40:00+00:00,0,0.0,,,False
2021-09-24 12:45:00+00:00,0,0.0,,,False
2021-09-24 12:50:00+00:00,0,0.0,,,False
2021-09-24 12:55:00+00:00,0,0.0,,,False
2021-09-24 13:00:00+00:00,0,0.0,,,False
2021-09-24 13:05:00+00:00,0,0.0,,,False
2021-09-24 13:10:00+00:00,0,0.0,,,False
2021-09-24 13:15:00+00:00,0,0.0,,,False
2021-09-24 13:20:00+00:00,0,0.0,,,False
2021-09-24 13:25:00+00:00,0,0.0,,,False
2021-09-24 13:30:00+00:00,0,0.0,,,False
2021-09-24 13:35:00+00:00,0,0.0,,,False
2021-09-24 13:40:00+00:00,0,0.0,,,False
2021-09-24 13:45:00+00:00,0,0.0,,,False
2021-09-24 13:50:00+00:00,0,0.0,,,False
2021-09-24 13:55:00+00:00,0,0.0,,,False
2021-09-24 14:00:00+00:00,0,0.0,,,False
2021-09-24 14:05:00+00:00,0,0.0,,,False
2021-09-24 14:10:00+00:00,0,0.0,,,False
2021-09-24 14:15:00+00:00,0,0.0,,,False
2021-09-24 14:20:00+00:00,0,0.0,,,False
2021-09-24 14:25:00+00:00,0,0.0,,,False
2021-09-24 14:30:00+00:00,0,0.0,,,False
2021-09-24 14:35:00+00:00,0,0.0,,,False
2021-09-24 14:40:00+00:00,0,0.0,,,False
2021-09-24 14:45:00+00:00,0,0.0,,,False
2021-09-24 14:50:00+00:00,0,0.0,,,False
2021-09-24 14:55:00+00:00,0,0.0,,,False
2021-09-24 15:00:00+00:00,0,0.0,,,False
2021-09-24 15:05:00+00:00,0,0.0,,,False
2021-09-24 15:10:00+00:00,0,0.0,,,False
2021-09-24 15:15:00+00:00,0,0.0,,,False
2021-09-24 15:20:00+00:00,0,0.0,,,False
2021-09-24 15:25:00+00:00,0,0.0,,,False
2021-09-24 15:30:00+00:00,0,0.0,,,False
2021-09-24 15:35:00+00:00,0,0.0,,,False
2021-09-24 15:40:00+00:00,0,0.0,,,False
2021-09-24 15:45:00+00:00,0,0.0,,,False
2021-09-24 15:50:00+00:00,0,0.0,,,False
2021-09-24 15:55:00+00:00,0,0.0,,,False
2021-09-26 16:00:00+00:00,0,0.0,,,False
2021-09-26 16:05:00+00:00,0,0.0,,,False
2021-09-26 16:10:00+00:00,0,0.0,,,False
2021-09-26 16:15:00+00:00,0,0.0,,,False
2021-09-26 16:20:00+00:00,0,0.0,,,False
2021-09-26 16:25:00+00:00,0,0.0,,,False
2021-09-26 16:30:00+00:00,0,0.0,,,False
2021-09-26 16:35:00+00:00,0,0.0,,,False
2021-09-26 16:40:00+00:00,0,0.0,,,False
2021-09-26 16:45:00+00:00,0,0.0,,,False
2021-09-26 16:50:00+00:00,0,0.0,,,False
2021-09-26 16:55:00+00:00,0,0.0,,,False
2021-09-26 17:00:00+00:00,0,0.0,,,False
2021-09-26 17:05:00+00:00,0,0.0,,,False
2021-09-26 17:10:00+00:00,0,0.0,,,False
2021-09-26 17:15:00+00:00,0,0.0,,,False
2021-09-26 17:20:00+00:00,0,0.0,,,False
2021-09-26 17:25:00+00:00,0,0.0,,,False
2021-09-26 17:30:00+00:00,0,0.0,,,False
2021-09-26 17:35:00+00:00,0,0.0,,,False
2021-09-26 17:40:00+00:00,0,0.0,,,False
2021-09-26 17:45:00+00:00,0,0.0,,,False
2021-09-26 17:50:00+00:00,0,0.0,,,False
2021-09-26 17:55:00+00:00,0,0.0,,,False
2021-09-26 18:00:00+00:00,0,0.0,,,False
2021-09-26 18:05:00+00:00,0,0.0,,,False
2021-09-26 18:10:00+00:00,0,0.0,,,False
2021-09-26 18:15:00+00:00,0,0.0,,,False
2021-09-26 18:20:00+00:00,0,0.0,,,False
2021-09-26 18:25:00+00:00,0,0.0,,,False
2021-09-26 18:30:00+00:00,0,0.0,,,False
2021-09-26 18:35:00+00:00,0,0.0,,,False
2021-09-26 18:40:00+00:00,0,0.0,,,False
2021-09-26 18:45:00+00:00,0,0.0,,,False
2021-09-26 18:50:00+00:00,0,0.0,,,False
2021-09-26 18:55:00+00:00,0,0.0,,,False
2021-09-26 19:00:00+00:00,0,0.0,,,False
2021-09-26 19:05:00+00:00,0,0.0,,,False
2021-09-26 19:10:00+00:00,0,0.0,,,False
2021-09-26 19:15:00+00:00,0,0.0,,,False
2021-09-26 19:20:00+00:00,0,0.0,,,False
2021-09-26 19:25:00+00:00,0,0.0,,,False
2021-09-26 19:30:00+00:00,0,0.0,,,False
2021-09-26 19:35:00+00:00,0,0.0,,,False
2021-09-26 19:40:00+00:00,0,0.0,,,False
2021-09-26 19:45:00+00:00,0,0.0,,,False
2021-09-26 19:50:00+00:00,0,0.0,,,False
2021-09-26 19:55:00+00:00,0,0.0,,,False
2021-09-26 20:00:00+00:00,0,0.0,,,False
2021-09-26 20:05:00+00:00,0,0.0,,,False
2021-09-26 20:10:00+00:00,0,0.0,,,False
2021-09-26 20:15:00+00:00,0,0.0,,,False
2021-09-26 20:20:00+00:00,0,0.0,,,False
2021-09-26 20:25:00+00:00,0,0.0,,,False
2021-09-26 20:30:00+00:00,0,0.0,,,False
2021-09-26 20:35:00+00:00,0,0.0,,,False
2021-09-26 20:40:00+00:00,0,0.0,,,False
2021-09-26 20:45:00+00:00,0,0.0,,,False
2021-09-26 20:50:00+00:00,0,0.0,,,False
2021-09-26 20:55:00+00:00,0,0.0,,,False
2021-09-26 21:00:00+00:00,0,0.0,,,False
2021-09-26 21:05:00+00:00,0,0.0,,,False
2021-09-26 21:10:00+00:00,0,0.0,,,False
2021-09-26 21:15:00+00:00,0,0.0,,,False
2021-09-26 21:20:00+00:00,0,0.0,,,False
2021-09-26 21:25:00+00:00,0,0.0,,,False
2021-09-26 21:30:00+00:00,0,0.0,,,False
2021-09-26 21:35:00+00:00,0,0.0,,,False
2021-09-26 21:40:00+00:00,0,0.0,,,False
2021-09-26 21:45:00+00:00,0,0.0,,,False
2021-09-26 21:50:00+00:00,0,0.0,,,False
2021-09-26 21:55:00+00:00,0,0.0,,,False
2021-09-26 22:00:00+00:00,0,0.0,,,False
2021-09-26 22:05:00+00:00,0,0.0,,,False
2021-09-26 22:10:00+00:00,0,0.0,,,False
2021-09-26 22:15:00+00:00,0,0.0,,,False
2021-09-26 22:20:00+00:00,0,0.0,,,False
2021-09-26 22:25:00+00:00,0,0.0,,,False
2021-09-26 22:30:00+00:00,0,0.0,,,False
2021-09-26 22:35:00+00:00,0,0.0,,,False
2021-09-26 22:40:00+00:00,0,0.0,,,False
2021-09-26 22:45:00+00:00,0,0.0,,,False
2021-09-26 22:50:00+00:00,0,0.0,,,False
2021-09-26 22:55:00+00:00,0,0.0,,,False
2021-09-26 23:00:00+00:00,0,0.0,,,False
2021-09-26 23:05:00+00:00,0,0.0,,,False
2021-09-26 23:10:00+00:00,0,0.0,,,False
2021-09-26 23:15:00+00:00,0,0.0,,,False
2021-09-26 23:20:00+00:00,0,0.0,,,False
2021-09-26 23:25:00+00:00,1,0.08333333333333333,0.28867513459481287,3.1754264805429417,True
2021-09-26 23:30:00+00:00,1,0.16666666666666666,0.38924947208076144,2.1408720964441885,False
2021-09-26 23:35:00+00:00,1,0.25,0.45226701686664544,1.6583123951777,False
2021-09-26 23:40:00+00:00,0,0.25,0.45226701686664544,-0.5527707983925666,False
2021-09-26 23:45:00+00:00,0,0.25,0.45226701686664544,-0.5527707983925666,False
2021-09-26 23:50:00+00:00,0,0.25,0.45226701686664544,-0.5527707983925666,False
2021-09-26 23:55:00+00:00,0,0.25,0.45226701686664544,-0.5527707983925666,False
2021-09-27 00:00:00+00:00,0,0.25,0.45226701686664544,-0.5527707983925666,False
2021-09-27 00:05:00+00:00,0,0.25,0.45226701686664544,-0.5527707983925666,False
2021-09-27 00:10:00+00:00,0,0.25,0.45226701686664544,-0.5527707983925666,False
2021-09-27 00:15:00+00:00,0,0.25,0.45226701686664544,-0.5527707983925666,False
2021-09-27 00:20:00+00:00,0,0.25,0.45226701686664544,-0.5527707983925666,False
2021-09-27 00:25:00+00:00,0,0.16666666666666666,0.38924947208076144,-0.42817441928883765,False
2021-09-27 00:30:00+00:00,0,0.08333333333333333,0.28867513459481287,-0.28867513459481287,False
2021-09-27 00:35:00+00:00,0,0.0,,,False
2021-09-27 00:40:00+00:00,0,0.0,,,False
2021-09-27 00:45:00+00:00,0,0.0,,,False
2021-09-27 00:50:00+00:00,0,0.0,,,False
2021-09-27 00:55:00+00:00,0,0.0,,,False
2021-09-27 01:00:00+00:00,0,0.0,,,False
2021-09-27 01:05:00+00:00,0,0.0,,,False
2021-09-27 01:10:00+00:00,0,0.0,,,False
2021-09-27 01:15:00+00:00,0,0.0,,,False
2021-09-27 01:20:00+00:00,0,0.0,,,False
2021-09-27 01:25:00+00:00,0,0.0,,,False
2021-09-27 01:30:00+00:00,0,0.0,,,False
2021-09-27 01:35:00+00:00,0,0.0,,,False
2021-09-27 01:40:00+00:00,0,0.0,,,False
2021-09-27 01:45:00+00:00,0,0.0,,,False
2021-09-27 01:50:00+00:00,0,0.0,,,False
2021-09-27 01:55:00+00:00,0,0.0,,,False
2021-09-27 02:00:00+00:00,0,0.0,,,False
2021-09-27 02:05:00+00:00,0,0.0,,,False
2021-09-27 02:10:00+00:00,0,0.0,,,False
2021-09-27 02:15:00+00:00,0,0.0,,,False
2021-09-27 02:20:00+00:00,0,0.0,,,False
2021-09-27 02:25:00+00:00,0,0.0,,,False
2021-09-27 02:30:00+00:00,0,0.0,,,False
2021-09-27 02:35:00+00:00,0,0.0,,,False
2021-09-27 02:40:00+00:00,0,0.0,,,False
2021-09-27 02:45:00+00:00,0,0.0,,,False
2021-09-27 02:50:00+00:00,0,0.0,,,False
2021-09-27 02:55:00+00:00,0,0.0,,,False
2021-09-27 03:00:00+00:00,0,0.0,,,False
2021-09-27 03:05:00+00:00,0,0.0,,,False
2021-09-27 03:10:00+00:00,0,0.0,,,False
2021-09-27 03:15:00+00:00,0,0.0,,,False
2021-09-27 03:20:00+00:00,0,0.0,,,False
2021-09-27 03:25:00+00:00,0,0.0,,,False
2021-09-27 03:30:00+00:00,0,0.0,,,False
2021-09-27 03:35:00+00:00,0,0.0,,,False
2021-09-27 03:40:00+00:00,0,0.0,,,False
2021-09-27 03:45:00+00:00,0,0.0,,,False
2021-09-27 03:50:00+00:00,0,0.0,,,False
2021-09-27 03:55:00+00:00,0,0.0,,,False
2021-09-27 04:00:00+00:00,0,0.0,,,False
2021-09-27 04:05:00+00:00,0,0.0,,,False
2021-09-27 04:10:00+00:00,0,0.0,,,False
2021-09-27 04:15:00+00:00,0,0.0,,,False
2021-09-27 04:20:00+00:00,0,0.0,,,False
2021-09-27 04:25:00+00:00,0,0.0,,,False
2021-09-27 04:30:00+00:00,0,0.0,,,False
2021-09-27 04:35:00+00:00,2,0.16666666666666666,0.5773502691896257,3.1754264805429417,True
2021-09-27 04:40:00+00:00,0,0.16666666666666666,0.5773502691896257,-0.28867513459481287,False
2021-09-27 04:45:00+00:00,0,0.16666666666666666,0.5773502691896257,-0.28867513459481287,False
2021-09-27 04:50:00+00:00,0,0.16666666666666666,0.5773502691896257,-0.28867513459481287,False
2021-09-27 04:55:00+00:00,0,0.16666666666666666,0.5773502691896257,-0.28867513459481287,False
2021-09-27 05:00:00+00:00,1,0.25,0.621581560508061,1.2065994998097656,False
2021-09-27 05:05:00+00:00,2,0.4166666666666667,0.7929614610987591,1.9967342815619353,False
2021-09-27 05:10:00+00:00,4,0.75,1.2880570286640687,2.523180206835093,False
2021-09-27 05:15:00+00:00,3,1.0,1.4142135623730951,1.414213562373095,False
2021-09-27 05:20:00+00:00,3,1.25,1.4847711791873706,1.1786327917260568,False
2021-09-27 05:25:00+00:00,5,1.6666666666666667,1.775250729197189,1.8776690404970267,False
2021-09-27 05:30:00+00:00,2,1.8333333333333333,1.6966991126265962,0.09822994862575034,False
2021-09-27 05:35:00+00:00,4,2.0,1.809068067466582,1.1055415967851332,False
2021-09-27 05:40:00+00:00,6,2.5,2.0225995873897267,1.7304463136556543,False
2021-09-27 05:45:00+00:00,12,3.5,3.261343839027654,2.6062875978554327,False
2021-09-27 05:50:00+00:00,13,4.583333333333333,4.055486369964729,2.075377870580753,False
2021-09-27 05:55:00+00:00,13,5.666666666666667,4.438126822992973,1.6523487556373835,False
2021-09-27 06:00:00+00:00,20,7.25,5.801645534595413,2.1976523598298634,False
2021-09-27 06:05:00+00:00,22,8.916666666666666,6.9210920490566465,1.8903567877148244,False
2021-09-27 06:10:00+00:00,22,10.416666666666666,7.66880734277541,1.5104478200571436,False
2021-09-27 06:15:00+00:00,21,11.916666666666666,7.844608262232014,1.1579078304094776,False
2021-09-27 06:20:00+00:00,22,13.5,7.798601273188789,1.089939041918015,False
2021-09-27 06:25:00+00:00,22,14.916666666666666,7.656943768814542,0.9250862416128185,False
2021-09-27 06:30:00+00:00,22,16.583333333333332,6.7076392451013795,0.807536969228404,False
2021-09-27 06:35:00+00:00,22,18.083333333333332,5.550730227691308,0.7056128664166247,False
2021-09-27 06:40:00+00:00,22,19.416666666666668,4.122186827695244,0.6266900170504158,False
2021-09-27 06:45:00+00:00,22,20.25,3.441062203870925,0.5085638957736327,False
2021-09-27 06:50:00+00:00,22,21.0,2.5936986577612786,0.38554980047803183,False
2021-09-27 06:55:00+00:00,22,21.75,0.6215815605080021,0.40219983326996,False
2021-09-27 07:00:00+00:00,22,21.916666666666668,0.28867513459468347,0.2886751345949382,False
2021-09-27 07:05:00+00:00,22,21.916666666666668,0.28867513459468347,0.2886751345949382,False
2021-09-27 07:10:00+00:00,22,21.916666666666668,0.28867513459468347,0.2886751345949382,False
2021-09-27 07:15:00+00:00,22,22.0,,,False
2021-09-27 07:20:00+00:00,20,21.833333333333332,0.5773502691896255,-3.175426480542941,True
2021-09-27 07:25:00+00:00,22,21.833333333333332,0.5773502691896255,0.2886751345948151,False
2021-09-27 07:30:00+00:00,22,21.833333333333332,0.5773502691896255,0.2886751345948151,False
2021-09-27 07:35:00+00:00,24,22.0,0.8528028654224418,2.345207879911715,False
2021-09-27 07:40:00+00:00,24,22.166666666666668,1.0298573010888743,1.7801819061679107,False
2021-09-27 07:45:00+00:00,24,22.333333333333332,1.154700538379251,1.443375672974066,False
2021-09-27 07:50:00+00:00,24,22.5,1.2431631210161214,1.2065994998097662,False
2021-09-27 07:55:00+00:00,24,22.666666666666668,1.3026778945578579,1.0235326314383182,False
2021-09-27 08:00:00+00:00,24,22.833333333333332,1.3371158468430409,0.8725247475162252,False
2021-09-27 08:05:00+00:00,24,23.0,1.3483997249264812,0.741619848709568,False
2021-09-27 08:10:00+00:00,24,23.166666666666668,1.3371158468430393,0.6232319625115886,False
2021-09-27 08:15:00+00:00,24,23.333333333333332,1.302677894557855,0.5117663157191615,False
2021-09-27 08:20:00+00:00,24,23.666666666666668,0.7784989441615143,0.42817441928884087,False
2021-09-27 08:25:00+00:00,24,23.833333333333332,0.5773502691896126,0.2886751345948215,False
2021-09-27 08:30:00+00:00,24,24.0,,,False
2021-09-27 08:35:00+00:00,26,24.166666666666668,0.5773502691896255,3.175426480542941,True
2021-09-27 08:40:00+00:00,25,24.25,0.6215815605080608,1.206599499809766,False
2021-09-27 08:45:00+00:00,25,24.333333333333332,0.6513389472789292,1.0235326314383204,False
2021-09-27 08:50:00+00:00,25,24.416666666666668,0.6685579234215207,0.8725247475162222,False
2021-09-27 08:55:00+00:00,25,24.5,0.6741998624632405,0.7416198487095681,False
2021-09-27 09:00:00+00:00,25,24.583333333333332,0.6685579234215189,0.623231962511592,False
2021-09-27 09:05:00+00:00,24,24.583333333333332,0.6685579234215189,-0.8725247475162246,False
2021-09-27 09:10:00+00:00,24,24.583333333333332,0.6685579234215189,-0.8725247475162246,False
2021-09-27 09:15:00+00:00,24,24.583333333333332,0.6685579234215189,-0.8725247475162246,False
2021-09-27 09:20:00+00:00,24,24.583333333333332,0.6685579234215189,-0.8725247475162246,False
2021-09-27 09:25:00+00:00,22,24.416666666666668,0.9962049198956222,-2.4258730492114764,False
2021-09-27 09:30:00+00:00,23,24.333333333333332,1.073086739977321,-1.2425214883947884,False
2021-09-27 09:35:00+00:00,23,24.083333333333332,0.9962049198956271,-1.0874603324051377,False
2021-09-27 09:40:00+00:00,23,23.916666666666668,0.9962049198956294,-0.9201587428043473,False
2021-09-27 09:45:00+00:00,23,23.75,0.9653072991634326,-0.7769546554242104,False
2021-09-27 09:50:00+00:00,23,23.583333333333332,0.9003366373785326,-0.6479058044686442,False
2021-09-27 09:55:00+00:00,24,23.5,0.797724035217481,0.6267831705279966,False
2021-09-27 10:00:00+00:00,21,23.166666666666668,0.9374368665611075,-2.311266757210932,False
2021-09-27 10:05:00+00:00,20,22.833333333333332,1.2673044646258604,-2.235716366839915,False
2021-09-27 10:10:00+00:00,23,22.75,1.215431087011008,0.20568833780185825,False
2021-09-27 10:15:00+00:00,22,22.583333333333332,1.1645001528813306,-0.5009302333623457,False
2021-09-27 10:20:00+00:00,22,22.416666666666668,1.0836246694508493,-0.384511979482548,False
2021-09-27 10:25:00+00:00,16,21.916666666666668,2.1514618004482258,-2.750068193371603,False
2021-09-27 10:30:00+00:00,16,21.333333333333332,2.7080128015453298,-1.9694638556693163,False
2021-09-27 10:35:00+00:00,17,20.833333333333332,2.9180732539042897,-1.3136521943732746,False
2021-09-27 10:40:00+00:00,17,20.333333333333332,3.025147128903851,-1.1018747820510637,False
2021-09-27 10:45:00+00:00,17,19.833333333333332,3.0401355631656153,-0.9319759841179762,False
2021-09-27 10:50:00+00:00,17,19.333333333333332,2.9644356609444,-0.7871087789404027,False
2021-09-27 10:55:00+00:00,17,18.75,2.6328346286499396,-0.6646828406755505,False
2021-09-27 11:00:00+00:00,14,18.166666666666668,2.855085839605395,-1.4593840258205857,False
2021-09-27 11:05:00+00:00,14,17.666666666666668,3.025147128903858,-1.2120622602561681,False
2021-09-27 11:10:00+00:00,14,16.916666666666668,2.6784776318353942,-1.0889270203343298,False
2021-09-27 11:15:00+00:00,15,16.333333333333332,2.1881222058831438,-0.6093504877142765,False
2021-09-27 11:20:00+00:00,13,15.583333333333334,1.5050420310249342,-1.7164526173226424,False
2021-09-27 11:25:00+00:00,13,15.333333333333334,1.6696942198734883,-1.3974614666331713,False
2021-09-27 11:30:00+00:00,13,15.083333333333334,1.781640374554466,-1.1693343747075289,False
2021-09-27 11:35:00+00:00,13,14.75,1.7645499039801973,-0.9917543255946585,False
2021-09-27 11:40:00+00:00,13,14.416666666666666,1.6764862244009724,-0.8450213583907361,False
2021-09-27 11:45:00+00:00,13,14.083333333333334,1.5050420310249442,-0.7198027104901359,False
2021-09-27 11:50:00+00:00,13,13.75,1.215431087011069,-0.6170650134055439,False
2021-09-27 11:55:00+00:00,13,13.416666666666666,0.6685579234216626,-0.6232319625114553,False
2021-09-27 12:00:00+00:00,13,13.333333333333334,0.6513389472790758,-0.511766315719045,False
2021-09-27 12:05:00+00:00,13,13.25,0.6215815605082156,-0.4021998332698219,False
2021-09-27 12:10:00+00:00,13,13.166666666666666,0.5773502691897936,-0.28867513459472793,False
2021-09-27 12:15:00+00:00,13,13.0,4.442718400992548e-07,0.0,False
2021-09-27 12:20:00+00:00,13,13.0,4.442718400992548e-07,0.0,False
2021-09-27 12:25:00+00:00,13,13.0,4.442718400992548e-07,0.0,False
2021-09-27 12:30:00+00:00,14,13.083333333333334,0.28867513459515115,3.1754264805392185,True
2021-09-27 12:35:00+00:00,14,13.166666666666666,0.38924947208101,2.140872096442823,False
2021-09-27 12:40:00+00:00,14,13.25,0.45226701686685744,1.6583123951769225,False
2021-09-27 12:45:00+00:00,14,13.333333333333334,0.492365963917524,1.354006400772128,False
2021-09-27 12:50:00+00:00,14,13.416666666666666,0.5149286505446201,1.1328430311973607,False
2021-09-27 12:55:00+00:00,14,13.5,0.522232967867272,0.9574271077560108,False
2021-09-27 13:00:00+00:00,15,13.666666666666666,0.6513389472790696,2.0470652628761967,False
2021-09-27 13:05:00+00:00,13,13.666666666666666,0.6513389472790696,-1.023532631438097,False
2021-09-27 13:10:00+00:00,14,13.75,0.621581560508206,0.40219983326982806,False
2021-09-27 13:15:00+00:00,14,13.833333333333334,0.5773502691897798,0.2886751345947348,False
2021-09-27 13:20:00+00:00,14,13.916666666666666,0.5149286505446078,0.16183471874248495,False
2021-09-27 13:25:00+00:00,14,14.0,0.4264014327114243,0.0,False
2021-09-27 13:30:00+00:00,14,14.0,0.4264014327114243,0.0,False
2021-09-27 13:35:00+00:00,14,14.0,0.4264014327114243,0.0,False
2021-09-27 13:40:00+00:00,13,13.916666666666666,0.5149286505446078,-1.7801819061673207,False
2021-09-27 13:45:00+00:00,6,13.25,2.3403573930647688,-3.0978174621893566,True
2021-09-27 13:50:00+00:00,2,12.25,3.9800639556305266,-2.575335500702069,False
2021-09-27 13:55:00+00:00,2,11.25,4.901298529239728,-1.8872549682124395,False
2021-09-27 14:00:00+00:00,2,10.166666666666666,5.40762648880491,-1.5102127862517196,False
2021-09-27 14:05:00+00:00,2,9.25,5.8016455345954405,-1.249645459511093,False
2021-09-27 14:10:00+00:00,2,8.25,5.9409977735608415,-1.0520118401347174,False
2021-09-27 14:15:00+00:00,2,7.25,5.894913061275828,-0.890598376163965,False
2021-09-27 14:20:00+00:00,2,6.25,5.658862719021169,-0.7510342998274988,False
2021-09-27 14:25:00+00:00,2,5.25,5.207075605715436,-0.6241507222274066,False
2021-09-27 14:30:00+00:00,2,4.25,4.47467621987644,-0.5028296773754347,False
2021-09-27 14:35:00+00:00,2,3.25,3.2787192621510712,-0.3812464258315034,False
2021-09-27 14:40:00+00:00,2,2.3333333333333335,1.1547005383794635,-0.28867513459476,False
2021-09-27 14:45:00+00:00,2,2.0,7.057094749071109e-07,0.0,False
2021-09-27 14:50:00+00:00,2,2.0,7.057094749071109e-07,0.0,False
2021-09-27 14:55:00+00:00,2,2.0,7.057094749071109e-07,0.0,False
2021-09-27 15:00:00+00:00,2,2.0,7.057094749071109e-07,0.0,False
2021-09-27 15:05:00+00:00,2,2.0,7.057094749071109e-07,0.0,False
2021-09-27 15:10:00+00:00,2,2.0,7.057094749071109e-07,0.0,False
2021-09-27 15:15:00+00:00,2,2.0,7.057094749071109e-07,0.0,False
2021-09-27 15:20:00+00:00,2,2.0,7.057094749071109e-07,0.0,False
2021-09-27 15:25:00+00:00,2,2.0,7.057094749071109e-07,0.0,False
2021-09-27 15:30:00+00:00,0,1.8333333333333333,0.577350269190061,-3.1754264805405477,True
2021-09-27 15:35:00+00:00,0,1.6666666666666667,0.7784989441618487,-2.1408720964432923,False
2021-09-27 15:40:00+00:00,0,1.5,0.9045340337335738,-1.6583123951771812,False
2021-09-27 15:45:00+00:00,0,1.3333333333333333,0.9847319278349239,-1.3540064007722996,False
2021-09-27 15:50:00+00:00,0,1.1666666666666667,1.0298573010891272,-1.132843031197484,False
2021-09-27 15:55:00+00:00,0,1.0,1.0444659357344386,-0.9574271077561075,False
2021-09-27 16:00:00+00:00,0,0.8333333333333334,1.0298573010891316,-0.809173593712485,False
2021-09-27 16:05:00+00:00,0,0.6666666666666666,0.9847319278349332,-0.6770032003861434,False
2021-09-27 16:10:00+00:00,0,0.5,0.9045340337335888,-0.5527707983923846,False
2021-09-27 16:15:00+00:00,0,0.3333333333333333,0.7784989441618719,-0.4281744192886457,False
2021-09-27 16:20:00+00:00,0,0.16666666666666666,0.5773502691901002,-0.2886751345945756,False
2021-09-27 16:25:00+00:00,0,0.0,7.432406106417544e-07,0.0,False
2021-09-27 16:30:00+00:00,0,0.0,7.432406106417544e-07,0.0,False
2021-09-27 16:35:00+00:00,0,0.0,7.432406106417544e-07,0.0,False
2021-09-27 16:40:00+00:00,0,0.0,7.432406106417544e-07,0.0,False
2021-09-27 16:45:00+00:00,0,0.0,7.432406106417544e-07,0.0,False
2021-09-27 16:50:00+00:00,0,0.0,7.432406106417544e-07,0.0,False
2021-09-27 16:55:00+00:00,0,0.0,7.432406106417544e-07,0.0,False
2021-09-27 17:00:00+00:00,0,0.0,7.432406106417544e-07,0.0,False
2021-09-27 17:05:00+00:00,0,0.0,7.432406106417544e-07,0.0,False
2021-09-27 17:10:00+00:00,0,0.0,7.432406106417544e-07,0.0,False
2021-09-27 17:15:00+00:00,0,0.0,7.432406106417544e-07,0.0,False
2021-09-27 17:20:00+00:00,0,0.0,7.432406106417544e-07,0.0,False
2021-09-27 17:25:00+00:00,0,0.0,7.432406106417544e-07,0.0,False
2021-09-27 17:30:00+00:00,0,0.0,7.432406106417544e-07,0.0,False
2021-09-27 17:35:00+00:00,0,0.0,7.432406106417544e-07,0.0,False
2021-09-27 17:40:00+00:00,0,0.0,7.432406106417544e-07,0.0,False
2021-09-27 17:45:00+00:00,0,0.0,7.432406106417544e-07,0.0,False
2021-09-27 17:50:00+00:00,0,0.0,7.432406106417544e-07,0.0,False
2021-09-27 17:55:00+00:00,0,0.0,7.432406106417544e-07,0.0,False
2021-09-27 18:00:00+00:00,0,0.0,7.432406106417544e-07,0.0,False
2021-09-27 18:05:00+00:00,0,0.0,7.432406106417544e-07,0.0,False
2021-09-27 18:10:00+00:00,0,0.0,7.432406106417544e-07,0.0,False
2021-09-27 18:15:00+00:00,0,0.0,7.432406106417544e-07,0.0,False
2021-09-27 18:20:00+00:00,0,0.0,7.432406106417544e-07,0.0,False
2021-09-27 18:25:00+00:00,0,0.0,7.432406106417544e-07,0.0,False
2021-09-27 18:30:00+00:00,0,0.0,7.432406106417544e-07,0.0,False
2021-09-27 18:35:00+00:00,0,0.0,7.432406106417544e-07,0.0,False
2021-09-27 18:40:00+00:00,0,0.0,7.432406106417544e-07,0.0,False
2021-09-27 18:45:00+00:00,0,0.0,7.432406106417544e-07,0.0,False
2021-09-27 18:50:00+00:00,0,0.0,7.432406106417544e-07,0.0,False
2021-09-27 18:55:00+00:00,0,0.0,7.432406106417544e-07,0.0,False
2021-09-27 19:00:00+00:00,0,0.0,7.432406106417544e-07,0.0,False
2021-09-27 19:05:00+00:00,0,0.0,7.432406106417544e-07,0.0,False
2021-09-27 19:10:00+00:00,0,0.0,7.432406106417544e-07,0.0,False
2021-09-27 19:15:00+00:00,0,0.0,7.432406106417544e-07,0.0,False
2021-09-27 19:20:00+00:00,0,0.0,7.432406106417544e-07,0.0,False
2021-09-27 19:25:00+00:00,0,0.0,7.432406106417544e-07,0.0,False
2021-09-27 19:30:00+00:00,0,0.0,7.432406106417544e-07,0.0,False
2021-09-27 19:35:00+00:00,0,0.0,7.432406106417544e-07,0.0,False
2021-09-27 19:40:00+00:00,0,0.0,7.432406106417544e-07,0.0,False
2021-09-27 19:45:00+00:00,0,0.0,7.432406106417544e-07,0.0,False
2021-09-27 19:50:00+00:00,0,0.0,7.432406106417544e-07,0.0,False
2021-09-27 19:55:00+00:00,0,0.0,7.432406106417544e-07,0.0,False
2021-09-27 20:00:00+00:00,0,0.0,7.432406106417544e-07,0.0,False
2021-09-27 20:05:00+00:00,0,0.0,7.432406106417544e-07,0.0,False
2021-09-27 20:10:00+00:00,0,0.0,7.432406106417544e-07,0.0,False
2021-09-27 20:15:00+00:00,0,0.0,7.432406106417544e-07,0.0,False
2021-09-27 20:20:00+00:00,0,0.0,7.432406106417544e-07,0.0,False
2021-09-27 20:25:00+00:00,0,0.0,7.432406106417544e-07,0.0,False
2021-09-27 20:30:00+00:00,0,0.0,7.432406106417544e-07,0.0,False
2021-09-27 20:35:00+00:00,0,0.0,7.432406106417544e-07,0.0,False
2021-09-27 20:40:00+00:00,0,0.0,7.432406106417544e-07,0.0,False
2021-09-27 20:45:00+00:00,0,0.0,7.432406106417544e-07,0.0,False
2021-09-27 20:50:00+00:00,0,0.0,7.432406106417544e-07,0.0,False
2021-09-27 20:55:00+00:00,0,0.0,7.432406106417544e-07,0.0,False
2021-09-27 21:00:00+00:00,0,0.0,7.432406106417544e-07,0.0,False
2021-09-27 21:05:00+00:00,0,0.0,7.432406106417544e-07,0.0,False
2021-09-27 21:10:00+00:00,0,0.0,7.432406106417544e-07,0.0,False
2021-09-27 21:15:00+00:00,0,0.0,7.432406106417544e-07,0.0,False
2021-09-27 21:20:00+00:00,0,0.0,7.432406106417544e-07,0.0,False
2021-09-27 21:25:00+00:00,0,0.0,7.432406106417544e-07,0.0,False
2021-09-27 21:30:00+00:00,0,0.0,7.432406106417544e-07,0.0,False
2021-09-27 21:35:00+00:00,0,0.0,7.432406106417544e-07,0.0,False
2021-09-27 21:40:00+00:00,0,0.0,7.432406106417544e-07,0.0,False
2021-09-27 21:45:00+00:00,0,0.0,7.432406106417544e-07,0.0,False
2021-09-27 21:50:00+00:00,0,0.0,7.432406106417544e-07,0.0,False
2021-09-27 21:55:00+00:00,0,0.0,7.432406106417544e-07,0.0,False
2021-09-27 22:00:00+00:00,0,0.0,7.432406106417544e-07,0.0,False
2021-09-27 22:05:00+00:00,0,0.0,7.432406106417544e-07,0.0,False
2021-09-27 22:10:00+00:00,0,0.0,7.432406106417544e-07,0.0,False
2021-09-27 22:15:00+00:00,0,0.0,7.432406106417544e-07,0.0,False
2021-09-27 22:20:00+00:00,0,0.0,7.432406106417544e-07,0.0,False
2021-09-27 22:25:00+00:00,0,0.0,7.432406106417544e-07,0.0,False
2021-09-27 22:30:00+00:00,0,0.0,7.432406106417544e-07,0.0,False
2021-09-27 22:35:00+00:00,0,0.0,7.432406106417544e-07,0.0,False
2021-09-27 22:40:00+00:00,0,0.0,7.432406106417544e-07,0.0,False
2021-09-27 22:45:00+00:00,0,0.0,7.432406106417544e-07,0.0,False
2021-09-27 22:50:00+00:00,0,0.0,7.432406106417544e-07,0.0,False
2021-09-27 22:55:00+00:00,0,0.0,7.432406106417544e-07,0.0,False
2021-09-27 23:00:00+00:00,0,0.0,7.432406106417544e-07,0.0,False
2021-09-27 23:05:00+00:00,0,0.0,7.432406106417544e-07,0.0,False
2021-09-27 23:10:00+00:00,0,0.0,7.432406106417544e-07,0.0,False
2021-09-27 23:15:00+00:00,0,0.0,7.432406106417544e-07,0.0,False
2021-09-27 23:20:00+00:00,0,0.0,7.432406106417544e-07,0.0,False
2021-09-27 23:25:00+00:00,1,0.08333333333333333,0.28867513459576577,3.17542648053246,True
2021-09-27 23:30:00+00:00,1,0.16666666666666666,0.38924947208146526,2.1408720964403174,False
2021-09-27 23:35:00+00:00,0,0.16666666666666666,0.38924947208146526,-0.42817441928806343,False
2021-09-27 23:40:00+00:00,0,0.16666666666666666,0.38924947208146526,-0.42817441928806343,False
2021-09-27 23:45:00+00:00,0,0.16666666666666666,0.38924947208146526,-0.42817441928806343,False
2021-09-27 23:50:00+00:00,0,0.16666666666666666,0.38924947208146526,-0.42817441928806343,False
2021-09-27 23:55:00+00:00,0,0.16666666666666666,0.38924947208146526,-0.42817441928806343,False
2021-09-28 00:00:00+00:00,0,0.16666666666666666,0.38924947208146526,-0.42817441928806343,False
2021-09-28 00:05:00+00:00,0,0.16666666666666666,0.38924947208146526,-0.42817441928806343,False
2021-09-28 00:10:00+00:00,0,0.16666666666666666,0.38924947208146526,-0.42817441928806343,False
2021-09-28 00:15:00+00:00,0,0.16666666666666666,0.38924947208146526,-0.42817441928806343,False
2021-09-28 00:20:00+00:00,0,0.16666666666666666,0.38924947208146526,-0.42817441928806343,False
2021-09-28 00:25:00+00:00,0,0.08333333333333333,0.28867513459576577,-0.28867513459385996,False
2021-09-28 00:30:00+00:00,0,0.0,7.43233820792986e-07,0.0,False
2021-09-28 00:35:00+00:00,1,0.08333333333333333,0.28867513459576577,3.17542648053246,True
2021-09-28 00:40:00+00:00,1,0.16666666666666666,0.38924947208146526,2.1408720964403174,False
2021-09-28 00:45:00+00:00,0,0.16666666666666666,0.38924947208146526,-0.42817441928806343,False
2021-09-28 00:50:00+00:00,1,0.25,0.4522670168672486,1.6583123951754883,False
2021-09-28 00:55:00+00:00,1,0.3333333333333333,0.4923659639178827,1.354006400771143,False
2021-09-28 01:00:00+00:00,0,0.3333333333333333,0.4923659639178827,-0.6770032003855714,False
2021-09-28 01:05:00+00:00,0,0.3333333333333333,0.4923659639178827,-0.6770032003855714,False
2021-09-28 01:10:00+00:00,0,0.3333333333333333,0.4923659639178827,-0.6770032003855714,False
2021-09-28 01:15:00+00:00,0,0.3333333333333333,0.4923659639178827,-0.6770032003855714,False
2021-09-28 01:20:00+00:00,0,0.3333333333333333,0.4923659639178827,-0.6770032003855714,False
2021-09-28 01:25:00+00:00,0,0.3333333333333333,0.4923659639178827,-0.6770032003855714,False
2021-09-28 01:30:00+00:00,0,0.3333333333333333,0.4923659639178827,-0.6770032003855714,False
2021-09-28 01:35:00+00:00,0,0.25,0.4522670168672486,-0.5527707983918295,False
2021-09-28 01:40:00+00:00,0,0.16666666666666666,0.3892494720814652,-0.4281744192880635,False
2021-09-28 01:45:00+00:00,0,0.16666666666666666,0.3892494720814652,-0.4281744192880635,False
2021-09-28 01:50:00+00:00,0,0.08333333333333333,0.2886751345957657,-0.28867513459386,False
2021-09-28 01:55:00+00:00,0,0.0,7.43233820792986e-07,0.0,False
2021-09-28 02:00:00+00:00,0,0.0,7.43233820792986e-07,0.0,False
2021-09-28 02:05:00+00:00,0,0.0,7.43233820792986e-07,0.0,False
2021-09-28 02:10:00+00:00,0,0.0,7.43233820792986e-07,0.0,False
2021-09-28 02:15:00+00:00,0,0.0,7.43233820792986e-07,0.0,False
2021-09-28 02:20:00+00:00,0,0.0,7.43233820792986e-07,0.0,False
2021-09-28 02:25:00+00:00,0,0.0,7.43233820792986e-07,0.0,False
2021-09-28 02:30:00+00:00,0,0.0,7.43233820792986e-07,0.0,False
2021-09-28 02:35:00+00:00,0,0.0,7.43233820792986e-07,0.0,False
2021-09-28 02:40:00+00:00,0,0.0,7.43233820792986e-07,0.0,False
2021-09-28 02:45:00+00:00,0,0.0,7.43233820792986e-07,0.0,False
2021-09-28 02:50:00+00:00,0,0.0,7.43233820792986e-07,0.0,False
2021-09-28 02:55:00+00:00,0,0.0,7.43233820792986e-07,0.0,False
2021-09-28 03:00:00+00:00,0,0.0,7.43233820792986e-07,0.0,False
2021-09-28 03:05:00+00:00,0,0.0,7.43233820792986e-07,0.0,False
2021-09-28 03:10:00+00:00,0,0.0,7.43233820792986e-07,0.0,False
2021-09-28 03:15:00+00:00,0,0.0,7.43233820792986e-07,0.0,False
2021-09-28 03:20:00+00:00,0,0.0,7.43233820792986e-07,0.0,False
2021-09-28 03:25:00+00:00,0,0.0,7.43233820792986e-07,0.0,False
2021-09-28 03:30:00+00:00,0,0.0,7.43233820792986e-07,0.0,False
2021-09-28 03:35:00+00:00,0,0.0,7.43233820792986e-07,0.0,False
2021-09-28 03:40:00+00:00,0,0.0,7.43233820792986e-07,0.0,False
2021-09-28 03:45:00+00:00,0,0.0,7.43233820792986e-07,0.0,False
2021-09-28 03:50:00+00:00,1,0.08333333333333333,0.2886751345957657,3.1754264805324603,True
2021-09-28 03:55:00+00:00,1,0.16666666666666666,0.38924947208146526,2.1408720964403174,False
2021-09-28 04:00:00+00:00,1,0.25,0.4522670168672486,1.6583123951754883,False
2021-09-28 04:05:00+00:00,1,0.3333333333333333,0.4923659639178827,1.354006400771143,False
2021-09-28 04:10:00+00:00,1,0.4166666666666667,0.5149286505449625,1.1328430311966062,False
2021-09-28 04:15:00+00:00,1,0.5,0.5222329678676093,0.9574271077553925,False
2021-09-28 04:20:00+00:00,1,0.5833333333333334,0.5149286505449582,0.8091735937118684,False
2021-09-28 04:25:00+00:00,1,0.6666666666666666,0.4923659639178734,0.6770032003855841,False
2021-09-28 04:30:00+00:00,1,0.75,0.45226701686723353,0.5527707983918478,False
2021-09-28 04:35:00+00:00,1,0.8333333333333334,0.38924947208144184,0.42817441928808914,False
2021-09-28 04:40:00+00:00,1,0.9166666666666666,0.28867513459572636,0.28867513459389954,False
2021-09-28 04:45:00+00:00,1,1.0,7.246205441665134e-07,0.0,False
2021-09-28 04:50:00+00:00,1,1.0,7.246205441665134e-07,0.0,False
2021-09-28 04:55:00+00:00,1,1.0,7.246205441665134e-07,0.0,False
2021-09-28 05:00:00+00:00,1,1.0,7.246205441665134e-07,0.0,False
2021-09-28 05:05:00+00:00,1,1.0,7.246205441665134e-07,0.0,False
2021-09-28 05:10:00+00:00,1,1.0,7.246205441665134e-07,0.0,False
2021-09-28 05:15:00+00:00,1,1.0,7.246205441665134e-07,0.0,False
2021-09-28 05:20:00+00:00,1,1.0,7.246205441665134e-07,0.0,False
2021-09-28 05:25:00+00:00,1,1.0,7.246205441665134e-07,0.0,False
2021-09-28 05:30:00+00:00,3,1.1666666666666667,0.5773502691900765,3.175426480540463,True
2021-09-28 05:35:00+00:00,2,1.25,0.6215815605084779,1.2065994998089564,False
2021-09-28 05:40:00+00:00,2,1.3333333333333333,0.6513389472793256,1.0235326314376958,False
2021-09-28 05:45:00+00:00,2,1.4166666666666667,0.6685579234219056,0.8725247475157215,False
2021-09-28 05:50:00+00:00,1,1.4166666666666667,0.6685579234219056,-0.6232319625112299,False
2021-09-28 05:55:00+00:00,0,1.3333333333333333,0.7784989441618544,-1.7126976771546214,False
2021-09-28 06:00:00+00:00,1,1.3333333333333333,0.7784989441618544,-0.42817441928865524,False
2021-09-28 06:05:00+00:00,1,1.3333333333333333,0.7784989441618544,-0.42817441928865524,False
2021-09-28 06:10:00+00:00,1,1.3333333333333333,0.7784989441618544,-0.42817441928865524,False
2021-09-28 06:15:00+00:00,1,1.3333333333333333,0.7784989441618544,-0.42817441928865524,False
2021-09-28 06:20:00+00:00,1,1.3333333333333333,0.7784989441618544,-0.42817441928865524,False
2021-09-28 06:25:00+00:00,1,1.3333333333333333,0.7784989441618544,-0.42817441928865524,False
2021-09-28 06:30:00+00:00,1,1.1666666666666667,0.5773502691900765,-0.28867513459458766,False
2021-09-28 06:35:00+00:00,1,1.0833333333333333,0.5149286505449449,-0.16183471874237773,False
2021-09-28 06:40:00+00:00,1,1.0,0.4264014327118365,0.0,False
2021-09-28 06:45:00+00:00,1,0.9166666666666666,0.2886751345957262,0.2886751345938997,False
2021-09-28 06:50:00+00:00,3,1.0833333333333333,0.6685579234219123,2.866867027551628,False
2021-09-28 06:55:00+00:00,3,1.3333333333333333,0.7784989441618542,2.1408720964432777,False
2021-09-28 07:00:00+00:00,4,1.5833333333333333,1.0836246694510665,2.2301694809983252,False
2021-09-28 07:05:00+00:00,4,1.8333333333333333,1.2673044646260456,1.70966545699498,False
2021-09-28 07:10:00+00:00,4,2.0833333333333335,1.3789543689026287,1.38994205311663,False
2021-09-28 07:15:00+00:00,4,2.3333333333333335,1.435481125130717,1.1610509100319222,False
2021-09-28 07:20:00+00:00,3,2.5,1.38169855941569,0.36187343222782703,False
2021-09-28 07:25:00+00:00,4,2.75,1.356801050600112,0.9212846639874918,False
2021-09-28 07:30:00+00:00,5,3.0833333333333335,1.3789543689026187,1.38994205311664,False
2021-09-28 07:35:00+00:00,5,3.4166666666666665,1.3113721705516816,1.207386712093517,False
2021-09-28 07:40:00+00:00,5,3.75,1.13818036595919,1.0982442127672578,False
2021-09-28 07:45:00+00:00,5,4.083333333333333,0.7929614610990379,1.1560040577459776,False
2021-09-28 07:50:00+00:00,5,4.25,0.7537783614446996,0.9949874371062365,False
2021-09-28 07:55:00+00:00,5,4.416666666666667,0.6685579234218458,0.8725247475157992,False
2021-09-28 08:00:00+00:00,5,4.5,0.6741998624635622,0.7416198487092142,False
2021-09-28 08:05:00+00:00,5,4.583333333333333,0.6685579234218427,0.6232319625112888,False
2021-09-28 08:10:00+00:00,5,4.666666666666667,0.6513389472792576,0.5117663157189009,False
2021-09-28 08:15:00+00:00,5,4.75,0.6215815605084029,0.4021998332697007,False
2021-09-28 08:20:00+00:00,5,4.916666666666667,0.28867513459554117,0.28867513459408356,False
2021-09-28 08:25:00+00:00,5,5.0,6.467547169773166e-07,0.0,False
2021-09-28 08:30:00+00:00,5,5.0,6.467547169773166e-07,0.0,False
2021-09-28 08:35:00+00:00,5,5.0,6.467547169773166e-07,0.0,False
2021-09-28 08:40:00+00:00,5,5.0,6.467547169773166e-07,0.0,False
2021-09-28 08:45:00+00:00,3,4.833333333333333,0.5773502691899919,-3.1754264805409274,True
2021-09-28 08:50:00+00:00,3,4.666666666666667,0.7784989441617973,-2.140872096443434,False
2021-09-28 08:55:00+00:00,2,4.416666666666667,1.083624669451032,-2.2301694809983963,False
2021-09-28 09:00:00+00:00,2,4.166666666666667,1.2673044646260214,-1.7096654569950127,False
2021-09-28 09:05:00+00:00,2,3.9166666666666665,1.3789543689026116,-1.3899420531166473,False
2021-09-28 09:10:00+00:00,2,3.6666666666666665,1.4354811251307054,-1.1610509100319315,False
2021-09-28 09:15:00+00:00,1,3.3333333333333335,1.556997888323195,-1.4986104675107883,False
2021-09-28 09:20:00+00:00,0,2.9166666666666665,1.7298624923457697,-1.6860685051975073,False
2021-09-28 09:25:00+00:00,1,2.5833333333333335,1.6764862244010672,-0.9444356358484168,False
2021-09-28 09:30:00+00:00,1,2.25,1.5447859516334717,-0.8091735937126032,False
2021-09-28 09:35:00+00:00,1,1.9166666666666667,1.3113721705516985,-0.6990133596330796,False
2021-09-28 09:40:00+00:00,2,1.6666666666666667,0.8876253645988823,0.37553380809928355,False
2021-09-28 09:45:00+00:00,2,1.5833333333333333,0.7929614610990826,0.5254563898845056,False
2021-09-28 09:50:00+00:00,1,1.4166666666666667,0.6685579234219087,-0.6232319625112269,False
2021-09-28 09:55:00+00:00,1,1.3333333333333333,0.651338947279329,-0.5117663157188451,False
2021-09-28 10:00:00+00:00,1,1.25,0.6215815605084815,-0.4021998332696498,False
2021-09-28 10:05:00+00:00,2,1.25,0.6215815605084815,1.2065994998089495,False
2021-09-28 10:10:00+00:00,2,1.25,0.6215815605084815,1.2065994998089495,False
2021-09-28 10:15:00+00:00,2,1.3333333333333333,0.651338947279329,1.0235326314376905,False
2021-09-28 10:20:00+00:00,2,1.5,0.522232967867587,0.9574271077554334,False
2021-09-28 10:25:00+00:00,3,1.6666666666666667,0.6513389472793215,2.047065262875404,False
2021-09-28 10:30:00+00:00,3,1.8333333333333333,0.7177405625656257,1.6254712740440862,False
2021-09-28 10:35:00+00:00,4,2.0833333333333335,0.9003366373787968,2.1288333575392104,False
2021-09-28 10:40:00+00:00,4,2.25,1.0552897060224067,1.6583123951773322,False
2021-09-28 10:45:00+00:00,4,2.4166666666666665,1.1645001528815249,1.359667776269,False
2021-09-28 10:50:00+00:00,4,2.6666666666666665,1.1547005383794602,1.154700538379043,False
2021-09-28 10:55:00+00:00,4,2.9166666666666665,1.0836246694510507,0.9997311466544363,False
2021-09-28 11:00:00+00:00,4,3.1666666666666665,0.9374368665613413,0.8889487527732133,False
2021-09-28 11:05:00+00:00,4,3.3333333333333335,0.8876253645988551,0.7510676161985901,False
2021-09-28 11:10:00+00:00,4,3.5,0.7977240352177526,0.6267831705277832,False
2021-09-28 11:15:00+00:00,4,3.6666666666666665,0.6513389472792774,0.5117663157188859,False
2021-09-28 11:20:00+00:00,4,3.8333333333333335,0.38924947208133764,0.4281744192882035,False
2021-09-28 11:25:00+00:00,4,3.9166666666666665,0.2886751345955858,0.2886751345940405,False
2021-09-28 11:30:00+00:00,4,4.0,6.662562900677938e-07,0.0,False
2021-09-28 11:35:00+00:00,4,4.0,6.662562900677938e-07,0.0,False
2021-09-28 11:40:00+00:00,4,4.0,6.662562900677938e-07,0.0,False
2021-09-28 11:45:00+00:00,4,4.0,6.662562900677938e-07,0.0,False
2021-09-28 11:50:00+00:00,2,3.8333333333333335,0.5773502691900143,-3.175426480540805,True
2021-09-28 11:55:00+00:00,4,3.8333333333333335,0.5773502691900143,0.28867513459461835,False
2021-09-28 12:00:00+00:00,4,3.8333333333333335,0.5773502691900143,0.28867513459461835,False
2021-09-28 12:05:00+00:00,4,3.8333333333333335,0.5773502691900143,0.28867513459461835,False
2021-09-28 12:10:00+00:00,4,3.8333333333333335,0.5773502691900143,0.28867513459461835,False
2021-09-28 12:15:00+00:00,4,3.8333333333333335,0.5773502691900143,0.28867513459461835,False
2021-09-28 12:20:00+00:00,4,3.8333333333333335,0.5773502691900143,0.28867513459461835,False
2021-09-28 12:25:00+00:00,4,3.8333333333333335,0.5773502691900143,0.28867513459461835,False
2021-09-28 12:30:00+00:00,4,3.8333333333333335,0.5773502691900143,0.28867513459461835,False
2021-09-28 12:35:00+00:00,4,3.8333333333333335,0.5773502691900143,0.28867513459461835,False
2021-09-28 12:40:00+00:00,4,3.8333333333333335,0.5773502691900143,0.28867513459461835,False
2021-09-28 12:45:00+00:00,4,3.8333333333333335,0.5773502691900143,0.28867513459461835,False
2021-09-28 12:50:00+00:00,4,4.0,6.662487156597846e-07,0.0,False
2021-09-28 12:55:00+00:00,4,4.0,6.662487156597846e-07,0.0,False
2021-09-28 13:00:00+00:00,4,4.0,6.662487156597846e-07,0.0,False
2021-09-28 13:05:00+00:00,4,4.0,6.662487156597846e-07,0.0,False
2021-09-28 13:10:00+00:00,4,4.0,6.662487156597846e-07,0.0,False
2021-09-28 13:15:00+00:00,3,3.9166666666666665,0.28867513459558586,-3.1754264805344383,True
2021-09-28 13:20:00+00:00,2,3.75,0.6215815605084238,-2.81539883288781,False
2021-09-28 13:25:00+00:00,1,3.5,1.0000000000002292,-2.499999999999427,False
2021-09-28 13:30:00+00:00,0,3.1666666666666665,1.4034589305346408,-2.256330126782079,False
2021-09-28 13:35:00+00:00,0,2.8333333333333335,1.6422453217988398,-1.7252801976198238,False
2021-09-28 13:40:00+00:00,0,2.5,1.7837651700318262,-1.4015297764533627,False
2021-09-28 13:45:00+00:00,0,2.1666666666666665,1.850470865548259,-1.1708731582892147,False
2021-09-28 13:50:00+00:00,0,1.8333333333333333,1.850470865548262,-0.9907388262447184,False
2021-09-28 13:55:00+00:00,0,1.5,1.783765170031835,-0.8409178658720134,False
2021-09-28 14:00:00+00:00,0,1.1666666666666667,1.642245321798856,-0.7104094931375675,False
2021-09-28 14:05:00+00:00,0,0.8333333333333334,1.403458930534667,-0.5937710859952728,False
2021-09-28 14:10:00+00:00,0,0.5,1.000000000000276,-0.499999999999862,False
2021-09-28 14:15:00+00:00,0,0.25,0.6215815605085117,-0.40219983326963027,False
2021-09-28 14:20:00+00:00,0,0.08333333333333333,0.2886751345957924,-0.2886751345938333,False
2021-09-28 14:25:00+00:00,0,0.0,7.53805171738522e-07,0.0,False
2021-09-28 14:30:00+00:00,0,0.0,7.53805171738522e-07,0.0,False
2021-09-28 14:35:00+00:00,0,0.0,7.53805171738522e-07,0.0,False
2021-09-28 14:40:00+00:00,0,0.0,7.53805171738522e-07,0.0,False
2021-09-28 14:45:00+00:00,0,0.0,7.53805171738522e-07,0.0,False
2021-09-28 14:50:00+00:00,0,0.0,7.53805171738522e-07,0.0,False
2021-09-28 14:55:00+00:00,0,0.0,7.53805171738522e-07,0.0,False
2021-09-28 15:00:00+00:00,0,0.0,7.53805171738522e-07,0.0,False
2021-09-28 15:05:00+00:00,0,0.0,7.53805171738522e-07,0.0,False
2021-09-28 15:10:00+00:00,0,0.0,7.53805171738522e-07,0.0,False
2021-09-28 15:15:00+00:00,0,0.0,7.53805171738522e-07,0.0,False
2021-09-28 15:20:00+00:00,0,0.0,7.53805171738522e-07,0.0,False
2021-09-28 15:25:00+00:00,0,0.0,7.53805171738522e-07,0.0,False
2021-09-28 15:30:00+00:00,0,0.0,7.53805171738522e-07,0.0,False
2021-09-28 15:35:00+00:00,0,0.0,7.53805171738522e-07,0.0,False
2021-09-28 15:40:00+00:00,0,0.0,7.53805171738522e-07,0.0,False
2021-09-28 15:45:00+00:00,0,0.0,7.53805171738522e-07,0.0,False
2021-09-28 15:50:00+00:00,0,0.0,7.53805171738522e-07,0.0,False
2021-09-28 15:55:00+00:00,0,0.0,7.53805171738522e-07,0.0,False
2021-09-28 16:00:00+00:00,0,0.0,7.53805171738522e-07,0.0,False
2021-09-28 16:05:00+00:00,0,0.0,7.53805171738522e-07,0.0,False
2021-09-28 16:10:00+00:00,0,0.0,7.53805171738522e-07,0.0,False
2021-09-28 16:15:00+00:00,0,0.0,7.53805171738522e-07,0.0,False
2021-09-28 16:20:00+00:00,0,0.0,7.53805171738522e-07,0.0,False
2021-09-28 16:25:00+00:00,0,0.0,7.53805171738522e-07,0.0,False
2021-09-28 16:30:00+00:00,0,0.0,7.53805171738522e-07,0.0,False
2021-09-28 16:35:00+00:00,0,0.0,7.53805171738522e-07,0.0,False
2021-09-28 16:40:00+00:00,0,0.0,7.53805171738522e-07,0.0,False
2021-09-28 16:45:00+00:00,0,0.0,7.53805171738522e-07,0.0,False
2021-09-28 16:50:00+00:00,0,0.0,7.53805171738522e-07,0.0,False
2021-09-28 16:55:00+00:00,0,0.0,7.53805171738522e-07,0.0,False
2021-09-28 17:00:00+00:00,0,0.0,7.53805171738522e-07,0.0,False
2021-09-28 17:05:00+00:00,0,0.0,7.53805171738522e-07,0.0,False
2021-09-28 17:10:00+00:00,0,0.0,7.53805171738522e-07,0.0,False
2021-09-28 17:15:00+00:00,0,0.0,7.53805171738522e-07,0.0,False
2021-09-28 17:20:00+00:00,0,0.0,7.53805171738522e-07,0.0,False
2021-09-28 17:25:00+00:00,0,0.0,7.53805171738522e-07,0.0,False
2021-09-28 17:30:00+00:00,0,0.0,7.53805171738522e-07,0.0,False
2021-09-28 17:35:00+00:00,0,0.0,7.53805171738522e-07,0.0,False
2021-09-28 17:40:00+00:00,0,0.0,7.53805171738522e-07,0.0,False
2021-09-28 17:45:00+00:00,0,0.0,7.53805171738522e-07,0.0,False
2021-09-28 17:50:00+00:00,0,0.0,7.53805171738522e-07,0.0,False
2021-09-28 17:55:00+00:00,0,0.0,7.53805171738522e-07,0.0,False
2021-09-28 18:00:00+00:00,0,0.0,7.53805171738522e-07,0.0,False
2021-09-28 18:05:00+00:00,0,0.0,7.53805171738522e-07,0.0,False
2021-09-28 18:10:00+00:00,0,0.0,7.53805171738522e-07,0.0,False
2021-09-28 18:15:00+00:00,0,0.0,7.53805171738522e-07,0.0,False
2021-09-28 18:20:00+00:00,0,0.0,7.53805171738522e-07,0.0,False
2021-09-28 18:25:00+00:00,0,0.0,7.53805171738522e-07,0.0,False
2021-09-28 18:30:00+00:00,0,0.0,7.53805171738522e-07,0.0,False
2021-09-28 18:35:00+00:00,0,0.0,7.53805171738522e-07,0.0,False
2021-09-28 18:40:00+00:00,0,0.0,7.53805171738522e-07,0.0,False
2021-09-28 18:45:00+00:00,0,0.0,7.53805171738522e-07,0.0,False
2021-09-28 18:50:00+00:00,0,0.0,7.53805171738522e-07,0.0,False
2021-09-28 18:55:00+00:00,0,0.0,7.53805171738522e-07,0.0,False
2021-09-28 19:00:00+00:00,0,0.0,7.53805171738522e-07,0.0,False
2021-09-28 19:05:00+00:00,0,0.0,7.53805171738522e-07,0.0,False
2021-09-28 19:10:00+00:00,0,0.0,7.53805171738522e-07,0.0,False
2021-09-28 19:15:00+00:00,0,0.0,7.53805171738522e-07,0.0,False
2021-09-28 19:20:00+00:00,0,0.0,7.53805171738522e-07,0.0,False
2021-09-28 19:25:00+00:00,0,0.0,7.53805171738522e-07,0.0,False
2021-09-28 19:30:00+00:00,0,0.0,7.53805171738522e-07,0.0,False
2021-09-28 19:35:00+00:00,0,0.0,7.53805171738522e-07,0.0,False
2021-09-28 19:40:00+00:00,0,0.0,7.53805171738522e-07,0.0,False
2021-09-28 19:45:00+00:00,0,0.0,7.53805171738522e-07,0.0,False
2021-09-28 19:50:00+00:00,0,0.0,7.53805171738522e-07,0.0,False
2021-09-28 19:55:00+00:00,0,0.0,7.53805171738522e-07,0.0,False
2021-09-28 20:00:00+00:00,0,0.0,7.53805171738522e-07,0.0,False
2021-09-28 20:05:00+00:00,0,0.0,7.53805171738522e-07,0.0,False
2021-09-28 20:10:00+00:00,0,0.0,7.53805171738522e-07,0.0,False
2021-09-28 20:15:00+00:00,0,0.0,7.53805171738522e-07,0.0,False
2021-09-28 20:20:00+00:00,0,0.0,7.53805171738522e-07,0.0,False
2021-09-28 20:25:00+00:00,0,0.0,7.53805171738522e-07,0.0,False
2021-09-28 20:30:00+00:00,0,0.0,7.53805171738522e-07,0.0,False
2021-09-28 20:35:00+00:00,0,0.0,7.53805171738522e-07,0.0,False
2021-09-28 20:40:00+00:00,0,0.0,7.53805171738522e-07,0.0,False
2021-09-28 20:45:00+00:00,0,0.0,7.53805171738522e-07,0.0,False
2021-09-28 20:50:00+00:00,0,0.0,7.53805171738522e-07,0.0,False
2021-09-28 20:55:00+00:00,0,0.0,7.53805171738522e-07,0.0,False
2021-09-28 21:00:00+00:00,0,0.0,7.53805171738522e-07,0.0,False
2021-09-28 21:05:00+00:00,0,0.0,7.53805171738522e-07,0.0,False
2021-09-28 21:10:00+00:00,0,0.0,7.53805171738522e-07,0.0,False
2021-09-28 21:15:00+00:00,0,0.0,7.53805171738522e-07,0.0,False
2021-09-28 21:20:00+00:00,0,0.0,7.53805171738522e-07,0.0,False
2021-09-28 21:25:00+00:00,0,0.0,7.53805171738522e-07,0.0,False
2021-09-28 21:30:00+00:00,0,0.0,7.53805171738522e-07,0.0,False
2021-09-28 21:35:00+00:00,0,0.0,7.53805171738522e-07,0.0,False
2021-09-28 21:40:00+00:00,0,0.0,7.53805171738522e-07,0.0,False
2021-09-28 21:45:00+00:00,0,0.0,7.53805171738522e-07,0.0,False
2021-09-28 21:50:00+00:00,0,0.0,7.53805171738522e-07,0.0,False
2021-09-28 21:55:00+00:00,0,0.0,7.53805171738522e-07,0.0,False
2021-09-28 22:00:00+00:00,0,0.0,7.53805171738522e-07,0.0,False
2021-09-28 22:05:00+00:00,0,0.0,7.53805171738522e-07,0.0,False
2021-09-28 22:10:00+00:00,0,0.0,7.53805171738522e-07,0.0,False
2021-09-28 22:15:00+00:00,0,0.0,7.53805171738522e-07,0.0,False
2021-09-28 22:20:00+00:00,0,0.0,7.53805171738522e-07,0.0,False
2021-09-28 22:25:00+00:00,0,0.0,7.53805171738522e-07,0.0,False
2021-09-28 22:30:00+00:00,0,0.0,7.53805171738522e-07,0.0,False
2021-09-28 22:35:00+00:00,0,0.0,7.53805171738522e-07,0.0,False
2021-09-28 22:40:00+00:00,0,0.0,7.53805171738522e-07,0.0,False
2021-09-28 22:45:00+00:00,0,0.0,7.53805171738522e-07,0.0,False
2021-09-28 22:50:00+00:00,0,0.0,7.53805171738522e-07,0.0,False
2021-09-28 22:55:00+00:00,0,0.0,7.53805171738522e-07,0.0,False
2021-09-28 23:00:00+00:00,0,0.0,7.53805171738522e-07,0.0,False
2021-09-28 23:05:00+00:00,0,0.0,7.53805171738522e-07,0.0,False
2021-09-28 23:10:00+00:00,0,0.0,7.53805171738522e-07,0.0,False
2021-09-28 23:15:00+00:00,0,0.0,7.53805171738522e-07,0.0,False
2021-09-28 23:20:00+00:00,0,0.0,7.53805171738522e-07,0.0,False
2021-09-28 23:25:00+00:00,0,0.0,7.53805171738522e-07,0.0,False
2021-09-28 23:30:00+00:00,0,0.0,7.53805171738522e-07,0.0,False
2021-09-28 23:35:00+00:00,0,0.0,7.53805171738522e-07,0.0,False
2021-09-28 23:40:00+00:00,0,0.0,7.53805171738522e-07,0.0,False
2021-09-28 23:45:00+00:00,0,0.0,7.53805171738522e-07,0.0,False
2021-09-28 23:50:00+00:00,0,0.0,7.53805171738522e-07,0.0,False
2021-09-28 23:55:00+00:00,0,0.0,7.53805171738522e-07,0.0,False
2021-09-29 00:00:00+00:00,0,0.0,7.53805171738522e-07,0.0,False
2021-09-29 00:05:00+00:00,0,0.0,7.53805171738522e-07,0.0,False
2021-09-29 00:10:00+00:00,0,0.0,7.53805171738522e-07,0.0,False
2021-09-29 00:15:00+00:00,0,0.0,7.53805171738522e-07,0.0,False
2021-09-29 00:20:00+00:00,0,0.0,7.53805171738522e-07,0.0,False
2021-09-29 00:25:00+00:00,0,0.0,7.53805171738522e-07,0.0,False
2021-09-29 00:30:00+00:00,0,0.0,7.53805171738522e-07,0.0,False
2021-09-29 00:35:00+00:00,0,0.0,7.53805171738522e-07,0.0,False
2021-09-29 00:40:00+00:00,0,0.0,7.53805171738522e-07,0.0,False
2021-09-29 00:45:00+00:00,0,0.0,7.53805171738522e-07,0.0,False
2021-09-29 00:50:00+00:00,0,0.0,7.53805171738522e-07,0.0,False
2021-09-29 00:55:00+00:00,0,0.0,7.53805171738522e-07,0.0,False
2021-09-29 01:00:00+00:00,0,0.0,7.53805171738522e-07,0.0,False
2021-09-29 01:05:00+00:00,0,0.0,7.53805171738522e-07,0.0,False
2021-09-29 01:10:00+00:00,0,0.0,7.53805171738522e-07,0.0,False
2021-09-29 01:15:00+00:00,0,0.0,7.53805171738522e-07,0.0,False
2021-09-29 01:20:00+00:00,0,0.0,7.53805171738522e-07,0.0,False
2021-09-29 01:25:00+00:00,0,0.0,7.53805171738522e-07,0.0,False
2021-09-29 01:30:00+00:00,0,0.0,7.53805171738522e-07,0.0,False
2021-09-29 01:35:00+00:00,0,0.0,7.53805171738522e-07,0.0,False
2021-09-29 01:40:00+00:00,0,0.0,7.53805171738522e-07,0.0,False
2021-09-29 01:45:00+00:00,0,0.0,7.53805171738522e-07,0.0,False
2021-09-29 01:50:00+00:00,0,0.0,7.53805171738522e-07,0.0,False
2021-09-29 01:55:00+00:00,0,0.0,7.53805171738522e-07,0.0,False
2021-09-29 02:00:00+00:00,0,0.0,7.53805171738522e-07,0.0,False
2021-09-29 02:05:00+00:00,0,0.0,7.53805171738522e-07,0.0,False
2021-09-29 02:10:00+00:00,0,0.0,7.53805171738522e-07,0.0,False
2021-09-29 02:15:00+00:00,0,0.0,7.53805171738522e-07,0.0,False
2021-09-29 02:20:00+00:00,0,0.0,7.53805171738522e-07,0.0,False
2021-09-29 02:25:00+00:00,0,0.0,7.53805171738522e-07,0.0,False
2021-09-29 02:30:00+00:00,0,0.0,7.53805171738522e-07,0.0,False
2021-09-29 02:35:00+00:00,1,0.08333333333333333,0.2886751345957924,3.175426480532167,True
2021-09-29 02:40:00+00:00,1,0.16666666666666666,0.38924947208148447,2.1408720964402117,False
2021-09-29 02:45:00+00:00,3,0.4166666666666667,0.900336637378828,2.869297134074489,False
2021-09-29 02:50:00+00:00,9,1.1666666666666667,2.622744341103114,2.9866934457052987,False
2021-09-29 02:55:00+00:00,11,2.0833333333333335,3.824759845897305,2.331301055733286,False
2021-09-29 03:00:00+00:00,16,3.4166666666666665,5.46822778891988,2.3011721199381263,False
2021-09-29 03:05:00+00:00,18,4.916666666666667,6.761634193721024,1.9349365787168362,False
2021-09-29 03:10:00+00:00,19,6.5,7.669301260100699,1.6298746881975885,False
2021-09-29 03:15:00+00:00,19,8.083333333333334,8.151501070169223,1.3392216442952682,False
2021-09-29 03:20:00+00:00,19,9.666666666666666,8.282877555901745,1.1268225650254982,False
2021-09-29 03:25:00+00:00,19,11.25,8.080560286604808,0.9590919101051966,False
2021-09-29 03:30:00+00:00,19,12.833333333333334,7.517655985422031,0.8202911490795596,False
2021-09-29 03:35:00+00:00,19,14.333333333333334,6.692374674798096,0.6973110283619104,False
2021-09-29 03:40:00+00:00,19,15.833333333333334,5.305800142439898,0.5968311247416227,False
2021-09-29 03:45:00+00:00,19,17.166666666666668,3.485902343944133,0.5259279097471797,False
2021-09-29 03:50:00+00:00,19,18.0,2.3741027013092046,0.421211769587115,False
2021-09-29 03:55:00+00:00,19,18.666666666666668,0.8876253645986015,0.37553380809940107,False
2021-09-29 04:00:00+00:00,19,18.916666666666668,0.28867513459482375,0.28867513459479793,False
2021-09-29 04:05:00+00:00,19,19.0,,,False
2021-09-29 04:10:00+00:00,18,18.916666666666668,0.2886751345948131,-3.1754264805429435,True
2021-09-29 04:15:00+00:00,19,18.916666666666668,0.2886751345948131,0.2886751345948086,False
2021-09-29 04:20:00+00:00,19,18.916666666666668,0.2886751345948131,0.2886751345948086,False
2021-09-29 04:25:00+00:00,19,18.916666666666668,0.2886751345948131,0.2886751345948086,False
2021-09-29 04:30:00+00:00,19,18.916666666666668,0.2886751345948131,0.2886751345948086,False
2021-09-29 04:35:00+00:00,19,18.916666666666668,0.2886751345948131,0.2886751345948086,False
2021-09-29 04:40:00+00:00,19,18.916666666666668,0.2886751345948131,0.2886751345948086,False
2021-09-29 04:45:00+00:00,10,18.166666666666668,2.587850400809463,-3.155772321349096,True
2021-09-29 04:50:00+00:00,3,16.833333333333332,5.0602431370499,-2.7337289846902704,False
2021-09-29 04:55:00+00:00,1,15.333333333333334,6.746491793158244,-2.124560997445971,False
2021-09-29 05:00:00+00:00,1,13.833333333333334,7.779148508362052,-1.6497092605364687,False
2021-09-29 05:05:00+00:00,1,12.333333333333334,8.402741255451142,-1.3487661929350756,False
2021-09-29 05:10:00+00:00,1,10.916666666666666,8.78488716058678,-1.1288325604405702,False
2021-09-29 05:15:00+00:00,1,9.416666666666666,8.815877549608832,-0.9547168298679604,False
2021-09-29 05:20:00+00:00,0,7.833333333333333,8.642740867165331,-0.9063482816073982,False
2021-09-29 05:25:00+00:00,0,6.25,8.136617568409218,-0.768132451531937,False
2021-09-29 05:30:00+00:00,0,4.666666666666667,7.2278921022954075,-0.6456469743349716,False
2021-09-29 05:35:00+00:00,0,3.0833333333333335,5.728054299725706,-0.5382863310986739,False
2021-09-29 05:40:00+00:00,0,1.5,2.8123105996832933,-0.5333692516640665,False
2021-09-29 05:45:00+00:00,0,0.6666666666666666,0.8876253645986509,-0.7510676161987629,False
2021-09-29 05:50:00+00:00,0,0.4166666666666667,0.5149286505445356,-0.8091735937125325,False
2021-09-29 05:55:00+00:00,0,0.3333333333333333,0.49236596391743426,-0.6770032003861879,False
2021-09-29 06:00:00+00:00,0,0.25,0.45226701686675835,-0.5527707983924286,False
2021-09-29 06:05:00+00:00,0,0.16666666666666666,0.3892494720808932,-0.4281744192886927,False
2021-09-29 06:10:00+00:00,0,0.08333333333333333,0.2886751345949912,-0.2886751345946345,False
2021-09-29 06:15:00+00:00,0,0.0,3.2148354647791006e-07,0.0,False
2021-09-29 06:20:00+00:00,0,0.0,3.2148354647791006e-07,0.0,False
2021-09-29 06:25:00+00:00,0,0.0,3.2148354647791006e-07,0.0,False
2021-09-29 06:30:00+00:00,0,0.0,3.2148354647791006e-07,0.0,False
2021-09-29 06:35:00+00:00,1,0.08333333333333333,0.2886751345949912,3.1754264805409798,True
2021-09-29 06:40:00+00:00,1,0.16666666666666666,0.3892494720808932,2.1408720964434638,False
2021-09-29 06:45:00+00:00,1,0.25,0.45226701686675835,1.6583123951772858,False
2021-09-29 06:50:00+00:00,1,0.3333333333333333,0.49236596391743426,1.354006400772376,False
2021-09-29 06:55:00+00:00,1,0.4166666666666667,0.5149286505445356,1.1328430311975453,False
2021-09-29 07:00:00+00:00,1,0.5,0.5222329678671902,0.9574271077561608,False
2021-09-29 07:05:00+00:00,1,0.5833333333333334,0.5149286505445348,0.8091735937125336,False
2021-09-29 07:10:00+00:00,1,0.6666666666666666,0.49236596391743265,0.6770032003861902,False
2021-09-29 07:15:00+00:00,1,0.75,0.45226701686675574,0.5527707983924318,False
2021-09-29 07:20:00+00:00,0,0.75,0.45226701686675574,-1.6583123951772956,False
2021-09-29 07:25:00+00:00,0,0.75,0.45226701686675574,-1.6583123951772956,False
2021-09-29 07:30:00+00:00,0,0.75,0.45226701686675574,-1.6583123951772956,False
2021-09-29 07:35:00+00:00,0,0.6666666666666666,0.49236596391743265,-1.3540064007723802,False
2021-09-29 07:40:00+00:00,0,0.5833333333333334,0.5149286505445348,-1.1328430311975473,False
2021-09-29 07:45:00+00:00,1,0.5833333333333334,0.5149286505445348,0.8091735937125336,False
2021-09-29 07:50:00+00:00,1,0.5833333333333334,0.5149286505445348,0.8091735937125336,False
2021-09-29 07:55:00+00:00,1,0.5833333333333334,0.5149286505445348,0.8091735937125336,False
2021-09-29 08:00:00+00:00,3,0.75,0.8660254037844962,2.5980762113531433,False
2021-09-29 08:05:00+00:00,1,0.75,0.8660254037844962,0.2886751345947937,False
2021-09-29 08:10:00+00:00,1,0.75,0.8660254037844962,0.2886751345947937,False
2021-09-29 08:15:00+00:00,1,0.75,0.8660254037844962,0.2886751345947937,False
2021-09-29 08:20:00+00:00,2,0.9166666666666666,0.900336637378575,1.203253636870285,False
2021-09-29 08:25:00+00:00,3,1.1666666666666667,1.029857301088922,1.7801819061678292,False
2021-09-29 08:30:00+00:00,3,1.4166666666666667,1.0836246694508764,1.4611455220336418,False
2021-09-29 08:35:00+00:00,3,1.6666666666666667,1.0730867399773645,1.242521488394739,False
2021-09-29 08:40:00+00:00,3,1.9166666666666667,0.9962049198956697,1.0874603324050922,False
2021-09-29 08:45:00+00:00,4,2.1666666666666665,1.1146408580454676,1.6447749246767245,False
2021-09-29 08:50:00+00:00,4,2.4166666666666665,1.164500152881355,1.3596677762691984,False
2021-09-29 08:55:00+00:00,4,2.6666666666666665,1.1547005383792914,1.1547005383792117,False
2021-09-29 09:00:00+00:00,4,2.75,1.215431087011032,1.028441689009271,False
2021-09-29 09:05:00+00:00,4,3.0,1.1281521496355726,0.8864052604278867,False
2021-09-29 09:10:00+00:00,4,3.25,0.9653072991634692,0.776954655424181,False
2021-09-29 09:15:00+00:00,4,3.5,0.674199862463308,0.7416198487094938,False
2021-09-29 09:20:00+00:00,4,3.6666666666666665,0.49236596391742043,0.6770032003862073,False
2021-09-29 09:25:00+00:00,4,3.75,0.4522670168667424,0.5527707983924481,False
2021-09-29 09:30:00+00:00,4,3.8333333333333335,0.3892494720808737,0.42817441928871386,False
2021-09-29 09:35:00+00:00,0,3.5833333333333335,1.1645001528813532,-3.077142862082927,True
2021-09-29 09:40:00+00:00,1,3.4166666666666665,1.3789543689024815,-1.7525356321907206,False
2021-09-29 09:45:00+00:00,1,3.1666666666666665,1.5275252316519763,-1.418416286533923,False
2021-09-29 09:50:00+00:00,1,2.9166666666666665,1.621353717973956,-1.1821397424997018,False
2021-09-29 09:55:00+00:00,1,2.6666666666666665,1.6696942198734717,-0.9981867618808463,False
2021-09-29 10:00:00+00:00,1,2.4166666666666665,1.6764862244009509,-0.8450213583907472,False
2021-09-29 10:05:00+00:00,1,2.1666666666666665,1.6422453217987236,-0.7104094931376247,False
2021-09-29 10:10:00+00:00,1,1.9166666666666667,1.5642792899510607,-0.5859993624893833,False
2021-09-29 10:15:00+00:00,1,1.6666666666666667,1.4354811251305812,-0.4644203640128129,False
2021-09-29 10:20:00+00:00,1,1.4166666666666667,1.240112409372186,-0.3359910468742157,False
2021-09-29 10:25:00+00:00,1,1.1666666666666667,0.9374368665611462,-0.1777897505546797,False
2021-09-29 10:30:00+00:00,1,0.9166666666666666,0.2886751345949911,0.2886751345946348,False
2021-09-29 10:35:00+00:00,1,1.0,3.2009919124595496e-07,0.0,False
2021-09-29 10:40:00+00:00,1,1.0,3.2009919124595496e-07,0.0,False
2021-09-29 10:45:00+00:00,1,1.0,3.2009919124595496e-07,0.0,False
2021-09-29 10:50:00+00:00,1,1.0,3.2009919124595496e-07,0.0,False
2021-09-29 10:55:00+00:00,1,1.0,3.2009919124595496e-07,0.0,False
2021-09-29 11:00:00+00:00,1,1.0,3.2009919124595496e-07,0.0,False
2021-09-29 11:05:00+00:00,1,1.0,3.2009919124595496e-07,0.0,False
2021-09-29 11:10:00+00:00,1,1.0,3.2009919124595496e-07,0.0,False
2021-09-29 11:15:00+00:00,1,1.0,3.2009919124595496e-07,0.0,False
2021-09-29 11:20:00+00:00,1,1.0,3.2009919124595496e-07,0.0,False
2021-09-29 11:25:00+00:00,1,1.0,3.2009919124595496e-07,0.0,False
2021-09-29 11:30:00+00:00,1,1.0,3.2009919124595496e-07,0.0,False
2021-09-29 11:35:00+00:00,1,1.0,3.2009919124595496e-07,0.0,False
2021-09-29 11:40:00+00:00,1,1.0,3.2009919124595496e-07,0.0,False
2021-09-29 11:45:00+00:00,1,1.0,3.2009919124595496e-07,0.0,False
2021-09-29 11:50:00+00:00,1,1.0,3.2009919124595496e-07,0.0,False
2021-09-29 11:55:00+00:00,1,1.0,3.2009919124595496e-07,0.0,False
2021-09-29 12:00:00+00:00,1,1.0,3.2009919124595496e-07,0.0,False
2021-09-29 12:05:00+00:00,1,1.0,3.2009919124595496e-07,0.0,False
2021-09-29 12:10:00+00:00,1,1.0,3.2009919124595496e-07,0.0,False
2021-09-29 12:15:00+00:00,1,1.0,3.2009919124595496e-07,0.0,False
2021-09-29 12:20:00+00:00,1,1.0,3.2009919124595496e-07,0.0,False
2021-09-29 12:25:00+00:00,1,1.0,3.2009919124595496e-07,0.0,False
2021-09-29 12:30:00+00:00,1,1.0,3.2009919124595496e-07,0.0,False
2021-09-29 12:35:00+00:00,1,1.0,3.2009919124595496e-07,0.0,False
2021-09-29 12:40:00+00:00,1,1.0,3.2009919124595496e-07,0.0,False
2021-09-29 12:45:00+00:00,1,1.0,3.2009919124595496e-07,0.0,False
2021-09-29 12:50:00+00:00,1,1.0,3.2009919124595496e-07,0.0,False
2021-09-29 12:55:00+00:00,1,1.0,3.2009919124595496e-07,0.0,False
2021-09-29 13:00:00+00:00,1,1.0,3.2009919124595496e-07,0.0,False
2021-09-29 13:05:00+00:00,1,1.0,3.2009919124595496e-07,0.0,False
2021-09-29 13:10:00+00:00,1,1.0,3.2009919124595496e-07,0.0,False
2021-09-29 13:15:00+00:00,1,1.0,3.2009919124595496e-07,0.0,False
2021-09-29 13:20:00+00:00,1,1.0,3.2009919124595496e-07,0.0,False
2021-09-29 13:25:00+00:00,0,0.9166666666666666,0.2886751345949911,-3.175426480540981,True
2021-09-29 13:30:00+00:00,0,0.8333333333333334,0.3892494720808942,-2.1408720964434584,False
2021-09-29 13:35:00+00:00,0,0.75,0.4522670168667602,-1.6583123951772791,False
2021-09-29 13:40:00+00:00,0,0.6666666666666666,0.49236596391743676,-1.354006400772369,False
2021-09-29 13:45:00+00:00,0,0.5833333333333334,0.514928650544539,-1.1328430311975382,False
2021-09-29 13:50:00+00:00,1,0.5833333333333334,0.514928650544539,0.8091735937125272,False
2021-09-29 13:55:00+00:00,1,0.5833333333333334,0.514928650544539,0.8091735937125272,False
2021-09-29 14:00:00+00:00,1,0.5833333333333334,0.514928650544539,0.8091735937125272,False
2021-09-29 14:05:00+00:00,1,0.5833333333333334,0.514928650544539,0.8091735937125272,False
2021-09-29 14:10:00+00:00,1,0.5833333333333334,0.514928650544539,0.8091735937125272,False
2021-09-29 14:15:00+00:00,1,0.5833333333333334,0.514928650544539,0.8091735937125272,False
2021-09-29 14:20:00+00:00,1,0.5833333333333334,0.514928650544539,0.8091735937125272,False
2021-09-29 14:25:00+00:00,1,0.6666666666666666,0.49236596391743676,0.6770032003861846,False
2021-09-29 14:30:00+00:00,1,0.75,0.4522670168667601,0.5527707983924265,False
2021-09-29 14:35:00+00:00,1,0.8333333333333334,0.3892494720808941,0.42817441928869165,False
2021-09-29 14:40:00+00:00,1,0.9166666666666666,0.28867513459499083,0.28867513459463506,False
2021-09-29 14:45:00+00:00,1,1.0,3.197837292680233e-07,0.0,False
2021-09-29 14:50:00+00:00,0,0.9166666666666666,0.28867513459499083,-3.175426480540984,True
2021-09-29 14:55:00+00:00,0,0.8333333333333334,0.3892494720808941,-2.140872096443459,False
2021-09-29 15:00:00+00:00,0,0.75,0.4522670168667601,-1.6583123951772796,False
2021-09-29 15:05:00+00:00,0,0.6666666666666666,0.4923659639174367,-1.3540064007723691,False
2021-09-29 15:10:00+00:00,0,0.5833333333333334,0.5149286505445388,-1.1328430311975384,False
2021-09-29 15:15:00+00:00,0,0.5,0.5222329678671941,-0.9574271077561537,False
2021-09-29 15:20:00+00:00,0,0.4166666666666667,0.5149286505445397,-0.8091735937125261,False
2021-09-29 15:25:00+00:00,0,0.3333333333333333,0.49236596391743864,-0.6770032003861819,False
2021-09-29 15:30:00+00:00,0,0.25,0.4522670168667633,-0.5527707983924226,False
2021-09-29 15:35:00+00:00,0,0.16666666666666666,0.38924947208089905,-0.42817441928868627,False
2021-09-29 15:40:00+00:00,0,0.08333333333333333,0.28867513459499916,-0.28867513459462657,False
2021-09-29 15:45:00+00:00,0,0.0,3.28732523554299e-07,0.0,False
2021-09-29 15:50:00+00:00,0,0.0,3.28732523554299e-07,0.0,False
2021-09-29 15:55:00+00:00,0,0.0,3.28732523554299e-07,0.0,False
2021-09-29 16:00:00+00:00,0,0.0,3.28732523554299e-07,0.0,False
2021-09-29 16:05:00+00:00,0,0.0,3.28732523554299e-07,0.0,False
2021-09-29 16:10:00+00:00,0,0.0,3.28732523554299e-07,0.0,False
2021-09-29 16:15:00+00:00,0,0.0,3.28732523554299e-07,0.0,False
2021-09-29 16:20:00+00:00,0,0.0,3.28732523554299e-07,0.0,False
2021-09-29 16:25:00+00:00,0,0.0,3.28732523554299e-07,0.0,False
2021-09-29 16:30:00+00:00,0,0.0,3.28732523554299e-07,0.0,False
2021-09-29 16:35:00+00:00,0,0.0,3.28732523554299e-07,0.0,False
2021-09-29 16:40:00+00:00,0,0.0,3.28732523554299e-07,0.0,False
2021-09-29 16:45:00+00:00,0,0.0,3.28732523554299e-07,0.0,False
2021-09-29 16:50:00+00:00,0,0.0,3.28732523554299e-07,0.0,False
2021-09-29 16:55:00+00:00,0,0.0,3.28732523554299e-07,0.0,False
2021-09-29 17:00:00+00:00,0,0.0,3.28732523554299e-07,0.0,False
2021-09-29 17:05:00+00:00,0,0.0,3.28732523554299e-07,0.0,False
2021-09-29 17:10:00+00:00,0,0.0,3.28732523554299e-07,0.0,False
2021-09-29 17:15:00+00:00,0,0.0,3.28732523554299e-07,0.0,False
2021-09-29 17:20:00+00:00,0,0.0,3.28732523554299e-07,0.0,False
2021-09-29 17:25:00+00:00,0,0.0,3.28732523554299e-07,0.0,False
2021-09-29 17:30:00+00:00,0,0.0,3.28732523554299e-07,0.0,False
2021-09-29 17:35:00+00:00,0,0.0,3.28732523554299e-07,0.0,False
2021-09-29 17:40:00+00:00,0,0.0,3.28732523554299e-07,0.0,False
2021-09-29 17:45:00+00:00,0,0.0,3.28732523554299e-07,0.0,False
2021-09-29 17:50:00+00:00,0,0.0,3.28732523554299e-07,0.0,False
2021-09-29 17:55:00+00:00,0,0.0,3.28732523554299e-07,0.0,False
2021-09-29 18:00:00+00:00,0,0.0,3.28732523554299e-07,0.0,False
2021-09-29 18:05:00+00:00,0,0.0,3.28732523554299e-07,0.0,False
2021-09-29 18:10:00+00:00,0,0.0,3.28732523554299e-07,0.0,False
2021-09-29 18:15:00+00:00,0,0.0,3.28732523554299e-07,0.0,False
2021-09-29 18:20:00+00:00,0,0.0,3.28732523554299e-07,0.0,False
2021-09-29 18:25:00+00:00,0,0.0,3.28732523554299e-07,0.0,False
2021-09-29 18:30:00+00:00,0,0.0,3.28732523554299e-07,0.0,False
2021-09-29 18:35:00+00:00,0,0.0,3.28732523554299e-07,0.0,False
2021-09-29 18:40:00+00:00,0,0.0,3.28732523554299e-07,0.0,False
2021-09-29 18:45:00+00:00,0,0.0,3.28732523554299e-07,0.0,False
2021-09-29 18:50:00+00:00,0,0.0,3.28732523554299e-07,0.0,False
2021-09-29 18:55:00+00:00,0,0.0,3.28732523554299e-07,0.0,False
2021-09-29 19:00:00+00:00,0,0.0,3.28732523554299e-07,0.0,False
2021-09-29 19:05:00+00:00,0,0.0,3.28732523554299e-07,0.0,False
2021-09-29 19:10:00+00:00,0,0.0,3.28732523554299e-07,0.0,False
2021-09-29 19:15:00+00:00,0,0.0,3.28732523554299e-07,0.0,False
2021-09-29 19:20:00+00:00,0,0.0,3.28732523554299e-07,0.0,False
2021-09-29 19:25:00+00:00,0,0.0,3.28732523554299e-07,0.0,False
2021-09-29 19:30:00+00:00,0,0.0,3.28732523554299e-07,0.0,False
2021-09-29 19:35:00+00:00,0,0.0,3.28732523554299e-07,0.0,False
2021-09-29 19:40:00+00:00,0,0.0,3.28732523554299e-07,0.0,False
2021-09-29 19:45:00+00:00,0,0.0,3.28732523554299e-07,0.0,False
2021-09-29 19:50:00+00:00,0,0.0,3.28732523554299e-07,0.0,False
2021-09-29 19:55:00+00:00,0,0.0,3.28732523554299e-07,0.0,False
2021-09-29 20:00:00+00:00,0,0.0,3.28732523554299e-07,0.0,False
2021-09-29 20:05:00+00:00,0,0.0,3.28732523554299e-07,0.0,False
2021-09-29 20:10:00+00:00,0,0.0,3.28732523554299e-07,0.0,False
2021-09-29 20:15:00+00:00,0,0.0,3.28732523554299e-07,0.0,False
2021-09-29 20:20:00+00:00,0,0.0,3.28732523554299e-07,0.0,False
2021-09-29 20:25:00+00:00,0,0.0,3.28732523554299e-07,0.0,False
2021-09-29 20:30:00+00:00,0,0.0,3.28732523554299e-07,0.0,False
2021-09-29 20:35:00+00:00,0,0.0,3.28732523554299e-07,0.0,False
2021-09-29 20:40:00+00:00,0,0.0,3.28732523554299e-07,0.0,False
2021-09-29 20:45:00+00:00,0,0.0,3.28732523554299e-07,0.0,False
2021-09-29 20:50:00+00:00,0,0.0,3.28732523554299e-07,0.0,False
2021-09-29 20:55:00+00:00,0,0.0,3.28732523554299e-07,0.0,False
2021-09-29 21:00:00+00:00,0,0.0,3.28732523554299e-07,0.0,False
2021-09-29 21:05:00+00:00,0,0.0,3.28732523554299e-07,0.0,False
2021-09-29 21:10:00+00:00,0,0.0,3.28732523554299e-07,0.0,False
2021-09-29 21:15:00+00:00,0,0.0,3.28732523554299e-07,0.0,False
2021-09-29 21:20:00+00:00,0,0.0,3.28732523554299e-07,0.0,False
2021-09-29 21:25:00+00:00,0,0.0,3.28732523554299e-07,0.0,False
2021-09-29 21:30:00+00:00,0,0.0,3.28732523554299e-07,0.0,False
2021-09-29 21:35:00+00:00,0,0.0,3.28732523554299e-07,0.0,False
2021-09-29 21:40:00+00:00,0,0.0,3.28732523554299e-07,0.0,False
2021-09-29 21:45:00+00:00,0,0.0,3.28732523554299e-07,0.0,False
2021-09-29 21:50:00+00:00,0,0.0,3.28732523554299e-07,0.0,False
2021-09-29 21:55:00+00:00,0,0.0,3.28732523554299e-07,0.0,False
2021-09-29 22:00:00+00:00,0,0.0,3.28732523554299e-07,0.0,False
2021-09-29 22:05:00+00:00,0,0.0,3.28732523554299e-07,0.0,False
2021-09-29 22:10:00+00:00,0,0.0,3.28732523554299e-07,0.0,False
2021-09-29 22:15:00+00:00,0,0.0,3.28732523554299e-07,0.0,False
2021-09-29 22:20:00+00:00,0,0.0,3.28732523554299e-07,0.0,False
2021-09-29 22:25:00+00:00,0,0.0,3.28732523554299e-07,0.0,False
2021-09-29 22:30:00+00:00,0,0.0,3.28732523554299e-07,0.0,False
2021-09-29 22:35:00+00:00,0,0.0,3.28732523554299e-07,0.0,False
2021-09-29 22:40:00+00:00,0,0.0,3.28732523554299e-07,0.0,False
2021-09-29 22:45:00+00:00,0,0.0,3.28732523554299e-07,0.0,False
2021-09-29 22:50:00+00:00,0,0.0,3.28732523554299e-07,0.0,False
2021-09-29 22:55:00+00:00,0,0.0,3.28732523554299e-07,0.0,False
2021-09-29 23:00:00+00:00,0,0.0,3.28732523554299e-07,0.0,False
2021-09-29 23:05:00+00:00,0,0.0,3.28732523554299e-07,0.0,False
2021-09-29 23:10:00+00:00,0,0.0,3.28732523554299e-07,0.0,False
2021-09-29 23:15:00+00:00,0,0.0,3.28732523554299e-07,0.0,False
2021-09-29 23:20:00+00:00,0,0.0,3.28732523554299e-07,0.0,False
2021-09-29 23:25:00+00:00,0,0.0,3.28732523554299e-07,0.0,False
2021-09-29 23:30:00+00:00,0,0.0,3.28732523554299e-07,0.0,False
2021-09-29 23:35:00+00:00,0,0.0,3.28732523554299e-07,0.0,False
2021-09-29 23:40:00+00:00,0,0.0,3.28732523554299e-07,0.0,False
2021-09-29 23:45:00+00:00,0,0.0,3.28732523554299e-07,0.0,False
2021-09-29 23:50:00+00:00,0,0.0,3.28732523554299e-07,0.0,False
2021-09-29 23:55:00+00:00,0,0.0,3.28732523554299e-07,0.0,False
2021-09-30 00:00:00+00:00,0,0.0,3.28732523554299e-07,0.0,False
2021-09-30 00:05:00+00:00,0,0.0,3.28732523554299e-07,0.0,False
2021-09-30 00:10:00+00:00,0,0.0,3.28732523554299e-07,0.0,False
2021-09-30 00:15:00+00:00,0,0.0,3.28732523554299e-07,0.0,False
2021-09-30 00:20:00+00:00,0,0.0,3.28732523554299e-07,0.0,False
2021-09-30 00:25:00+00:00,0,0.0,3.28732523554299e-07,0.0,False
2021-09-30 00:30:00+00:00,0,0.0,3.28732523554299e-07,0.0,False
2021-09-30 00:35:00+00:00,0,0.0,3.28732523554299e-07,0.0,False
2021-09-30 00:40:00+00:00,0,0.0,3.28732523554299e-07,0.0,False
2021-09-30 00:45:00+00:00,0,0.0,3.28732523554299e-07,0.0,False
2021-09-30 00:50:00+00:00,0,0.0,3.28732523554299e-07,0.0,False
2021-09-30 00:55:00+00:00,0,0.0,3.28732523554299e-07,0.0,False
2021-09-30 01:00:00+00:00,0,0.0,3.28732523554299e-07,0.0,False
2021-09-30 01:05:00+00:00,0,0.0,3.28732523554299e-07,0.0,False
2021-09-30 01:10:00+00:00,0,0.0,3.28732523554299e-07,0.0,False
2021-09-30 01:15:00+00:00,0,0.0,3.28732523554299e-07,0.0,False
2021-09-30 01:20:00+00:00,0,0.0,3.28732523554299e-07,0.0,False
2021-09-30 01:25:00+00:00,0,0.0,3.28732523554299e-07,0.0,False
2021-09-30 01:30:00+00:00,0,0.0,3.28732523554299e-07,0.0,False
2021-09-30 01:35:00+00:00,0,0.0,3.28732523554299e-07,0.0,False
2021-09-30 01:40:00+00:00,0,0.0,3.28732523554299e-07,0.0,False
2021-09-30 01:45:00+00:00,0,0.0,3.28732523554299e-07,0.0,False
2021-09-30 01:50:00+00:00,0,0.0,3.28732523554299e-07,0.0,False
2021-09-30 01:55:00+00:00,0,0.0,3.28732523554299e-07,0.0,False
2021-09-30 02:00:00+00:00,0,0.0,3.28732523554299e-07,0.0,False
2021-09-30 02:05:00+00:00,0,0.0,3.28732523554299e-07,0.0,False
2021-09-30 02:10:00+00:00,0,0.0,3.28732523554299e-07,0.0,False
2021-09-30 02:15:00+00:00,0,0.0,3.28732523554299e-07,0.0,False
2021-09-30 02:20:00+00:00,0,0.0,3.28732523554299e-07,0.0,False
2021-09-30 02:25:00+00:00,0,0.0,3.28732523554299e-07,0.0,False
2021-09-30 02:30:00+00:00,0,0.0,3.28732523554299e-07,0.0,False
2021-09-30 02:35:00+00:00,0,0.0,3.28732523554299e-07,0.0,False
2021-09-30 02:40:00+00:00,0,0.0,3.28732523554299e-07,0.0,False
2021-09-30 02:45:00+00:00,0,0.0,3.28732523554299e-07,0.0,False
2021-09-30 02:50:00+00:00,0,0.0,3.28732523554299e-07,0.0,False
2021-09-30 02:55:00+00:00,0,0.0,3.28732523554299e-07,0.0,False
2021-09-30 03:00:00+00:00,0,0.0,3.28732523554299e-07,0.0,False
2021-09-30 03:05:00+00:00,0,0.0,3.28732523554299e-07,0.0,False
2021-09-30 03:10:00+00:00,0,0.0,3.28732523554299e-07,0.0,False
2021-09-30 03:15:00+00:00,0,0.0,3.28732523554299e-07,0.0,False
2021-09-30 03:20:00+00:00,0,0.0,3.28732523554299e-07,0.0,False
2021-09-30 03:25:00+00:00,0,0.0,3.28732523554299e-07,0.0,False
2021-09-30 03:30:00+00:00,0,0.0,3.28732523554299e-07,0.0,False
2021-09-30 03:35:00+00:00,0,0.0,3.28732523554299e-07,0.0,False
2021-09-30 03:40:00+00:00,0,0.0,3.28732523554299e-07,0.0,False
2021-09-30 03:45:00+00:00,0,0.0,3.28732523554299e-07,0.0,False
2021-09-30 03:50:00+00:00,0,0.0,3.28732523554299e-07,0.0,False
2021-09-30 03:55:00+00:00,0,0.0,3.28732523554299e-07,0.0,False
2021-09-30 04:00:00+00:00,0,0.0,3.28732523554299e-07,0.0,False
2021-09-30 04:05:00+00:00,0,0.0,3.28732523554299e-07,0.0,False
2021-09-30 04:10:00+00:00,0,0.0,3.28732523554299e-07,0.0,False
2021-09-30 04:15:00+00:00,0,0.0,3.28732523554299e-07,0.0,False
2021-09-30 04:20:00+00:00,0,0.0,3.28732523554299e-07,0.0,False
2021-09-30 04:25:00+00:00,0,0.0,3.28732523554299e-07,0.0,False
2021-09-30 04:30:00+00:00,0,0.0,3.28732523554299e-07,0.0,False
2021-09-30 04:35:00+00:00,0,0.0,3.28732523554299e-07,0.0,False
2021-09-30 04:40:00+00:00,0,0.0,3.28732523554299e-07,0.0,False
2021-09-30 04:45:00+00:00,0,0.0,3.28732523554299e-07,0.0,False
2021-09-30 04:50:00+00:00,0,0.0,3.28732523554299e-07,0.0,False
2021-09-30 04:55:00+00:00,0,0.0,3.28732523554299e-07,0.0,False
2021-09-30 05:00:00+00:00,0,0.0,3.28732523554299e-07,0.0,False
2021-09-30 05:05:00+00:00,0,0.0,3.28732523554299e-07,0.0,False
2021-09-30 05:10:00+00:00,0,0.0,3.28732523554299e-07,0.0,False
2021-09-30 05:15:00+00:00,0,0.0,3.28732523554299e-07,0.0,False
2021-09-30 05:20:00+00:00,0,0.0,3.28732523554299e-07,0.0,False
2021-09-30 05:25:00+00:00,0,0.0,3.28732523554299e-07,0.0,False
2021-09-30 05:30:00+00:00,0,0.0,3.28732523554299e-07,0.0,False
2021-09-30 05:35:00+00:00,1,0.08333333333333333,0.28867513459499916,3.1754264805408927,True
2021-09-30 05:40:00+00:00,1,0.16666666666666666,0.38924947208089905,2.140872096443432,False
2021-09-30 05:45:00+00:00,2,0.3333333333333333,0.651338947279011,2.558831578595475,False
2021-09-30 05:50:00+00:00,2,0.5,0.7977240352175315,1.8803495115838709,False
2021-09-30 05:55:00+00:00,3,0.75,1.0552897060222217,2.1321159366569438,False
2021-09-30 06:00:00+00:00,7,1.3333333333333333,2.059714602177773,2.751190218623104,False
2021-09-30 06:05:00+00:00,8,2.0,2.763397118831047,2.171240593367224,False
2021-09-30 06:10:00+00:00,8,2.6666666666666665,3.171845844395051,1.681460447631096,False
2021-09-30 06:15:00+00:00,8,3.3333333333333335,3.3933982252532053,1.3752192807604988,False
2021-09-30 06:20:00+00:00,8,4.0,3.464101615137767,1.1547005383792475,False
2021-09-30 06:25:00+00:00,8,4.666666666666667,3.393398225253204,0.9822994862574995,False
2021-09-30 06:30:00+00:00,8,5.333333333333333,3.171845844395048,0.8407302238155487,False
2021-09-30 06:35:00+00:00,8,5.916666666666667,2.9374798516394884,0.7092247227399934,False
2021-09-30 06:40:00+00:00,8,6.5,2.540579747724035,0.5904164202457204,False
2021-09-30 06:45:00+00:00,8,7.0,2.132007163556119,0.4690415759823397,False
2021-09-30 06:50:00+00:00,7,7.416666666666667,1.443375672974085,-0.288675134594809,False
2021-09-30 06:55:00+00:00,8,7.833333333333333,0.3892494720808327,0.42817441928876004,False
2021-09-30 07:00:00+00:00,8,7.916666666666667,0.2886751345949076,0.2886751345947171,False
2021-09-30 07:05:00+00:00,8,7.916666666666667,0.2886751345949076,0.2886751345947171,False
2021-09-30 07:10:00+00:00,8,7.916666666666667,0.2886751345949076,0.2886751345947171,False
2021-09-30 07:15:00+00:00,8,7.916666666666667,0.2886751345949076,0.2886751345947171,False
2021-09-30 07:20:00+00:00,8,7.916666666666667,0.2886751345949076,0.2886751345947171,False
2021-09-30 07:25:00+00:00,7,7.833333333333333,0.3892494720808327,-2.1408720964437955,False
2021-09-30 07:30:00+00:00,7,7.75,0.4522670168667076,-1.6583123951774719,False
2021-09-30 07:35:00+00:00,8,7.75,0.4522670168667076,0.5527707983924907,False
2021-09-30 07:40:00+00:00,8,7.75,0.4522670168667076,0.5527707983924907,False
2021-09-30 07:45:00+00:00,8,7.75,0.4522670168667076,0.5527707983924907,False
2021-09-30 07:50:00+00:00,8,7.833333333333333,0.3892494720808327,0.42817441928876004,False
2021-09-30 07:55:00+00:00,8,7.833333333333333,0.3892494720808327,0.42817441928876004,False
2021-09-30 08:00:00+00:00,8,7.833333333333333,0.3892494720808327,0.42817441928876004,False
2021-09-30 08:05:00+00:00,8,7.833333333333333,0.3892494720808327,0.42817441928876004,False
2021-09-30 08:10:00+00:00,8,7.833333333333333,0.3892494720808327,0.42817441928876004,False
2021-09-30 08:15:00+00:00,7,7.75,0.4522670168667076,-1.6583123951774719,False
2021-09-30 08:20:00+00:00,7,7.666666666666667,0.4923659639173889,-1.3540064007725012,False
2021-09-30 08:25:00+00:00,8,7.75,0.4522670168667075,0.5527707983924908,False
2021-09-30 08:30:00+00:00,8,7.833333333333333,0.3892494720808324,0.42817441928876043,False
2021-09-30 08:35:00+00:00,6,7.666666666666667,0.6513389472789733,-2.5588315785956235,False
2021-09-30 08:40:00+00:00,7,7.583333333333333,0.6685579234215647,-0.872524747516166,False
2021-09-30 08:45:00+00:00,7,7.5,0.6741998624632856,-0.7416198487095185,False
2021-09-30 08:50:00+00:00,7,7.416666666666667,0.6685579234215658,-0.6232319625115469,False
2021-09-30 08:55:00+00:00,6,7.25,0.7537783614444495,-1.6583123951776109,False
2021-09-30 09:00:00+00:00,7,7.166666666666667,0.7177405625653165,-0.23221018200639845,False
2021-09-30 09:05:00+00:00,7,7.083333333333333,0.6685579234215684,-0.12464639250230837,False
2021-09-30 09:10:00+00:00,7,7.0,0.60302268915558,0.0,False
2021-09-30 09:15:00+00:00,5,6.833333333333333,0.8348471099367613,-2.196010876137795,False
2021-09-30 09:20:00+00:00,5,6.666666666666667,0.9847319278346962,-1.6925080009657663,False
2021-09-30 09:25:00+00:00,7,6.583333333333333,0.9003366373785582,0.46278986033473396,False
2021-09-30 09:30:00+00:00,7,6.5,0.7977240352175093,0.6267831705279744,False
2021-09-30 09:35:00+00:00,7,6.583333333333333,0.7929614610988024,0.5254563898846916,False
2021-09-30 09:40:00+00:00,7,6.583333333333333,0.7929614610988024,0.5254563898846916,False
2021-09-30 09:45:00+00:00,7,6.583333333333333,0.7929614610988024,0.5254563898846916,False
2021-09-30 09:50:00+00:00,6,6.5,0.7977240352175093,-0.6267831705279744,False
2021-09-30 09:55:00+00:00,6,6.5,0.7977240352175093,-0.6267831705279744,False
2021-09-30 10:00:00+00:00,6,6.416666666666667,0.7929614610988036,-0.5254563898846907,False
2021-09-30 10:05:00+00:00,7,6.416666666666667,0.7929614610988036,0.7356389458385661,False
2021-09-30 10:10:00+00:00,7,6.416666666666667,0.7929614610988036,0.7356389458385661,False
2021-09-30 10:15:00+00:00,7,6.583333333333333,0.6685579234215728,0.6232319625115403,False
2021-09-30 10:20:00+00:00,2,6.333333333333333,1.4354811251305717,-3.018732366083303,True
2021-09-30 10:25:00+00:00,2,5.916666666666667,1.880924981991271,-2.0823088130395426,False
2021-09-30 10:30:00+00:00,2,5.5,2.1532216876958388,-1.6254712740448698,False
2021-09-30 10:35:00+00:00,2,5.083333333333333,2.314316444667991,-1.3322868358979596,False
2021-09-30 10:40:00+00:00,2,4.666666666666667,2.386832565759439,-1.1172407754618476,False
2021-09-30 10:45:00+00:00,2,4.25,2.3788843832962967,-0.945821501792488,False
2021-09-30 10:50:00+00:00,2,3.9166666666666665,2.3915887961138025,-0.8014198217440817,False
2021-09-30 10:55:00+00:00,0,3.4166666666666665,2.5390883594254454,-1.3456273209175764,False
2021-09-30 11:00:00+00:00,0,2.9166666666666665,2.574643252722207,-1.1328430311977526,False
2021-09-30 11:05:00+00:00,0,2.3333333333333335,2.348435972120941,-0.99356906512807,False
2021-09-30 11:10:00+00:00,0,1.75,1.9128750375001053,-0.9148532788043682,False
2021-09-30 11:15:00+00:00,3,1.4166666666666667,1.0836246694508889,1.461145522033625,False
2021-09-30 11:20:00+00:00,3,1.5,1.1677484162423373,1.2845232578664547,False
2021-09-30 11:25:00+00:00,3,1.5833333333333333,1.2401124093721947,1.1423695593723253,False
2021-09-30 11:30:00+00:00,3,1.6666666666666667,1.3026778945579058,1.0235326314382813,False
2021-09-30 11:35:00+00:00,4,1.8333333333333333,1.4668044012462162,1.477134009705615,False
2021-09-30 11:40:00+00:00,4,2.0,1.595448070434968,1.2535663410559885,False
2021-09-30 11:45:00+00:00,3,2.0833333333333335,1.6213537179739639,0.5653711811955068,False
2021-09-30 11:50:00+00:00,3,2.1666666666666665,1.6422453217987296,0.5074353522411588,False
2021-09-30 11:55:00+00:00,3,2.4166666666666665,1.505042031024924,0.387586074879309,False
2021-09-30 12:00:00+00:00,3,2.6666666666666665,1.3026778945579014,0.25588315785957133,False
2021-09-30 12:05:00+00:00,3,2.9166666666666665,0.9962049198956756,0.08365079480039136,False
2021-09-30 12:10:00+00:00,3,3.1666666666666665,0.38924947208089533,-0.42817441928869004,False
2021-09-30 12:15:00+00:00,3,3.1666666666666665,0.38924947208089533,-0.42817441928869004,False
2021-09-30 12:20:00+00:00,3,3.1666666666666665,0.38924947208089533,-0.42817441928869004,False
2021-09-30 12:25:00+00:00,1,3.0,0.7385489458760682,-2.7080128015450566,False
2021-09-30 12:30:00+00:00,0,2.75,1.1381803659590402,-2.4161372680882853,False
2021-09-30 12:35:00+00:00,1,2.5,1.1677484162423324,-1.2845232578664603,False
2021-09-30 12:40:00+00:00,1,2.25,1.1381803659590426,-1.0982442127674,False
2021-09-30 12:45:00+00:00,1,2.0833333333333335,1.164500152881365,-0.9302990048157593,False
2021-09-30 12:50:00+00:00,1,1.9166666666666667,1.1645001528813659,-0.7871760809979496,False
2021-09-30 12:55:00+00:00,1,1.75,1.138180365959045,-0.6589465276604386,False
2021-09-30 13:00:00+00:00,1,1.5833333333333333,1.083624669450888,-0.5383167712755464,False
2021-09-30 13:05:00+00:00,1,1.4166666666666667,0.9962049198956842,-0.4182539740019526,False
2021-09-30 13:10:00+00:00,1,1.25,0.8660254037845114,-0.2886751345947886,False
2021-09-30 13:15:00+00:00,1,1.0833333333333333,0.6685579234216172,-0.1246463925022996,False
2021-09-30 13:20:00+00:00,1,0.9166666666666666,0.2886751345950382,0.2886751345945877,False
2021-09-30 13:25:00+00:00,1,0.9166666666666666,0.2886751345950382,0.2886751345945877,False
2021-09-30 13:30:00+00:00,1,1.0,3.5923291498384884e-07,0.0,False
2021-09-30 13:35:00+00:00,1,1.0,3.5923291498384884e-07,0.0,False
2021-09-30 13:40:00+00:00,1,1.0,3.5923291498384884e-07,0.0,False
2021-09-30 13:45:00+00:00,1,1.0,3.5923291498384884e-07,0.0,False
2021-09-30 13:50:00+00:00,1,1.0,3.5923291498384884e-07,0.0,False
2021-09-30 13:55:00+00:00,1,1.0,3.5923291498384884e-07,0.0,False
2021-09-30 14:00:00+00:00,1,1.0,3.5923291498384884e-07,0.0,False
2021-09-30 14:05:00+00:00,1,1.0,3.5923291498384884e-07,0.0,False
2021-09-30 14:10:00+00:00,1,1.0,3.5923291498384884e-07,0.0,False
2021-09-30 14:15:00+00:00,0,0.9166666666666666,0.2886751345950382,-3.1754264805404633,True
2021-09-30 14:20:00+00:00,0,0.8333333333333334,0.3892494720809299,-2.1408720964432617,False
2021-09-30 14:25:00+00:00,0,0.75,0.45226701686679155,-1.6583123951771641,False
2021-09-30 14:30:00+00:00,0,0.6666666666666666,0.49236596391746623,-1.3540064007722878,False
2021-09-30 14:35:00+00:00,0,0.5833333333333334,0.5149286505445677,-1.1328430311974749,False
2021-09-30 14:40:00+00:00,0,0.5,0.5222329678672232,-0.9574271077561004,False
2021-09-30 14:45:00+00:00,0,0.4166666666666667,0.5149286505445698,-0.8091735937124788,False
2021-09-30 14:50:00+00:00,0,0.3333333333333333,0.49236596391747073,-0.6770032003861378,False
2021-09-30 14:55:00+00:00,0,0.25,0.4522670168667988,-0.5527707983923792,False
2021-09-30 15:00:00+00:00,0,0.16666666666666666,0.38924947208094113,-0.42817441928864003,False
2021-09-30 15:05:00+00:00,0,0.08333333333333333,0.28867513459505706,-0.28867513459456867,False
2021-09-30 15:10:00+00:00,0,0.0,3.7695948617249646e-07,0.0,False
2021-09-30 15:15:00+00:00,0,0.0,3.7695948617249646e-07,0.0,False
2021-09-30 15:20:00+00:00,0,0.0,3.7695948617249646e-07,0.0,False
2021-09-30 15:25:00+00:00,0,0.0,3.7695948617249646e-07,0.0,False
2021-09-30 15:30:00+00:00,0,0.0,3.7695948617249646e-07,0.0,False
2021-09-30 15:35:00+00:00,0,0.0,3.7695948617249646e-07,0.0,False
2021-09-30 15:40:00+00:00,0,0.0,3.7695948617249646e-07,0.0,False
2021-09-30 15:45:00+00:00,0,0.0,3.7695948617249646e-07,0.0,False
2021-09-30 15:50:00+00:00,0,0.0,3.7695948617249646e-07,0.0,False
2021-09-30 15:55:00+00:00,0,0.0,3.7695948617249646e-07,0.0,False
2021-09-30 16:00:00+00:00,0,0.0,3.7695948617249646e-07,0.0,False
2021-09-30 16:05:00+00:00,0,0.0,3.7695948617249646e-07,0.0,False
2021-09-30 16:10:00+00:00,0,0.0,3.7695948617249646e-07,0.0,False
2021-09-30 16:15:00+00:00,0,0.0,3.7695948617249646e-07,0.0,False
2021-09-30 16:20:00+00:00,0,0.0,3.7695948617249646e-07,0.0,False
2021-09-30 16:25:00+00:00,0,0.0,3.7695948617249646e-07,0.0,False
2021-09-30 16:30:00+00:00,0,0.0,3.7695948617249646e-07,0.0,False
2021-09-30 16:35:00+00:00,0,0.0,3.7695948617249646e-07,0.0,False
2021-09-30 16:40:00+00:00,0,0.0,3.7695948617249646e-07,0.0,False
2021-09-30 16:45:00+00:00,0,0.0,3.7695948617249646e-07,0.0,False
2021-09-30 16:50:00+00:00,0,0.0,3.7695948617249646e-07,0.0,False
2021-09-30 16:55:00+00:00,0,0.0,3.7695948617249646e-07,0.0,False
2021-09-30 17:00:00+00:00,0,0.0,3.7695948617249646e-07,0.0,False
2021-09-30 17:05:00+00:00,0,0.0,3.7695948617249646e-07,0.0,False
2021-09-30 17:10:00+00:00,0,0.0,3.7695948617249646e-07,0.0,False
2021-09-30 17:15:00+00:00,0,0.0,3.7695948617249646e-07,0.0,False
2021-09-30 17:20:00+00:00,0,0.0,3.7695948617249646e-07,0.0,False
2021-09-30 17:25:00+00:00,0,0.0,3.7695948617249646e-07,0.0,False
2021-09-30 17:30:00+00:00,0,0.0,3.7695948617249646e-07,0.0,False
2021-09-30 17:35:00+00:00,0,0.0,3.7695948617249646e-07,0.0,False
2021-09-30 17:40:00+00:00,0,0.0,3.7695948617249646e-07,0.0,False
2021-09-30 17:45:00+00:00,0,0.0,3.7695948617249646e-07,0.0,False
2021-09-30 17:50:00+00:00,0,0.0,3.7695948617249646e-07,0.0,False
2021-09-30 17:55:00+00:00,0,0.0,3.7695948617249646e-07,0.0,False
2021-09-30 18:00:00+00:00,0,0.0,3.7695948617249646e-07,0.0,False
2021-09-30 18:05:00+00:00,0,0.0,3.7695948617249646e-07,0.0,False
2021-09-30 18:10:00+00:00,0,0.0,3.7695948617249646e-07,0.0,False
2021-09-30 18:15:00+00:00,0,0.0,3.7695948617249646e-07,0.0,False
2021-09-30 18:20:00+00:00,0,0.0,3.7695948617249646e-07,0.0,False
2021-09-30 18:25:00+00:00,0,0.0,3.7695948617249646e-07,0.0,False
2021-09-30 18:30:00+00:00,0,0.0,3.7695948617249646e-07,0.0,False
2021-09-30 18:35:00+00:00,0,0.0,3.7695948617249646e-07,0.0,False
2021-09-30 18:40:00+00:00,0,0.0,3.7695948617249646e-07,0.0,False
2021-09-30 18:45:00+00:00,0,0.0,3.7695948617249646e-07,0.0,False
2021-09-30 18:50:00+00:00,0,0.0,3.7695948617249646e-07,0.0,False
2021-09-30 18:55:00+00:00,0,0.0,3.7695948617249646e-07,0.0,False
2021-09-30 19:00:00+00:00,0,0.0,3.7695948617249646e-07,0.0,False
2021-09-30 19:05:00+00:00,0,0.0,3.7695948617249646e-07,0.0,False
2021-09-30 19:10:00+00:00,0,0.0,3.7695948617249646e-07,0.0,False
2021-09-30 19:15:00+00:00,0,0.0,3.7695948617249646e-07,0.0,False
2021-09-30 19:20:00+00:00,0,0.0,3.7695948617249646e-07,0.0,False
2021-09-30 19:25:00+00:00,0,0.0,3.7695948617249646e-07,0.0,False
2021-09-30 19:30:00+00:00,0,0.0,3.7695948617249646e-07,0.0,False
2021-09-30 19:35:00+00:00,0,0.0,3.7695948617249646e-07,0.0,False
2021-09-30 19:40:00+00:00,0,0.0,3.7695948617249646e-07,0.0,False
2021-09-30 19:45:00+00:00,0,0.0,3.7695948617249646e-07,0.0,False
2021-09-30 19:50:00+00:00,0,0.0,3.7695948617249646e-07,0.0,False
2021-09-30 19:55:00+00:00,0,0.0,3.7695948617249646e-07,0.0,False
2021-09-30 20:00:00+00:00,0,0.0,3.7695948617249646e-07,0.0,False
2021-09-30 20:05:00+00:00,0,0.0,3.7695948617249646e-07,0.0,False
2021-09-30 20:10:00+00:00,0,0.0,3.7695948617249646e-07,0.0,False
2021-09-30 20:15:00+00:00,0,0.0,3.7695948617249646e-07,0.0,False
2021-09-30 20:20:00+00:00,0,0.0,3.7695948617249646e-07,0.0,False
2021-09-30 20:25:00+00:00,0,0.0,3.7695948617249646e-07,0.0,False
2021-09-30 20:30:00+00:00,0,0.0,3.7695948617249646e-07,0.0,False
2021-09-30 20:35:00+00:00,0,0.0,3.7695948617249646e-07,0.0,False
2021-09-30 20:40:00+00:00,0,0.0,3.7695948617249646e-07,0.0,False
2021-09-30 20:45:00+00:00,0,0.0,3.7695948617249646e-07,0.0,False
2021-09-30 20:50:00+00:00,0,0.0,3.7695948617249646e-07,0.0,False
2021-09-30 20:55:00+00:00,0,0.0,3.7695948617249646e-07,0.0,False
2021-09-30 21:00:00+00:00,0,0.0,3.7695948617249646e-07,0.0,False
2021-09-30 21:05:00+00:00,0,0.0,3.7695948617249646e-07,0.0,False
2021-09-30 21:10:00+00:00,0,0.0,3.7695948617249646e-07,0.0,False
2021-09-30 21:15:00+00:00,0,0.0,3.7695948617249646e-07,0.0,False
2021-09-30 21:20:00+00:00,0,0.0,3.7695948617249646e-07,0.0,False
2021-09-30 21:25:00+00:00,0,0.0,3.7695948617249646e-07,0.0,False
2021-09-30 21:30:00+00:00,0,0.0,3.7695948617249646e-07,0.0,False
2021-09-30 21:35:00+00:00,0,0.0,3.7695948617249646e-07,0.0,False
2021-09-30 21:40:00+00:00,0,0.0,3.7695948617249646e-07,0.0,False
2021-09-30 21:45:00+00:00,0,0.0,3.7695948617249646e-07,0.0,False
2021-09-30 21:50:00+00:00,0,0.0,3.7695948617249646e-07,0.0,False
2021-09-30 21:55:00+00:00,0,0.0,3.7695948617249646e-07,0.0,False
2021-09-30 22:00:00+00:00,0,0.0,3.7695948617249646e-07,0.0,False
2021-09-30 22:05:00+00:00,0,0.0,3.7695948617249646e-07,0.0,False
2021-09-30 22:10:00+00:00,0,0.0,3.7695948617249646e-07,0.0,False
2021-09-30 22:15:00+00:00,0,0.0,3.7695948617249646e-07,0.0,False
2021-09-30 22:20:00+00:00,0,0.0,3.7695948617249646e-07,0.0,False
2021-09-30 22:25:00+00:00,0,0.0,3.7695948617249646e-07,0.0,False
2021-09-30 22:30:00+00:00,0,0.0,3.7695948617249646e-07,0.0,False
2021-09-30 22:35:00+00:00,0,0.0,3.7695948617249646e-07,0.0,False
2021-09-30 22:40:00+00:00,0,0.0,3.7695948617249646e-07,0.0,False
2021-09-30 22:45:00+00:00,0,0.0,3.7695948617249646e-07,0.0,False
2021-09-30 22:50:00+00:00,0,0.0,3.7695948617249646e-07,0.0,False
2021-09-30 22:55:00+00:00,0,0.0,3.7695948617249646e-07,0.0,False
2021-09-30 23:00:00+00:00,0,0.0,3.7695948617249646e-07,0.0,False
2021-09-30 23:05:00+00:00,0,0.0,3.7695948617249646e-07,0.0,False
2021-09-30 23:10:00+00:00,0,0.0,3.7695948617249646e-07,0.0,False
2021-09-30 23:15:00+00:00,0,0.0,3.7695948617249646e-07,0.0,False
2021-09-30 23:20:00+00:00,0,0.0,3.7695948617249646e-07,0.0,False
2021-09-30 23:25:00+00:00,0,0.0,3.7695948617249646e-07,0.0,False
2021-09-30 23:30:00+00:00,0,0.0,3.7695948617249646e-07,0.0,False
2021-09-30 23:35:00+00:00,0,0.0,3.7695948617249646e-07,0.0,False
2021-09-30 23:40:00+00:00,0,0.0,3.7695948617249646e-07,0.0,False
2021-09-30 23:45:00+00:00,0,0.0,3.7695948617249646e-07,0.0,False
2021-09-30 23:50:00+00:00,0,0.0,3.7695948617249646e-07,0.0,False
2021-09-30 23:55:00+00:00,0,0.0,3.7695948617249646e-07,0.0,False
2021-10-01 00:00:00+00:00,0,0.0,3.7695948617249646e-07,0.0,False
2021-10-01 00:05:00+00:00,0,0.0,3.7695948617249646e-07,0.0,False
2021-10-01 00:10:00+00:00,0,0.0,3.7695948617249646e-07,0.0,False
2021-10-01 00:15:00+00:00,0,0.0,3.7695948617249646e-07,0.0,False
2021-10-01 00:20:00+00:00,0,0.0,3.7695948617249646e-07,0.0,False
2021-10-01 00:25:00+00:00,0,0.0,3.7695948617249646e-07,0.0,False
2021-10-01 00:30:00+00:00,0,0.0,3.7695948617249646e-07,0.0,False
2021-10-01 00:35:00+00:00,0,0.0,3.7695948617249646e-07,0.0,False
2021-10-01 00:40:00+00:00,0,0.0,3.7695948617249646e-07,0.0,False
2021-10-01 00:45:00+00:00,0,0.0,3.7695948617249646e-07,0.0,False
2021-10-01 00:50:00+00:00,0,0.0,3.7695948617249646e-07,0.0,False
2021-10-01 00:55:00+00:00,0,0.0,3.7695948617249646e-07,0.0,False
2021-10-01 01:00:00+00:00,0,0.0,3.7695948617249646e-07,0.0,False
2021-10-01 01:05:00+00:00,0,0.0,3.7695948617249646e-07,0.0,False
2021-10-01 01:10:00+00:00,0,0.0,3.7695948617249646e-07,0.0,False
2021-10-01 01:15:00+00:00,0,0.0,3.7695948617249646e-07,0.0,False
2021-10-01 01:20:00+00:00,0,0.0,3.7695948617249646e-07,0.0,False
2021-10-01 01:25:00+00:00,0,0.0,3.7695948617249646e-07,0.0,False
2021-10-01 01:30:00+00:00,0,0.0,3.7695948617249646e-07,0.0,False
2021-10-01 01:35:00+00:00,0,0.0,3.7695948617249646e-07,0.0,False
2021-10-01 01:40:00+00:00,0,0.0,3.7695948617249646e-07,0.0,False
2021-10-01 01:45:00+00:00,0,0.0,3.7695948617249646e-07,0.0,False
2021-10-01 01:50:00+00:00,0,0.0,3.7695948617249646e-07,0.0,False
2021-10-01 01:55:00+00:00,0,0.0,3.7695948617249646e-07,0.0,False
2021-10-01 02:00:00+00:00,0,0.0,3.7695948617249646e-07,0.0,False
2021-10-01 02:05:00+00:00,0,0.0,3.7695948617249646e-07,0.0,False
2021-10-01 02:10:00+00:00,0,0.0,3.7695948617249646e-07,0.0,False
2021-10-01 02:15:00+00:00,0,0.0,3.7695948617249646e-07,0.0,False
2021-10-01 02:20:00+00:00,0,0.0,3.7695948617249646e-07,0.0,False
2021-10-01 02:25:00+00:00,0,0.0,3.7695948617249646e-07,0.0,False
2021-10-01 02:30:00+00:00,0,0.0,3.7695948617249646e-07,0.0,False
2021-10-01 02:35:00+00:00,0,0.0,3.7695948617249646e-07,0.0,False
2021-10-01 02:40:00+00:00,0,0.0,3.7695948617249646e-07,0.0,False
2021-10-01 02:45:00+00:00,0,0.0,3.7695948617249646e-07,0.0,False
2021-10-01 02:50:00+00:00,0,0.0,3.7695948617249646e-07,0.0,False
2021-10-01 02:55:00+00:00,0,0.0,3.7695948617249646e-07,0.0,False
2021-10-01 03:00:00+00:00,0,0.0,3.7695948617249646e-07,0.0,False
2021-10-01 03:05:00+00:00,0,0.0,3.7695948617249646e-07,0.0,False
2021-10-01 03:10:00+00:00,0,0.0,3.7695948617249646e-07,0.0,False
2021-10-01 03:15:00+00:00,0,0.0,3.7695948617249646e-07,0.0,False
2021-10-01 03:20:00+00:00,0,0.0,3.7695948617249646e-07,0.0,False
2021-10-01 03:25:00+00:00,0,0.0,3.7695948617249646e-07,0.0,False
2021-10-01 03:30:00+00:00,0,0.0,3.7695948617249646e-07,0.0,False
2021-10-01 03:35:00+00:00,0,0.0,3.7695948617249646e-07,0.0,False
2021-10-01 03:40:00+00:00,0,0.0,3.7695948617249646e-07,0.0,False
2021-10-01 03:45:00+00:00,0,0.0,3.7695948617249646e-07,0.0,False
2021-10-01 03:50:00+00:00,0,0.0,3.7695948617249646e-07,0.0,False
2021-10-01 03:55:00+00:00,0,0.0,3.7695948617249646e-07,0.0,False
2021-10-01 04:00:00+00:00,0,0.0,3.7695948617249646e-07,0.0,False
2021-10-01 04:05:00+00:00,0,0.0,3.7695948617249646e-07,0.0,False
2021-10-01 04:10:00+00:00,0,0.0,3.7695948617249646e-07,0.0,False
2021-10-01 04:15:00+00:00,0,0.0,3.7695948617249646e-07,0.0,False
2021-10-01 04:20:00+00:00,0,0.0,3.7695948617249646e-07,0.0,False
2021-10-01 04:25:00+00:00,0,0.0,3.7695948617249646e-07,0.0,False
2021-10-01 04:30:00+00:00,0,0.0,3.7695948617249646e-07,0.0,False
2021-10-01 04:35:00+00:00,0,0.0,3.7695948617249646e-07,0.0,False
2021-10-01 04:40:00+00:00,0,0.0,3.7695948617249646e-07,0.0,False
2021-10-01 04:45:00+00:00,0,0.0,3.7695948617249646e-07,0.0,False
2021-10-01 04:50:00+00:00,0,0.0,3.7695948617249646e-07,0.0,False
2021-10-01 04:55:00+00:00,0,0.0,3.7695948617249646e-07,0.0,False
2021-10-01 05:00:00+00:00,0,0.0,3.7695948617249646e-07,0.0,False
2021-10-01 05:05:00+00:00,0,0.0,3.7695948617249646e-07,0.0,False
2021-10-01 05:10:00+00:00,0,0.0,3.7695948617249646e-07,0.0,False
2021-10-01 05:15:00+00:00,0,0.0,3.7695948617249646e-07,0.0,False
2021-10-01 05:20:00+00:00,0,0.0,3.7695948617249646e-07,0.0,False
2021-10-01 05:25:00+00:00,0,0.0,3.7695948617249646e-07,0.0,False
2021-10-01 05:30:00+00:00,0,0.0,3.7695948617249646e-07,0.0,False
2021-10-01 05:35:00+00:00,0,0.0,3.7695948617249646e-07,0.0,False
2021-10-01 05:40:00+00:00,0,0.0,3.7695948617249646e-07,0.0,False
2021-10-01 05:45:00+00:00,0,0.0,3.7695948617249646e-07,0.0,False
2021-10-01 05:50:00+00:00,0,0.0,3.7695948617249646e-07,0.0,False
2021-10-01 05:55:00+00:00,0,0.0,3.7695948617249646e-07,0.0,False
2021-10-01 06:00:00+00:00,0,0.0,3.7695948617249646e-07,0.0,False
2021-10-01 06:05:00+00:00,0,0.0,3.7695948617249646e-07,0.0,False
2021-10-01 06:10:00+00:00,0,0.0,3.7695948617249646e-07,0.0,False
2021-10-01 06:15:00+00:00,0,0.0,3.7695948617249646e-07,0.0,False
2021-10-01 06:20:00+00:00,0,0.0,3.7695948617249646e-07,0.0,False
2021-10-01 06:25:00+00:00,0,0.0,3.7695948617249646e-07,0.0,False
2021-10-01 06:30:00+00:00,0,0.0,3.7695948617249646e-07,0.0,False
2021-10-01 06:35:00+00:00,0,0.0,3.7695948617249646e-07,0.0,False
2021-10-01 06:40:00+00:00,0,0.0,3.7695948617249646e-07,0.0,False
2021-10-01 06:45:00+00:00,0,0.0,3.7695948617249646e-07,0.0,False
2021-10-01 06:50:00+00:00,0,0.0,3.7695948617249646e-07,0.0,False
2021-10-01 06:55:00+00:00,0,0.0,3.7695948617249646e-07,0.0,False
2021-10-01 07:00:00+00:00,0,0.0,3.7695948617249646e-07,0.0,False
2021-10-01 07:05:00+00:00,0,0.0,3.7695948617249646e-07,0.0,False
2021-10-01 07:10:00+00:00,0,0.0,3.7695948617249646e-07,0.0,False
2021-10-01 07:15:00+00:00,0,0.0,3.7695948617249646e-07,0.0,False
2021-10-01 07:20:00+00:00,0,0.0,3.7695948617249646e-07,0.0,False
2021-10-01 07:25:00+00:00,0,0.0,3.7695948617249646e-07,0.0,False
2021-10-01 07:30:00+00:00,4,0.3333333333333333,1.1547005383793112,3.1754264805427774,True
2021-10-01 07:35:00+00:00,4,0.6666666666666666,1.5569978883230888,2.1408720964441295,False
2021-10-01 07:40:00+00:00,4,1.0,1.8090680674666173,1.6583123951776673,False
2021-10-01 07:45:00+00:00,4,1.3333333333333333,1.9694638556693553,1.3540064007726385,False
2021-10-01 07:50:00+00:00,4,1.6666666666666667,2.059714602177778,1.1328430311977458,False
2021-10-01 07:55:00+00:00,4,2.0,2.088931871468402,0.9574271077563253,False
2021-10-01 08:00:00+00:00,4,2.3333333333333335,2.059714602177776,0.8091735937126763,False
2021-10-01 08:05:00+00:00,4,2.6666666666666665,1.9694638556693511,0.6770032003863207,False
2021-10-01 08:10:00+00:00,4,3.0,1.8090680674666102,0.5527707983925579,False
2021-10-01 08:15:00+00:00,4,3.3333333333333335,1.5569978883230777,0.4281744192888288,False
2021-10-01 08:20:00+00:00,4,3.6666666666666665,1.1547005383792923,0.2886751345948028,False
2021-10-01 08:25:00+00:00,4,4.0,,,False
2021-10-01 08:30:00+00:00,4,4.0,,,False
2021-10-01 08:35:00+00:00,4,4.0,,,False
2021-10-01 08:40:00+00:00,4,4.0,,,False
2021-10-01 08:45:00+00:00,4,4.0,,,False
2021-10-01 08:50:00+00:00,4,4.0,,,False
2021-10-01 08:55:00+00:00,4,4.0,,,False
2021-10-01 09:00:00+00:00,4,4.0,,,False
2021-10-01 09:05:00+00:00,4,4.0,,,False
2021-10-01 09:10:00+00:00,2,3.8333333333333335,0.5773502691896258,-3.1754264805429417,True
2021-10-01 09:15:00+00:00,2,3.6666666666666665,0.7784989441615231,-2.1408720964441876,False
2021-10-01 09:20:00+00:00,2,3.5,0.904534033733291,-1.6583123951776997,False
2021-10-01 09:25:00+00:00,2,3.3333333333333335,0.9847319278346621,-1.3540064007726598,False
2021-10-01 09:30:00+00:00,2,3.1666666666666665,1.029857301088875,-1.132843031197761,False
2021-10-01 09:35:00+00:00,2,3.0,1.0444659357341874,-0.9574271077563378,False
2021-10-01 09:40:00+00:00,2,2.8333333333333335,1.029857301088875,-0.8091735937126868,False
2021-10-01 09:45:00+00:00,2,2.6666666666666665,0.9847319278346627,-0.6770032003863293,False
2021-10-01 09:50:00+00:00,2,2.5,0.9045340337332919,-0.552770798392566,False
2021-10-01 09:55:00+00:00,2,2.3333333333333335,0.7784989441615245,-0.428174419288837,False
2021-10-01 10:00:00+00:00,2,2.1666666666666665,0.5773502691896284,-0.2886751345948113,False
2021-10-01 10:05:00+00:00,2,2.0,,,False
2021-10-01 10:10:00+00:00,2,2.0,,,False
2021-10-01 10:15:00+00:00,2,2.0,,,False
2021-10-01 10:20:00+00:00,2,2.0,,,False
2021-10-01 10:25:00+00:00,2,2.0,,,False
2021-10-01 10:30:00+00:00,2,2.0,,,False
2021-10-01 10:35:00+00:00,2,2.0,,,False
2021-10-01 10:40:00+00:00,2,2.0,,,False
2021-10-01 10:45:00+00:00,2,2.0,,,False
2021-10-01 10:50:00+00:00,2,2.0,,,False
2021-10-01 10:55:00+00:00,2,2.0,,,False
2021-10-01 11:00:00+00:00,2,2.0,,,False
2021-10-01 11:05:00+00:00,2,2.0,,,False
2021-10-01 11:10:00+00:00,2,2.0,,,False
2021-10-01 11:15:00+00:00,0,1.8333333333333333,0.5773502691896257,-3.1754264805429417,True
2021-10-01 11:20:00+00:00,0,1.6666666666666667,0.7784989441615229,-2.1408720964441885,False
2021-10-01 11:25:00+00:00,0,1.5,0.9045340337332909,-1.6583123951777,False
2021-10-01 11:30:00+00:00,0,1.3333333333333333,0.9847319278346618,-1.35400640077266,False
2021-10-01 11:35:00+00:00,0,1.1666666666666667,1.0298573010888745,-1.132843031197762,False
2021-10-01 11:40:00+00:00,0,1.0,1.044465935734187,-0.9574271077563381,False
2021-10-01 11:45:00+00:00,0,0.8333333333333334,1.0298573010888745,-0.809173593712687,False
2021-10-01 11:50:00+00:00,0,0.6666666666666666,0.9847319278346621,-0.6770032003863298,False
2021-10-01 11:55:00+00:00,0,0.5,0.9045340337332913,-0.5527707983925664,False
2021-10-01 12:00:00+00:00,0,0.3333333333333333,0.7784989441615237,-0.42817441928883726,False
2021-10-01 12:05:00+00:00,0,0.16666666666666666,0.5773502691896268,-0.2886751345948123,False
2021-10-01 12:10:00+00:00,0,0.0,,,False
2021-10-01 12:15:00+00:00,0,0.0,,,False
2021-10-01 12:20:00+00:00,0,0.0,,,False
2021-10-01 12:25:00+00:00,0,0.0,,,False
2021-10-01 12:30:00+00:00,1,0.08333333333333333,0.28867513459481287,3.1754264805429417,True
2021-10-01 12:35:00+00:00,1,0.16666666666666666,0.38924947208076144,2.1408720964441885,False
2021-10-01 12:40:00+00:00,1,0.25,0.45226701686664544,1.6583123951777,False
2021-10-01 12:45:00+00:00,0,0.25,0.45226701686664544,-0.5527707983925666,False
2021-10-01 12:50:00+00:00,0,0.25,0.45226701686664544,-0.5527707983925666,False
2021-10-01 12:55:00+00:00,1,0.3333333333333333,0.4923659639173309,1.3540064007726602,False
2021-10-01 13:00:00+00:00,1,0.4166666666666667,0.5149286505444373,1.1328430311977618,False
2021-10-01 13:05:00+00:00,1,0.5,0.5222329678670935,0.9574271077563381,False
2021-10-01 13:10:00+00:00,1,0.5833333333333334,0.5149286505444373,0.8091735937126869,False
2021-10-01 13:15:00+00:00,1,0.6666666666666666,0.49236596391733095,0.6770032003863301,False
2021-10-01 13:20:00+00:00,1,0.75,0.4522670168666455,0.5527707983925666,False
2021-10-01 13:25:00+00:00,1,0.8333333333333334,0.38924947208076166,0.42817441928883737,False
2021-10-01 13:30:00+00:00,1,0.8333333333333334,0.38924947208076166,0.42817441928883737,False
2021-10-01 13:35:00+00:00,1,0.8333333333333334,0.38924947208076166,0.42817441928883737,False
2021-10-01 13:40:00+00:00,1,0.8333333333333334,0.38924947208076166,0.42817441928883737,False
2021-10-01 13:45:00+00:00,1,0.9166666666666666,0.2886751345948132,0.2886751345948127,False
2021-10-01 13:50:00+00:00,1,1.0,,,False
2021-10-01 13:55:00+00:00,1,1.0,,,False
2021-10-01 14:00:00+00:00,0,0.9166666666666666,0.28867513459481287,-3.1754264805429417,True
2021-10-01 14:05:00+00:00,0,0.8333333333333334,0.38924947208076144,-2.1408720964441885,False
2021-10-01 14:10:00+00:00,0,0.75,0.45226701686664544,-1.6583123951777,False
2021-10-01 14:15:00+00:00,0,0.6666666666666666,0.4923659639173309,-1.35400640077266,False
2021-10-01 14:20:00+00:00,0,0.5833333333333334,0.5149286505444373,-1.132843031197762,False
2021-10-01 14:25:00+00:00,0,0.5,0.5222329678670935,-0.9574271077563381,False
2021-10-01 14:30:00+00:00,0,0.4166666666666667,0.5149286505444373,-0.809173593712687,False
2021-10-01 14:35:00+00:00,0,0.3333333333333333,0.49236596391733106,-0.6770032003863298,False
2021-10-01 14:40:00+00:00,0,0.25,0.45226701686664567,-0.5527707983925664,False
2021-10-01 14:45:00+00:00,0,0.16666666666666666,0.3892494720807618,-0.42817441928883726,False
2021-10-01 14:50:00+00:00,0,0.08333333333333333,0.2886751345948134,-0.2886751345948123,False
2021-10-01 14:55:00+00:00,0,0.0,,,False
2021-10-01 15:00:00+00:00,0,0.0,,,False
2021-10-01 15:05:00+00:00,0,0.0,,,False
2021-10-01 15:10:00+00:00,0,0.0,,,False
2021-10-01 15:15:00+00:00,0,0.0,,,False
2021-10-01 15:20:00+00:00,0,0.0,,,False
2021-10-01 15:25:00+00:00,0,0.0,,,False
2021-10-01 15:30:00+00:00,0,0.0,,,False
2021-10-01 15:35:00+00:00,0,0.0,,,False
2021-10-01 15:40:00+00:00,0,0.0,,,False
2021-10-01 15:45:00+00:00,0,0.0,,,False
2021-10-01 15:50:00+00:00,0,0.0,,,False
2021-10-01 15:55:00+00:00,0,0.0,,,False
2021-12-08 16:00:00+00:00,0,0.0,,,False
2021-12-08 16:05:00+00:00,0,0.0,,,False
2021-12-08 16:10:00+00:00,0,0.0,,,False
2021-12-08 16:15:00+00:00,0,0.0,,,False
2021-12-08 16:20:00+00:00,0,0.0,,,False
2021-12-08 16:25:00+00:00,0,0.0,,,False
2021-12-08 16:30:00+00:00,0,0.0,,,False
2021-12-08 16:35:00+00:00,0,0.0,,,False
2021-12-08 16:40:00+00:00,0,0.0,,,False
2021-12-08 16:45:00+00:00,0,0.0,,,False
2021-12-08 16:50:00+00:00,0,0.0,,,False
2021-12-08 16:55:00+00:00,0,0.0,,,False
2021-12-08 17:00:00+00:00,0,0.0,,,False
2021-12-08 17:05:00+00:00,0,0.0,,,False
2021-12-08 17:10:00+00:00,0,0.0,,,False
2021-12-08 17:15:00+00:00,0,0.0,,,False
2021-12-08 17:20:00+00:00,0,0.0,,,False
2021-12-08 17:25:00+00:00,0,0.0,,,False
2021-12-08 17:30:00+00:00,0,0.0,,,False
2021-12-08 17:35:00+00:00,0,0.0,,,False
2021-12-08 17:40:00+00:00,0,0.0,,,False
2021-12-08 17:45:00+00:00,0,0.0,,,False
2021-12-08 17:50:00+00:00,0,0.0,,,False
2021-12-08 17:55:00+00:00,0,0.0,,,False
2021-12-08 18:00:00+00:00,0,0.0,,,False
2021-12-08 18:05:00+00:00,0,0.0,,,False
2021-12-08 18:10:00+00:00,0,0.0,,,False
2021-12-08 18:15:00+00:00,0,0.0,,,False
2021-12-08 18:20:00+00:00,0,0.0,,,False
2021-12-08 18:25:00+00:00,0,0.0,,,False
2021-12-08 18:30:00+00:00,0,0.0,,,False
2021-12-08 18:35:00+00:00,0,0.0,,,False
2021-12-08 18:40:00+00:00,0,0.0,,,False
2021-12-08 18:45:00+00:00,0,0.0,,,False
2021-12-08 18:50:00+00:00,0,0.0,,,False
2021-12-08 18:55:00+00:00,0,0.0,,,False
2021-12-08 19:00:00+00:00,0,0.0,,,False
2021-12-08 19:05:00+00:00,0,0.0,,,False
2021-12-08 19:10:00+00:00,0,0.0,,,False
2021-12-08 19:15:00+00:00,0,0.0,,,False
2021-12-08 19:20:00+00:00,0,0.0,,,False
2021-12-08 19:25:00+00:00,0,0.0,,,False
2021-12-08 19:30:00+00:00,0,0.0,,,False
2021-12-08 19:35:00+00:00,0,0.0,,,False
2021-12-08 19:40:00+00:00,0,0.0,,,False
2021-12-08 19:45:00+00:00,0,0.0,,,False
2021-12-08 19:50:00+00:00,0,0.0,,,False
2021-12-08 19:55:00+00:00,0,0.0,,,False
2021-12-08 20:00:00+00:00,0,0.0,,,False
2021-12-08 20:05:00+00:00,0,0.0,,,False
2021-12-08 20:10:00+00:00,0,0.0,,,False
2021-12-08 20:15:00+00:00,0,0.0,,,False
2021-12-08 20:20:00+00:00,0,0.0,,,False
2021-12-08 20:25:00+00:00,0,0.0,,,False
2021-12-08 20:30:00+00:00,0,0.0,,,False
2021-12-08 20:35:00+00:00,0,0.0,,,False
2021-12-08 20:40:00+00:00,0,0.0,,,False
2021-12-08 20:45:00+00:00,0,0.0,,,False
2021-12-08 20:50:00+00:00,0,0.0,,,False
2021-12-08 20:55:00+00:00,0,0.0,,,False
2021-12-08 21:00:00+00:00,0,0.0,,,False
2021-12-08 21:05:00+00:00,0,0.0,,,False
2021-12-08 21:10:00+00:00,0,0.0,,,False
2021-12-08 21:15:00+00:00,0,0.0,,,False
2021-12-08 21:20:00+00:00,0,0.0,,,False
2021-12-08 21:25:00+00:00,0,0.0,,,False
2021-12-08 21:30:00+00:00,0,0.0,,,False
2021-12-08 21:35:00+00:00,0,0.0,,,False
2021-12-08 21:40:00+00:00,0,0.0,,,False
2021-12-08 21:45:00+00:00,0,0.0,,,False
2021-12-08 21:50:00+00:00,0,0.0,,,False
2021-12-08 21:55:00+00:00,0,0.0,,,False
2021-12-08 22:00:00+00:00,0,0.0,,,False
2021-12-08 22:05:00+00:00,0,0.0,,,False
2021-12-08 22:10:00+00:00,0,0.0,,,False
2021-12-08 22:15:00+00:00,0,0.0,,,False
2021-12-08 22:20:00+00:00,0,0.0,,,False
2021-12-08 22:25:00+00:00,0,0.0,,,False
2021-12-08 22:30:00+00:00,0,0.0,,,False
2021-12-08 22:35:00+00:00,0,0.0,,,False
2021-12-08 22:40:00+00:00,0,0.0,,,False
2021-12-08 22:45:00+00:00,0,0.0,,,False
2021-12-08 22:50:00+00:00,0,0.0,,,False
2021-12-08 22:55:00+00:00,0,0.0,,,False
2021-12-08 23:00:00+00:00,0,0.0,,,False
2021-12-08 23:05:00+00:00,0,0.0,,,False
2021-12-08 23:10:00+00:00,0,0.0,,,False
2021-12-08 23:15:00+00:00,0,0.0,,,False
2021-12-08 23:20:00+00:00,0,0.0,,,False
2021-12-08 23:25:00+00:00,0,0.0,,,False
2021-12-08 23:30:00+00:00,0,0.0,,,False
2021-12-08 23:35:00+00:00,0,0.0,,,False
2021-12-08 23:40:00+00:00,0,0.0,,,False
2021-12-08 23:45:00+00:00,0,0.0,,,False
2021-12-08 23:50:00+00:00,0,0.0,,,False
2021-12-08 23:55:00+00:00,0,0.0,,,False
2021-12-09 00:00:00+00:00,0,0.0,,,False
2021-12-09 00:05:00+00:00,0,0.0,,,False
2021-12-09 00:10:00+00:00,0,0.0,,,False
2021-12-09 00:15:00+00:00,0,0.0,,,False
2021-12-09 00:20:00+00:00,0,0.0,,,False
2021-12-09 00:25:00+00:00,0,0.0,,,False
2021-12-09 00:30:00+00:00,0,0.0,,,False
2021-12-09 00:35:00+00:00,0,0.0,,,False
2021-12-09 00:40:00+00:00,0,0.0,,,False
2021-12-09 00:45:00+00:00,0,0.0,,,False
2021-12-09 00:50:00+00:00,0,0.0,,,False
2021-12-09 00:55:00+00:00,0,0.0,,,False
2021-12-09 01:00:00+00:00,0,0.0,,,False
2021-12-09 01:05:00+00:00,1,0.08333333333333333,0.28867513459481287,3.1754264805429417,True
2021-12-09 01:10:00+00:00,0,0.08333333333333333,0.28867513459481287,-0.28867513459481287,False
2021-12-09 01:15:00+00:00,0,0.08333333333333333,0.28867513459481287,-0.28867513459481287,False
2021-12-09 01:20:00+00:00,0,0.08333333333333333,0.28867513459481287,-0.28867513459481287,False
2021-12-09 01:25:00+00:00,0,0.08333333333333333,0.28867513459481287,-0.28867513459481287,False
2021-12-09 01:30:00+00:00,0,0.08333333333333333,0.28867513459481287,-0.28867513459481287,False
2021-12-09 01:35:00+00:00,0,0.08333333333333333,0.28867513459481287,-0.28867513459481287,False
2021-12-09 01:40:00+00:00,0,0.08333333333333333,0.28867513459481287,-0.28867513459481287,False
2021-12-09 01:45:00+00:00,0,0.08333333333333333,0.28867513459481287,-0.28867513459481287,False
2021-12-09 01:50:00+00:00,0,0.08333333333333333,0.28867513459481287,-0.28867513459481287,False
2021-12-09 01:55:00+00:00,0,0.08333333333333333,0.28867513459481287,-0.28867513459481287,False
2021-12-09 02:00:00+00:00,0,0.08333333333333333,0.28867513459481287,-0.28867513459481287,False
2021-12-09 02:05:00+00:00,0,0.0,,,False
2021-12-09 02:10:00+00:00,0,0.0,,,False
2021-12-09 02:15:00+00:00,0,0.0,,,False
2021-12-09 02:20:00+00:00,0,0.0,,,False
2021-12-09 02:25:00+00:00,0,0.0,,,False
2021-12-09 02:30:00+00:00,0,0.0,,,False
2021-12-09 02:35:00+00:00,0,0.0,,,False
2021-12-09 02:40:00+00:00,0,0.0,,,False
2021-12-09 02:45:00+00:00,0,0.0,,,False
2021-12-09 02:50:00+00:00,0,0.0,,,False
2021-12-09 02:55:00+00:00,0,0.0,,,False
2021-12-09 03:00:00+00:00,0,0.0,,,False
2021-12-09 03:05:00+00:00,0,0.0,,,False
2021-12-09 03:10:00+00:00,0,0.0,,,False
2021-12-09 03:15:00+00:00,0,0.0,,,False
2021-12-09 03:20:00+00:00,0,0.0,,,False
2021-12-09 03:25:00+00:00,0,0.0,,,False
2021-12-09 03:30:00+00:00,0,0.0,,,False
2021-12-09 03:35:00+00:00,0,0.0,,,False
2021-12-09 03:40:00+00:00,0,0.0,,,False
2021-12-09 03:45:00+00:00,0,0.0,,,False
2021-12-09 03:50:00+00:00,0,0.0,,,False
2021-12-09 03:55:00+00:00,0,0.0,,,False
2021-12-09 04:00:00+00:00,0,0.0,,,False
2021-12-09 04:05:00+00:00,0,0.0,,,False
2021-12-09 04:10:00+00:00,3,0.25,0.8660254037844386,3.1754264805429417,True
2021-12-09 04:15:00+00:00,3,0.5,1.1677484162422844,2.140872096444188,False
2021-12-09 04:20:00+00:00,3,0.75,1.3568010505999362,1.6583123951777001,False
2021-12-09 04:25:00+00:00,3,1.0,1.4770978917519928,1.35400640077266,False
2021-12-09 04:30:00+00:00,3,1.25,1.5447859516333116,1.132843031197762,False
2021-12-09 04:35:00+00:00,3,1.5,1.5666989036012806,0.9574271077563381,False
2021-12-09 04:40:00+00:00,3,1.75,1.5447859516333116,0.8091735937126872,False
2021-12-09 04:45:00+00:00,3,2.0,1.4770978917519928,0.67700320038633,False
2021-12-09 04:50:00+00:00,3,2.25,1.3568010505999362,0.5527707983925667,False
2021-12-09 04:55:00+00:00,3,2.5,1.1677484162422844,0.42817441928883765,False
2021-12-09 05:00:00+00:00,3,2.75,0.8660254037844387,0.28867513459481287,False
2021-12-09 05:05:00+00:00,3,3.0,,,False
2021-12-09 05:10:00+00:00,3,3.0,,,False
2021-12-09 05:15:00+00:00,3,3.0,,,False
2021-12-09 05:20:00+00:00,3,3.0,,,False
2021-12-09 05:25:00+00:00,3,3.0,,,False
2021-12-09 05:30:00+00:00,3,3.0,,,False
2021-12-09 05:35:00+00:00,3,3.0,,,False
2021-12-09 05:40:00+00:00,3,3.0,,,False
2021-12-09 05:45:00+00:00,3,3.0,,,False
2021-12-09 05:50:00+00:00,3,3.0,,,False
2021-12-09 05:55:00+00:00,3,3.0,,,False
2021-12-09 06:00:00+00:00,3,3.0,,,False
2021-12-09 06:05:00+00:00,3,3.0,,,False
2021-12-09 06:10:00+00:00,3,3.0,,,False
2021-12-09 06:15:00+00:00,3,3.0,,,False
2021-12-09 06:20:00+00:00,3,3.0,,,False
2021-12-09 06:25:00+00:00,3,3.0,,,False
2021-12-09 06:30:00+00:00,2,2.9166666666666665,0.28867513459481287,-3.1754264805429413,True
2021-12-09 06:35:00+00:00,0,2.6666666666666665,0.8876253645985944,-3.004270464795243,True
2021-12-09 06:40:00+00:00,0,2.4166666666666665,1.1645001528813148,-2.0752823953583213,False
2021-12-09 06:45:00+00:00,0,2.1666666666666665,1.3371158468430429,-1.6204031025301284,False
2021-12-09 06:50:00+00:00,0,1.9166666666666667,1.4433756729740643,-1.3279056191361394,False
2021-12-09 06:55:00+00:00,0,1.6666666666666667,1.497472618255253,-1.1129864054599854,False
2021-12-09 07:00:00+00:00,0,1.4166666666666667,1.5050420310248862,-0.9412804675640596,False
2021-12-09 07:05:00+00:00,0,1.1666666666666667,1.4668044012461754,-0.7953798513799686,False
2021-12-09 07:10:00+00:00,0,0.9166666666666666,1.3789543689024488,-0.6647548949689098,False
2021-12-09 07:15:00+00:00,0,0.6666666666666666,1.2309149097933272,-0.5416025603090641,False
2021-12-09 07:20:00+00:00,0,0.4166666666666667,0.9962049198956215,-0.41825397400197883,False
2021-12-09 07:25:00+00:00,0,0.16666666666666666,0.5773502691896251,-0.2886751345948132,False
2021-12-09 07:30:00+00:00,0,0.0,,,False
2021-12-09 07:35:00+00:00,0,0.0,,,False
2021-12-09 07:40:00+00:00,0,0.0,,,False
2021-12-09 07:45:00+00:00,0,0.0,,,False
2021-12-09 07:50:00+00:00,0,0.0,,,False
2021-12-09 07:55:00+00:00,0,0.0,,,False
2021-12-09 08:00:00+00:00,0,0.0,,,False
2021-12-09 08:05:00+00:00,0,0.0,,,False
2021-12-09 08:10:00+00:00,0,0.0,,,False
2021-12-09 08:15:00+00:00,0,0.0,,,False
2021-12-09 08:20:00+00:00,0,0.0,,,False
2021-12-09 08:25:00+00:00,0,0.0,,,False
2021-12-09 08:30:00+00:00,0,0.0,,,False
2021-12-09 08:35:00+00:00,0,0.0,,,False
2021-12-09 08:40:00+00:00,0,0.0,,,False
2021-12-09 08:45:00+00:00,0,0.0,,,False
2021-12-09 08:50:00+00:00,0,0.0,,,False
2021-12-09 08:55:00+00:00,0,0.0,,,False
2021-12-09 09:00:00+00:00,0,0.0,,,False
2021-12-09 09:05:00+00:00,0,0.0,,,False
2021-12-09 09:10:00+00:00,0,0.0,,,False
2021-12-09 09:15:00+00:00,0,0.0,,,False
2021-12-09 09:20:00+00:00,0,0.0,,,False
2021-12-09 09:25:00+00:00,0,0.0,,,False
2021-12-09 09:30:00+00:00,0,0.0,,,False
2021-12-09 09:35:00+00:00,0,0.0,,,False
2021-12-09 09:40:00+00:00,0,0.0,,,False
2021-12-09 09:45:00+00:00,0,0.0,,,False
2021-12-09 09:50:00+00:00,0,0.0,,,False
2021-12-09 09:55:00+00:00,0,0.0,,,False
2021-12-09 10:00:00+00:00,0,0.0,,,False
2021-12-09 10:05:00+00:00,0,0.0,,,False
2021-12-09 10:10:00+00:00,0,0.0,,,False
2021-12-09 10:15:00+00:00,0,0.0,,,False
2021-12-09 10:20:00+00:00,0,0.0,,,False
2021-12-09 10:25:00+00:00,0,0.0,,,False
2021-12-09 10:30:00+00:00,0,0.0,,,False
2021-12-09 10:35:00+00:00,0,0.0,,,False
2021-12-09 10:40:00+00:00,0,0.0,,,False
2021-12-09 10:45:00+00:00,0,0.0,,,False
2021-12-09 10:50:00+00:00,0,0.0,,,False
2021-12-09 10:55:00+00:00,0,0.0,,,False
2021-12-09 11:00:00+00:00,0,0.0,,,False
2021-12-09 11:05:00+00:00,0,0.0,,,False
2021-12-09 11:10:00+00:00,0,0.0,,,False
2021-12-09 11:15:00+00:00,0,0.0,,,False
2021-12-09 11:20:00+00:00,0,0.0,,,False
2021-12-09 11:25:00+00:00,0,0.0,,,False
2021-12-09 11:30:00+00:00,0,0.0,,,False
2021-12-09 11:35:00+00:00,0,0.0,,,False
2021-12-09 11:40:00+00:00,0,0.0,,,False
2021-12-09 11:45:00+00:00,0,0.0,,,False
2021-12-09 11:50:00+00:00,0,0.0,,,False
2021-12-09 11:55:00+00:00,0,0.0,,,False
2021-12-09 12:00:00+00:00,0,0.0,,,False
2021-12-09 12:05:00+00:00,0,0.0,,,False
2021-12-09 12:10:00+00:00,0,0.0,,,False
2021-12-09 12:15:00+00:00,0,0.0,,,False
2021-12-09 12:20:00+00:00,0,0.0,,,False
2021-12-09 12:25:00+00:00,0,0.0,,,False
2021-12-09 12:30:00+00:00,0,0.0,,,False
2021-12-09 12:35:00+00:00,0,0.0,,,False
2021-12-09 12:40:00+00:00,0,0.0,,,False
2021-12-09 12:45:00+00:00,0,0.0,,,False
2021-12-09 12:50:00+00:00,0,0.0,,,False
2021-12-09 12:55:00+00:00,0,0.0,,,False
2021-12-09 13:00:00+00:00,0,0.0,,,False
2021-12-09 13:05:00+00:00,0,0.0,,,False
2021-12-09 13:10:00+00:00,0,0.0,,,False
2021-12-09 13:15:00+00:00,0,0.0,,,False
2021-12-09 13:20:00+00:00,0,0.0,,,False
2021-12-09 13:25:00+00:00,0,0.0,,,False
2021-12-09 13:30:00+00:00,0,0.0,,,False
2021-12-09 13:35:00+00:00,0,0.0,,,False
2021-12-09 13:40:00+00:00,0,0.0,,,False
2021-12-09 13:45:00+00:00,0,0.0,,,False
2021-12-09 13:50:00+00:00,0,0.0,,,False
2021-12-09 13:55:00+00:00,0,0.0,,,False
2021-12-09 14:00:00+00:00,0,0.0,,,False
2021-12-09 14:05:00+00:00,0,0.0,,,False
2021-12-09 14:10:00+00:00,0,0.0,,,False
2021-12-09 14:15:00+00:00,0,0.0,,,False
2021-12-09 14:20:00+00:00,0,0.0,,,False
2021-12-09 14:25:00+00:00,0,0.0,,,False
2021-12-09 14:30:00+00:00,0,0.0,,,False
2021-12-09 14:35:00+00:00,0,0.0,,,False
2021-12-09 14:40:00+00:00,0,0.0,,,False
2021-12-09 14:45:00+00:00,0,0.0,,,False
2021-12-09 14:50:00+00:00,0,0.0,,,False
2021-12-09 14:55:00+00:00,0,0.0,,,False
2021-12-09 15:00:00+00:00,0,0.0,,,False
2021-12-09 15:05:00+00:00,0,0.0,,,False
2021-12-09 15:10:00+00:00,0,0.0,,,False
2021-12-09 15:15:00+00:00,0,0.0,,,False
2021-12-09 15:20:00+00:00,0,0.0,,,False
2021-12-09 15:25:00+00:00,0,0.0,,,False
2021-12-09 15:30:00+00:00,0,0.0,,,False
2021-12-09 15:35:00+00:00,0,0.0,,,False
2021-12-09 15:40:00+00:00,0,0.0,,,False
2021-12-09 15:45:00+00:00,0,0.0,,,False
2021-12-09 15:50:00+00:00,0,0.0,,,False
2021-12-09 15:55:00+00:00,0,0.0,,,False
2021-12-09 16:00:00+00:00,0,0.0,,,False
2021-12-09 16:05:00+00:00,0,0.0,,,False
2021-12-09 16:10:00+00:00,0,0.0,,,False
2021-12-09 16:15:00+00:00,0,0.0,,,False
2021-12-09 16:20:00+00:00,0,0.0,,,False
2021-12-09 16:25:00+00:00,0,0.0,,,False
2021-12-09 16:30:00+00:00,0,0.0,,,False
2021-12-09 16:35:00+00:00,0,0.0,,,False
2021-12-09 16:40:00+00:00,0,0.0,,,False
2021-12-09 16:45:00+00:00,0,0.0,,,False
2021-12-09 16:50:00+00:00,0,0.0,,,False
2021-12-09 16:55:00+00:00,0,0.0,,,False
2021-12-09 17:00:00+00:00,0,0.0,,,False
2021-12-09 17:05:00+00:00,0,0.0,,,False
2021-12-09 17:10:00+00:00,0,0.0,,,False
2021-12-09 17:15:00+00:00,0,0.0,,,False
2021-12-09 17:20:00+00:00,0,0.0,,,False
2021-12-09 17:25:00+00:00,0,0.0,,,False
2021-12-09 17:30:00+00:00,0,0.0,,,False
2021-12-09 17:35:00+00:00,0,0.0,,,False
2021-12-09 17:40:00+00:00,0,0.0,,,False
2021-12-09 17:45:00+00:00,0,0.0,,,False
2021-12-09 17:50:00+00:00,0,0.0,,,False
2021-12-09 17:55:00+00:00,0,0.0,,,False
2021-12-09 18:00:00+00:00,0,0.0,,,False
2021-12-09 18:05:00+00:00,0,0.0,,,False
2021-12-09 18:10:00+00:00,0,0.0,,,False
2021-12-09 18:15:00+00:00,0,0.0,,,False
2021-12-09 18:20:00+00:00,0,0.0,,,False
2021-12-09 18:25:00+00:00,0,0.0,,,False
2021-12-09 18:30:00+00:00,0,0.0,,,False
2021-12-09 18:35:00+00:00,0,0.0,,,False
2021-12-09 18:40:00+00:00,0,0.0,,,False
2021-12-09 18:45:00+00:00,0,0.0,,,False
2021-12-09 18:50:00+00:00,0,0.0,,,False
2021-12-09 18:55:00+00:00,0,0.0,,,False
2021-12-09 19:00:00+00:00,0,0.0,,,False
2021-12-09 19:05:00+00:00,0,0.0,,,False
2021-12-09 19:10:00+00:00,0,0.0,,,False
2021-12-09 19:15:00+00:00,0,0.0,,,False
2021-12-09 19:20:00+00:00,0,0.0,,,False
2021-12-09 19:25:00+00:00,0,0.0,,,False
2021-12-09 19:30:00+00:00,0,0.0,,,False
2021-12-09 19:35:00+00:00,0,0.0,,,False
2021-12-09 19:40:00+00:00,0,0.0,,,False
2021-12-09 19:45:00+00:00,0,0.0,,,False
2021-12-09 19:50:00+00:00,0,0.0,,,False
2021-12-09 19:55:00+00:00,0,0.0,,,False
2021-12-09 20:00:00+00:00,0,0.0,,,False
2021-12-09 20:05:00+00:00,0,0.0,,,False
2021-12-09 20:10:00+00:00,0,0.0,,,False
2021-12-09 20:15:00+00:00,0,0.0,,,False
2021-12-09 20:20:00+00:00,0,0.0,,,False
2021-12-09 20:25:00+00:00,0,0.0,,,False
2021-12-09 20:30:00+00:00,0,0.0,,,False
2021-12-09 20:35:00+00:00,0,0.0,,,False
2021-12-09 20:40:00+00:00,0,0.0,,,False
2021-12-09 20:45:00+00:00,0,0.0,,,False
2021-12-09 20:50:00+00:00,0,0.0,,,False
2021-12-09 20:55:00+00:00,0,0.0,,,False
2021-12-09 21:00:00+00:00,0,0.0,,,False
2021-12-09 21:05:00+00:00,0,0.0,,,False
2021-12-09 21:10:00+00:00,0,0.0,,,False
2021-12-09 21:15:00+00:00,0,0.0,,,False
2021-12-09 21:20:00+00:00,0,0.0,,,False
2021-12-09 21:25:00+00:00,0,0.0,,,False
2021-12-09 21:30:00+00:00,0,0.0,,,False
2021-12-09 21:35:00+00:00,0,0.0,,,False
2021-12-09 21:40:00+00:00,0,0.0,,,False
2021-12-09 21:45:00+00:00,0,0.0,,,False
2021-12-09 21:50:00+00:00,0,0.0,,,False
2021-12-09 21:55:00+00:00,0,0.0,,,False
2021-12-09 22:00:00+00:00,0,0.0,,,False
2021-12-09 22:05:00+00:00,0,0.0,,,False
2021-12-09 22:10:00+00:00,0,0.0,,,False
2021-12-09 22:15:00+00:00,0,0.0,,,False
2021-12-09 22:20:00+00:00,0,0.0,,,False
2021-12-09 22:25:00+00:00,0,0.0,,,False
2021-12-09 22:30:00+00:00,0,0.0,,,False
2021-12-09 22:35:00+00:00,0,0.0,,,False
2021-12-09 22:40:00+00:00,0,0.0,,,False
2021-12-09 22:45:00+00:00,0,0.0,,,False
2021-12-09 22:50:00+00:00,0,0.0,,,False
2021-12-09 22:55:00+00:00,0,0.0,,,False
2021-12-09 23:00:00+00:00,0,0.0,,,False
2021-12-09 23:05:00+00:00,0,0.0,,,False
2021-12-09 23:10:00+00:00,0,0.0,,,False
2021-12-09 23:15:00+00:00,0,0.0,,,False
2021-12-09 23:20:00+00:00,0,0.0,,,False
2021-12-09 23:25:00+00:00,0,0.0,,,False
2021-12-09 23:30:00+00:00,0,0.0,,,False
2021-12-09 23:35:00+00:00,0,0.0,,,False
2021-12-09 23:40:00+00:00,0,0.0,,,False
2021-12-09 23:45:00+00:00,0,0.0,,,False
2021-12-09 23:50:00+00:00,0,0.0,,,False
2021-12-09 23:55:00+00:00,0,0.0,,,False
2021-12-10 00:00:00+00:00,0,0.0,,,False
2021-12-10 00:05:00+00:00,0,0.0,,,False
2021-12-10 00:10:00+00:00,0,0.0,,,False
2021-12-10 00:15:00+00:00,0,0.0,,,False
2021-12-10 00:20:00+00:00,0,0.0,,,False
2021-12-10 00:25:00+00:00,0,0.0,,,False
2021-12-10 00:30:00+00:00,0,0.0,,,False
2021-12-10 00:35:00+00:00,0,0.0,,,False
2021-12-10 00:40:00+00:00,0,0.0,,,False
2021-12-10 00:45:00+00:00,0,0.0,,,False
2021-12-10 00:50:00+00:00,0,0.0,,,False
2021-12-10 00:55:00+00:00,0,0.0,,,False
2021-12-10 01:00:00+00:00,0,0.0,,,False
2021-12-10 01:05:00+00:00,0,0.0,,,False
2021-12-10 01:10:00+00:00,0,0.0,,,False
2021-12-10 01:15:00+00:00,0,0.0,,,False
2021-12-10 01:20:00+00:00,0,0.0,,,False
2021-12-10 01:25:00+00:00,0,0.0,,,False
2021-12-10 01:30:00+00:00,0,0.0,,,False
2021-12-10 01:35:00+00:00,0,0.0,,,False
2021-12-10 01:40:00+00:00,0,0.0,,,False
2021-12-10 01:45:00+00:00,0,0.0,,,False
2021-12-10 01:50:00+00:00,0,0.0,,,False
2021-12-10 01:55:00+00:00,0,0.0,,,False
2021-12-10 02:00:00+00:00,0,0.0,,,False
2021-12-10 02:05:00+00:00,0,0.0,,,False
2021-12-10 02:10:00+00:00,0,0.0,,,False
2021-12-10 02:15:00+00:00,0,0.0,,,False
2021-12-10 02:20:00+00:00,0,0.0,,,False
2021-12-10 02:25:00+00:00,0,0.0,,,False
2021-12-10 02:30:00+00:00,0,0.0,,,False
2021-12-10 02:35:00+00:00,0,0.0,,,False
2021-12-10 02:40:00+00:00,0,0.0,,,False
2021-12-10 02:45:00+00:00,0,0.0,,,False
2021-12-10 02:50:00+00:00,1,0.08333333333333333,0.28867513459481287,3.1754264805429417,True
2021-12-10 02:55:00+00:00,1,0.16666666666666666,0.38924947208076144,2.1408720964441885,False
2021-12-10 03:00:00+00:00,1,0.25,0.45226701686664544,1.6583123951777,False
2021-12-10 03:05:00+00:00,1,0.3333333333333333,0.4923659639173309,1.3540064007726602,False
2021-12-10 03:10:00+00:00,1,0.4166666666666667,0.5149286505444373,1.1328430311977618,False
2021-12-10 03:15:00+00:00,1,0.5,0.5222329678670935,0.9574271077563381,False
2021-12-10 03:20:00+00:00,1,0.5833333333333334,0.5149286505444373,0.8091735937126869,False
2021-12-10 03:25:00+00:00,1,0.6666666666666666,0.49236596391733095,0.6770032003863301,False
2021-12-10 03:30:00+00:00,1,0.75,0.4522670168666455,0.5527707983925666,False
2021-12-10 03:35:00+00:00,1,0.8333333333333334,0.38924947208076166,0.42817441928883737,False
2021-12-10 03:40:00+00:00,1,0.9166666666666666,0.2886751345948132,0.2886751345948127,False
2021-12-10 03:45:00+00:00,1,1.0,,,False
2021-12-10 03:50:00+00:00,1,1.0,,,False
2021-12-10 03:55:00+00:00,1,1.0,,,False
2021-12-10 04:00:00+00:00,1,1.0,,,False
2021-12-10 04:05:00+00:00,1,1.0,,,False
2021-12-10 04:10:00+00:00,1,1.0,,,False
2021-12-10 04:15:00+00:00,1,1.0,,,False
2021-12-10 04:20:00+00:00,0,0.9166666666666666,0.28867513459481287,-3.1754264805429417,True
2021-12-10 04:25:00+00:00,0,0.8333333333333334,0.38924947208076144,-2.1408720964441885,False
2021-12-10 04:30:00+00:00,0,0.75,0.45226701686664544,-1.6583123951777,False
2021-12-10 04:35:00+00:00,0,0.6666666666666666,0.4923659639173309,-1.35400640077266,False
2021-12-10 04:40:00+00:00,1,0.6666666666666666,0.4923659639173309,0.6770032003863301,False
2021-12-10 04:45:00+00:00,1,0.6666666666666666,0.4923659639173309,0.6770032003863301,False
2021-12-10 04:50:00+00:00,1,0.6666666666666666,0.4923659639173309,0.6770032003863301,False
2021-12-10 04:55:00+00:00,1,0.6666666666666666,0.4923659639173309,0.6770032003863301,False
2021-12-10 05:00:00+00:00,1,0.6666666666666666,0.4923659639173309,0.6770032003863301,False
2021-12-10 05:05:00+00:00,1,0.6666666666666666,0.4923659639173309,0.6770032003863301,False
2021-12-10 05:10:00+00:00,1,0.6666666666666666,0.4923659639173309,0.6770032003863301,False
2021-12-10 05:15:00+00:00,1,0.6666666666666666,0.4923659639173309,0.6770032003863301,False
2021-12-10 05:20:00+00:00,1,0.75,0.45226701686664544,0.5527707983925666,False
2021-12-10 05:25:00+00:00,1,0.8333333333333334,0.38924947208076144,0.4281744192888376,False
2021-12-10 05:30:00+00:00,1,0.9166666666666666,0.2886751345948128,0.2886751345948131,False
2021-12-10 05:35:00+00:00,1,1.0,,,False
2021-12-10 05:40:00+00:00,1,1.0,,,False
2021-12-10 05:45:00+00:00,0,0.9166666666666666,0.28867513459481287,-3.1754264805429417,True
2021-12-10 05:50:00+00:00,0,0.8333333333333334,0.38924947208076144,-2.1408720964441885,False
2021-12-10 05:55:00+00:00,0,0.75,0.45226701686664544,-1.6583123951777,False
2021-12-10 06:00:00+00:00,1,0.75,0.45226701686664544,0.5527707983925666,False
2021-12-10 06:05:00+00:00,1,0.75,0.45226701686664544,0.5527707983925666,False
2021-12-10 06:10:00+00:00,1,0.75,0.45226701686664544,0.5527707983925666,False
2021-12-10 06:15:00+00:00,1,0.75,0.45226701686664544,0.5527707983925666,False
2021-12-10 06:20:00+00:00,1,0.75,0.45226701686664544,0.5527707983925666,False
2021-12-10 06:25:00+00:00,1,0.75,0.45226701686664544,0.5527707983925666,False
2021-12-10 06:30:00+00:00,1,0.75,0.45226701686664544,0.5527707983925666,False
2021-12-10 06:35:00+00:00,1,0.75,0.45226701686664544,0.5527707983925666,False
2021-12-10 06:40:00+00:00,1,0.75,0.45226701686664544,0.5527707983925666,False
2021-12-10 06:45:00+00:00,1,0.8333333333333334,0.3892494720807615,0.42817441928883754,False
2021-12-10 06:50:00+00:00,0,0.8333333333333334,0.3892494720807615,-2.140872096444188,False
2021-12-10 06:55:00+00:00,1,0.9166666666666666,0.2886751345948129,0.288675134594813,False
2021-12-10 07:00:00+00:00,1,0.9166666666666666,0.2886751345948129,0.288675134594813,False
2021-12-10 07:05:00+00:00,1,0.9166666666666666,0.2886751345948129,0.288675134594813,False
2021-12-10 07:10:00+00:00,1,0.9166666666666666,0.2886751345948129,0.288675134594813,False
2021-12-10 07:15:00+00:00,1,0.9166666666666666,0.2886751345948129,0.288675134594813,False
2021-12-10 07:20:00+00:00,0,0.8333333333333334,0.3892494720807615,-2.140872096444188,False
2021-12-10 07:25:00+00:00,0,0.75,0.45226701686664544,-1.6583123951777,False
2021-12-10 07:30:00+00:00,0,0.6666666666666666,0.4923659639173309,-1.35400640077266,False
2021-12-10 07:35:00+00:00,0,0.5833333333333334,0.5149286505444373,-1.132843031197762,False
2021-12-10 07:40:00+00:00,0,0.5,0.5222329678670935,-0.9574271077563381,False
2021-12-10 07:45:00+00:00,0,0.4166666666666667,0.5149286505444373,-0.809173593712687,False
2021-12-10 07:50:00+00:00,0,0.4166666666666667,0.5149286505444373,-0.809173593712687,False
2021-12-10 07:55:00+00:00,0,0.3333333333333333,0.49236596391733106,-0.6770032003863298,False
2021-12-10 08:00:00+00:00,0,0.25,0.45226701686664567,-0.5527707983925664,False
2021-12-10 08:05:00+00:00,0,0.16666666666666666,0.3892494720807618,-0.42817441928883726,False
2021-12-10 08:10:00+00:00,0,0.08333333333333333,0.2886751345948134,-0.2886751345948123,False
2021-12-10 08:15:00+00:00,0,0.0,,,False
2021-12-10 08:20:00+00:00,0,0.0,,,False
2021-12-10 08:25:00+00:00,0,0.0,,,False
2021-12-10 08:30:00+00:00,0,0.0,,,False
2021-12-10 08:35:00+00:00,0,0.0,,,False
2021-12-10 08:40:00+00:00,0,0.0,,,False
2021-12-10 08:45:00+00:00,0,0.0,,,False
2021-12-10 08:50:00+00:00,0,0.0,,,False
2021-12-10 08:55:00+00:00,0,0.0,,,False
2021-12-10 09:00:00+00:00,0,0.0,,,False
2021-12-10 09:05:00+00:00,0,0.0,,,False
2021-12-10 09:10:00+00:00,0,0.0,,,False
2021-12-10 09:15:00+00:00,0,0.0,,,False
2021-12-10 09:20:00+00:00,0,0.0,,,False
2021-12-10 09:25:00+00:00,0,0.0,,,False
2021-12-10 09:30:00+00:00,0,0.0,,,False
2021-12-10 09:35:00+00:00,0,0.0,,,False
2021-12-10 09:40:00+00:00,0,0.0,,,False
2021-12-10 09:45:00+00:00,0,0.0,,,False
2021-12-10 09:50:00+00:00,0,0.0,,,False
2021-12-10 09:55:00+00:00,0,0.0,,,False
2021-12-10 10:00:00+00:00,0,0.0,,,False
2021-12-10 10:05:00+00:00,0,0.0,,,False
2021-12-10 10:10:00+00:00,0,0.0,,,False
2021-12-10 10:15:00+00:00,0,0.0,,,False
2021-12-10 10:20:00+00:00,0,0.0,,,False
2021-12-10 10:25:00+00:00,0,0.0,,,False
2021-12-10 10:30:00+00:00,0,0.0,,,False
2021-12-10 10:35:00+00:00,0,0.0,,,False
2021-12-10 10:40:00+00:00,0,0.0,,,False
2021-12-10 10:45:00+00:00,0,0.0,,,False
2021-12-10 10:50:00+00:00,0,0.0,,,False
2021-12-10 10:55:00+00:00,0,0.0,,,False
2021-12-10 11:00:00+00:00,0,0.0,,,False
2021-12-10 11:05:00+00:00,0,0.0,,,False
2021-12-10 11:10:00+00:00,0,0.0,,,False
2021-12-10 11:15:00+00:00,0,0.0,,,False
2021-12-10 11:20:00+00:00,0,0.0,,,False
2021-12-10 11:25:00+00:00,0,0.0,,,False
2021-12-10 11:30:00+00:00,0,0.0,,,False
2021-12-10 11:35:00+00:00,0,0.0,,,False
2021-12-10 11:40:00+00:00,0,0.0,,,False
2021-12-10 11:45:00+00:00,0,0.0,,,False
2021-12-10 11:50:00+00:00,0,0.0,,,False
2021-12-10 11:55:00+00:00,0,0.0,,,False
2021-12-10 12:00:00+00:00,0,0.0,,,False
2021-12-10 12:05:00+00:00,0,0.0,,,False
2021-12-10 12:10:00+00:00,0,0.0,,,False
2021-12-10 12:15:00+00:00,0,0.0,,,False
2021-12-10 12:20:00+00:00,0,0.0,,,False
2021-12-10 12:25:00+00:00,0,0.0,,,False
2021-12-10 12:30:00+00:00,0,0.0,,,False
2021-12-10 12:35:00+00:00,0,0.0,,,False
2021-12-10 12:40:00+00:00,0,0.0,,,False
2021-12-10 12:45:00+00:00,0,0.0,,,False
2021-12-10 12:50:00+00:00,0,0.0,,,False
2021-12-10 12:55:00+00:00,0,0.0,,,False
2021-12-10 13:00:00+00:00,0,0.0,,,False
2021-12-10 13:05:00+00:00,0,0.0,,,False
2021-12-10 13:10:00+00:00,0,0.0,,,False
2021-12-10 13:15:00+00:00,0,0.0,,,False
2021-12-10 13:20:00+00:00,0,0.0,,,False
2021-12-10 13:25:00+00:00,0,0.0,,,False
2021-12-10 13:30:00+00:00,0,0.0,,,False
2021-12-10 13:35:00+00:00,0,0.0,,,False
2021-12-10 13:40:00+00:00,0,0.0,,,False
2021-12-10 13:45:00+00:00,0,0.0,,,False
2021-12-10 13:50:00+00:00,0,0.0,,,False
2021-12-10 13:55:00+00:00,0,0.0,,,False
2021-12-10 14:00:00+00:00,0,0.0,,,False
2021-12-10 14:05:00+00:00,0,0.0,,,False
2021-12-10 14:10:00+00:00,0,0.0,,,False
2021-12-10 14:15:00+00:00,0,0.0,,,False
2021-12-10 14:20:00+00:00,0,0.0,,,False
2021-12-10 14:25:00+00:00,0,0.0,,,False
2021-12-10 14:30:00+00:00,0,0.0,,,False
2021-12-10 14:35:00+00:00,0,0.0,,,False
2021-12-10 14:40:00+00:00,0,0.0,,,False
2021-12-10 14:45:00+00:00,0,0.0,,,False
2021-12-10 14:50:00+00:00,0,0.0,,,False
2021-12-10 14:55:00+00:00,0,0.0,,,False
2021-12-10 15:00:00+00:00,0,0.0,,,False
2021-12-10 15:05:00+00:00,0,0.0,,,False
2021-12-10 15:10:00+00:00,0,0.0,,,False
2021-12-10 15:15:00+00:00,0,0.0,,,False
2021-12-10 15:20:00+00:00,0,0.0,,,False
2021-12-10 15:25:00+00:00,0,0.0,,,False
2021-12-10 15:30:00+00:00,0,0.0,,,False
2021-12-10 15:35:00+00:00,0,0.0,,,False
2021-12-10 15:40:00+00:00,0,0.0,,,False
2021-12-10 15:45:00+00:00,0,0.0,,,False
2021-12-10 15:50:00+00:00,0,0.0,,,False
2021-12-10 15:55:00+00:00,0,0.0,,,False
2021-12-12 16:00:00+00:00,0,0.0,,,False
2021-12-12 16:05:00+00:00,0,0.0,,,False
2021-12-12 16:10:00+00:00,0,0.0,,,False
2021-12-12 16:15:00+00:00,0,0.0,,,False
2021-12-12 16:20:00+00:00,0,0.0,,,False
2021-12-12 16:25:00+00:00,0,0.0,,,False
2021-12-12 16:30:00+00:00,0,0.0,,,False
2021-12-12 16:35:00+00:00,0,0.0,,,False
2021-12-12 16:40:00+00:00,0,0.0,,,False
2021-12-12 16:45:00+00:00,0,0.0,,,False
2021-12-12 16:50:00+00:00,0,0.0,,,False
2021-12-12 16:55:00+00:00,0,0.0,,,False
2021-12-12 17:00:00+00:00,0,0.0,,,False
2021-12-12 17:05:00+00:00,0,0.0,,,False
2021-12-12 17:10:00+00:00,0,0.0,,,False
2021-12-12 17:15:00+00:00,0,0.0,,,False
2021-12-12 17:20:00+00:00,0,0.0,,,False
2021-12-12 17:25:00+00:00,0,0.0,,,False
2021-12-12 17:30:00+00:00,0,0.0,,,False
2021-12-12 17:35:00+00:00,0,0.0,,,False
2021-12-12 17:40:00+00:00,0,0.0,,,False
2021-12-12 17:45:00+00:00,0,0.0,,,False
2021-12-12 17:50:00+00:00,0,0.0,,,False
2021-12-12 17:55:00+00:00,0,0.0,,,False
2021-12-12 18:00:00+00:00,0,0.0,,,False
2021-12-12 18:05:00+00:00,0,0.0,,,False
2021-12-12 18:10:00+00:00,0,0.0,,,False
2021-12-12 18:15:00+00:00,0,0.0,,,False
2021-12-12 18:20:00+00:00,0,0.0,,,False
2021-12-12 18:25:00+00:00,0,0.0,,,False
2021-12-12 18:30:00+00:00,0,0.0,,,False
2021-12-12 18:35:00+00:00,0,0.0,,,False
2021-12-12 18:40:00+00:00,0,0.0,,,False
2021-12-12 18:45:00+00:00,0,0.0,,,False
2021-12-12 18:50:00+00:00,0,0.0,,,False
2021-12-12 18:55:00+00:00,0,0.0,,,False
2021-12-12 19:00:00+00:00,0,0.0,,,False
2021-12-12 19:05:00+00:00,0,0.0,,,False
2021-12-12 19:10:00+00:00,0,0.0,,,False
2021-12-12 19:15:00+00:00,0,0.0,,,False
2021-12-12 19:20:00+00:00,0,0.0,,,False
2021-12-12 19:25:00+00:00,0,0.0,,,False
2021-12-12 19:30:00+00:00,0,0.0,,,False
2021-12-12 19:35:00+00:00,0,0.0,,,False
2021-12-12 19:40:00+00:00,0,0.0,,,False
2021-12-12 19:45:00+00:00,0,0.0,,,False
2021-12-12 19:50:00+00:00,0,0.0,,,False
2021-12-12 19:55:00+00:00,0,0.0,,,False
2021-12-12 20:00:00+00:00,0,0.0,,,False
2021-12-12 20:05:00+00:00,0,0.0,,,False
2021-12-12 20:10:00+00:00,0,0.0,,,False
2021-12-12 20:15:00+00:00,0,0.0,,,False
2021-12-12 20:20:00+00:00,0,0.0,,,False
2021-12-12 20:25:00+00:00,0,0.0,,,False
2021-12-12 20:30:00+00:00,0,0.0,,,False
2021-12-12 20:35:00+00:00,0,0.0,,,False
2021-12-12 20:40:00+00:00,0,0.0,,,False
2021-12-12 20:45:00+00:00,0,0.0,,,False
2021-12-12 20:50:00+00:00,0,0.0,,,False
2021-12-12 20:55:00+00:00,0,0.0,,,False
2021-12-12 21:00:00+00:00,0,0.0,,,False
2021-12-12 21:05:00+00:00,0,0.0,,,False
2021-12-12 21:10:00+00:00,0,0.0,,,False
2021-12-12 21:15:00+00:00,0,0.0,,,False
2021-12-12 21:20:00+00:00,0,0.0,,,False
2021-12-12 21:25:00+00:00,0,0.0,,,False
2021-12-12 21:30:00+00:00,0,0.0,,,False
2021-12-12 21:35:00+00:00,0,0.0,,,False
2021-12-12 21:40:00+00:00,0,0.0,,,False
2021-12-12 21:45:00+00:00,0,0.0,,,False
2021-12-12 21:50:00+00:00,0,0.0,,,False
2021-12-12 21:55:00+00:00,0,0.0,,,False
2021-12-12 22:00:00+00:00,0,0.0,,,False
2021-12-12 22:05:00+00:00,0,0.0,,,False
2021-12-12 22:10:00+00:00,0,0.0,,,False
2021-12-12 22:15:00+00:00,0,0.0,,,False
2021-12-12 22:20:00+00:00,0,0.0,,,False
2021-12-12 22:25:00+00:00,0,0.0,,,False
2021-12-12 22:30:00+00:00,0,0.0,,,False
2021-12-12 22:35:00+00:00,0,0.0,,,False
2021-12-12 22:40:00+00:00,0,0.0,,,False
2021-12-12 22:45:00+00:00,0,0.0,,,False
2021-12-12 22:50:00+00:00,0,0.0,,,False
2021-12-12 22:55:00+00:00,0,0.0,,,False
2021-12-12 23:00:00+00:00,0,0.0,,,False
2021-12-12 23:05:00+00:00,0,0.0,,,False
2021-12-12 23:10:00+00:00,0,0.0,,,False
2021-12-12 23:15:00+00:00,0,0.0,,,False
2021-12-12 23:20:00+00:00,0,0.0,,,False
2021-12-12 23:25:00+00:00,0,0.0,,,False
2021-12-12 23:30:00+00:00,0,0.0,,,False
2021-12-12 23:35:00+00:00,0,0.0,,,False
2021-12-12 23:40:00+00:00,0,0.0,,,False
2021-12-12 23:45:00+00:00,0,0.0,,,False
2021-12-12 23:50:00+00:00,0,0.0,,,False
2021-12-12 23:55:00+00:00,0,0.0,,,False
2021-12-13 00:00:00+00:00,0,0.0,,,False
2021-12-13 00:05:00+00:00,0,0.0,,,False
2021-12-13 00:10:00+00:00,0,0.0,,,False
2021-12-13 00:15:00+00:00,0,0.0,,,False
2021-12-13 00:20:00+00:00,0,0.0,,,False
2021-12-13 00:25:00+00:00,0,0.0,,,False
2021-12-13 00:30:00+00:00,0,0.0,,,False
2021-12-13 00:35:00+00:00,0,0.0,,,False
2021-12-13 00:40:00+00:00,0,0.0,,,False
2021-12-13 00:45:00+00:00,0,0.0,,,False
2021-12-13 00:50:00+00:00,0,0.0,,,False
2021-12-13 00:55:00+00:00,0,0.0,,,False
2021-12-13 01:00:00+00:00,0,0.0,,,False
2021-12-13 01:05:00+00:00,0,0.0,,,False
2021-12-13 01:10:00+00:00,0,0.0,,,False
2021-12-13 01:15:00+00:00,0,0.0,,,False
2021-12-13 01:20:00+00:00,0,0.0,,,False
2021-12-13 01:25:00+00:00,0,0.0,,,False
2021-12-13 01:30:00+00:00,0,0.0,,,False
2021-12-13 01:35:00+00:00,0,0.0,,,False
2021-12-13 01:40:00+00:00,0,0.0,,,False
2021-12-13 01:45:00+00:00,0,0.0,,,False
2021-12-13 01:50:00+00:00,0,0.0,,,False
2021-12-13 01:55:00+00:00,0,0.0,,,False
2021-12-13 02:00:00+00:00,0,0.0,,,False
2021-12-13 02:05:00+00:00,0,0.0,,,False
2021-12-13 02:10:00+00:00,0,0.0,,,False
2021-12-13 02:15:00+00:00,0,0.0,,,False
2021-12-13 02:20:00+00:00,0,0.0,,,False
2021-12-13 02:25:00+00:00,0,0.0,,,False
2021-12-13 02:30:00+00:00,0,0.0,,,False
2021-12-13 02:35:00+00:00,0,0.0,,,False
2021-12-13 02:40:00+00:00,0,0.0,,,False
2021-12-13 02:45:00+00:00,0,0.0,,,False
2021-12-13 02:50:00+00:00,0,0.0,,,False
2021-12-13 02:55:00+00:00,0,0.0,,,False
2021-12-13 03:00:00+00:00,0,0.0,,,False
2021-12-13 03:05:00+00:00,0,0.0,,,False
2021-12-13 03:10:00+00:00,0,0.0,,,False
2021-12-13 03:15:00+00:00,0,0.0,,,False
2021-12-13 03:20:00+00:00,0,0.0,,,False
2021-12-13 03:25:00+00:00,0,0.0,,,False
2021-12-13 03:30:00+00:00,0,0.0,,,False
2021-12-13 03:35:00+00:00,0,0.0,,,False
2021-12-13 03:40:00+00:00,0,0.0,,,False
2021-12-13 03:45:00+00:00,0,0.0,,,False
2021-12-13 03:50:00+00:00,0,0.0,,,False
2021-12-13 03:55:00+00:00,0,0.0,,,False
2021-12-13 04:00:00+00:00,0,0.0,,,False
2021-12-13 04:05:00+00:00,0,0.0,,,False
2021-12-13 04:10:00+00:00,0,0.0,,,False
2021-12-13 04:15:00+00:00,0,0.0,,,False
2021-12-13 04:20:00+00:00,0,0.0,,,False
2021-12-13 04:25:00+00:00,0,0.0,,,False
2021-12-13 04:30:00+00:00,0,0.0,,,False
2021-12-13 04:35:00+00:00,0,0.0,,,False
2021-12-13 04:40:00+00:00,0,0.0,,,False
2021-12-13 04:45:00+00:00,0,0.0,,,False
2021-12-13 04:50:00+00:00,0,0.0,,,False
2021-12-13 04:55:00+00:00,0,0.0,,,False
2021-12-13 05:00:00+00:00,0,0.0,,,False
2021-12-13 05:05:00+00:00,0,0.0,,,False
2021-12-13 05:10:00+00:00,0,0.0,,,False
2021-12-13 05:15:00+00:00,0,0.0,,,False
2021-12-13 05:20:00+00:00,0,0.0,,,False
2021-12-13 05:25:00+00:00,0,0.0,,,False
2021-12-13 05:30:00+00:00,0,0.0,,,False
2021-12-13 05:35:00+00:00,0,0.0,,,False
2021-12-13 05:40:00+00:00,0,0.0,,,False
2021-12-13 05:45:00+00:00,0,0.0,,,False
2021-12-13 05:50:00+00:00,0,0.0,,,False
2021-12-13 05:55:00+00:00,0,0.0,,,False
2021-12-13 06:00:00+00:00,0,0.0,,,False
2021-12-13 06:05:00+00:00,0,0.0,,,False
2021-12-13 06:10:00+00:00,0,0.0,,,False
2021-12-13 06:15:00+00:00,0,0.0,,,False
2021-12-13 06:20:00+00:00,0,0.0,,,False
2021-12-13 06:25:00+00:00,0,0.0,,,False
2021-12-13 06:30:00+00:00,0,0.0,,,False
2021-12-13 06:35:00+00:00,0,0.0,,,False
2021-12-13 06:40:00+00:00,0,0.0,,,False
2021-12-13 06:45:00+00:00,0,0.0,,,False
2021-12-13 06:50:00+00:00,0,0.0,,,False
2021-12-13 06:55:00+00:00,0,0.0,,,False
2021-12-13 07:00:00+00:00,0,0.0,,,False
2021-12-13 07:05:00+00:00,0,0.0,,,False
2021-12-13 07:10:00+00:00,0,0.0,,,False
2021-12-13 07:15:00+00:00,0,0.0,,,False
2021-12-13 07:20:00+00:00,0,0.0,,,False
2021-12-13 07:25:00+00:00,0,0.0,,,False
2021-12-13 07:30:00+00:00,0,0.0,,,False
2021-12-13 07:35:00+00:00,0,0.0,,,False
2021-12-13 07:40:00+00:00,0,0.0,,,False
2021-12-13 07:45:00+00:00,0,0.0,,,False
2021-12-13 07:50:00+00:00,0,0.0,,,False
2021-12-13 07:55:00+00:00,0,0.0,,,False
2021-12-13 08:00:00+00:00,0,0.0,,,False
2021-12-13 08:05:00+00:00,0,0.0,,,False
2021-12-13 08:10:00+00:00,0,0.0,,,False
2021-12-13 08:15:00+00:00,0,0.0,,,False
2021-12-13 08:20:00+00:00,0,0.0,,,False
2021-12-13 08:25:00+00:00,0,0.0,,,False
2021-12-13 08:30:00+00:00,0,0.0,,,False
2021-12-13 08:35:00+00:00,0,0.0,,,False
2021-12-13 08:40:00+00:00,0,0.0,,,False
2021-12-13 08:45:00+00:00,0,0.0,,,False
2021-12-13 08:50:00+00:00,0,0.0,,,False
2021-12-13 08:55:00+00:00,0,0.0,,,False
2021-12-13 09:00:00+00:00,0,0.0,,,False
2021-12-13 09:05:00+00:00,0,0.0,,,False
2021-12-13 09:10:00+00:00,0,0.0,,,False
2021-12-13 09:15:00+00:00,0,0.0,,,False
2021-12-13 09:20:00+00:00,0,0.0,,,False
2021-12-13 09:25:00+00:00,0,0.0,,,False
2021-12-13 09:30:00+00:00,0,0.0,,,False
2021-12-13 09:35:00+00:00,0,0.0,,,False
2021-12-13 09:40:00+00:00,0,0.0,,,False
2021-12-13 09:45:00+00:00,0,0.0,,,False
2021-12-13 09:50:00+00:00,0,0.0,,,False
2021-12-13 09:55:00+00:00,0,0.0,,,False
2021-12-13 10:00:00+00:00,0,0.0,,,False
2021-12-13 10:05:00+00:00,0,0.0,,,False
2021-12-13 10:10:00+00:00,0,0.0,,,False
2021-12-13 10:15:00+00:00,0,0.0,,,False
2021-12-13 10:20:00+00:00,0,0.0,,,False
2021-12-13 10:25:00+00:00,0,0.0,,,False
2021-12-13 10:30:00+00:00,0,0.0,,,False
2021-12-13 10:35:00+00:00,0,0.0,,,False
2021-12-13 10:40:00+00:00,0,0.0,,,False
2021-12-13 10:45:00+00:00,0,0.0,,,False
2021-12-13 10:50:00+00:00,0,0.0,,,False
2021-12-13 10:55:00+00:00,0,0.0,,,False
2021-12-13 11:00:00+00:00,0,0.0,,,False
2021-12-13 11:05:00+00:00,0,0.0,,,False
2021-12-13 11:10:00+00:00,0,0.0,,,False
2021-12-13 11:15:00+00:00,0,0.0,,,False
2021-12-13 11:20:00+00:00,0,0.0,,,False
2021-12-13 11:25:00+00:00,0,0.0,,,False
2021-12-13 11:30:00+00:00,0,0.0,,,False
2021-12-13 11:35:00+00:00,0,0.0,,,False
2021-12-13 11:40:00+00:00,0,0.0,,,False
2021-12-13 11:45:00+00:00,0,0.0,,,False
2021-12-13 11:50:00+00:00,0,0.0,,,False
2021-12-13 11:55:00+00:00,0,0.0,,,False
2021-12-13 12:00:00+00:00,0,0.0,,,False
2021-12-13 12:05:00+00:00,0,0.0,,,False
2021-12-13 12:10:00+00:00,0,0.0,,,False
2021-12-13 12:15:00+00:00,0,0.0,,,False
2021-12-13 12:20:00+00:00,0,0.0,,,False
2021-12-13 12:25:00+00:00,0,0.0,,,False
2021-12-13 12:30:00+00:00,0,0.0,,,False
2021-12-13 12:35:00+00:00,0,0.0,,,False
2021-12-13 12:40:00+00:00,0,0.0,,,False
2021-12-13 12:45:00+00:00,0,0.0,,,False
2021-12-13 12:50:00+00:00,0,0.0,,,False
2021-12-13 12:55:00+00:00,0,0.0,,,False
2021-12-13 13:00:00+00:00,0,0.0,,,False
2021-12-13 13:05:00+00:00,0,0.0,,,False
2021-12-13 13:10:00+00:00,0,0.0,,,False
2021-12-13 13:15:00+00:00,0,0.0,,,False
2021-12-13 13:20:00+00:00,0,0.0,,,False
2021-12-13 13:25:00+00:00,0,0.0,,,False
2021-12-13 13:30:00+00:00,0,0.0,,,False
2021-12-13 13:35:00+00:00,0,0.0,,,False
2021-12-13 13:40:00+00:00,0,0.0,,,False
2021-12-13 13:45:00+00:00,0,0.0,,,False
2021-12-13 13:50:00+00:00,0,0.0,,,False
2021-12-13 13:55:00+00:00,0,0.0,,,False
2021-12-13 14:00:00+00:00,0,0.0,,,False
2021-12-13 14:05:00+00:00,0,0.0,,,False
2021-12-13 14:10:00+00:00,0,0.0,,,False
2021-12-13 14:15:00+00:00,0,0.0,,,False
2021-12-13 14:20:00+00:00,0,0.0,,,False
2021-12-13 14:25:00+00:00,0,0.0,,,False
2021-12-13 14:30:00+00:00,0,0.0,,,False
2021-12-13 14:35:00+00:00,0,0.0,,,False
2021-12-13 14:40:00+00:00,0,0.0,,,False
2021-12-13 14:45:00+00:00,0,0.0,,,False
2021-12-13 14:50:00+00:00,0,0.0,,,False
2021-12-13 14:55:00+00:00,0,0.0,,,False
2021-12-13 15:00:00+00:00,0,0.0,,,False
2021-12-13 15:05:00+00:00,0,0.0,,,False
2021-12-13 15:10:00+00:00,0,0.0,,,False
2021-12-13 15:15:00+00:00,0,0.0,,,False
2021-12-13 15:20:00+00:00,0,0.0,,,False
2021-12-13 15:25:00+00:00,0,0.0,,,False
2021-12-13 15:30:00+00:00,0,0.0,,,False
2021-12-13 15:35:00+00:00,0,0.0,,,False
2021-12-13 15:40:00+00:00,0,0.0,,,False
2021-12-13 15:45:00+00:00,0,0.0,,,False
2021-12-13 15:50:00+00:00,0,0.0,,,False
2021-12-13 15:55:00+00:00,0,0.0,,,False
2021-12-13 16:00:00+00:00,0,0.0,,,False
2021-12-13 16:05:00+00:00,0,0.0,,,False
2021-12-13 16:10:00+00:00,0,0.0,,,False
2021-12-13 16:15:00+00:00,0,0.0,,,False
2021-12-13 16:20:00+00:00,0,0.0,,,False
2021-12-13 16:25:00+00:00,0,0.0,,,False
2021-12-13 16:30:00+00:00,0,0.0,,,False
2021-12-13 16:35:00+00:00,0,0.0,,,False
2021-12-13 16:40:00+00:00,0,0.0,,,False
2021-12-13 16:45:00+00:00,0,0.0,,,False
2021-12-13 16:50:00+00:00,0,0.0,,,False
2021-12-13 16:55:00+00:00,0,0.0,,,False
2021-12-13 17:00:00+00:00,0,0.0,,,False
2021-12-13 17:05:00+00:00,0,0.0,,,False
2021-12-13 17:10:00+00:00,0,0.0,,,False
2021-12-13 17:15:00+00:00,0,0.0,,,False
2021-12-13 17:20:00+00:00,0,0.0,,,False
2021-12-13 17:25:00+00:00,0,0.0,,,False
2021-12-13 17:30:00+00:00,0,0.0,,,False
2021-12-13 17:35:00+00:00,0,0.0,,,False
2021-12-13 17:40:00+00:00,0,0.0,,,False
2021-12-13 17:45:00+00:00,0,0.0,,,False
2021-12-13 17:50:00+00:00,0,0.0,,,False
2021-12-13 17:55:00+00:00,0,0.0,,,False
2021-12-13 18:00:00+00:00,0,0.0,,,False
2021-12-13 18:05:00+00:00,0,0.0,,,False
2021-12-13 18:10:00+00:00,0,0.0,,,False
2021-12-13 18:15:00+00:00,0,0.0,,,False
2021-12-13 18:20:00+00:00,0,0.0,,,False
2021-12-13 18:25:00+00:00,0,0.0,,,False
2021-12-13 18:30:00+00:00,0,0.0,,,False
2021-12-13 18:35:00+00:00,0,0.0,,,False
2021-12-13 18:40:00+00:00,0,0.0,,,False
2021-12-13 18:45:00+00:00,0,0.0,,,False
2021-12-13 18:50:00+00:00,0,0.0,,,False
2021-12-13 18:55:00+00:00,0,0.0,,,False
2021-12-13 19:00:00+00:00,0,0.0,,,False
2021-12-13 19:05:00+00:00,0,0.0,,,False
2021-12-13 19:10:00+00:00,0,0.0,,,False
2021-12-13 19:15:00+00:00,0,0.0,,,False
2021-12-13 19:20:00+00:00,0,0.0,,,False
2021-12-13 19:25:00+00:00,0,0.0,,,False
2021-12-13 19:30:00+00:00,0,0.0,,,False
2021-12-13 19:35:00+00:00,0,0.0,,,False
2021-12-13 19:40:00+00:00,0,0.0,,,False
2021-12-13 19:45:00+00:00,0,0.0,,,False
2021-12-13 19:50:00+00:00,0,0.0,,,False
2021-12-13 19:55:00+00:00,0,0.0,,,False
2021-12-13 20:00:00+00:00,0,0.0,,,False
2021-12-13 20:05:00+00:00,0,0.0,,,False
2021-12-13 20:10:00+00:00,0,0.0,,,False
2021-12-13 20:15:00+00:00,0,0.0,,,False
2021-12-13 20:20:00+00:00,0,0.0,,,False
2021-12-13 20:25:00+00:00,0,0.0,,,False
2021-12-13 20:30:00+00:00,0,0.0,,,False
2021-12-13 20:35:00+00:00,0,0.0,,,False
2021-12-13 20:40:00+00:00,0,0.0,,,False
2021-12-13 20:45:00+00:00,0,0.0,,,False
2021-12-13 20:50:00+00:00,0,0.0,,,False
2021-12-13 20:55:00+00:00,0,0.0,,,False
2021-12-13 21:00:00+00:00,0,0.0,,,False
2021-12-13 21:05:00+00:00,0,0.0,,,False
2021-12-13 21:10:00+00:00,0,0.0,,,False
2021-12-13 21:15:00+00:00,0,0.0,,,False
2021-12-13 21:20:00+00:00,0,0.0,,,False
2021-12-13 21:25:00+00:00,0,0.0,,,False
2021-12-13 21:30:00+00:00,0,0.0,,,False
2021-12-13 21:35:00+00:00,0,0.0,,,False
2021-12-13 21:40:00+00:00,0,0.0,,,False
2021-12-13 21:45:00+00:00,0,0.0,,,False
2021-12-13 21:50:00+00:00,0,0.0,,,False
2021-12-13 21:55:00+00:00,0,0.0,,,False
2021-12-13 22:00:00+00:00,0,0.0,,,False
2021-12-13 22:05:00+00:00,0,0.0,,,False
2021-12-13 22:10:00+00:00,0,0.0,,,False
2021-12-13 22:15:00+00:00,0,0.0,,,False
2021-12-13 22:20:00+00:00,0,0.0,,,False
2021-12-13 22:25:00+00:00,0,0.0,,,False
2021-12-13 22:30:00+00:00,0,0.0,,,False
2021-12-13 22:35:00+00:00,0,0.0,,,False
2021-12-13 22:40:00+00:00,0,0.0,,,False
2021-12-13 22:45:00+00:00,0,0.0,,,False
2021-12-13 22:50:00+00:00,0,0.0,,,False
2021-12-13 22:55:00+00:00,0,0.0,,,False
2021-12-13 23:00:00+00:00,0,0.0,,,False
2021-12-13 23:05:00+00:00,0,0.0,,,False
2021-12-13 23:10:00+00:00,0,0.0,,,False
2021-12-13 23:15:00+00:00,0,0.0,,,False
2021-12-13 23:20:00+00:00,0,0.0,,,False
2021-12-13 23:25:00+00:00,0,0.0,,,False
2021-12-13 23:30:00+00:00,0,0.0,,,False
2021-12-13 23:35:00+00:00,0,0.0,,,False
2021-12-13 23:40:00+00:00,0,0.0,,,False
2021-12-13 23:45:00+00:00,0,0.0,,,False
2021-12-13 23:50:00+00:00,0,0.0,,,False
2021-12-13 23:55:00+00:00,0,0.0,,,False
2021-12-14 00:00:00+00:00,0,0.0,,,False
2021-12-14 00:05:00+00:00,0,0.0,,,False
2021-12-14 00:10:00+00:00,0,0.0,,,False
2021-12-14 00:15:00+00:00,0,0.0,,,False
2021-12-14 00:20:00+00:00,0,0.0,,,False
2021-12-14 00:25:00+00:00,0,0.0,,,False
2021-12-14 00:30:00+00:00,0,0.0,,,False
2021-12-14 00:35:00+00:00,0,0.0,,,False
2021-12-14 00:40:00+00:00,0,0.0,,,False
2021-12-14 00:45:00+00:00,0,0.0,,,False
2021-12-14 00:50:00+00:00,0,0.0,,,False
2021-12-14 00:55:00+00:00,0,0.0,,,False
2021-12-14 01:00:00+00:00,0,0.0,,,False
2021-12-14 01:05:00+00:00,0,0.0,,,False
2021-12-14 01:10:00+00:00,0,0.0,,,False
2021-12-14 01:15:00+00:00,0,0.0,,,False
2021-12-14 01:20:00+00:00,0,0.0,,,False
2021-12-14 01:25:00+00:00,0,0.0,,,False
2021-12-14 01:30:00+00:00,0,0.0,,,False
2021-12-14 01:35:00+00:00,0,0.0,,,False
2021-12-14 01:40:00+00:00,0,0.0,,,False
2021-12-14 01:45:00+00:00,0,0.0,,,False
2021-12-14 01:50:00+00:00,0,0.0,,,False
2021-12-14 01:55:00+00:00,0,0.0,,,False
2021-12-14 02:00:00+00:00,0,0.0,,,False
2021-12-14 02:05:00+00:00,0,0.0,,,False
2021-12-14 02:10:00+00:00,0,0.0,,,False
2021-12-14 02:15:00+00:00,0,0.0,,,False
2021-12-14 02:20:00+00:00,0,0.0,,,False
2021-12-14 02:25:00+00:00,0,0.0,,,False
2021-12-14 02:30:00+00:00,0,0.0,,,False
2021-12-14 02:35:00+00:00,0,0.0,,,False
2021-12-14 02:40:00+00:00,0,0.0,,,False
2021-12-14 02:45:00+00:00,0,0.0,,,False
2021-12-14 02:50:00+00:00,0,0.0,,,False
2021-12-14 02:55:00+00:00,0,0.0,,,False
2021-12-14 03:00:00+00:00,0,0.0,,,False
2021-12-14 03:05:00+00:00,0,0.0,,,False
2021-12-14 03:10:00+00:00,0,0.0,,,False
2021-12-14 03:15:00+00:00,0,0.0,,,False
2021-12-14 03:20:00+00:00,0,0.0,,,False
2021-12-14 03:25:00+00:00,0,0.0,,,False
2021-12-14 03:30:00+00:00,0,0.0,,,False
2021-12-14 03:35:00+00:00,0,0.0,,,False
2021-12-14 03:40:00+00:00,0,0.0,,,False
2021-12-14 03:45:00+00:00,0,0.0,,,False
2021-12-14 03:50:00+00:00,0,0.0,,,False
2021-12-14 03:55:00+00:00,0,0.0,,,False
2021-12-14 04:00:00+00:00,0,0.0,,,False
2021-12-14 04:05:00+00:00,0,0.0,,,False
2021-12-14 04:10:00+00:00,0,0.0,,,False
2021-12-14 04:15:00+00:00,0,0.0,,,False
2021-12-14 04:20:00+00:00,0,0.0,,,False
2021-12-14 04:25:00+00:00,0,0.0,,,False
2021-12-14 04:30:00+00:00,0,0.0,,,False
2021-12-14 04:35:00+00:00,0,0.0,,,False
2021-12-14 04:40:00+00:00,0,0.0,,,False
2021-12-14 04:45:00+00:00,0,0.0,,,False
2021-12-14 04:50:00+00:00,0,0.0,,,False
2021-12-14 04:55:00+00:00,0,0.0,,,False
2021-12-14 05:00:00+00:00,0,0.0,,,False
2021-12-14 05:05:00+00:00,0,0.0,,,False
2021-12-14 05:10:00+00:00,0,0.0,,,False
2021-12-14 05:15:00+00:00,0,0.0,,,False
2021-12-14 05:20:00+00:00,0,0.0,,,False
2021-12-14 05:25:00+00:00,0,0.0,,,False
2021-12-14 05:30:00+00:00,0,0.0,,,False
2021-12-14 05:35:00+00:00,0,0.0,,,False
2021-12-14 05:40:00+00:00,0,0.0,,,False
2021-12-14 05:45:00+00:00,0,0.0,,,False
2021-12-14 05:50:00+00:00,0,0.0,,,False
2021-12-14 05:55:00+00:00,0,0.0,,,False
2021-12-14 06:00:00+00:00,0,0.0,,,False
2021-12-14 06:05:00+00:00,0,0.0,,,False
2021-12-14 06:10:00+00:00,0,0.0,,,False
2021-12-14 06:15:00+00:00,0,0.0,,,False
2021-12-14 06:20:00+00:00,0,0.0,,,False
2021-12-14 06:25:00+00:00,0,0.0,,,False
2021-12-14 06:30:00+00:00,0,0.0,,,False
2021-12-14 06:35:00+00:00,0,0.0,,,False
2021-12-14 06:40:00+00:00,0,0.0,,,False
2021-12-14 06:45:00+00:00,0,0.0,,,False
2021-12-14 06:50:00+00:00,0,0.0,,,False
2021-12-14 06:55:00+00:00,0,0.0,,,False
2021-12-14 07:00:00+00:00,0,0.0,,,False
2021-12-14 07:05:00+00:00,0,0.0,,,False
2021-12-14 07:10:00+00:00,0,0.0,,,False
2021-12-14 07:15:00+00:00,0,0.0,,,False
2021-12-14 07:20:00+00:00,0,0.0,,,False
2021-12-14 07:25:00+00:00,0,0.0,,,False
2021-12-14 07:30:00+00:00,0,0.0,,,False
2021-12-14 07:35:00+00:00,0,0.0,,,False
2021-12-14 07:40:00+00:00,0,0.0,,,False
2021-12-14 07:45:00+00:00,0,0.0,,,False
2021-12-14 07:50:00+00:00,0,0.0,,,False
2021-12-14 07:55:00+00:00,0,0.0,,,False
2021-12-14 08:00:00+00:00,0,0.0,,,False
2021-12-14 08:05:00+00:00,0,0.0,,,False
2021-12-14 08:10:00+00:00,0,0.0,,,False
2021-12-14 08:15:00+00:00,0,0.0,,,False
2021-12-14 08:20:00+00:00,0,0.0,,,False
2021-12-14 08:25:00+00:00,0,0.0,,,False
2021-12-14 08:30:00+00:00,0,0.0,,,False
2021-12-14 08:35:00+00:00,0,0.0,,,False
2021-12-14 08:40:00+00:00,0,0.0,,,False
2021-12-14 08:45:00+00:00,0,0.0,,,False
2021-12-14 08:50:00+00:00,0,0.0,,,False
2021-12-14 08:55:00+00:00,0,0.0,,,False
2021-12-14 09:00:00+00:00,0,0.0,,,False
2021-12-14 09:05:00+00:00,0,0.0,,,False
2021-12-14 09:10:00+00:00,0,0.0,,,False
2021-12-14 09:15:00+00:00,0,0.0,,,False
2021-12-14 09:20:00+00:00,0,0.0,,,False
2021-12-14 09:25:00+00:00,0,0.0,,,False
2021-12-14 09:30:00+00:00,0,0.0,,,False
2021-12-14 09:35:00+00:00,0,0.0,,,False
2021-12-14 09:40:00+00:00,0,0.0,,,False
2021-12-14 09:45:00+00:00,0,0.0,,,False
2021-12-14 09:50:00+00:00,0,0.0,,,False
2021-12-14 09:55:00+00:00,0,0.0,,,False
2021-12-14 10:00:00+00:00,0,0.0,,,False
2021-12-14 10:05:00+00:00,0,0.0,,,False
2021-12-14 10:10:00+00:00,0,0.0,,,False
2021-12-14 10:15:00+00:00,0,0.0,,,False
2021-12-14 10:20:00+00:00,0,0.0,,,False
2021-12-14 10:25:00+00:00,0,0.0,,,False
2021-12-14 10:30:00+00:00,0,0.0,,,False
2021-12-14 10:35:00+00:00,0,0.0,,,False
2021-12-14 10:40:00+00:00,0,0.0,,,False
2021-12-14 10:45:00+00:00,0,0.0,,,False
2021-12-14 10:50:00+00:00,0,0.0,,,False
2021-12-14 10:55:00+00:00,0,0.0,,,False
2021-12-14 11:00:00+00:00,0,0.0,,,False
2021-12-14 11:05:00+00:00,0,0.0,,,False
2021-12-14 11:10:00+00:00,0,0.0,,,False
2021-12-14 11:15:00+00:00,0,0.0,,,False
2021-12-14 11:20:00+00:00,0,0.0,,,False
2021-12-14 11:25:00+00:00,0,0.0,,,False
2021-12-14 11:30:00+00:00,0,0.0,,,False
2021-12-14 11:35:00+00:00,0,0.0,,,False
2021-12-14 11:40:00+00:00,0,0.0,,,False
2021-12-14 11:45:00+00:00,0,0.0,,,False
2021-12-14 11:50:00+00:00,0,0.0,,,False
2021-12-14 11:55:00+00:00,0,0.0,,,False
2021-12-14 12:00:00+00:00,0,0.0,,,False
2021-12-14 12:05:00+00:00,0,0.0,,,False
2021-12-14 12:10:00+00:00,0,0.0,,,False
2021-12-14 12:15:00+00:00,0,0.0,,,False
2021-12-14 12:20:00+00:00,0,0.0,,,False
2021-12-14 12:25:00+00:00,0,0.0,,,False
2021-12-14 12:30:00+00:00,0,0.0,,,False
2021-12-14 12:35:00+00:00,0,0.0,,,False
2021-12-14 12:40:00+00:00,0,0.0,,,False
2021-12-14 12:45:00+00:00,0,0.0,,,False
2021-12-14 12:50:00+00:00,0,0.0,,,False
2021-12-14 12:55:00+00:00,0,0.0,,,False
2021-12-14 13:00:00+00:00,0,0.0,,,False
2021-12-14 13:05:00+00:00,0,0.0,,,False
2021-12-14 13:10:00+00:00,0,0.0,,,False
2021-12-14 13:15:00+00:00,0,0.0,,,False
2021-12-14 13:20:00+00:00,0,0.0,,,False
2021-12-14 13:25:00+00:00,0,0.0,,,False
2021-12-14 13:30:00+00:00,0,0.0,,,False
2021-12-14 13:35:00+00:00,0,0.0,,,False
2021-12-14 13:40:00+00:00,0,0.0,,,False
2021-12-14 13:45:00+00:00,0,0.0,,,False
2021-12-14 13:50:00+00:00,0,0.0,,,False
2021-12-14 13:55:00+00:00,0,0.0,,,False
2021-12-14 14:00:00+00:00,0,0.0,,,False
2021-12-14 14:05:00+00:00,0,0.0,,,False
2021-12-14 14:10:00+00:00,0,0.0,,,False
2021-12-14 14:15:00+00:00,0,0.0,,,False
2021-12-14 14:20:00+00:00,0,0.0,,,False
2021-12-14 14:25:00+00:00,0,0.0,,,False
2021-12-14 14:30:00+00:00,0,0.0,,,False
2021-12-14 14:35:00+00:00,0,0.0,,,False
2021-12-14 14:40:00+00:00,0,0.0,,,False
2021-12-14 14:45:00+00:00,0,0.0,,,False
2021-12-14 14:50:00+00:00,0,0.0,,,False
2021-12-14 14:55:00+00:00,0,0.0,,,False
2021-12-14 15:00:00+00:00,0,0.0,,,False
2021-12-14 15:05:00+00:00,0,0.0,,,False
2021-12-14 15:10:00+00:00,0,0.0,,,False
2021-12-14 15:15:00+00:00,0,0.0,,,False
2021-12-14 15:20:00+00:00,0,0.0,,,False
2021-12-14 15:25:00+00:00,0,0.0,,,False
2021-12-14 15:30:00+00:00,0,0.0,,,False
2021-12-14 15:35:00+00:00,0,0.0,,,False
2021-12-14 15:40:00+00:00,0,0.0,,,False
2021-12-14 15:45:00+00:00,0,0.0,,,False
2021-12-14 15:50:00+00:00,0,0.0,,,False
2021-12-14 15:55:00+00:00,0,0.0,,,False
2021-12-14 16:00:00+00:00,0,0.0,,,False
2021-12-14 16:05:00+00:00,0,0.0,,,False
2021-12-14 16:10:00+00:00,0,0.0,,,False
2021-12-14 16:15:00+00:00,0,0.0,,,False
2021-12-14 16:20:00+00:00,0,0.0,,,False
2021-12-14 16:25:00+00:00,0,0.0,,,False
2021-12-14 16:30:00+00:00,0,0.0,,,False
2021-12-14 16:35:00+00:00,0,0.0,,,False
2021-12-14 16:40:00+00:00,0,0.0,,,False
2021-12-14 16:45:00+00:00,0,0.0,,,False
2021-12-14 16:50:00+00:00,0,0.0,,,False
2021-12-14 16:55:00+00:00,0,0.0,,,False
2021-12-14 17:00:00+00:00,0,0.0,,,False
2021-12-14 17:05:00+00:00,0,0.0,,,False
2021-12-14 17:10:00+00:00,0,0.0,,,False
2021-12-14 17:15:00+00:00,0,0.0,,,False
2021-12-14 17:20:00+00:00,0,0.0,,,False
2021-12-14 17:25:00+00:00,0,0.0,,,False
2021-12-14 17:30:00+00:00,0,0.0,,,False
2021-12-14 17:35:00+00:00,0,0.0,,,False
2021-12-14 17:40:00+00:00,0,0.0,,,False
2021-12-14 17:45:00+00:00,0,0.0,,,False
2021-12-14 17:50:00+00:00,0,0.0,,,False
2021-12-14 17:55:00+00:00,0,0.0,,,False
2021-12-14 18:00:00+00:00,0,0.0,,,False
2021-12-14 18:05:00+00:00,0,0.0,,,False
2021-12-14 18:10:00+00:00,0,0.0,,,False
2021-12-14 18:15:00+00:00,0,0.0,,,False
2021-12-14 18:20:00+00:00,0,0.0,,,False
2021-12-14 18:25:00+00:00,0,0.0,,,False
2021-12-14 18:30:00+00:00,0,0.0,,,False
2021-12-14 18:35:00+00:00,0,0.0,,,False
2021-12-14 18:40:00+00:00,0,0.0,,,False
2021-12-14 18:45:00+00:00,0,0.0,,,False
2021-12-14 18:50:00+00:00,0,0.0,,,False
2021-12-14 18:55:00+00:00,0,0.0,,,False
2021-12-14 19:00:00+00:00,0,0.0,,,False
2021-12-14 19:05:00+00:00,0,0.0,,,False
2021-12-14 19:10:00+00:00,0,0.0,,,False
2021-12-14 19:15:00+00:00,0,0.0,,,False
2021-12-14 19:20:00+00:00,0,0.0,,,False
2021-12-14 19:25:00+00:00,0,0.0,,,False
2021-12-14 19:30:00+00:00,0,0.0,,,False
2021-12-14 19:35:00+00:00,0,0.0,,,False
2021-12-14 19:40:00+00:00,0,0.0,,,False
2021-12-14 19:45:00+00:00,0,0.0,,,False
2021-12-14 19:50:00+00:00,0,0.0,,,False
2021-12-14 19:55:00+00:00,0,0.0,,,False
2021-12-14 20:00:00+00:00,0,0.0,,,False
2021-12-14 20:05:00+00:00,0,0.0,,,False
2021-12-14 20:10:00+00:00,0,0.0,,,False
2021-12-14 20:15:00+00:00,0,0.0,,,False
2021-12-14 20:20:00+00:00,0,0.0,,,False
2021-12-14 20:25:00+00:00,0,0.0,,,False
2021-12-14 20:30:00+00:00,0,0.0,,,False
2021-12-14 20:35:00+00:00,0,0.0,,,False
2021-12-14 20:40:00+00:00,0,0.0,,,False
2021-12-14 20:45:00+00:00,0,0.0,,,False
2021-12-14 20:50:00+00:00,0,0.0,,,False
2021-12-14 20:55:00+00:00,0,0.0,,,False
2021-12-14 21:00:00+00:00,0,0.0,,,False
2021-12-14 21:05:00+00:00,0,0.0,,,False
2021-12-14 21:10:00+00:00,0,0.0,,,False
2021-12-14 21:15:00+00:00,0,0.0,,,False
2021-12-14 21:20:00+00:00,0,0.0,,,False
2021-12-14 21:25:00+00:00,0,0.0,,,False
2021-12-14 21:30:00+00:00,0,0.0,,,False
2021-12-14 21:35:00+00:00,0,0.0,,,False
2021-12-14 21:40:00+00:00,0,0.0,,,False
2021-12-14 21:45:00+00:00,0,0.0,,,False
2021-12-14 21:50:00+00:00,0,0.0,,,False
2021-12-14 21:55:00+00:00,0,0.0,,,False
2021-12-14 22:00:00+00:00,0,0.0,,,False
2021-12-14 22:05:00+00:00,0,0.0,,,False
2021-12-14 22:10:00+00:00,0,0.0,,,False
2021-12-14 22:15:00+00:00,0,0.0,,,False
2021-12-14 22:20:00+00:00,0,0.0,,,False
2021-12-14 22:25:00+00:00,0,0.0,,,False
2021-12-14 22:30:00+00:00,0,0.0,,,False
2021-12-14 22:35:00+00:00,0,0.0,,,False
2021-12-14 22:40:00+00:00,0,0.0,,,False
2021-12-14 22:45:00+00:00,0,0.0,,,False
2021-12-14 22:50:00+00:00,0,0.0,,,False
2021-12-14 22:55:00+00:00,0,0.0,,,False
2021-12-14 23:00:00+00:00,0,0.0,,,False
2021-12-14 23:05:00+00:00,0,0.0,,,False
2021-12-14 23:10:00+00:00,0,0.0,,,False
2021-12-14 23:15:00+00:00,0,0.0,,,False
2021-12-14 23:20:00+00:00,0,0.0,,,False
2021-12-14 23:25:00+00:00,0,0.0,,,False
2021-12-14 23:30:00+00:00,0,0.0,,,False
2021-12-14 23:35:00+00:00,0,0.0,,,False
2021-12-14 23:40:00+00:00,0,0.0,,,False
2021-12-14 23:45:00+00:00,0,0.0,,,False
2021-12-14 23:50:00+00:00,0,0.0,,,False
2021-12-14 23:55:00+00:00,0,0.0,,,False
2021-12-15 00:00:00+00:00,0,0.0,,,False
2021-12-15 00:05:00+00:00,0,0.0,,,False
2021-12-15 00:10:00+00:00,0,0.0,,,False
2021-12-15 00:15:00+00:00,0,0.0,,,False
2021-12-15 00:20:00+00:00,0,0.0,,,False
2021-12-15 00:25:00+00:00,0,0.0,,,False
2021-12-15 00:30:00+00:00,0,0.0,,,False
2021-12-15 00:35:00+00:00,0,0.0,,,False
2021-12-15 00:40:00+00:00,0,0.0,,,False
2021-12-15 00:45:00+00:00,0,0.0,,,False
2021-12-15 00:50:00+00:00,0,0.0,,,False
2021-12-15 00:55:00+00:00,0,0.0,,,False
2021-12-15 01:00:00+00:00,0,0.0,,,False
2021-12-15 01:05:00+00:00,0,0.0,,,False
2021-12-15 01:10:00+00:00,0,0.0,,,False
2021-12-15 01:15:00+00:00,0,0.0,,,False
2021-12-15 01:20:00+00:00,0,0.0,,,False
2021-12-15 01:25:00+00:00,0,0.0,,,False
2021-12-15 01:30:00+00:00,0,0.0,,,False
2021-12-15 01:35:00+00:00,0,0.0,,,False
2021-12-15 01:40:00+00:00,0,0.0,,,False
2021-12-15 01:45:00+00:00,0,0.0,,,False
2021-12-15 01:50:00+00:00,0,0.0,,,False
2021-12-15 01:55:00+00:00,1,0.08333333333333333,0.28867513459481287,3.1754264805429417,True
2021-12-15 02:00:00+00:00,6,0.5833333333333334,1.729862492345632,3.1312700810813348,True
2021-12-15 02:05:00+00:00,7,1.1666666666666667,2.516611478423583,2.3179316248638266,False
2021-12-15 02:10:00+00:00,8,1.8333333333333333,3.1574826950748234,1.9530326092636066,False
2021-12-15 02:15:00+00:00,8,2.5,3.554766326548573,1.5472184370948825,False
2021-12-15 02:20:00+00:00,9,3.25,3.910940365878077,1.4702346397728878,False
2021-12-15 02:25:00+00:00,9,4.0,4.08989886516436,1.2225241173045645,False
2021-12-15 02:30:00+00:00,9,4.75,4.114829058638789,1.032849710020743,False
2021-12-15 02:35:00+00:00,9,5.5,3.9886201760873288,0.8774964387392121,False
2021-12-15 02:40:00+00:00,9,6.25,3.6958207355188253,0.7440837088149381,False
2021-12-15 02:45:00+00:00,9,7.0,3.190896140869863,0.6267831705280087,False
2021-12-15 02:50:00+00:00,9,7.75,2.340357393064728,0.5341064589981742,False
2021-12-15 02:55:00+00:00,9,8.416666666666666,0.9962049198956227,0.5855555636027703,False
2021-12-15 03:00:00+00:00,9,8.666666666666666,0.6513389472789312,0.5117663157191586,False
2021-12-15 03:05:00+00:00,8,8.75,0.4522670168666477,-1.6583123951776915,False
2021-12-15 03:10:00+00:00,9,8.833333333333334,0.3892494720807641,0.4281744192888332,False
2021-12-15 03:15:00+00:00,9,8.916666666666666,0.2886751345948162,0.28867513459481164,False
2021-12-15 03:20:00+00:00,9,8.916666666666666,0.2886751345948162,0.28867513459481164,False
2021-12-15 03:25:00+00:00,9,8.916666666666666,0.2886751345948162,0.28867513459481164,False
2021-12-15 03:30:00+00:00,9,8.916666666666666,0.2886751345948162,0.28867513459481164,False
2021-12-15 03:35:00+00:00,9,8.916666666666666,0.2886751345948162,0.28867513459481164,False
2021-12-15 03:40:00+00:00,9,8.916666666666666,0.2886751345948162,0.28867513459481164,False
2021-12-15 03:45:00+00:00,9,8.916666666666666,0.2886751345948162,0.28867513459481164,False
2021-12-15 03:50:00+00:00,9,8.916666666666666,0.2886751345948162,0.28867513459481164,False
2021-12-15 03:55:00+00:00,9,8.916666666666666,0.2886751345948162,0.28867513459481164,False
2021-12-15 04:00:00+00:00,9,8.916666666666666,0.2886751345948162,0.28867513459481164,False
2021-12-15 04:05:00+00:00,9,9.0,,,False
2021-12-15 04:10:00+00:00,9,9.0,,,False
2021-12-15 04:15:00+00:00,9,9.0,,,False
2021-12-15 04:20:00+00:00,8,8.916666666666666,0.28867513459481275,-3.175426480542941,True
2021-12-15 04:25:00+00:00,8,8.833333333333334,0.3892494720807612,-2.140872096444191,False
2021-12-15 04:30:00+00:00,9,8.833333333333334,0.3892494720807612,0.4281744192888364,False
2021-12-15 04:35:00+00:00,9,8.833333333333334,0.3892494720807612,0.4281744192888364,False
2021-12-15 04:40:00+00:00,9,8.833333333333334,0.3892494720807612,0.4281744192888364,False
2021-12-15 04:45:00+00:00,9,8.833333333333334,0.3892494720807612,0.4281744192888364,False
2021-12-15 04:50:00+00:00,9,8.833333333333334,0.3892494720807612,0.4281744192888364,False
2021-12-15 04:55:00+00:00,9,8.833333333333334,0.3892494720807612,0.4281744192888364,False
2021-12-15 05:00:00+00:00,9,8.833333333333334,0.3892494720807612,0.4281744192888364,False
2021-12-15 05:05:00+00:00,9,8.833333333333334,0.3892494720807612,0.4281744192888364,False
2021-12-15 05:10:00+00:00,9,8.833333333333334,0.3892494720807612,0.4281744192888364,False
2021-12-15 05:15:00+00:00,9,8.833333333333334,0.3892494720807612,0.4281744192888364,False
2021-12-15 05:20:00+00:00,9,8.916666666666666,0.2886751345948128,0.28867513459481503,False
2021-12-15 05:25:00+00:00,9,9.0,,,False
2021-12-15 05:30:00+00:00,9,9.0,,,False
2021-12-15 05:35:00+00:00,0,8.25,2.598076211353316,-3.1754264805429417,True
2021-12-15 05:40:00+00:00,0,7.5,3.5032452487268535,-2.140872096444188,False
2021-12-15 05:45:00+00:00,0,6.75,4.070403151799809,-1.6583123951777,False
2021-12-15 05:50:00+00:00,0,6.0,4.431293675255978,-1.35400640077266,False
2021-12-15 05:55:00+00:00,0,5.25,4.634357854899935,-1.1328430311977618,False
2021-12-15 06:00:00+00:00,0,4.5,4.700096710803842,-0.9574271077563381,False
2021-12-15 06:05:00+00:00,0,3.75,4.634357854899935,-0.809173593712687,False
2021-12-15 06:10:00+00:00,0,3.0,4.431293675255978,-0.67700320038633,False
2021-12-15 06:15:00+00:00,0,2.25,4.070403151799809,-0.5527707983925666,False
2021-12-15 06:20:00+00:00,0,1.5,3.5032452487268535,-0.4281744192888376,False
2021-12-15 06:25:00+00:00,0,0.75,2.5980762113533165,-0.2886751345948128,False
2021-12-15 06:30:00+00:00,0,0.0,,,False
2021-12-15 06:35:00+00:00,0,0.0,,,False
2021-12-15 06:40:00+00:00,0,0.0,,,False
2021-12-15 06:45:00+00:00,0,0.0,,,False
2021-12-15 06:50:00+00:00,0,0.0,,,False
2021-12-15 06:55:00+00:00,0,0.0,,,False
2021-12-15 07:00:00+00:00,0,0.0,,,False
2021-12-15 07:05:00+00:00,0,0.0,,,False
2021-12-15 07:10:00+00:00,0,0.0,,,False
2021-12-15 07:15:00+00:00,0,0.0,,,False
2021-12-15 07:20:00+00:00,0,0.0,,,False
2021-12-15 07:25:00+00:00,0,0.0,,,False
2021-12-15 07:30:00+00:00,0,0.0,,,False
2021-12-15 07:35:00+00:00,0,0.0,,,False
2021-12-15 07:40:00+00:00,0,0.0,,,False
2021-12-15 07:45:00+00:00,0,0.0,,,False
2021-12-15 07:50:00+00:00,0,0.0,,,False
2021-12-15 07:55:00+00:00,0,0.0,,,False
2021-12-15 08:00:00+00:00,0,0.0,,,False
2021-12-15 08:05:00+00:00,0,0.0,,,False
2021-12-15 08:10:00+00:00,0,0.0,,,False
2021-12-15 08:15:00+00:00,0,0.0,,,False
2021-12-15 08:20:00+00:00,0,0.0,,,False
2021-12-15 08:25:00+00:00,0,0.0,,,False
2021-12-15 08:30:00+00:00,0,0.0,,,False
2021-12-15 08:35:00+00:00,0,0.0,,,False
2021-12-15 08:40:00+00:00,0,0.0,,,False
2021-12-15 08:45:00+00:00,0,0.0,,,False
2021-12-15 08:50:00+00:00,0,0.0,,,False
2021-12-15 08:55:00+00:00,0,0.0,,,False
2021-12-15 09:00:00+00:00,0,0.0,,,False
2021-12-15 09:05:00+00:00,0,0.0,,,False
2021-12-15 09:10:00+00:00,0,0.0,,,False
2021-12-15 09:15:00+00:00,0,0.0,,,False
2021-12-15 09:20:00+00:00,0,0.0,,,False
2021-12-15 09:25:00+00:00,0,0.0,,,False
2021-12-15 09:30:00+00:00,0,0.0,,,False
2021-12-15 09:35:00+00:00,0,0.0,,,False
2021-12-15 09:40:00+00:00,0,0.0,,,False
2021-12-15 09:45:00+00:00,0,0.0,,,False
2021-12-15 09:50:00+00:00,0,0.0,,,False
2021-12-15 09:55:00+00:00,0,0.0,,,False
2021-12-15 10:00:00+00:00,0,0.0,,,False
2021-12-15 10:05:00+00:00,0,0.0,,,False
2021-12-15 10:10:00+00:00,0,0.0,,,False
2021-12-15 10:15:00+00:00,0,0.0,,,False
2021-12-15 10:20:00+00:00,0,0.0,,,False
2021-12-15 10:25:00+00:00,0,0.0,,,False
2021-12-15 10:30:00+00:00,0,0.0,,,False
2021-12-15 10:35:00+00:00,0,0.0,,,False
2021-12-15 10:40:00+00:00,0,0.0,,,False
2021-12-15 10:45:00+00:00,0,0.0,,,False
2021-12-15 10:50:00+00:00,0,0.0,,,False
2021-12-15 10:55:00+00:00,0,0.0,,,False
2021-12-15 11:00:00+00:00,0,0.0,,,False
2021-12-15 11:05:00+00:00,0,0.0,,,False
2021-12-15 11:10:00+00:00,0,0.0,,,False
2021-12-15 11:15:00+00:00,0,0.0,,,False
2021-12-15 11:20:00+00:00,0,0.0,,,False
2021-12-15 11:25:00+00:00,0,0.0,,,False
2021-12-15 11:30:00+00:00,0,0.0,,,False
2021-12-15 11:35:00+00:00,0,0.0,,,False
2021-12-15 11:40:00+00:00,0,0.0,,,False
2021-12-15 11:45:00+00:00,0,0.0,,,False
2021-12-15 11:50:00+00:00,0,0.0,,,False
2021-12-15 11:55:00+00:00,0,0.0,,,False
2021-12-15 12:00:00+00:00,0,0.0,,,False
2021-12-15 12:05:00+00:00,0,0.0,,,False
2021-12-15 12:10:00+00:00,0,0.0,,,False
2021-12-15 12:15:00+00:00,0,0.0,,,False
2021-12-15 12:20:00+00:00,0,0.0,,,False
2021-12-15 12:25:00+00:00,0,0.0,,,False
2021-12-15 12:30:00+00:00,0,0.0,,,False
2021-12-15 12:35:00+00:00,0,0.0,,,False
2021-12-15 12:40:00+00:00,0,0.0,,,False
2021-12-15 12:45:00+00:00,0,0.0,,,False
2021-12-15 12:50:00+00:00,0,0.0,,,False
2021-12-15 12:55:00+00:00,0,0.0,,,False
2021-12-15 13:00:00+00:00,0,0.0,,,False
2021-12-15 13:05:00+00:00,0,0.0,,,False
2021-12-15 13:10:00+00:00,0,0.0,,,False
2021-12-15 13:15:00+00:00,0,0.0,,,False
2021-12-15 13:20:00+00:00,0,0.0,,,False
2021-12-15 13:25:00+00:00,0,0.0,,,False
2021-12-15 13:30:00+00:00,0,0.0,,,False
2021-12-15 13:35:00+00:00,0,0.0,,,False
2021-12-15 13:40:00+00:00,0,0.0,,,False
2021-12-15 13:45:00+00:00,0,0.0,,,False
2021-12-15 13:50:00+00:00,0,0.0,,,False
2021-12-15 13:55:00+00:00,0,0.0,,,False
2021-12-15 14:00:00+00:00,0,0.0,,,False
2021-12-15 14:05:00+00:00,0,0.0,,,False
2021-12-15 14:10:00+00:00,0,0.0,,,False
2021-12-15 14:15:00+00:00,0,0.0,,,False
2021-12-15 14:20:00+00:00,0,0.0,,,False
2021-12-15 14:25:00+00:00,0,0.0,,,False
2021-12-15 14:30:00+00:00,0,0.0,,,False
2021-12-15 14:35:00+00:00,0,0.0,,,False
2021-12-15 14:40:00+00:00,0,0.0,,,False
2021-12-15 14:45:00+00:00,0,0.0,,,False
2021-12-15 14:50:00+00:00,0,0.0,,,False
2021-12-15 14:55:00+00:00,0,0.0,,,False
2021-12-15 15:00:00+00:00,0,0.0,,,False
2021-12-15 15:05:00+00:00,0,0.0,,,False
2021-12-15 15:10:00+00:00,0,0.0,,,False
2021-12-15 15:15:00+00:00,0,0.0,,,False
2021-12-15 15:20:00+00:00,0,0.0,,,False
2021-12-15 15:25:00+00:00,0,0.0,,,False
2021-12-15 15:30:00+00:00,0,0.0,,,False
2021-12-15 15:35:00+00:00,0,0.0,,,False
2021-12-15 15:40:00+00:00,0,0.0,,,False
2021-12-15 15:45:00+00:00,0,0.0,,,False
2021-12-15 15:50:00+00:00,0,0.0,,,False
2021-12-15 15:55:00+00:00,0,0.0,,,False
2021-12-15 16:00:00+00:00,0,0.0,,,False
2021-12-15 16:05:00+00:00,0,0.0,,,False
2021-12-15 16:10:00+00:00,0,0.0,,,False
2021-12-15 16:15:00+00:00,0,0.0,,,False
2021-12-15 16:20:00+00:00,0,0.0,,,False
2021-12-15 16:25:00+00:00,0,0.0,,,False
2021-12-15 16:30:00+00:00,0,0.0,,,False
2021-12-15 16:35:00+00:00,0,0.0,,,False
2021-12-15 16:40:00+00:00,0,0.0,,,False
2021-12-15 16:45:00+00:00,0,0.0,,,False
2021-12-15 16:50:00+00:00,0,0.0,,,False
2021-12-15 16:55:00+00:00,0,0.0,,,False
2021-12-15 17:00:00+00:00,0,0.0,,,False
2021-12-15 17:05:00+00:00,0,0.0,,,False
2021-12-15 17:10:00+00:00,0,0.0,,,False
2021-12-15 17:15:00+00:00,0,0.0,,,False
2021-12-15 17:20:00+00:00,0,0.0,,,False
2021-12-15 17:25:00+00:00,0,0.0,,,False
2021-12-15 17:30:00+00:00,0,0.0,,,False
2021-12-15 17:35:00+00:00,0,0.0,,,False
2021-12-15 17:40:00+00:00,0,0.0,,,False
2021-12-15 17:45:00+00:00,0,0.0,,,False
2021-12-15 17:50:00+00:00,0,0.0,,,False
2021-12-15 17:55:00+00:00,0,0.0,,,False
2021-12-15 18:00:00+00:00,0,0.0,,,False
2021-12-15 18:05:00+00:00,0,0.0,,,False
2021-12-15 18:10:00+00:00,0,0.0,,,False
2021-12-15 18:15:00+00:00,0,0.0,,,False
2021-12-15 18:20:00+00:00,0,0.0,,,False
2021-12-15 18:25:00+00:00,0,0.0,,,False
2021-12-15 18:30:00+00:00,0,0.0,,,False
2021-12-15 18:35:00+00:00,0,0.0,,,False
2021-12-15 18:40:00+00:00,0,0.0,,,False
2021-12-15 18:45:00+00:00,0,0.0,,,False
2021-12-15 18:50:00+00:00,0,0.0,,,False
2021-12-15 18:55:00+00:00,0,0.0,,,False
2021-12-15 19:00:00+00:00,0,0.0,,,False
2021-12-15 19:05:00+00:00,0,0.0,,,False
2021-12-15 19:10:00+00:00,0,0.0,,,False
2021-12-15 19:15:00+00:00,0,0.0,,,False
2021-12-15 19:20:00+00:00,0,0.0,,,False
2021-12-15 19:25:00+00:00,0,0.0,,,False
2021-12-15 19:30:00+00:00,0,0.0,,,False
2021-12-15 19:35:00+00:00,0,0.0,,,False
2021-12-15 19:40:00+00:00,0,0.0,,,False
2021-12-15 19:45:00+00:00,0,0.0,,,False
2021-12-15 19:50:00+00:00,0,0.0,,,False
2021-12-15 19:55:00+00:00,0,0.0,,,False
2021-12-15 20:00:00+00:00,0,0.0,,,False
2021-12-15 20:05:00+00:00,0,0.0,,,False
2021-12-15 20:10:00+00:00,0,0.0,,,False
2021-12-15 20:15:00+00:00,0,0.0,,,False
2021-12-15 20:20:00+00:00,0,0.0,,,False
2021-12-15 20:25:00+00:00,0,0.0,,,False
2021-12-15 20:30:00+00:00,0,0.0,,,False
2021-12-15 20:35:00+00:00,0,0.0,,,False
2021-12-15 20:40:00+00:00,0,0.0,,,False
2021-12-15 20:45:00+00:00,0,0.0,,,False
2021-12-15 20:50:00+00:00,0,0.0,,,False
2021-12-15 20:55:00+00:00,0,0.0,,,False
2021-12-15 21:00:00+00:00,0,0.0,,,False
2021-12-15 21:05:00+00:00,0,0.0,,,False
2021-12-15 21:10:00+00:00,0,0.0,,,False
2021-12-15 21:15:00+00:00,0,0.0,,,False
2021-12-15 21:20:00+00:00,0,0.0,,,False
2021-12-15 21:25:00+00:00,0,0.0,,,False
2021-12-15 21:30:00+00:00,0,0.0,,,False
2021-12-15 21:35:00+00:00,0,0.0,,,False
2021-12-15 21:40:00+00:00,0,0.0,,,False
2021-12-15 21:45:00+00:00,0,0.0,,,False
2021-12-15 21:50:00+00:00,0,0.0,,,False
2021-12-15 21:55:00+00:00,0,0.0,,,False
2021-12-15 22:00:00+00:00,0,0.0,,,False
2021-12-15 22:05:00+00:00,0,0.0,,,False
2021-12-15 22:10:00+00:00,0,0.0,,,False
2021-12-15 22:15:00+00:00,0,0.0,,,False
2021-12-15 22:20:00+00:00,0,0.0,,,False
2021-12-15 22:25:00+00:00,0,0.0,,,False
2021-12-15 22:30:00+00:00,0,0.0,,,False
2021-12-15 22:35:00+00:00,0,0.0,,,False
2021-12-15 22:40:00+00:00,0,0.0,,,False
2021-12-15 22:45:00+00:00,0,0.0,,,False
2021-12-15 22:50:00+00:00,0,0.0,,,False
2021-12-15 22:55:00+00:00,0,0.0,,,False
2021-12-15 23:00:00+00:00,0,0.0,,,False
2021-12-15 23:05:00+00:00,0,0.0,,,False
2021-12-15 23:10:00+00:00,0,0.0,,,False
2021-12-15 23:15:00+00:00,0,0.0,,,False
2021-12-15 23:20:00+00:00,0,0.0,,,False
2021-12-15 23:25:00+00:00,1,0.08333333333333333,0.28867513459481287,3.1754264805429417,True
2021-12-15 23:30:00+00:00,1,0.16666666666666666,0.38924947208076144,2.1408720964441885,False
2021-12-15 23:35:00+00:00,1,0.25,0.45226701686664544,1.6583123951777,False
2021-12-15 23:40:00+00:00,1,0.3333333333333333,0.4923659639173309,1.3540064007726602,False
2021-12-15 23:45:00+00:00,1,0.4166666666666667,0.5149286505444373,1.1328430311977618,False
2021-12-15 23:50:00+00:00,0,0.4166666666666667,0.5149286505444373,-0.809173593712687,False
2021-12-15 23:55:00+00:00,0,0.4166666666666667,0.5149286505444373,-0.809173593712687,False
2021-12-16 00:00:00+00:00,0,0.4166666666666667,0.5149286505444373,-0.809173593712687,False
2021-12-16 00:05:00+00:00,0,0.4166666666666667,0.5149286505444373,-0.809173593712687,False
2021-12-16 00:10:00+00:00,0,0.4166666666666667,0.5149286505444373,-0.809173593712687,False
2021-12-16 00:15:00+00:00,0,0.4166666666666667,0.5149286505444373,-0.809173593712687,False
2021-12-16 00:20:00+00:00,0,0.4166666666666667,0.5149286505444373,-0.809173593712687,False
2021-12-16 00:25:00+00:00,0,0.3333333333333333,0.4923659639173309,-0.67700320038633,False
2021-12-16 00:30:00+00:00,0,0.25,0.45226701686664544,-0.5527707983925666,False
2021-12-16 00:35:00+00:00,0,0.16666666666666666,0.38924947208076144,-0.42817441928883765,False
2021-12-16 00:40:00+00:00,0,0.08333333333333333,0.28867513459481287,-0.28867513459481287,False
2021-12-16 00:45:00+00:00,0,0.0,,,False
2021-12-16 00:50:00+00:00,0,0.0,,,False
2021-12-16 00:55:00+00:00,0,0.0,,,False
2021-12-16 01:00:00+00:00,0,0.0,,,False
2021-12-16 01:05:00+00:00,0,0.0,,,False
2021-12-16 01:10:00+00:00,0,0.0,,,False
2021-12-16 01:15:00+00:00,0,0.0,,,False
2021-12-16 01:20:00+00:00,0,0.0,,,False
2021-12-16 01:25:00+00:00,0,0.0,,,False
2021-12-16 01:30:00+00:00,0,0.0,,,False
2021-12-16 01:35:00+00:00,0,0.0,,,False
2021-12-16 01:40:00+00:00,0,0.0,,,False
2021-12-16 01:45:00+00:00,0,0.0,,,False
2021-12-16 01:50:00+00:00,0,0.0,,,False
2021-12-16 01:55:00+00:00,0,0.0,,,False
2021-12-16 02:00:00+00:00,0,0.0,,,False
2021-12-16 02:05:00+00:00,0,0.0,,,False
2021-12-16 02:10:00+00:00,0,0.0,,,False
2021-12-16 02:15:00+00:00,0,0.0,,,False
2021-12-16 02:20:00+00:00,0,0.0,,,False
2021-12-16 02:25:00+00:00,0,0.0,,,False
2021-12-16 02:30:00+00:00,0,0.0,,,False
2021-12-16 02:35:00+00:00,0,0.0,,,False
2021-12-16 02:40:00+00:00,0,0.0,,,False
2021-12-16 02:45:00+00:00,1,0.08333333333333333,0.28867513459481287,3.1754264805429417,True
2021-12-16 02:50:00+00:00,1,0.16666666666666666,0.38924947208076144,2.1408720964441885,False
2021-12-16 02:55:00+00:00,0,0.16666666666666666,0.38924947208076144,-0.42817441928883765,False
2021-12-16 03:00:00+00:00,0,0.16666666666666666,0.38924947208076144,-0.42817441928883765,False
2021-12-16 03:05:00+00:00,0,0.16666666666666666,0.38924947208076144,-0.42817441928883765,False
2021-12-16 03:10:00+00:00,0,0.16666666666666666,0.38924947208076144,-0.42817441928883765,False
2021-12-16 03:15:00+00:00,0,0.16666666666666666,0.38924947208076144,-0.42817441928883765,False
2021-12-16 03:20:00+00:00,0,0.16666666666666666,0.38924947208076144,-0.42817441928883765,False
2021-12-16 03:25:00+00:00,0,0.16666666666666666,0.38924947208076144,-0.42817441928883765,False
2021-12-16 03:30:00+00:00,0,0.16666666666666666,0.38924947208076144,-0.42817441928883765,False
2021-12-16 03:35:00+00:00,0,0.16666666666666666,0.38924947208076144,-0.42817441928883765,False
2021-12-16 03:40:00+00:00,0,0.16666666666666666,0.38924947208076144,-0.42817441928883765,False
2021-12-16 03:45:00+00:00,0,0.08333333333333333,0.28867513459481287,-0.28867513459481287,False
2021-12-16 03:50:00+00:00,0,0.0,,,False
2021-12-16 03:55:00+00:00,0,0.0,,,False
2021-12-16 04:00:00+00:00,0,0.0,,,False
2021-12-16 04:05:00+00:00,0,0.0,,,False
2021-12-16 04:10:00+00:00,0,0.0,,,False
2021-12-16 04:15:00+00:00,0,0.0,,,False
2021-12-16 04:20:00+00:00,0,0.0,,,False
2021-12-16 04:25:00+00:00,0,0.0,,,False
2021-12-16 04:30:00+00:00,0,0.0,,,False
2021-12-16 04:35:00+00:00,0,0.0,,,False
2021-12-16 04:40:00+00:00,0,0.0,,,False
2021-12-16 04:45:00+00:00,0,0.0,,,False
2021-12-16 04:50:00+00:00,0,0.0,,,False
2021-12-16 04:55:00+00:00,0,0.0,,,False
2021-12-16 05:00:00+00:00,0,0.0,,,False
2021-12-16 05:05:00+00:00,0,0.0,,,False
2021-12-16 05:10:00+00:00,0,0.0,,,False
2021-12-16 05:15:00+00:00,0,0.0,,,False
2021-12-16 05:20:00+00:00,0,0.0,,,False
2021-12-16 05:25:00+00:00,0,0.0,,,False
2021-12-16 05:30:00+00:00,0,0.0,,,False
2021-12-16 05:35:00+00:00,0,0.0,,,False
2021-12-16 05:40:00+00:00,0,0.0,,,False
2021-12-16 05:45:00+00:00,0,0.0,,,False
2021-12-16 05:50:00+00:00,0,0.0,,,False
2021-12-16 05:55:00+00:00,0,0.0,,,False
2021-12-16 06:00:00+00:00,0,0.0,,,False
2021-12-16 06:05:00+00:00,0,0.0,,,False
2021-12-16 06:10:00+00:00,0,0.0,,,False
2021-12-16 06:15:00+00:00,0,0.0,,,False
2021-12-16 06:20:00+00:00,0,0.0,,,False
2021-12-16 06:25:00+00:00,0,0.0,,,False
2021-12-16 06:30:00+00:00,0,0.0,,,False
2021-12-16 06:35:00+00:00,0,0.0,,,False
2021-12-16 06:40:00+00:00,0,0.0,,,False
2021-12-16 06:45:00+00:00,0,0.0,,,False
2021-12-16 06:50:00+00:00,0,0.0,,,False
2021-12-16 06:55:00+00:00,0,0.0,,,False
2021-12-16 07:00:00+00:00,0,0.0,,,False
2021-12-16 07:05:00+00:00,0,0.0,,,False
2021-12-16 07:10:00+00:00,0,0.0,,,False
2021-12-16 07:15:00+00:00,0,0.0,,,False
2021-12-16 07:20:00+00:00,0,0.0,,,False
2021-12-16 07:25:00+00:00,0,0.0,,,False
2021-12-16 07:30:00+00:00,0,0.0,,,False
2021-12-16 07:35:00+00:00,0,0.0,,,False
2021-12-16 07:40:00+00:00,0,0.0,,,False
2021-12-16 07:45:00+00:00,0,0.0,,,False
2021-12-16 07:50:00+00:00,0,0.0,,,False
2021-12-16 07:55:00+00:00,0,0.0,,,False
2021-12-16 08:00:00+00:00,0,0.0,,,False
2021-12-16 08:05:00+00:00,0,0.0,,,False
2021-12-16 08:10:00+00:00,0,0.0,,,False
2021-12-16 08:15:00+00:00,7,0.5833333333333334,2.0207259421636903,3.1754264805429417,True
2021-12-16 08:20:00+00:00,0,0.5833333333333334,2.0207259421636903,-0.28867513459481287,False
2021-12-16 08:25:00+00:00,0,0.5833333333333334,2.0207259421636903,-0.28867513459481287,False
2021-12-16 08:30:00+00:00,0,0.5833333333333334,2.0207259421636903,-0.28867513459481287,False
2021-12-16 08:35:00+00:00,0,0.5833333333333334,2.0207259421636903,-0.28867513459481287,False
2021-12-16 08:40:00+00:00,0,0.5833333333333334,2.0207259421636903,-0.28867513459481287,False
2021-12-16 08:45:00+00:00,0,0.5833333333333334,2.0207259421636903,-0.28867513459481287,False
2021-12-16 08:50:00+00:00,0,0.5833333333333334,2.0207259421636903,-0.28867513459481287,False
2021-12-16 08:55:00+00:00,0,0.5833333333333334,2.0207259421636903,-0.28867513459481287,False
2021-12-16 09:00:00+00:00,0,0.5833333333333334,2.0207259421636903,-0.28867513459481287,False
2021-12-16 09:05:00+00:00,0,0.5833333333333334,2.0207259421636903,-0.28867513459481287,False
2021-12-16 09:10:00+00:00,0,0.5833333333333334,2.0207259421636903,-0.28867513459481287,False
2021-12-16 09:15:00+00:00,0,0.0,,,False
2021-12-16 09:20:00+00:00,0,0.0,,,False
2021-12-16 09:25:00+00:00,0,0.0,,,False
2021-12-16 09:30:00+00:00,0,0.0,,,False
2021-12-16 09:35:00+00:00,0,0.0,,,False
2021-12-16 09:40:00+00:00,0,0.0,,,False
2021-12-16 09:45:00+00:00,0,0.0,,,False
2021-12-16 09:50:00+00:00,0,0.0,,,False
2021-12-16 09:55:00+00:00,0,0.0,,,False
2021-12-16 10:00:00+00:00,0,0.0,,,False
2021-12-16 10:05:00+00:00,0,0.0,,,False
2021-12-16 10:10:00+00:00,0,0.0,,,False
2021-12-16 10:15:00+00:00,0,0.0,,,False
2021-12-16 10:20:00+00:00,0,0.0,,,False
2021-12-16 10:25:00+00:00,0,0.0,,,False
2021-12-16 10:30:00+00:00,0,0.0,,,False
2021-12-16 10:35:00+00:00,0,0.0,,,False
2021-12-16 10:40:00+00:00,0,0.0,,,False
2021-12-16 10:45:00+00:00,0,0.0,,,False
2021-12-16 10:50:00+00:00,0,0.0,,,False
2021-12-16 10:55:00+00:00,0,0.0,,,False
2021-12-16 11:00:00+00:00,0,0.0,,,False
2021-12-16 11:05:00+00:00,0,0.0,,,False
2021-12-16 11:10:00+00:00,0,0.0,,,False
2021-12-16 11:15:00+00:00,0,0.0,,,False
2021-12-16 11:20:00+00:00,0,0.0,,,False
2021-12-16 11:25:00+00:00,0,0.0,,,False
2021-12-16 11:30:00+00:00,0,0.0,,,False
2021-12-16 11:35:00+00:00,0,0.0,,,False
2021-12-16 11:40:00+00:00,0,0.0,,,False
2021-12-16 11:45:00+00:00,0,0.0,,,False
2021-12-16 11:50:00+00:00,0,0.0,,,False
2021-12-16 11:55:00+00:00,0,0.0,,,False
2021-12-16 12:00:00+00:00,0,0.0,,,False
2021-12-16 12:05:00+00:00,0,0.0,,,False
2021-12-16 12:10:00+00:00,0,0.0,,,False
2021-12-16 12:15:00+00:00,0,0.0,,,False
2021-12-16 12:20:00+00:00,0,0.0,,,False
2021-12-16 12:25:00+00:00,0,0.0,,,False
2021-12-16 12:30:00+00:00,0,0.0,,,False
2021-12-16 12:35:00+00:00,0,0.0,,,False
2021-12-16 12:40:00+00:00,0,0.0,,,False
2021-12-16 12:45:00+00:00,0,0.0,,,False
2021-12-16 12:50:00+00:00,0,0.0,,,False
2021-12-16 12:55:00+00:00,0,0.0,,,False
2021-12-16 13:00:00+00:00,0,0.0,,,False
2021-12-16 13:05:00+00:00,0,0.0,,,False
2021-12-16 13:10:00+00:00,0,0.0,,,False
2021-12-16 13:15:00+00:00,0,0.0,,,False
2021-12-16 13:20:00+00:00,0,0.0,,,False
2021-12-16 13:25:00+00:00,0,0.0,,,False
2021-12-16 13:30:00+00:00,0,0.0,,,False
2021-12-16 13:35:00+00:00,0,0.0,,,False
2021-12-16 13:40:00+00:00,0,0.0,,,False
2021-12-16 13:45:00+00:00,0,0.0,,,False
2021-12-16 13:50:00+00:00,0,0.0,,,False
2021-12-16 13:55:00+00:00,0,0.0,,,False
2021-12-16 14:00:00+00:00,0,0.0,,,False
2021-12-16 14:05:00+00:00,0,0.0,,,False
2021-12-16 14:10:00+00:00,0,0.0,,,False
2021-12-16 14:15:00+00:00,0,0.0,,,False
2021-12-16 14:20:00+00:00,0,0.0,,,False
2021-12-16 14:25:00+00:00,0,0.0,,,False
2021-12-16 14:30:00+00:00,0,0.0,,,False
2021-12-16 14:35:00+00:00,0,0.0,,,False
2021-12-16 14:40:00+00:00,0,0.0,,,False
2021-12-16 14:45:00+00:00,0,0.0,,,False
2021-12-16 14:50:00+00:00,0,0.0,,,False
2021-12-16 14:55:00+00:00,0,0.0,,,False
2021-12-16 15:00:00+00:00,0,0.0,,,False
2021-12-16 15:05:00+00:00,0,0.0,,,False
2021-12-16 15:10:00+00:00,0,0.0,,,False
2021-12-16 15:15:00+00:00,0,0.0,,,False
2021-12-16 15:20:00+00:00,0,0.0,,,False
2021-12-16 15:25:00+00:00,0,0.0,,,False
2021-12-16 15:30:00+00:00,0,0.0,,,False
2021-12-16 15:35:00+00:00,0,0.0,,,False
2021-12-16 15:40:00+00:00,0,0.0,,,False
2021-12-16 15:45:00+00:00,0,0.0,,,False
2021-12-16 15:50:00+00:00,0,0.0,,,False
2021-12-16 15:55:00+00:00,0,0.0,,,False
2021-12-16 16:00:00+00:00,0,0.0,,,False
2021-12-16 16:05:00+00:00,0,0.0,,,False
2021-12-16 16:10:00+00:00,0,0.0,,,False
2021-12-16 16:15:00+00:00,0,0.0,,,False
2021-12-16 16:20:00+00:00,0,0.0,,,False
2021-12-16 16:25:00+00:00,0,0.0,,,False
2021-12-16 16:30:00+00:00,0,0.0,,,False
2021-12-16 16:35:00+00:00,0,0.0,,,False
2021-12-16 16:40:00+00:00,0,0.0,,,False
2021-12-16 16:45:00+00:00,0,0.0,,,False
2021-12-16 16:50:00+00:00,0,0.0,,,False
2021-12-16 16:55:00+00:00,0,0.0,,,False
2021-12-16 17:00:00+00:00,0,0.0,,,False
2021-12-16 17:05:00+00:00,0,0.0,,,False
2021-12-16 17:10:00+00:00,0,0.0,,,False
2021-12-16 17:15:00+00:00,0,0.0,,,False
2021-12-16 17:20:00+00:00,0,0.0,,,False
2021-12-16 17:25:00+00:00,0,0.0,,,False
2021-12-16 17:30:00+00:00,0,0.0,,,False
2021-12-16 17:35:00+00:00,0,0.0,,,False
2021-12-16 17:40:00+00:00,0,0.0,,,False
2021-12-16 17:45:00+00:00,0,0.0,,,False
2021-12-16 17:50:00+00:00,0,0.0,,,False
2021-12-16 17:55:00+00:00,0,0.0,,,False
2021-12-16 18:00:00+00:00,0,0.0,,,False
2021-12-16 18:05:00+00:00,0,0.0,,,False
2021-12-16 18:10:00+00:00,0,0.0,,,False
2021-12-16 18:15:00+00:00,0,0.0,,,False
2021-12-16 18:20:00+00:00,0,0.0,,,False
2021-12-16 18:25:00+00:00,0,0.0,,,False
2021-12-16 18:30:00+00:00,0,0.0,,,False
2021-12-16 18:35:00+00:00,0,0.0,,,False
2021-12-16 18:40:00+00:00,0,0.0,,,False
2021-12-16 18:45:00+00:00,0,0.0,,,False
2021-12-16 18:50:00+00:00,0,0.0,,,False
2021-12-16 18:55:00+00:00,0,0.0,,,False
2021-12-16 19:00:00+00:00,0,0.0,,,False
2021-12-16 19:05:00+00:00,0,0.0,,,False
2021-12-16 19:10:00+00:00,0,0.0,,,False
2021-12-16 19:15:00+00:00,0,0.0,,,False
2021-12-16 19:20:00+00:00,0,0.0,,,False
2021-12-16 19:25:00+00:00,0,0.0,,,False
2021-12-16 19:30:00+00:00,0,0.0,,,False
2021-12-16 19:35:00+00:00,0,0.0,,,False
2021-12-16 19:40:00+00:00,0,0.0,,,False
2021-12-16 19:45:00+00:00,0,0.0,,,False
2021-12-16 19:50:00+00:00,0,0.0,,,False
2021-12-16 19:55:00+00:00,0,0.0,,,False
2021-12-16 20:00:00+00:00,0,0.0,,,False
2021-12-16 20:05:00+00:00,0,0.0,,,False
2021-12-16 20:10:00+00:00,0,0.0,,,False
2021-12-16 20:15:00+00:00,0,0.0,,,False
2021-12-16 20:20:00+00:00,0,0.0,,,False
2021-12-16 20:25:00+00:00,0,0.0,,,False
2021-12-16 20:30:00+00:00,0,0.0,,,False
2021-12-16 20:35:00+00:00,0,0.0,,,False
2021-12-16 20:40:00+00:00,0,0.0,,,False
2021-12-16 20:45:00+00:00,0,0.0,,,False
2021-12-16 20:50:00+00:00,0,0.0,,,False
2021-12-16 20:55:00+00:00,0,0.0,,,False
2021-12-16 21:00:00+00:00,0,0.0,,,False
2021-12-16 21:05:00+00:00,0,0.0,,,False
2021-12-16 21:10:00+00:00,0,0.0,,,False
2021-12-16 21:15:00+00:00,0,0.0,,,False
2021-12-16 21:20:00+00:00,0,0.0,,,False
2021-12-16 21:25:00+00:00,0,0.0,,,False
2021-12-16 21:30:00+00:00,0,0.0,,,False
2021-12-16 21:35:00+00:00,0,0.0,,,False
2021-12-16 21:40:00+00:00,0,0.0,,,False
2021-12-16 21:45:00+00:00,0,0.0,,,False
2021-12-16 21:50:00+00:00,0,0.0,,,False
2021-12-16 21:55:00+00:00,0,0.0,,,False
2021-12-16 22:00:00+00:00,0,0.0,,,False
2021-12-16 22:05:00+00:00,0,0.0,,,False
2021-12-16 22:10:00+00:00,0,0.0,,,False
2021-12-16 22:15:00+00:00,0,0.0,,,False
2021-12-16 22:20:00+00:00,0,0.0,,,False
2021-12-16 22:25:00+00:00,0,0.0,,,False
2021-12-16 22:30:00+00:00,0,0.0,,,False
2021-12-16 22:35:00+00:00,0,0.0,,,False
2021-12-16 22:40:00+00:00,0,0.0,,,False
2021-12-16 22:45:00+00:00,0,0.0,,,False
2021-12-16 22:50:00+00:00,0,0.0,,,False
2021-12-16 22:55:00+00:00,0,0.0,,,False
2021-12-16 23:00:00+00:00,0,0.0,,,False
2021-12-16 23:05:00+00:00,0,0.0,,,False
2021-12-16 23:10:00+00:00,0,0.0,,,False
2021-12-16 23:15:00+00:00,0,0.0,,,False
2021-12-16 23:20:00+00:00,0,0.0,,,False
2021-12-16 23:25:00+00:00,0,0.0,,,False
2021-12-16 23:30:00+00:00,0,0.0,,,False
2021-12-16 23:35:00+00:00,0,0.0,,,False
2021-12-16 23:40:00+00:00,0,0.0,,,False
2021-12-16 23:45:00+00:00,0,0.0,,,False
2021-12-16 23:50:00+00:00,0,0.0,,,False
2021-12-16 23:55:00+00:00,0,0.0,,,False
2021-12-17 00:00:00+00:00,0,0.0,,,False
2021-12-17 00:05:00+00:00,0,0.0,,,False
2021-12-17 00:10:00+00:00,0,0.0,,,False
2021-12-17 00:15:00+00:00,0,0.0,,,False
2021-12-17 00:20:00+00:00,0,0.0,,,False
2021-12-17 00:25:00+00:00,0,0.0,,,False
2021-12-17 00:30:00+00:00,0,0.0,,,False
2021-12-17 00:35:00+00:00,0,0.0,,,False
2021-12-17 00:40:00+00:00,0,0.0,,,False
2021-12-17 00:45:00+00:00,0,0.0,,,False
2021-12-17 00:50:00+00:00,0,0.0,,,False
2021-12-17 00:55:00+00:00,0,0.0,,,False
2021-12-17 01:00:00+00:00,0,0.0,,,False
2021-12-17 01:05:00+00:00,0,0.0,,,False
2021-12-17 01:10:00+00:00,0,0.0,,,False
2021-12-17 01:15:00+00:00,0,0.0,,,False
2021-12-17 01:20:00+00:00,0,0.0,,,False
2021-12-17 01:25:00+00:00,0,0.0,,,False
2021-12-17 01:30:00+00:00,0,0.0,,,False
2021-12-17 01:35:00+00:00,0,0.0,,,False
2021-12-17 01:40:00+00:00,0,0.0,,,False
2021-12-17 01:45:00+00:00,0,0.0,,,False
2021-12-17 01:50:00+00:00,0,0.0,,,False
2021-12-17 01:55:00+00:00,0,0.0,,,False
2021-12-17 02:00:00+00:00,0,0.0,,,False
2021-12-17 02:05:00+00:00,0,0.0,,,False
2021-12-17 02:10:00+00:00,0,0.0,,,False
2021-12-17 02:15:00+00:00,0,0.0,,,False
2021-12-17 02:20:00+00:00,0,0.0,,,False
2021-12-17 02:25:00+00:00,0,0.0,,,False
2021-12-17 02:30:00+00:00,0,0.0,,,False
2021-12-17 02:35:00+00:00,0,0.0,,,False
2021-12-17 02:40:00+00:00,0,0.0,,,False
2021-12-17 02:45:00+00:00,0,0.0,,,False
2021-12-17 02:50:00+00:00,0,0.0,,,False
2021-12-17 02:55:00+00:00,0,0.0,,,False
2021-12-17 03:00:00+00:00,0,0.0,,,False
2021-12-17 03:05:00+00:00,0,0.0,,,False
2021-12-17 03:10:00+00:00,0,0.0,,,False
2021-12-17 03:15:00+00:00,0,0.0,,,False
2021-12-17 03:20:00+00:00,0,0.0,,,False
2021-12-17 03:25:00+00:00,0,0.0,,,False
2021-12-17 03:30:00+00:00,0,0.0,,,False
2021-12-17 03:35:00+00:00,0,0.0,,,False
2021-12-17 03:40:00+00:00,0,0.0,,,False
2021-12-17 03:45:00+00:00,0,0.0,,,False
2021-12-17 03:50:00+00:00,0,0.0,,,False
2021-12-17 03:55:00+00:00,0,0.0,,,False
2021-12-17 04:00:00+00:00,0,0.0,,,False
2021-12-17 04:05:00+00:00,0,0.0,,,False
2021-12-17 04:10:00+00:00,0,0.0,,,False
2021-12-17 04:15:00+00:00,0,0.0,,,False
2021-12-17 04:20:00+00:00,0,0.0,,,False
2021-12-17 04:25:00+00:00,0,0.0,,,False
2021-12-17 04:30:00+00:00,0,0.0,,,False
2021-12-17 04:35:00+00:00,0,0.0,,,False
2021-12-17 04:40:00+00:00,0,0.0,,,False
2021-12-17 04:45:00+00:00,0,0.0,,,False
2021-12-17 04:50:00+00:00,0,0.0,,,False
2021-12-17 04:55:00+00:00,0,0.0,,,False
2021-12-17 05:00:00+00:00,0,0.0,,,False
2021-12-17 05:05:00+00:00,0,0.0,,,False
2021-12-17 05:10:00+00:00,0,0.0,,,False
2021-12-17 05:15:00+00:00,0,0.0,,,False
2021-12-17 05:20:00+00:00,0,0.0,,,False
2021-12-17 05:25:00+00:00,0,0.0,,,False
2021-12-17 05:30:00+00:00,0,0.0,,,False
2021-12-17 05:35:00+00:00,0,0.0,,,False
2021-12-17 05:40:00+00:00,0,0.0,,,False
2021-12-17 05:45:00+00:00,0,0.0,,,False
2021-12-17 05:50:00+00:00,0,0.0,,,False
2021-12-17 05:55:00+00:00,0,0.0,,,False
2021-12-17 06:00:00+00:00,0,0.0,,,False
2021-12-17 06:05:00+00:00,0,0.0,,,False
2021-12-17 06:10:00+00:00,0,0.0,,,False
2021-12-17 06:15:00+00:00,0,0.0,,,False
2021-12-17 06:20:00+00:00,0,0.0,,,False
2021-12-17 06:25:00+00:00,0,0.0,,,False
2021-12-17 06:30:00+00:00,0,0.0,,,False
2021-12-17 06:35:00+00:00,0,0.0,,,False
2021-12-17 06:40:00+00:00,0,0.0,,,False
2021-12-17 06:45:00+00:00,0,0.0,,,False
2021-12-17 06:50:00+00:00,0,0.0,,,False
2021-12-17 06:55:00+00:00,0,0.0,,,False
2021-12-17 07:00:00+00:00,0,0.0,,,False
2021-12-17 07:05:00+00:00,0,0.0,,,False
2021-12-17 07:10:00+00:00,0,0.0,,,False
2021-12-17 07:15:00+00:00,0,0.0,,,False
2021-12-17 07:20:00+00:00,0,0.0,,,False
2021-12-17 07:25:00+00:00,0,0.0,,,False
2021-12-17 07:30:00+00:00,0,0.0,,,False
2021-12-17 07:35:00+00:00,0,0.0,,,False
2021-12-17 07:40:00+00:00,0,0.0,,,False
2021-12-17 07:45:00+00:00,0,0.0,,,False
2021-12-17 07:50:00+00:00,0,0.0,,,False
2021-12-17 07:55:00+00:00,0,0.0,,,False
2021-12-17 08:00:00+00:00,0,0.0,,,False
2021-12-17 08:05:00+00:00,0,0.0,,,False
2021-12-17 08:10:00+00:00,0,0.0,,,False
2021-12-17 08:15:00+00:00,0,0.0,,,False
2021-12-17 08:20:00+00:00,0,0.0,,,False
2021-12-17 08:25:00+00:00,0,0.0,,,False
2021-12-17 08:30:00+00:00,0,0.0,,,False
2021-12-17 08:35:00+00:00,0,0.0,,,False
2021-12-17 08:40:00+00:00,0,0.0,,,False
2021-12-17 08:45:00+00:00,0,0.0,,,False
2021-12-17 08:50:00+00:00,0,0.0,,,False
2021-12-17 08:55:00+00:00,0,0.0,,,False
2021-12-17 09:00:00+00:00,0,0.0,,,False
2021-12-17 09:05:00+00:00,0,0.0,,,False
2021-12-17 09:10:00+00:00,0,0.0,,,False
2021-12-17 09:15:00+00:00,0,0.0,,,False
2021-12-17 09:20:00+00:00,0,0.0,,,False
2021-12-17 09:25:00+00:00,0,0.0,,,False
2021-12-17 09:30:00+00:00,0,0.0,,,False
2021-12-17 09:35:00+00:00,0,0.0,,,False
2021-12-17 09:40:00+00:00,0,0.0,,,False
2021-12-17 09:45:00+00:00,0,0.0,,,False
2021-12-17 09:50:00+00:00,0,0.0,,,False
2021-12-17 09:55:00+00:00,0,0.0,,,False
2021-12-17 10:00:00+00:00,0,0.0,,,False
2021-12-17 10:05:00+00:00,0,0.0,,,False
2021-12-17 10:10:00+00:00,0,0.0,,,False
2021-12-17 10:15:00+00:00,0,0.0,,,False
2021-12-17 10:20:00+00:00,0,0.0,,,False
2021-12-17 10:25:00+00:00,0,0.0,,,False
2021-12-17 10:30:00+00:00,0,0.0,,,False
2021-12-17 10:35:00+00:00,0,0.0,,,False
2021-12-17 10:40:00+00:00,0,0.0,,,False
2021-12-17 10:45:00+00:00,0,0.0,,,False
2021-12-17 10:50:00+00:00,0,0.0,,,False
2021-12-17 10:55:00+00:00,0,0.0,,,False
2021-12-17 11:00:00+00:00,0,0.0,,,False
2021-12-17 11:05:00+00:00,0,0.0,,,False
2021-12-17 11:10:00+00:00,0,0.0,,,False
2021-12-17 11:15:00+00:00,0,0.0,,,False
2021-12-17 11:20:00+00:00,0,0.0,,,False
2021-12-17 11:25:00+00:00,0,0.0,,,False
2021-12-17 11:30:00+00:00,0,0.0,,,False
2021-12-17 11:35:00+00:00,0,0.0,,,False
2021-12-17 11:40:00+00:00,0,0.0,,,False
2021-12-17 11:45:00+00:00,0,0.0,,,False
2021-12-17 11:50:00+00:00,0,0.0,,,False
2021-12-17 11:55:00+00:00,0,0.0,,,False
2021-12-17 12:00:00+00:00,0,0.0,,,False
2021-12-17 12:05:00+00:00,0,0.0,,,False
2021-12-17 12:10:00+00:00,0,0.0,,,False
2021-12-17 12:15:00+00:00,0,0.0,,,False
2021-12-17 12:20:00+00:00,0,0.0,,,False
2021-12-17 12:25:00+00:00,0,0.0,,,False
2021-12-17 12:30:00+00:00,0,0.0,,,False
2021-12-17 12:35:00+00:00,0,0.0,,,False
2021-12-17 12:40:00+00:00,0,0.0,,,False
2021-12-17 12:45:00+00:00,0,0.0,,,False
2021-12-17 12:50:00+00:00,0,0.0,,,False
2021-12-17 12:55:00+00:00,0,0.0,,,False
2021-12-17 13:00:00+00:00,0,0.0,,,False
2021-12-17 13:05:00+00:00,0,0.0,,,False
2021-12-17 13:10:00+00:00,0,0.0,,,False
2021-12-17 13:15:00+00:00,0,0.0,,,False
2021-12-17 13:20:00+00:00,0,0.0,,,False
2021-12-17 13:25:00+00:00,0,0.0,,,False
2021-12-17 13:30:00+00:00,0,0.0,,,False
2021-12-17 13:35:00+00:00,0,0.0,,,False
2021-12-17 13:40:00+00:00,0,0.0,,,False
2021-12-17 13:45:00+00:00,0,0.0,,,False
2021-12-17 13:50:00+00:00,0,0.0,,,False
2021-12-17 13:55:00+00:00,0,0.0,,,False
2021-12-17 14:00:00+00:00,0,0.0,,,False
2021-12-17 14:05:00+00:00,0,0.0,,,False
2021-12-17 14:10:00+00:00,0,0.0,,,False
2021-12-17 14:15:00+00:00,0,0.0,,,False
2021-12-17 14:20:00+00:00,0,0.0,,,False
2021-12-17 14:25:00+00:00,0,0.0,,,False
2021-12-17 14:30:00+00:00,0,0.0,,,False
2021-12-17 14:35:00+00:00,0,0.0,,,False
2021-12-17 14:40:00+00:00,0,0.0,,,False
2021-12-17 14:45:00+00:00,0,0.0,,,False
2021-12-17 14:50:00+00:00,0,0.0,,,False
2021-12-17 14:55:00+00:00,0,0.0,,,False
2021-12-17 15:00:00+00:00,0,0.0,,,False
2021-12-17 15:05:00+00:00,0,0.0,,,False
2021-12-17 15:10:00+00:00,0,0.0,,,False
2021-12-17 15:15:00+00:00,0,0.0,,,False
2021-12-17 15:20:00+00:00,0,0.0,,,False
2021-12-17 15:25:00+00:00,0,0.0,,,False
2021-12-17 15:30:00+00:00,0,0.0,,,False
2021-12-17 15:35:00+00:00,0,0.0,,,False
2021-12-17 15:40:00+00:00,0,0.0,,,False
2021-12-17 15:45:00+00:00,0,0.0,,,False
2021-12-17 15:50:00+00:00,0,0.0,,,False
2021-12-17 15:55:00+00:00,0,0.0,,,False
2021-12-19 16:00:00+00:00,0,0.0,,,False
2021-12-19 16:05:00+00:00,0,0.0,,,False
2021-12-19 16:10:00+00:00,0,0.0,,,False
2021-12-19 16:15:00+00:00,0,0.0,,,False
2021-12-19 16:20:00+00:00,0,0.0,,,False
2021-12-19 16:25:00+00:00,0,0.0,,,False
2021-12-19 16:30:00+00:00,0,0.0,,,False
2021-12-19 16:35:00+00:00,0,0.0,,,False
2021-12-19 16:40:00+00:00,0,0.0,,,False
2021-12-19 16:45:00+00:00,0,0.0,,,False
2021-12-19 16:50:00+00:00,0,0.0,,,False
2021-12-19 16:55:00+00:00,0,0.0,,,False
2021-12-19 17:00:00+00:00,0,0.0,,,False
2021-12-19 17:05:00+00:00,0,0.0,,,False
2021-12-19 17:10:00+00:00,0,0.0,,,False
2021-12-19 17:15:00+00:00,0,0.0,,,False
2021-12-19 17:20:00+00:00,0,0.0,,,False
2021-12-19 17:25:00+00:00,0,0.0,,,False
2021-12-19 17:30:00+00:00,0,0.0,,,False
2021-12-19 17:35:00+00:00,0,0.0,,,False
2021-12-19 17:40:00+00:00,0,0.0,,,False
2021-12-19 17:45:00+00:00,0,0.0,,,False
2021-12-19 17:50:00+00:00,0,0.0,,,False
2021-12-19 17:55:00+00:00,0,0.0,,,False
2021-12-19 18:00:00+00:00,0,0.0,,,False
2021-12-19 18:05:00+00:00,0,0.0,,,False
2021-12-19 18:10:00+00:00,0,0.0,,,False
2021-12-19 18:15:00+00:00,0,0.0,,,False
2021-12-19 18:20:00+00:00,0,0.0,,,False
2021-12-19 18:25:00+00:00,0,0.0,,,False
2021-12-19 18:30:00+00:00,0,0.0,,,False
2021-12-19 18:35:00+00:00,0,0.0,,,False
2021-12-19 18:40:00+00:00,0,0.0,,,False
2021-12-19 18:45:00+00:00,0,0.0,,,False
2021-12-19 18:50:00+00:00,0,0.0,,,False
2021-12-19 18:55:00+00:00,0,0.0,,,False
2021-12-19 19:00:00+00:00,0,0.0,,,False
2021-12-19 19:05:00+00:00,0,0.0,,,False
2021-12-19 19:10:00+00:00,0,0.0,,,False
2021-12-19 19:15:00+00:00,0,0.0,,,False
2021-12-19 19:20:00+00:00,0,0.0,,,False
2021-12-19 19:25:00+00:00,0,0.0,,,False
2021-12-19 19:30:00+00:00,0,0.0,,,False
2021-12-19 19:35:00+00:00,0,0.0,,,False
2021-12-19 19:40:00+00:00,0,0.0,,,False
2021-12-19 19:45:00+00:00,0,0.0,,,False
2021-12-19 19:50:00+00:00,0,0.0,,,False
2021-12-19 19:55:00+00:00,0,0.0,,,False
2021-12-19 20:00:00+00:00,0,0.0,,,False
2021-12-19 20:05:00+00:00,0,0.0,,,False
2021-12-19 20:10:00+00:00,0,0.0,,,False
2021-12-19 20:15:00+00:00,0,0.0,,,False
2021-12-19 20:20:00+00:00,0,0.0,,,False
2021-12-19 20:25:00+00:00,0,0.0,,,False
2021-12-19 20:30:00+00:00,0,0.0,,,False
2021-12-19 20:35:00+00:00,0,0.0,,,False
2021-12-19 20:40:00+00:00,0,0.0,,,False
2021-12-19 20:45:00+00:00,0,0.0,,,False
2021-12-19 20:50:00+00:00,0,0.0,,,False
2021-12-19 20:55:00+00:00,0,0.0,,,False
2021-12-19 21:00:00+00:00,0,0.0,,,False
2021-12-19 21:05:00+00:00,0,0.0,,,False
2021-12-19 21:10:00+00:00,0,0.0,,,False
2021-12-19 21:15:00+00:00,0,0.0,,,False
2021-12-19 21:20:00+00:00,0,0.0,,,False
2021-12-19 21:25:00+00:00,0,0.0,,,False
2021-12-19 21:30:00+00:00,0,0.0,,,False
2021-12-19 21:35:00+00:00,0,0.0,,,False
2021-12-19 21:40:00+00:00,0,0.0,,,False
2021-12-19 21:45:00+00:00,0,0.0,,,False
2021-12-19 21:50:00+00:00,0,0.0,,,False
2021-12-19 21:55:00+00:00,0,0.0,,,False
2021-12-19 22:00:00+00:00,0,0.0,,,False
2021-12-19 22:05:00+00:00,0,0.0,,,False
2021-12-19 22:10:00+00:00,0,0.0,,,False
2021-12-19 22:15:00+00:00,0,0.0,,,False
2021-12-19 22:20:00+00:00,0,0.0,,,False
2021-12-19 22:25:00+00:00,0,0.0,,,False
2021-12-19 22:30:00+00:00,0,0.0,,,False
2021-12-19 22:35:00+00:00,0,0.0,,,False
2021-12-19 22:40:00+00:00,0,0.0,,,False
2021-12-19 22:45:00+00:00,0,0.0,,,False
2021-12-19 22:50:00+00:00,0,0.0,,,False
2021-12-19 22:55:00+00:00,0,0.0,,,False
2021-12-19 23:00:00+00:00,0,0.0,,,False
2021-12-19 23:05:00+00:00,0,0.0,,,False
2021-12-19 23:10:00+00:00,0,0.0,,,False
2021-12-19 23:15:00+00:00,0,0.0,,,False
2021-12-19 23:20:00+00:00,0,0.0,,,False
2021-12-19 23:25:00+00:00,0,0.0,,,False
2021-12-19 23:30:00+00:00,0,0.0,,,False
2021-12-19 23:35:00+00:00,0,0.0,,,False
2021-12-19 23:40:00+00:00,0,0.0,,,False
2021-12-19 23:45:00+00:00,0,0.0,,,False
2021-12-19 23:50:00+00:00,0,0.0,,,False
2021-12-19 23:55:00+00:00,0,0.0,,,False
2021-12-20 00:00:00+00:00,0,0.0,,,False
2021-12-20 00:05:00+00:00,0,0.0,,,False
2021-12-20 00:10:00+00:00,0,0.0,,,False
2021-12-20 00:15:00+00:00,0,0.0,,,False
2021-12-20 00:20:00+00:00,0,0.0,,,False
2021-12-20 00:25:00+00:00,0,0.0,,,False
2021-12-20 00:30:00+00:00,0,0.0,,,False
2021-12-20 00:35:00+00:00,0,0.0,,,False
2021-12-20 00:40:00+00:00,0,0.0,,,False
2021-12-20 00:45:00+00:00,0,0.0,,,False
2021-12-20 00:50:00+00:00,0,0.0,,,False
2021-12-20 00:55:00+00:00,0,0.0,,,False
2021-12-20 01:00:00+00:00,0,0.0,,,False
2021-12-20 01:05:00+00:00,0,0.0,,,False
2021-12-20 01:10:00+00:00,0,0.0,,,False
2021-12-20 01:15:00+00:00,0,0.0,,,False
2021-12-20 01:20:00+00:00,0,0.0,,,False
2021-12-20 01:25:00+00:00,0,0.0,,,False
2021-12-20 01:30:00+00:00,0,0.0,,,False
2021-12-20 01:35:00+00:00,0,0.0,,,False
2021-12-20 01:40:00+00:00,0,0.0,,,False
2021-12-20 01:45:00+00:00,0,0.0,,,False
2021-12-20 01:50:00+00:00,0,0.0,,,False
2021-12-20 01:55:00+00:00,0,0.0,,,False
2021-12-20 02:00:00+00:00,0,0.0,,,False
2021-12-20 02:05:00+00:00,0,0.0,,,False
2021-12-20 02:10:00+00:00,0,0.0,,,False
2021-12-20 02:15:00+00:00,0,0.0,,,False
2021-12-20 02:20:00+00:00,0,0.0,,,False
2021-12-20 02:25:00+00:00,0,0.0,,,False
2021-12-20 02:30:00+00:00,0,0.0,,,False
2021-12-20 02:35:00+00:00,0,0.0,,,False
2021-12-20 02:40:00+00:00,0,0.0,,,False
2021-12-20 02:45:00+00:00,0,0.0,,,False
2021-12-20 02:50:00+00:00,0,0.0,,,False
2021-12-20 02:55:00+00:00,0,0.0,,,False
2021-12-20 03:00:00+00:00,0,0.0,,,False
2021-12-20 03:05:00+00:00,0,0.0,,,False
2021-12-20 03:10:00+00:00,0,0.0,,,False
2021-12-20 03:15:00+00:00,0,0.0,,,False
2021-12-20 03:20:00+00:00,0,0.0,,,False
2021-12-20 03:25:00+00:00,0,0.0,,,False
2021-12-20 03:30:00+00:00,0,0.0,,,False
2021-12-20 03:35:00+00:00,0,0.0,,,False
2021-12-20 03:40:00+00:00,0,0.0,,,False
2021-12-20 03:45:00+00:00,0,0.0,,,False
2021-12-20 03:50:00+00:00,0,0.0,,,False
2021-12-20 03:55:00+00:00,0,0.0,,,False
2021-12-20 04:00:00+00:00,0,0.0,,,False
2021-12-20 04:05:00+00:00,0,0.0,,,False
2021-12-20 04:10:00+00:00,0,0.0,,,False
2021-12-20 04:15:00+00:00,0,0.0,,,False
2021-12-20 04:20:00+00:00,0,0.0,,,False
2021-12-20 04:25:00+00:00,0,0.0,,,False
2021-12-20 04:30:00+00:00,0,0.0,,,False
2021-12-20 04:35:00+00:00,0,0.0,,,False
2021-12-20 04:40:00+00:00,0,0.0,,,False
2021-12-20 04:45:00+00:00,0,0.0,,,False
2021-12-20 04:50:00+00:00,0,0.0,,,False
2021-12-20 04:55:00+00:00,0,0.0,,,False
2021-12-20 05:00:00+00:00,0,0.0,,,False
2021-12-20 05:05:00+00:00,0,0.0,,,False
2021-12-20 05:10:00+00:00,0,0.0,,,False
2021-12-20 05:15:00+00:00,0,0.0,,,False
2021-12-20 05:20:00+00:00,0,0.0,,,False
2021-12-20 05:25:00+00:00,0,0.0,,,False
2021-12-20 05:30:00+00:00,0,0.0,,,False
2021-12-20 05:35:00+00:00,0,0.0,,,False
2021-12-20 05:40:00+00:00,0,0.0,,,False
2021-12-20 05:45:00+00:00,0,0.0,,,False
2021-12-20 05:50:00+00:00,0,0.0,,,False
2021-12-20 05:55:00+00:00,0,0.0,,,False
2021-12-20 06:00:00+00:00,0,0.0,,,False
2021-12-20 06:05:00+00:00,0,0.0,,,False
2021-12-20 06:10:00+00:00,0,0.0,,,False
2021-12-20 06:15:00+00:00,0,0.0,,,False
2021-12-20 06:20:00+00:00,0,0.0,,,False
2021-12-20 06:25:00+00:00,0,0.0,,,False
2021-12-20 06:30:00+00:00,0,0.0,,,False
2021-12-20 06:35:00+00:00,0,0.0,,,False
2021-12-20 06:40:00+00:00,0,0.0,,,False
2021-12-20 06:45:00+00:00,0,0.0,,,False
2021-12-20 06:50:00+00:00,0,0.0,,,False
2021-12-20 06:55:00+00:00,0,0.0,,,False
2021-12-20 07:00:00+00:00,0,0.0,,,False
2021-12-20 07:05:00+00:00,0,0.0,,,False
2021-12-20 07:10:00+00:00,0,0.0,,,False
2021-12-20 07:15:00+00:00,0,0.0,,,False
2021-12-20 07:20:00+00:00,0,0.0,,,False
2021-12-20 07:25:00+00:00,0,0.0,,,False
2021-12-20 07:30:00+00:00,0,0.0,,,False
2021-12-20 07:35:00+00:00,0,0.0,,,False
2021-12-20 07:40:00+00:00,0,0.0,,,False
2021-12-20 07:45:00+00:00,0,0.0,,,False
2021-12-20 07:50:00+00:00,0,0.0,,,False
2021-12-20 07:55:00+00:00,0,0.0,,,False
2021-12-20 08:00:00+00:00,0,0.0,,,False
2021-12-20 08:05:00+00:00,0,0.0,,,False
2021-12-20 08:10:00+00:00,0,0.0,,,False
2021-12-20 08:15:00+00:00,0,0.0,,,False
2021-12-20 08:20:00+00:00,0,0.0,,,False
2021-12-20 08:25:00+00:00,0,0.0,,,False
2021-12-20 08:30:00+00:00,0,0.0,,,False
2021-12-20 08:35:00+00:00,0,0.0,,,False
2021-12-20 08:40:00+00:00,0,0.0,,,False
2021-12-20 08:45:00+00:00,0,0.0,,,False
2021-12-20 08:50:00+00:00,0,0.0,,,False
2021-12-20 08:55:00+00:00,0,0.0,,,False
2021-12-20 09:00:00+00:00,0,0.0,,,False
2021-12-20 09:05:00+00:00,0,0.0,,,False
2021-12-20 09:10:00+00:00,0,0.0,,,False
2021-12-20 09:15:00+00:00,0,0.0,,,False
2021-12-20 09:20:00+00:00,0,0.0,,,False
2021-12-20 09:25:00+00:00,0,0.0,,,False
2021-12-20 09:30:00+00:00,0,0.0,,,False
2021-12-20 09:35:00+00:00,0,0.0,,,False
2021-12-20 09:40:00+00:00,0,0.0,,,False
2021-12-20 09:45:00+00:00,0,0.0,,,False
2021-12-20 09:50:00+00:00,0,0.0,,,False
2021-12-20 09:55:00+00:00,0,0.0,,,False
2021-12-20 10:00:00+00:00,0,0.0,,,False
2021-12-20 10:05:00+00:00,0,0.0,,,False
2021-12-20 10:10:00+00:00,0,0.0,,,False
2021-12-20 10:15:00+00:00,0,0.0,,,False
2021-12-20 10:20:00+00:00,0,0.0,,,False
2021-12-20 10:25:00+00:00,0,0.0,,,False
2021-12-20 10:30:00+00:00,0,0.0,,,False
2021-12-20 10:35:00+00:00,0,0.0,,,False
2021-12-20 10:40:00+00:00,0,0.0,,,False
2021-12-20 10:45:00+00:00,0,0.0,,,False
2021-12-20 10:50:00+00:00,0,0.0,,,False
2021-12-20 10:55:00+00:00,0,0.0,,,False
2021-12-20 11:00:00+00:00,0,0.0,,,False
2021-12-20 11:05:00+00:00,0,0.0,,,False
2021-12-20 11:10:00+00:00,0,0.0,,,False
2021-12-20 11:15:00+00:00,0,0.0,,,False
2021-12-20 11:20:00+00:00,0,0.0,,,False
2021-12-20 11:25:00+00:00,0,0.0,,,False
2021-12-20 11:30:00+00:00,0,0.0,,,False
2021-12-20 11:35:00+00:00,0,0.0,,,False
2021-12-20 11:40:00+00:00,0,0.0,,,False
2021-12-20 11:45:00+00:00,0,0.0,,,False
2021-12-20 11:50:00+00:00,0,0.0,,,False
2021-12-20 11:55:00+00:00,0,0.0,,,False
2021-12-20 12:00:00+00:00,0,0.0,,,False
2021-12-20 12:05:00+00:00,0,0.0,,,False
2021-12-20 12:10:00+00:00,0,0.0,,,False
2021-12-20 12:15:00+00:00,0,0.0,,,False
2021-12-20 12:20:00+00:00,0,0.0,,,False
2021-12-20 12:25:00+00:00,0,0.0,,,False
2021-12-20 12:30:00+00:00,0,0.0,,,False
2021-12-20 12:35:00+00:00,0,0.0,,,False
2021-12-20 12:40:00+00:00,0,0.0,,,False
2021-12-20 12:45:00+00:00,0,0.0,,,False
2021-12-20 12:50:00+00:00,0,0.0,,,False
2021-12-20 12:55:00+00:00,0,0.0,,,False
2021-12-20 13:00:00+00:00,0,0.0,,,False
2021-12-20 13:05:00+00:00,0,0.0,,,False
2021-12-20 13:10:00+00:00,0,0.0,,,False
2021-12-20 13:15:00+00:00,0,0.0,,,False
2021-12-20 13:20:00+00:00,0,0.0,,,False
2021-12-20 13:25:00+00:00,0,0.0,,,False
2021-12-20 13:30:00+00:00,0,0.0,,,False
2021-12-20 13:35:00+00:00,0,0.0,,,False
2021-12-20 13:40:00+00:00,0,0.0,,,False
2021-12-20 13:45:00+00:00,0,0.0,,,False
2021-12-20 13:50:00+00:00,0,0.0,,,False
2021-12-20 13:55:00+00:00,0,0.0,,,False
2021-12-20 14:00:00+00:00,0,0.0,,,False
2021-12-20 14:05:00+00:00,0,0.0,,,False
2021-12-20 14:10:00+00:00,0,0.0,,,False
2021-12-20 14:15:00+00:00,0,0.0,,,False
2021-12-20 14:20:00+00:00,0,0.0,,,False
2021-12-20 14:25:00+00:00,0,0.0,,,False
2021-12-20 14:30:00+00:00,0,0.0,,,False
2021-12-20 14:35:00+00:00,0,0.0,,,False
2021-12-20 14:40:00+00:00,0,0.0,,,False
2021-12-20 14:45:00+00:00,0,0.0,,,False
2021-12-20 14:50:00+00:00,0,0.0,,,False
2021-12-20 14:55:00+00:00,0,0.0,,,False
2021-12-20 15:00:00+00:00,0,0.0,,,False
2021-12-20 15:05:00+00:00,0,0.0,,,False
2021-12-20 15:10:00+00:00,0,0.0,,,False
2021-12-20 15:15:00+00:00,0,0.0,,,False
2021-12-20 15:20:00+00:00,0,0.0,,,False
2021-12-20 15:25:00+00:00,0,0.0,,,False
2021-12-20 15:30:00+00:00,0,0.0,,,False
2021-12-20 15:35:00+00:00,0,0.0,,,False
2021-12-20 15:40:00+00:00,0,0.0,,,False
2021-12-20 15:45:00+00:00,0,0.0,,,False
2021-12-20 15:50:00+00:00,0,0.0,,,False
2021-12-20 15:55:00+00:00,0,0.0,,,False
2021-12-20 16:00:00+00:00,0,0.0,,,False
2021-12-20 16:05:00+00:00,0,0.0,,,False
2021-12-20 16:10:00+00:00,0,0.0,,,False
2021-12-20 16:15:00+00:00,0,0.0,,,False
2021-12-20 16:20:00+00:00,0,0.0,,,False
2021-12-20 16:25:00+00:00,0,0.0,,,False
2021-12-20 16:30:00+00:00,0,0.0,,,False
2021-12-20 16:35:00+00:00,0,0.0,,,False
2021-12-20 16:40:00+00:00,0,0.0,,,False
2021-12-20 16:45:00+00:00,0,0.0,,,False
2021-12-20 16:50:00+00:00,0,0.0,,,False
2021-12-20 16:55:00+00:00,0,0.0,,,False
2021-12-20 17:00:00+00:00,0,0.0,,,False
2021-12-20 17:05:00+00:00,0,0.0,,,False
2021-12-20 17:10:00+00:00,0,0.0,,,False
2021-12-20 17:15:00+00:00,0,0.0,,,False
2021-12-20 17:20:00+00:00,0,0.0,,,False
2021-12-20 17:25:00+00:00,0,0.0,,,False
2021-12-20 17:30:00+00:00,0,0.0,,,False
2021-12-20 17:35:00+00:00,0,0.0,,,False
2021-12-20 17:40:00+00:00,0,0.0,,,False
2021-12-20 17:45:00+00:00,0,0.0,,,False
2021-12-20 17:50:00+00:00,0,0.0,,,False
2021-12-20 17:55:00+00:00,0,0.0,,,False
2021-12-20 18:00:00+00:00,0,0.0,,,False
2021-12-20 18:05:00+00:00,0,0.0,,,False
2021-12-20 18:10:00+00:00,0,0.0,,,False
2021-12-20 18:15:00+00:00,0,0.0,,,False
2021-12-20 18:20:00+00:00,0,0.0,,,False
2021-12-20 18:25:00+00:00,0,0.0,,,False
2021-12-20 18:30:00+00:00,0,0.0,,,False
2021-12-20 18:35:00+00:00,0,0.0,,,False
2021-12-20 18:40:00+00:00,0,0.0,,,False
2021-12-20 18:45:00+00:00,0,0.0,,,False
2021-12-20 18:50:00+00:00,0,0.0,,,False
2021-12-20 18:55:00+00:00,0,0.0,,,False
2021-12-20 19:00:00+00:00,0,0.0,,,False
2021-12-20 19:05:00+00:00,0,0.0,,,False
2021-12-20 19:10:00+00:00,0,0.0,,,False
2021-12-20 19:15:00+00:00,0,0.0,,,False
2021-12-20 19:20:00+00:00,0,0.0,,,False
2021-12-20 19:25:00+00:00,0,0.0,,,False
2021-12-20 19:30:00+00:00,0,0.0,,,False
2021-12-20 19:35:00+00:00,0,0.0,,,False
2021-12-20 19:40:00+00:00,0,0.0,,,False
2021-12-20 19:45:00+00:00,0,0.0,,,False
2021-12-20 19:50:00+00:00,0,0.0,,,False
2021-12-20 19:55:00+00:00,0,0.0,,,False
2021-12-20 20:00:00+00:00,0,0.0,,,False
2021-12-20 20:05:00+00:00,0,0.0,,,False
2021-12-20 20:10:00+00:00,0,0.0,,,False
2021-12-20 20:15:00+00:00,0,0.0,,,False
2021-12-20 20:20:00+00:00,0,0.0,,,False
2021-12-20 20:25:00+00:00,0,0.0,,,False
2021-12-20 20:30:00+00:00,0,0.0,,,False
2021-12-20 20:35:00+00:00,0,0.0,,,False
2021-12-20 20:40:00+00:00,0,0.0,,,False
2021-12-20 20:45:00+00:00,0,0.0,,,False
2021-12-20 20:50:00+00:00,0,0.0,,,False
2021-12-20 20:55:00+00:00,0,0.0,,,False
2021-12-20 21:00:00+00:00,0,0.0,,,False
2021-12-20 21:05:00+00:00,0,0.0,,,False
2021-12-20 21:10:00+00:00,0,0.0,,,False
2021-12-20 21:15:00+00:00,0,0.0,,,False
2021-12-20 21:20:00+00:00,0,0.0,,,False
2021-12-20 21:25:00+00:00,0,0.0,,,False
2021-12-20 21:30:00+00:00,0,0.0,,,False
2021-12-20 21:35:00+00:00,0,0.0,,,False
2021-12-20 21:40:00+00:00,0,0.0,,,False
2021-12-20 21:45:00+00:00,0,0.0,,,False
2021-12-20 21:50:00+00:00,0,0.0,,,False
2021-12-20 21:55:00+00:00,0,0.0,,,False
2021-12-20 22:00:00+00:00,0,0.0,,,False
2021-12-20 22:05:00+00:00,0,0.0,,,False
2021-12-20 22:10:00+00:00,0,0.0,,,False
2021-12-20 22:15:00+00:00,0,0.0,,,False
2021-12-20 22:20:00+00:00,0,0.0,,,False
2021-12-20 22:25:00+00:00,0,0.0,,,False
2021-12-20 22:30:00+00:00,0,0.0,,,False
2021-12-20 22:35:00+00:00,0,0.0,,,False
2021-12-20 22:40:00+00:00,0,0.0,,,False
2021-12-20 22:45:00+00:00,0,0.0,,,False
2021-12-20 22:50:00+00:00,0,0.0,,,False
2021-12-20 22:55:00+00:00,0,0.0,,,False
2021-12-20 23:00:00+00:00,0,0.0,,,False
2021-12-20 23:05:00+00:00,0,0.0,,,False
2021-12-20 23:10:00+00:00,0,0.0,,,False
2021-12-20 23:15:00+00:00,0,0.0,,,False
2021-12-20 23:20:00+00:00,0,0.0,,,False
2021-12-20 23:25:00+00:00,0,0.0,,,False
2021-12-20 23:30:00+00:00,0,0.0,,,False
2021-12-20 23:35:00+00:00,0,0.0,,,False
2021-12-20 23:40:00+00:00,0,0.0,,,False
2021-12-20 23:45:00+00:00,0,0.0,,,False
2021-12-20 23:50:00+00:00,0,0.0,,,False
2021-12-20 23:55:00+00:00,0,0.0,,,False
2021-12-21 00:00:00+00:00,0,0.0,,,False
2021-12-21 00:05:00+00:00,0,0.0,,,False
2021-12-21 00:10:00+00:00,0,0.0,,,False
2021-12-21 00:15:00+00:00,0,0.0,,,False
2021-12-21 00:20:00+00:00,0,0.0,,,False
2021-12-21 00:25:00+00:00,0,0.0,,,False
2021-12-21 00:30:00+00:00,0,0.0,,,False
2021-12-21 00:35:00+00:00,0,0.0,,,False
2021-12-21 00:40:00+00:00,0,0.0,,,False
2021-12-21 00:45:00+00:00,0,0.0,,,False
2021-12-21 00:50:00+00:00,0,0.0,,,False
2021-12-21 00:55:00+00:00,0,0.0,,,False
2021-12-21 01:00:00+00:00,0,0.0,,,False
2021-12-21 01:05:00+00:00,0,0.0,,,False
2021-12-21 01:10:00+00:00,0,0.0,,,False
2021-12-21 01:15:00+00:00,0,0.0,,,False
2021-12-21 01:20:00+00:00,0,0.0,,,False
2021-12-21 01:25:00+00:00,0,0.0,,,False
2021-12-21 01:30:00+00:00,0,0.0,,,False
2021-12-21 01:35:00+00:00,0,0.0,,,False
2021-12-21 01:40:00+00:00,0,0.0,,,False
2021-12-21 01:45:00+00:00,0,0.0,,,False
2021-12-21 01:50:00+00:00,0,0.0,,,False
2021-12-21 01:55:00+00:00,0,0.0,,,False
2021-12-21 02:00:00+00:00,0,0.0,,,False
2021-12-21 02:05:00+00:00,0,0.0,,,False
2021-12-21 02:10:00+00:00,0,0.0,,,False
2021-12-21 02:15:00+00:00,0,0.0,,,False
2021-12-21 02:20:00+00:00,0,0.0,,,False
2021-12-21 02:25:00+00:00,0,0.0,,,False
2021-12-21 02:30:00+00:00,0,0.0,,,False
2021-12-21 02:35:00+00:00,0,0.0,,,False
2021-12-21 02:40:00+00:00,0,0.0,,,False
2021-12-21 02:45:00+00:00,0,0.0,,,False
2021-12-21 02:50:00+00:00,0,0.0,,,False
2021-12-21 02:55:00+00:00,0,0.0,,,False
2021-12-21 03:00:00+00:00,0,0.0,,,False
2021-12-21 03:05:00+00:00,0,0.0,,,False
2021-12-21 03:10:00+00:00,0,0.0,,,False
2021-12-21 03:15:00+00:00,0,0.0,,,False
2021-12-21 03:20:00+00:00,0,0.0,,,False
2021-12-21 03:25:00+00:00,0,0.0,,,False
2021-12-21 03:30:00+00:00,0,0.0,,,False
2021-12-21 03:35:00+00:00,0,0.0,,,False
2021-12-21 03:40:00+00:00,0,0.0,,,False
2021-12-21 03:45:00+00:00,0,0.0,,,False
2021-12-21 03:50:00+00:00,0,0.0,,,False
2021-12-21 03:55:00+00:00,0,0.0,,,False
2021-12-21 04:00:00+00:00,0,0.0,,,False
2021-12-21 04:05:00+00:00,0,0.0,,,False
2021-12-21 04:10:00+00:00,0,0.0,,,False
2021-12-21 04:15:00+00:00,0,0.0,,,False
2021-12-21 04:20:00+00:00,0,0.0,,,False
2021-12-21 04:25:00+00:00,0,0.0,,,False
2021-12-21 04:30:00+00:00,0,0.0,,,False
2021-12-21 04:35:00+00:00,0,0.0,,,False
2021-12-21 04:40:00+00:00,0,0.0,,,False
2021-12-21 04:45:00+00:00,0,0.0,,,False
2021-12-21 04:50:00+00:00,0,0.0,,,False
2021-12-21 04:55:00+00:00,0,0.0,,,False
2021-12-21 05:00:00+00:00,0,0.0,,,False
2021-12-21 05:05:00+00:00,0,0.0,,,False
2021-12-21 05:10:00+00:00,0,0.0,,,False
2021-12-21 05:15:00+00:00,0,0.0,,,False
2021-12-21 05:20:00+00:00,0,0.0,,,False
2021-12-21 05:25:00+00:00,0,0.0,,,False
2021-12-21 05:30:00+00:00,0,0.0,,,False
2021-12-21 05:35:00+00:00,0,0.0,,,False
2021-12-21 05:40:00+00:00,0,0.0,,,False
2021-12-21 05:45:00+00:00,0,0.0,,,False
2021-12-21 05:50:00+00:00,0,0.0,,,False
2021-12-21 05:55:00+00:00,0,0.0,,,False
2021-12-21 06:00:00+00:00,0,0.0,,,False
2021-12-21 06:05:00+00:00,0,0.0,,,False
2021-12-21 06:10:00+00:00,0,0.0,,,False
2021-12-21 06:15:00+00:00,0,0.0,,,False
2021-12-21 06:20:00+00:00,0,0.0,,,False
2021-12-21 06:25:00+00:00,0,0.0,,,False
2021-12-21 06:30:00+00:00,0,0.0,,,False
2021-12-21 06:35:00+00:00,0,0.0,,,False
2021-12-21 06:40:00+00:00,0,0.0,,,False
2021-12-21 06:45:00+00:00,0,0.0,,,False
2021-12-21 06:50:00+00:00,0,0.0,,,False
2021-12-21 06:55:00+00:00,0,0.0,,,False
2021-12-21 07:00:00+00:00,0,0.0,,,False
2021-12-21 07:05:00+00:00,0,0.0,,,False
2021-12-21 07:10:00+00:00,0,0.0,,,False
2021-12-21 07:15:00+00:00,0,0.0,,,False
2021-12-21 07:20:00+00:00,0,0.0,,,False
2021-12-21 07:25:00+00:00,0,0.0,,,False
2021-12-21 07:30:00+00:00,0,0.0,,,False
2021-12-21 07:35:00+00:00,0,0.0,,,False
2021-12-21 07:40:00+00:00,0,0.0,,,False
2021-12-21 07:45:00+00:00,0,0.0,,,False
2021-12-21 07:50:00+00:00,0,0.0,,,False
2021-12-21 07:55:00+00:00,0,0.0,,,False
2021-12-21 08:00:00+00:00,0,0.0,,,False
2021-12-21 08:05:00+00:00,0,0.0,,,False
2021-12-21 08:10:00+00:00,0,0.0,,,False
2021-12-21 08:15:00+00:00,0,0.0,,,False
2021-12-21 08:20:00+00:00,0,0.0,,,False
2021-12-21 08:25:00+00:00,0,0.0,,,False
2021-12-21 08:30:00+00:00,0,0.0,,,False
2021-12-21 08:35:00+00:00,0,0.0,,,False
2021-12-21 08:40:00+00:00,0,0.0,,,False
2021-12-21 08:45:00+00:00,0,0.0,,,False
2021-12-21 08:50:00+00:00,0,0.0,,,False
2021-12-21 08:55:00+00:00,0,0.0,,,False
2021-12-21 09:00:00+00:00,0,0.0,,,False
2021-12-21 09:05:00+00:00,0,0.0,,,False
2021-12-21 09:10:00+00:00,0,0.0,,,False
2021-12-21 09:15:00+00:00,0,0.0,,,False
2021-12-21 09:20:00+00:00,0,0.0,,,False
2021-12-21 09:25:00+00:00,0,0.0,,,False
2021-12-21 09:30:00+00:00,0,0.0,,,False
2021-12-21 09:35:00+00:00,0,0.0,,,False
2021-12-21 09:40:00+00:00,0,0.0,,,False
2021-12-21 09:45:00+00:00,0,0.0,,,False
2021-12-21 09:50:00+00:00,0,0.0,,,False
2021-12-21 09:55:00+00:00,0,0.0,,,False
2021-12-21 10:00:00+00:00,0,0.0,,,False
2021-12-21 10:05:00+00:00,0,0.0,,,False
2021-12-21 10:10:00+00:00,0,0.0,,,False
2021-12-21 10:15:00+00:00,0,0.0,,,False
2021-12-21 10:20:00+00:00,0,0.0,,,False
2021-12-21 10:25:00+00:00,0,0.0,,,False
2021-12-21 10:30:00+00:00,0,0.0,,,False
2021-12-21 10:35:00+00:00,0,0.0,,,False
2021-12-21 10:40:00+00:00,0,0.0,,,False
2021-12-21 10:45:00+00:00,0,0.0,,,False
2021-12-21 10:50:00+00:00,0,0.0,,,False
2021-12-21 10:55:00+00:00,0,0.0,,,False
2021-12-21 11:00:00+00:00,0,0.0,,,False
2021-12-21 11:05:00+00:00,0,0.0,,,False
2021-12-21 11:10:00+00:00,0,0.0,,,False
2021-12-21 11:15:00+00:00,0,0.0,,,False
2021-12-21 11:20:00+00:00,0,0.0,,,False
2021-12-21 11:25:00+00:00,0,0.0,,,False
2021-12-21 11:30:00+00:00,0,0.0,,,False
2021-12-21 11:35:00+00:00,0,0.0,,,False
2021-12-21 11:40:00+00:00,0,0.0,,,False
2021-12-21 11:45:00+00:00,0,0.0,,,False
2021-12-21 11:50:00+00:00,0,0.0,,,False
2021-12-21 11:55:00+00:00,0,0.0,,,False
2021-12-21 12:00:00+00:00,0,0.0,,,False
2021-12-21 12:05:00+00:00,0,0.0,,,False
2021-12-21 12:10:00+00:00,0,0.0,,,False
2021-12-21 12:15:00+00:00,0,0.0,,,False
2021-12-21 12:20:00+00:00,0,0.0,,,False
2021-12-21 12:25:00+00:00,0,0.0,,,False
2021-12-21 12:30:00+00:00,0,0.0,,,False
2021-12-21 12:35:00+00:00,0,0.0,,,False
2021-12-21 12:40:00+00:00,0,0.0,,,False
2021-12-21 12:45:00+00:00,0,0.0,,,False
2021-12-21 12:50:00+00:00,0,0.0,,,False
2021-12-21 12:55:00+00:00,0,0.0,,,False
2021-12-21 13:00:00+00:00,0,0.0,,,False
2021-12-21 13:05:00+00:00,0,0.0,,,False
2021-12-21 13:10:00+00:00,0,0.0,,,False
2021-12-21 13:15:00+00:00,0,0.0,,,False
2021-12-21 13:20:00+00:00,0,0.0,,,False
2021-12-21 13:25:00+00:00,0,0.0,,,False
2021-12-21 13:30:00+00:00,0,0.0,,,False
2021-12-21 13:35:00+00:00,0,0.0,,,False
2021-12-21 13:40:00+00:00,0,0.0,,,False
2021-12-21 13:45:00+00:00,0,0.0,,,False
2021-12-21 13:50:00+00:00,0,0.0,,,False
2021-12-21 13:55:00+00:00,0,0.0,,,False
2021-12-21 14:00:00+00:00,0,0.0,,,False
2021-12-21 14:05:00+00:00,0,0.0,,,False
2021-12-21 14:10:00+00:00,0,0.0,,,False
2021-12-21 14:15:00+00:00,0,0.0,,,False
2021-12-21 14:20:00+00:00,0,0.0,,,False
2021-12-21 14:25:00+00:00,0,0.0,,,False
2021-12-21 14:30:00+00:00,0,0.0,,,False
2021-12-21 14:35:00+00:00,0,0.0,,,False
2021-12-21 14:40:00+00:00,0,0.0,,,False
2021-12-21 14:45:00+00:00,0,0.0,,,False
2021-12-21 14:50:00+00:00,0,0.0,,,False
2021-12-21 14:55:00+00:00,0,0.0,,,False
2021-12-21 15:00:00+00:00,0,0.0,,,False
2021-12-21 15:05:00+00:00,0,0.0,,,False
2021-12-21 15:10:00+00:00,0,0.0,,,False
2021-12-21 15:15:00+00:00,0,0.0,,,False
2021-12-21 15:20:00+00:00,0,0.0,,,False
2021-12-21 15:25:00+00:00,0,0.0,,,False
2021-12-21 15:30:00+00:00,0,0.0,,,False
2021-12-21 15:35:00+00:00,0,0.0,,,False
2021-12-21 15:40:00+00:00,0,0.0,,,False
2021-12-21 15:45:00+00:00,0,0.0,,,False
2021-12-21 15:50:00+00:00,0,0.0,,,False
2021-12-21 15:55:00+00:00,0,0.0,,,False
2021-12-21 16:00:00+00:00,0,0.0,,,False
2021-12-21 16:05:00+00:00,0,0.0,,,False
2021-12-21 16:10:00+00:00,0,0.0,,,False
2021-12-21 16:15:00+00:00,0,0.0,,,False
2021-12-21 16:20:00+00:00,0,0.0,,,False
2021-12-21 16:25:00+00:00,0,0.0,,,False
2021-12-21 16:30:00+00:00,0,0.0,,,False
2021-12-21 16:35:00+00:00,0,0.0,,,False
2021-12-21 16:40:00+00:00,0,0.0,,,False
2021-12-21 16:45:00+00:00,0,0.0,,,False
2021-12-21 16:50:00+00:00,0,0.0,,,False
2021-12-21 16:55:00+00:00,0,0.0,,,False
2021-12-21 17:00:00+00:00,0,0.0,,,False
2021-12-21 17:05:00+00:00,0,0.0,,,False
2021-12-21 17:10:00+00:00,0,0.0,,,False
2021-12-21 17:15:00+00:00,0,0.0,,,False
2021-12-21 17:20:00+00:00,0,0.0,,,False
2021-12-21 17:25:00+00:00,0,0.0,,,False
2021-12-21 17:30:00+00:00,0,0.0,,,False
2021-12-21 17:35:00+00:00,0,0.0,,,False
2021-12-21 17:40:00+00:00,0,0.0,,,False
2021-12-21 17:45:00+00:00,0,0.0,,,False
2021-12-21 17:50:00+00:00,0,0.0,,,False
2021-12-21 17:55:00+00:00,0,0.0,,,False
2021-12-21 18:00:00+00:00,0,0.0,,,False
2021-12-21 18:05:00+00:00,0,0.0,,,False
2021-12-21 18:10:00+00:00,0,0.0,,,False
2021-12-21 18:15:00+00:00,0,0.0,,,False
2021-12-21 18:20:00+00:00,0,0.0,,,False
2021-12-21 18:25:00+00:00,0,0.0,,,False
2021-12-21 18:30:00+00:00,0,0.0,,,False
2021-12-21 18:35:00+00:00,0,0.0,,,False
2021-12-21 18:40:00+00:00,0,0.0,,,False
2021-12-21 18:45:00+00:00,0,0.0,,,False
2021-12-21 18:50:00+00:00,0,0.0,,,False
2021-12-21 18:55:00+00:00,0,0.0,,,False
2021-12-21 19:00:00+00:00,0,0.0,,,False
2021-12-21 19:05:00+00:00,0,0.0,,,False
2021-12-21 19:10:00+00:00,0,0.0,,,False
2021-12-21 19:15:00+00:00,0,0.0,,,False
2021-12-21 19:20:00+00:00,0,0.0,,,False
2021-12-21 19:25:00+00:00,0,0.0,,,False
2021-12-21 19:30:00+00:00,0,0.0,,,False
2021-12-21 19:35:00+00:00,0,0.0,,,False
2021-12-21 19:40:00+00:00,0,0.0,,,False
2021-12-21 19:45:00+00:00,0,0.0,,,False
2021-12-21 19:50:00+00:00,0,0.0,,,False
2021-12-21 19:55:00+00:00,0,0.0,,,False
2021-12-21 20:00:00+00:00,0,0.0,,,False
2021-12-21 20:05:00+00:00,0,0.0,,,False
2021-12-21 20:10:00+00:00,0,0.0,,,False
2021-12-21 20:15:00+00:00,0,0.0,,,False
2021-12-21 20:20:00+00:00,0,0.0,,,False
2021-12-21 20:25:00+00:00,0,0.0,,,False
2021-12-21 20:30:00+00:00,0,0.0,,,False
2021-12-21 20:35:00+00:00,0,0.0,,,False
2021-12-21 20:40:00+00:00,0,0.0,,,False
2021-12-21 20:45:00+00:00,0,0.0,,,False
2021-12-21 20:50:00+00:00,0,0.0,,,False
2021-12-21 20:55:00+00:00,0,0.0,,,False
2021-12-21 21:00:00+00:00,0,0.0,,,False
2021-12-21 21:05:00+00:00,0,0.0,,,False
2021-12-21 21:10:00+00:00,0,0.0,,,False
2021-12-21 21:15:00+00:00,0,0.0,,,False
2021-12-21 21:20:00+00:00,0,0.0,,,False
2021-12-21 21:25:00+00:00,0,0.0,,,False
2021-12-21 21:30:00+00:00,0,0.0,,,False
2021-12-21 21:35:00+00:00,0,0.0,,,False
2021-12-21 21:40:00+00:00,0,0.0,,,False
2021-12-21 21:45:00+00:00,0,0.0,,,False
2021-12-21 21:50:00+00:00,0,0.0,,,False
2021-12-21 21:55:00+00:00,0,0.0,,,False
2021-12-21 22:00:00+00:00,0,0.0,,,False
2021-12-21 22:05:00+00:00,0,0.0,,,False
2021-12-21 22:10:00+00:00,0,0.0,,,False
2021-12-21 22:15:00+00:00,0,0.0,,,False
2021-12-21 22:20:00+00:00,0,0.0,,,False
2021-12-21 22:25:00+00:00,0,0.0,,,False
2021-12-21 22:30:00+00:00,0,0.0,,,False
2021-12-21 22:35:00+00:00,0,0.0,,,False
2021-12-21 22:40:00+00:00,0,0.0,,,False
2021-12-21 22:45:00+00:00,0,0.0,,,False
2021-12-21 22:50:00+00:00,0,0.0,,,False
2021-12-21 22:55:00+00:00,0,0.0,,,False
2021-12-21 23:00:00+00:00,0,0.0,,,False
2021-12-21 23:05:00+00:00,0,0.0,,,False
2021-12-21 23:10:00+00:00,0,0.0,,,False
2021-12-21 23:15:00+00:00,0,0.0,,,False
2021-12-21 23:20:00+00:00,0,0.0,,,False
2021-12-21 23:25:00+00:00,0,0.0,,,False
2021-12-21 23:30:00+00:00,0,0.0,,,False
2021-12-21 23:35:00+00:00,0,0.0,,,False
2021-12-21 23:40:00+00:00,0,0.0,,,False
2021-12-21 23:45:00+00:00,0,0.0,,,False
2021-12-21 23:50:00+00:00,0,0.0,,,False
2021-12-21 23:55:00+00:00,0,0.0,,,False
2021-12-22 00:00:00+00:00,0,0.0,,,False
2021-12-22 00:05:00+00:00,0,0.0,,,False
2021-12-22 00:10:00+00:00,0,0.0,,,False
2021-12-22 00:15:00+00:00,0,0.0,,,False
2021-12-22 00:20:00+00:00,0,0.0,,,False
2021-12-22 00:25:00+00:00,0,0.0,,,False
2021-12-22 00:30:00+00:00,0,0.0,,,False
2021-12-22 00:35:00+00:00,0,0.0,,,False
2021-12-22 00:40:00+00:00,0,0.0,,,False
2021-12-22 00:45:00+00:00,0,0.0,,,False
2021-12-22 00:50:00+00:00,0,0.0,,,False
2021-12-22 00:55:00+00:00,0,0.0,,,False
2021-12-22 01:00:00+00:00,0,0.0,,,False
2021-12-22 01:05:00+00:00,0,0.0,,,False
2021-12-22 01:10:00+00:00,0,0.0,,,False
2021-12-22 01:15:00+00:00,0,0.0,,,False
2021-12-22 01:20:00+00:00,0,0.0,,,False
2021-12-22 01:25:00+00:00,0,0.0,,,False
2021-12-22 01:30:00+00:00,0,0.0,,,False
2021-12-22 01:35:00+00:00,0,0.0,,,False
2021-12-22 01:40:00+00:00,0,0.0,,,False
2021-12-22 01:45:00+00:00,0,0.0,,,False
2021-12-22 01:50:00+00:00,0,0.0,,,False
2021-12-22 01:55:00+00:00,0,0.0,,,False
2021-12-22 02:00:00+00:00,0,0.0,,,False
2021-12-22 02:05:00+00:00,0,0.0,,,False
2021-12-22 02:10:00+00:00,0,0.0,,,False
2021-12-22 02:15:00+00:00,0,0.0,,,False
2021-12-22 02:20:00+00:00,0,0.0,,,False
2021-12-22 02:25:00+00:00,0,0.0,,,False
2021-12-22 02:30:00+00:00,0,0.0,,,False
2021-12-22 02:35:00+00:00,0,0.0,,,False
2021-12-22 02:40:00+00:00,0,0.0,,,False
2021-12-22 02:45:00+00:00,0,0.0,,,False
2021-12-22 02:50:00+00:00,0,0.0,,,False
2021-12-22 02:55:00+00:00,0,0.0,,,False
2021-12-22 03:00:00+00:00,0,0.0,,,False
2021-12-22 03:05:00+00:00,0,0.0,,,False
2021-12-22 03:10:00+00:00,0,0.0,,,False
2021-12-22 03:15:00+00:00,0,0.0,,,False
2021-12-22 03:20:00+00:00,0,0.0,,,False
2021-12-22 03:25:00+00:00,0,0.0,,,False
2021-12-22 03:30:00+00:00,0,0.0,,,False
2021-12-22 03:35:00+00:00,0,0.0,,,False
2021-12-22 03:40:00+00:00,0,0.0,,,False
2021-12-22 03:45:00+00:00,0,0.0,,,False
2021-12-22 03:50:00+00:00,0,0.0,,,False
2021-12-22 03:55:00+00:00,0,0.0,,,False
2021-12-22 04:00:00+00:00,0,0.0,,,False
2021-12-22 04:05:00+00:00,0,0.0,,,False
2021-12-22 04:10:00+00:00,0,0.0,,,False
2021-12-22 04:15:00+00:00,0,0.0,,,False
2021-12-22 04:20:00+00:00,0,0.0,,,False
2021-12-22 04:25:00+00:00,0,0.0,,,False
2021-12-22 04:30:00+00:00,0,0.0,,,False
2021-12-22 04:35:00+00:00,0,0.0,,,False
2021-12-22 04:40:00+00:00,0,0.0,,,False
2021-12-22 04:45:00+00:00,0,0.0,,,False
2021-12-22 04:50:00+00:00,0,0.0,,,False
2021-12-22 04:55:00+00:00,0,0.0,,,False
2021-12-22 05:00:00+00:00,0,0.0,,,False
2021-12-22 05:05:00+00:00,0,0.0,,,False
2021-12-22 05:10:00+00:00,0,0.0,,,False
2021-12-22 05:15:00+00:00,0,0.0,,,False
2021-12-22 05:20:00+00:00,0,0.0,,,False
2021-12-22 05:25:00+00:00,0,0.0,,,False
2021-12-22 05:30:00+00:00,0,0.0,,,False
2021-12-22 05:35:00+00:00,0,0.0,,,False
2021-12-22 05:40:00+00:00,0,0.0,,,False
2021-12-22 05:45:00+00:00,0,0.0,,,False
2021-12-22 05:50:00+00:00,0,0.0,,,False
2021-12-22 05:55:00+00:00,0,0.0,,,False
2021-12-22 06:00:00+00:00,0,0.0,,,False
2021-12-22 06:05:00+00:00,0,0.0,,,False
2021-12-22 06:10:00+00:00,0,0.0,,,False
2021-12-22 06:15:00+00:00,0,0.0,,,False
2021-12-22 06:20:00+00:00,0,0.0,,,False
2021-12-22 06:25:00+00:00,0,0.0,,,False
2021-12-22 06:30:00+00:00,0,0.0,,,False
2021-12-22 06:35:00+00:00,0,0.0,,,False
2021-12-22 06:40:00+00:00,0,0.0,,,False
2021-12-22 06:45:00+00:00,0,0.0,,,False
2021-12-22 06:50:00+00:00,0,0.0,,,False
2021-12-22 06:55:00+00:00,0,0.0,,,False
2021-12-22 07:00:00+00:00,0,0.0,,,False
2021-12-22 07:05:00+00:00,0,0.0,,,False
2021-12-22 07:10:00+00:00,0,0.0,,,False
2021-12-22 07:15:00+00:00,0,0.0,,,False
2021-12-22 07:20:00+00:00,0,0.0,,,False
2021-12-22 07:25:00+00:00,0,0.0,,,False
2021-12-22 07:30:00+00:00,0,0.0,,,False
2021-12-22 07:35:00+00:00,0,0.0,,,False
2021-12-22 07:40:00+00:00,0,0.0,,,False
2021-12-22 07:45:00+00:00,0,0.0,,,False
2021-12-22 07:50:00+00:00,0,0.0,,,False
2021-12-22 07:55:00+00:00,0,0.0,,,False
2021-12-22 08:00:00+00:00,0,0.0,,,False
2021-12-22 08:05:00+00:00,0,0.0,,,False
2021-12-22 08:10:00+00:00,0,0.0,,,False
2021-12-22 08:15:00+00:00,0,0.0,,,False
2021-12-22 08:20:00+00:00,0,0.0,,,False
2021-12-22 08:25:00+00:00,0,0.0,,,False
2021-12-22 08:30:00+00:00,0,0.0,,,False
2021-12-22 08:35:00+00:00,0,0.0,,,False
2021-12-22 08:40:00+00:00,0,0.0,,,False
2021-12-22 08:45:00+00:00,0,0.0,,,False
2021-12-22 08:50:00+00:00,0,0.0,,,False
2021-12-22 08:55:00+00:00,0,0.0,,,False
2021-12-22 09:00:00+00:00,0,0.0,,,False
2021-12-22 09:05:00+00:00,0,0.0,,,False
2021-12-22 09:10:00+00:00,0,0.0,,,False
2021-12-22 09:15:00+00:00,0,0.0,,,False
2021-12-22 09:20:00+00:00,0,0.0,,,False
2021-12-22 09:25:00+00:00,0,0.0,,,False
2021-12-22 09:30:00+00:00,0,0.0,,,False
2021-12-22 09:35:00+00:00,0,0.0,,,False
2021-12-22 09:40:00+00:00,0,0.0,,,False
2021-12-22 09:45:00+00:00,0,0.0,,,False
2021-12-22 09:50:00+00:00,2,0.16666666666666666,0.5773502691896257,3.1754264805429417,True
2021-12-22 09:55:00+00:00,0,0.16666666666666666,0.5773502691896257,-0.28867513459481287,False
2021-12-22 10:00:00+00:00,0,0.16666666666666666,0.5773502691896257,-0.28867513459481287,False
2021-12-22 10:05:00+00:00,0,0.16666666666666666,0.5773502691896257,-0.28867513459481287,False
2021-12-22 10:10:00+00:00,0,0.16666666666666666,0.5773502691896257,-0.28867513459481287,False
2021-12-22 10:15:00+00:00,0,0.16666666666666666,0.5773502691896257,-0.28867513459481287,False
2021-12-22 10:20:00+00:00,0,0.16666666666666666,0.5773502691896257,-0.28867513459481287,False
2021-12-22 10:25:00+00:00,0,0.16666666666666666,0.5773502691896257,-0.28867513459481287,False
2021-12-22 10:30:00+00:00,0,0.16666666666666666,0.5773502691896257,-0.28867513459481287,False
2021-12-22 10:35:00+00:00,0,0.16666666666666666,0.5773502691896257,-0.28867513459481287,False
2021-12-22 10:40:00+00:00,0,0.16666666666666666,0.5773502691896257,-0.28867513459481287,False
2021-12-22 10:45:00+00:00,0,0.16666666666666666,0.5773502691896257,-0.28867513459481287,False
2021-12-22 10:50:00+00:00,0,0.0,,,False
2021-12-22 10:55:00+00:00,0,0.0,,,False
2021-12-22 11:00:00+00:00,0,0.0,,,False
2021-12-22 11:05:00+00:00,0,0.0,,,False
2021-12-22 11:10:00+00:00,0,0.0,,,False
2021-12-22 11:15:00+00:00,0,0.0,,,False
2021-12-22 11:20:00+00:00,0,0.0,,,False
2021-12-22 11:25:00+00:00,0,0.0,,,False
2021-12-22 11:30:00+00:00,0,0.0,,,False
2021-12-22 11:35:00+00:00,0,0.0,,,False
2021-12-22 11:40:00+00:00,0,0.0,,,False
2021-12-22 11:45:00+00:00,0,0.0,,,False
2021-12-22 11:50:00+00:00,0,0.0,,,False
2021-12-22 11:55:00+00:00,0,0.0,,,False
2021-12-22 12:00:00+00:00,0,0.0,,,False
2021-12-22 12:05:00+00:00,0,0.0,,,False
2021-12-22 12:10:00+00:00,0,0.0,,,False
2021-12-22 12:15:00+00:00,0,0.0,,,False
2021-12-22 12:20:00+00:00,0,0.0,,,False
2021-12-22 12:25:00+00:00,0,0.0,,,False
2021-12-22 12:30:00+00:00,0,0.0,,,False
2021-12-22 12:35:00+00:00,0,0.0,,,False
2021-12-22 12:40:00+00:00,0,0.0,,,False
2021-12-22 12:45:00+00:00,0,0.0,,,False
2021-12-22 12:50:00+00:00,0,0.0,,,False
2021-12-22 12:55:00+00:00,0,0.0,,,False
2021-12-22 13:00:00+00:00,0,0.0,,,False
2021-12-22 13:05:00+00:00,0,0.0,,,False
2021-12-22 13:10:00+00:00,0,0.0,,,False
2021-12-22 13:15:00+00:00,0,0.0,,,False
2021-12-22 13:20:00+00:00,0,0.0,,,False
2021-12-22 13:25:00+00:00,0,0.0,,,False
2021-12-22 13:30:00+00:00,0,0.0,,,False
2021-12-22 13:35:00+00:00,0,0.0,,,False
2021-12-22 13:40:00+00:00,0,0.0,,,False
2021-12-22 13:45:00+00:00,0,0.0,,,False
2021-12-22 13:50:00+00:00,0,0.0,,,False
2021-12-22 13:55:00+00:00,0,0.0,,,False
2021-12-22 14:00:00+00:00,0,0.0,,,False
2021-12-22 14:05:00+00:00,0,0.0,,,False
2021-12-22 14:10:00+00:00,0,0.0,,,False
2021-12-22 14:15:00+00:00,0,0.0,,,False
2021-12-22 14:20:00+00:00,0,0.0,,,False
2021-12-22 14:25:00+00:00,0,0.0,,,False
2021-12-22 14:30:00+00:00,0,0.0,,,False
2021-12-22 14:35:00+00:00,0,0.0,,,False
2021-12-22 14:40:00+00:00,0,0.0,,,False
2021-12-22 14:45:00+00:00,0,0.0,,,False
2021-12-22 14:50:00+00:00,0,0.0,,,False
2021-12-22 14:55:00+00:00,0,0.0,,,False
2021-12-22 15:00:00+00:00,0,0.0,,,False
2021-12-22 15:05:00+00:00,0,0.0,,,False
2021-12-22 15:10:00+00:00,0,0.0,,,False
2021-12-22 15:15:00+00:00,0,0.0,,,False
2021-12-22 15:20:00+00:00,0,0.0,,,False
2021-12-22 15:25:00+00:00,0,0.0,,,False
2021-12-22 15:30:00+00:00,0,0.0,,,False
2021-12-22 15:35:00+00:00,0,0.0,,,False
2021-12-22 15:40:00+00:00,0,0.0,,,False
2021-12-22 15:45:00+00:00,0,0.0,,,False
2021-12-22 15:50:00+00:00,0,0.0,,,False
2021-12-22 15:55:00+00:00,0,0.0,,,False
2021-12-22 16:00:00+00:00,0,0.0,,,False
2021-12-22 16:05:00+00:00,0,0.0,,,False
2021-12-22 16:10:00+00:00,0,0.0,,,False
2021-12-22 16:15:00+00:00,0,0.0,,,False
2021-12-22 16:20:00+00:00,0,0.0,,,False
2021-12-22 16:25:00+00:00,0,0.0,,,False
2021-12-22 16:30:00+00:00,0,0.0,,,False
2021-12-22 16:35:00+00:00,0,0.0,,,False
2021-12-22 16:40:00+00:00,0,0.0,,,False
2021-12-22 16:45:00+00:00,0,0.0,,,False
2021-12-22 16:50:00+00:00,0,0.0,,,False
2021-12-22 16:55:00+00:00,0,0.0,,,False
2021-12-22 17:00:00+00:00,0,0.0,,,False
2021-12-22 17:05:00+00:00,0,0.0,,,False
2021-12-22 17:10:00+00:00,0,0.0,,,False
2021-12-22 17:15:00+00:00,0,0.0,,,False
2021-12-22 17:20:00+00:00,0,0.0,,,False
2021-12-22 17:25:00+00:00,0,0.0,,,False
2021-12-22 17:30:00+00:00,0,0.0,,,False
2021-12-22 17:35:00+00:00,0,0.0,,,False
2021-12-22 17:40:00+00:00,0,0.0,,,False
2021-12-22 17:45:00+00:00,0,0.0,,,False
2021-12-22 17:50:00+00:00,0,0.0,,,False
2021-12-22 17:55:00+00:00,0,0.0,,,False
2021-12-22 18:00:00+00:00,0,0.0,,,False
2021-12-22 18:05:00+00:00,0,0.0,,,False
2021-12-22 18:10:00+00:00,0,0.0,,,False
2021-12-22 18:15:00+00:00,0,0.0,,,False
2021-12-22 18:20:00+00:00,0,0.0,,,False
2021-12-22 18:25:00+00:00,0,0.0,,,False
2021-12-22 18:30:00+00:00,0,0.0,,,False
2021-12-22 18:35:00+00:00,0,0.0,,,False
2021-12-22 18:40:00+00:00,0,0.0,,,False
2021-12-22 18:45:00+00:00,0,0.0,,,False
2021-12-22 18:50:00+00:00,0,0.0,,,False
2021-12-22 18:55:00+00:00,0,0.0,,,False
2021-12-22 19:00:00+00:00,0,0.0,,,False
2021-12-22 19:05:00+00:00,0,0.0,,,False
2021-12-22 19:10:00+00:00,0,0.0,,,False
2021-12-22 19:15:00+00:00,0,0.0,,,False
2021-12-22 19:20:00+00:00,0,0.0,,,False
2021-12-22 19:25:00+00:00,0,0.0,,,False
2021-12-22 19:30:00+00:00,0,0.0,,,False
2021-12-22 19:35:00+00:00,0,0.0,,,False
2021-12-22 19:40:00+00:00,0,0.0,,,False
2021-12-22 19:45:00+00:00,0,0.0,,,False
2021-12-22 19:50:00+00:00,0,0.0,,,False
2021-12-22 19:55:00+00:00,0,0.0,,,False
2021-12-22 20:00:00+00:00,0,0.0,,,False
2021-12-22 20:05:00+00:00,0,0.0,,,False
2021-12-22 20:10:00+00:00,0,0.0,,,False
2021-12-22 20:15:00+00:00,0,0.0,,,False
2021-12-22 20:20:00+00:00,0,0.0,,,False
2021-12-22 20:25:00+00:00,0,0.0,,,False
2021-12-22 20:30:00+00:00,0,0.0,,,False
2021-12-22 20:35:00+00:00,0,0.0,,,False
2021-12-22 20:40:00+00:00,0,0.0,,,False
2021-12-22 20:45:00+00:00,0,0.0,,,False
2021-12-22 20:50:00+00:00,0,0.0,,,False
2021-12-22 20:55:00+00:00,0,0.0,,,False
2021-12-22 21:00:00+00:00,0,0.0,,,False
2021-12-22 21:05:00+00:00,0,0.0,,,False
2021-12-22 21:10:00+00:00,0,0.0,,,False
2021-12-22 21:15:00+00:00,0,0.0,,,False
2021-12-22 21:20:00+00:00,0,0.0,,,False
2021-12-22 21:25:00+00:00,0,0.0,,,False
2021-12-22 21:30:00+00:00,0,0.0,,,False
2021-12-22 21:35:00+00:00,0,0.0,,,False
2021-12-22 21:40:00+00:00,0,0.0,,,False
2021-12-22 21:45:00+00:00,0,0.0,,,False
2021-12-22 21:50:00+00:00,0,0.0,,,False
2021-12-22 21:55:00+00:00,0,0.0,,,False
2021-12-22 22:00:00+00:00,0,0.0,,,False
2021-12-22 22:05:00+00:00,0,0.0,,,False
2021-12-22 22:10:00+00:00,0,0.0,,,False
2021-12-22 22:15:00+00:00,0,0.0,,,False
2021-12-22 22:20:00+00:00,0,0.0,,,False
2021-12-22 22:25:00+00:00,0,0.0,,,False
2021-12-22 22:30:00+00:00,0,0.0,,,False
2021-12-22 22:35:00+00:00,0,0.0,,,False
2021-12-22 22:40:00+00:00,0,0.0,,,False
2021-12-22 22:45:00+00:00,0,0.0,,,False
2021-12-22 22:50:00+00:00,0,0.0,,,False
2021-12-22 22:55:00+00:00,0,0.0,,,False
2021-12-22 23:00:00+00:00,0,0.0,,,False
2021-12-22 23:05:00+00:00,0,0.0,,,False
2021-12-22 23:10:00+00:00,0,0.0,,,False
2021-12-22 23:15:00+00:00,0,0.0,,,False
2021-12-22 23:20:00+00:00,0,0.0,,,False
2021-12-22 23:25:00+00:00,0,0.0,,,False
2021-12-22 23:30:00+00:00,0,0.0,,,False
2021-12-22 23:35:00+00:00,0,0.0,,,False
2021-12-22 23:40:00+00:00,0,0.0,,,False
2021-12-22 23:45:00+00:00,0,0.0,,,False
2021-12-22 23:50:00+00:00,0,0.0,,,False
2021-12-22 23:55:00+00:00,0,0.0,,,False
2021-12-23 00:00:00+00:00,0,0.0,,,False
2021-12-23 00:05:00+00:00,0,0.0,,,False
2021-12-23 00:10:00+00:00,0,0.0,,,False
2021-12-23 00:15:00+00:00,0,0.0,,,False
2021-12-23 00:20:00+00:00,0,0.0,,,False
2021-12-23 00:25:00+00:00,0,0.0,,,False
2021-12-23 00:30:00+00:00,0,0.0,,,False
2021-12-23 00:35:00+00:00,0,0.0,,,False
2021-12-23 00:40:00+00:00,0,0.0,,,False
2021-12-23 00:45:00+00:00,0,0.0,,,False
2021-12-23 00:50:00+00:00,0,0.0,,,False
2021-12-23 00:55:00+00:00,0,0.0,,,False
2021-12-23 01:00:00+00:00,0,0.0,,,False
2021-12-23 01:05:00+00:00,0,0.0,,,False
2021-12-23 01:10:00+00:00,0,0.0,,,False
2021-12-23 01:15:00+00:00,0,0.0,,,False
2021-12-23 01:20:00+00:00,0,0.0,,,False
2021-12-23 01:25:00+00:00,0,0.0,,,False
2021-12-23 01:30:00+00:00,0,0.0,,,False
2021-12-23 01:35:00+00:00,0,0.0,,,False
2021-12-23 01:40:00+00:00,0,0.0,,,False
2021-12-23 01:45:00+00:00,0,0.0,,,False
2021-12-23 01:50:00+00:00,0,0.0,,,False
2021-12-23 01:55:00+00:00,0,0.0,,,False
2021-12-23 02:00:00+00:00,0,0.0,,,False
2021-12-23 02:05:00+00:00,0,0.0,,,False
2021-12-23 02:10:00+00:00,0,0.0,,,False
2021-12-23 02:15:00+00:00,0,0.0,,,False
2021-12-23 02:20:00+00:00,0,0.0,,,False
2021-12-23 02:25:00+00:00,0,0.0,,,False
2021-12-23 02:30:00+00:00,0,0.0,,,False
2021-12-23 02:35:00+00:00,0,0.0,,,False
2021-12-23 02:40:00+00:00,2,0.16666666666666666,0.5773502691896257,3.1754264805429417,True
2021-12-23 02:45:00+00:00,2,0.3333333333333333,0.7784989441615229,2.1408720964441885,False
2021-12-23 02:50:00+00:00,0,0.3333333333333333,0.7784989441615229,-0.42817441928883765,False
2021-12-23 02:55:00+00:00,0,0.3333333333333333,0.7784989441615229,-0.42817441928883765,False
2021-12-23 03:00:00+00:00,0,0.3333333333333333,0.7784989441615229,-0.42817441928883765,False
2021-12-23 03:05:00+00:00,0,0.3333333333333333,0.7784989441615229,-0.42817441928883765,False
2021-12-23 03:10:00+00:00,0,0.3333333333333333,0.7784989441615229,-0.42817441928883765,False
2021-12-23 03:15:00+00:00,0,0.3333333333333333,0.7784989441615229,-0.42817441928883765,False
2021-12-23 03:20:00+00:00,0,0.3333333333333333,0.7784989441615229,-0.42817441928883765,False
2021-12-23 03:25:00+00:00,0,0.3333333333333333,0.7784989441615229,-0.42817441928883765,False
2021-12-23 03:30:00+00:00,0,0.3333333333333333,0.7784989441615229,-0.42817441928883765,False
2021-12-23 03:35:00+00:00,0,0.3333333333333333,0.7784989441615229,-0.42817441928883765,False
2021-12-23 03:40:00+00:00,0,0.16666666666666666,0.5773502691896257,-0.28867513459481287,False
2021-12-23 03:45:00+00:00,0,0.0,,,False
2021-12-23 03:50:00+00:00,0,0.0,,,False
2021-12-23 03:55:00+00:00,0,0.0,,,False
2021-12-23 04:00:00+00:00,0,0.0,,,False
2021-12-23 04:05:00+00:00,0,0.0,,,False
2021-12-23 04:10:00+00:00,0,0.0,,,False
2021-12-23 04:15:00+00:00,0,0.0,,,False
2021-12-23 04:20:00+00:00,0,0.0,,,False
2021-12-23 04:25:00+00:00,0,0.0,,,False
2021-12-23 04:30:00+00:00,0,0.0,,,False
2021-12-23 04:35:00+00:00,0,0.0,,,False
2021-12-23 04:40:00+00:00,0,0.0,,,False
2021-12-23 04:45:00+00:00,0,0.0,,,False
2021-12-23 04:50:00+00:00,0,0.0,,,False
2021-12-23 04:55:00+00:00,0,0.0,,,False
2021-12-23 05:00:00+00:00,0,0.0,,,False
2021-12-23 05:05:00+00:00,0,0.0,,,False
2021-12-23 05:10:00+00:00,0,0.0,,,False
2021-12-23 05:15:00+00:00,0,0.0,,,False
2021-12-23 05:20:00+00:00,0,0.0,,,False
2021-12-23 05:25:00+00:00,0,0.0,,,False
2021-12-23 05:30:00+00:00,0,0.0,,,False
2021-12-23 05:35:00+00:00,0,0.0,,,False
2021-12-23 05:40:00+00:00,0,0.0,,,False
2021-12-23 05:45:00+00:00,0,0.0,,,False
2021-12-23 05:50:00+00:00,0,0.0,,,False
2021-12-23 05:55:00+00:00,0,0.0,,,False
2021-12-23 06:00:00+00:00,0,0.0,,,False
2021-12-23 06:05:00+00:00,0,0.0,,,False
2021-12-23 06:10:00+00:00,0,0.0,,,False
2021-12-23 06:15:00+00:00,0,0.0,,,False
2021-12-23 06:20:00+00:00,0,0.0,,,False
2021-12-23 06:25:00+00:00,0,0.0,,,False
2021-12-23 06:30:00+00:00,0,0.0,,,False
2021-12-23 06:35:00+00:00,0,0.0,,,False
2021-12-23 06:40:00+00:00,0,0.0,,,False
2021-12-23 06:45:00+00:00,0,0.0,,,False
2021-12-23 06:50:00+00:00,0,0.0,,,False
2021-12-23 06:55:00+00:00,0,0.0,,,False
2021-12-23 07:00:00+00:00,0,0.0,,,False
2021-12-23 07:05:00+00:00,0,0.0,,,False
2021-12-23 07:10:00+00:00,0,0.0,,,False
2021-12-23 07:15:00+00:00,0,0.0,,,False
2021-12-23 07:20:00+00:00,0,0.0,,,False
2021-12-23 07:25:00+00:00,0,0.0,,,False
2021-12-23 07:30:00+00:00,0,0.0,,,False
2021-12-23 07:35:00+00:00,0,0.0,,,False
2021-12-23 07:40:00+00:00,0,0.0,,,False
2021-12-23 07:45:00+00:00,0,0.0,,,False
2021-12-23 07:50:00+00:00,0,0.0,,,False
2021-12-23 07:55:00+00:00,0,0.0,,,False
2021-12-23 08:00:00+00:00,0,0.0,,,False
2021-12-23 08:05:00+00:00,0,0.0,,,False
2021-12-23 08:10:00+00:00,0,0.0,,,False
2021-12-23 08:15:00+00:00,0,0.0,,,False
2021-12-23 08:20:00+00:00,0,0.0,,,False
2021-12-23 08:25:00+00:00,0,0.0,,,False
2021-12-23 08:30:00+00:00,0,0.0,,,False
2021-12-23 08:35:00+00:00,0,0.0,,,False
2021-12-23 08:40:00+00:00,0,0.0,,,False
2021-12-23 08:45:00+00:00,0,0.0,,,False
2021-12-23 08:50:00+00:00,0,0.0,,,False
2021-12-23 08:55:00+00:00,0,0.0,,,False
2021-12-23 09:00:00+00:00,0,0.0,,,False
2021-12-23 09:05:00+00:00,0,0.0,,,False
2021-12-23 09:10:00+00:00,0,0.0,,,False
2021-12-23 09:15:00+00:00,0,0.0,,,False
2021-12-23 09:20:00+00:00,0,0.0,,,False
2021-12-23 09:25:00+00:00,0,0.0,,,False
2021-12-23 09:30:00+00:00,0,0.0,,,False
2021-12-23 09:35:00+00:00,0,0.0,,,False
2021-12-23 09:40:00+00:00,0,0.0,,,False
2021-12-23 09:45:00+00:00,0,0.0,,,False
2021-12-23 09:50:00+00:00,0,0.0,,,False
2021-12-23 09:55:00+00:00,0,0.0,,,False
2021-12-23 10:00:00+00:00,0,0.0,,,False
2021-12-23 10:05:00+00:00,0,0.0,,,False
2021-12-23 10:10:00+00:00,0,0.0,,,False
2021-12-23 10:15:00+00:00,0,0.0,,,False
2021-12-23 10:20:00+00:00,0,0.0,,,False
2021-12-23 10:25:00+00:00,0,0.0,,,False
2021-12-23 10:30:00+00:00,0,0.0,,,False
2021-12-23 10:35:00+00:00,0,0.0,,,False
2021-12-23 10:40:00+00:00,0,0.0,,,False
2021-12-23 10:45:00+00:00,0,0.0,,,False
2021-12-23 10:50:00+00:00,0,0.0,,,False
2021-12-23 10:55:00+00:00,0,0.0,,,False
2021-12-23 11:00:00+00:00,0,0.0,,,False
2021-12-23 11:05:00+00:00,0,0.0,,,False
2021-12-23 11:10:00+00:00,0,0.0,,,False
2021-12-23 11:15:00+00:00,0,0.0,,,False
2021-12-23 11:20:00+00:00,0,0.0,,,False
2021-12-23 11:25:00+00:00,0,0.0,,,False
2021-12-23 11:30:00+00:00,0,0.0,,,False
2021-12-23 11:35:00+00:00,0,0.0,,,False
2021-12-23 11:40:00+00:00,0,0.0,,,False
2021-12-23 11:45:00+00:00,0,0.0,,,False
2021-12-23 11:50:00+00:00,0,0.0,,,False
2021-12-23 11:55:00+00:00,0,0.0,,,False
2021-12-23 12:00:00+00:00,0,0.0,,,False
2021-12-23 12:05:00+00:00,0,0.0,,,False
2021-12-23 12:10:00+00:00,0,0.0,,,False
2021-12-23 12:15:00+00:00,0,0.0,,,False
2021-12-23 12:20:00+00:00,0,0.0,,,False
2021-12-23 12:25:00+00:00,0,0.0,,,False
2021-12-23 12:30:00+00:00,0,0.0,,,False
2021-12-23 12:35:00+00:00,0,0.0,,,False
2021-12-23 12:40:00+00:00,0,0.0,,,False
2021-12-23 12:45:00+00:00,0,0.0,,,False
2021-12-23 12:50:00+00:00,0,0.0,,,False
2021-12-23 12:55:00+00:00,0,0.0,,,False
2021-12-23 13:00:00+00:00,0,0.0,,,False
2021-12-23 13:05:00+00:00,0,0.0,,,False
2021-12-23 13:10:00+00:00,0,0.0,,,False
2021-12-23 13:15:00+00:00,0,0.0,,,False
2021-12-23 13:20:00+00:00,0,0.0,,,False
2021-12-23 13:25:00+00:00,0,0.0,,,False
2021-12-23 13:30:00+00:00,0,0.0,,,False
2021-12-23 13:35:00+00:00,0,0.0,,,False
2021-12-23 13:40:00+00:00,0,0.0,,,False
2021-12-23 13:45:00+00:00,0,0.0,,,False
2021-12-23 13:50:00+00:00,0,0.0,,,False
2021-12-23 13:55:00+00:00,0,0.0,,,False
2021-12-23 14:00:00+00:00,0,0.0,,,False
2021-12-23 14:05:00+00:00,0,0.0,,,False
2021-12-23 14:10:00+00:00,0,0.0,,,False
2021-12-23 14:15:00+00:00,0,0.0,,,False
2021-12-23 14:20:00+00:00,0,0.0,,,False
2021-12-23 14:25:00+00:00,0,0.0,,,False
2021-12-23 14:30:00+00:00,0,0.0,,,False
2021-12-23 14:35:00+00:00,0,0.0,,,False
2021-12-23 14:40:00+00:00,0,0.0,,,False
2021-12-23 14:45:00+00:00,0,0.0,,,False
2021-12-23 14:50:00+00:00,0,0.0,,,False
2021-12-23 14:55:00+00:00,0,0.0,,,False
2021-12-23 15:00:00+00:00,0,0.0,,,False
2021-12-23 15:05:00+00:00,0,0.0,,,False
2021-12-23 15:10:00+00:00,0,0.0,,,False
2021-12-23 15:15:00+00:00,0,0.0,,,False
2021-12-23 15:20:00+00:00,0,0.0,,,False
2021-12-23 15:25:00+00:00,0,0.0,,,False
2021-12-23 15:30:00+00:00,0,0.0,,,False
2021-12-23 15:35:00+00:00,0,0.0,,,False
2021-12-23 15:40:00+00:00,0,0.0,,,False
2021-12-23 15:45:00+00:00,0,0.0,,,False
2021-12-23 15:50:00+00:00,0,0.0,,,False
2021-12-23 15:55:00+00:00,0,0.0,,,False
